t,addresses_accumulation_count
2010-01-01,8
2010-01-02,8
2010-01-03,8
2010-01-04,9
2010-01-05,9
2010-01-06,9
2010-01-07,9
2010-01-08,9
2010-01-09,9
2010-01-10,9
2010-01-11,9
2010-01-12,9
2010-01-13,9
2010-01-14,9
2010-01-15,9
2010-01-16,9
2010-01-17,9
2010-01-18,9
2010-01-19,9
2010-01-20,9
2010-01-21,9
2010-01-22,9
2010-01-23,9
2010-01-24,9
2010-01-25,10
2010-01-26,10
2010-01-27,10
2010-01-28,10
2010-01-29,10
2010-01-30,10
2010-01-31,10
2010-02-01,10
2010-02-02,10
2010-02-03,10
2010-02-04,11
2010-02-05,10
2010-02-06,11
2010-02-07,11
2010-02-08,13
2010-02-09,13
2010-02-10,14
2010-02-11,14
2010-02-12,14
2010-02-13,14
2010-02-14,14
2010-02-15,15
2010-02-16,15
2010-02-17,16
2010-02-18,17
2010-02-19,17
2010-02-20,17
2010-02-21,17
2010-02-22,17
2010-02-23,17
2010-02-24,19
2010-02-25,19
2010-02-26,19
2010-02-27,19
2010-02-28,19
2010-03-01,19
2010-03-02,19
2010-03-03,18
2010-03-04,19
2010-03-05,18
2010-03-06,18
2010-03-07,18
2010-03-08,18
2010-03-09,18
2010-03-10,18
2010-03-11,18
2010-03-12,20
2010-03-13,20
2010-03-14,20
2010-03-15,20
2010-03-16,20
2010-03-17,21
2010-03-18,23
2010-03-19,24
2010-03-20,25
2010-03-21,27
2010-03-22,27
2010-03-23,27
2010-03-24,26
2010-03-25,27
2010-03-26,30
2010-03-27,31
2010-03-28,31
2010-03-29,31
2010-03-30,31
2010-03-31,30
2010-04-01,30
2010-04-02,30
2010-04-03,30
2010-04-04,30
2010-04-05,28
2010-04-06,29
2010-04-07,28
2010-04-08,30
2010-04-09,33
2010-04-10,34
2010-04-11,36
2010-04-12,37
2010-04-13,37
2010-04-14,36
2010-04-15,36
2010-04-16,41
2010-04-17,40
2010-04-18,39
2010-04-19,39
2010-04-20,40
2010-04-21,39
2010-04-22,40
2010-04-23,40
2010-04-24,40
2010-04-25,39
2010-04-26,40
2010-04-27,39
2010-04-28,41
2010-04-29,42
2010-04-30,44
2010-05-01,42
2010-05-02,42
2010-05-03,41
2010-05-04,38
2010-05-05,40
2010-05-06,38
2010-05-07,39
2010-05-08,39
2010-05-09,39
2010-05-10,41
2010-05-11,42
2010-05-12,40
2010-05-13,42
2010-05-14,42
2010-05-15,42
2010-05-16,43
2010-05-17,41
2010-05-18,41
2010-05-19,40
2010-05-20,41
2010-05-21,42
2010-05-22,42
2010-05-23,39
2010-05-24,40
2010-05-25,40
2010-05-26,40
2010-05-27,40
2010-05-28,41
2010-05-29,41
2010-05-30,41
2010-05-31,41
2010-06-01,41
2010-06-02,41
2010-06-03,41
2010-06-04,41
2010-06-05,41
2010-06-06,40
2010-06-07,39
2010-06-08,39
2010-06-09,38
2010-06-10,38
2010-06-11,39
2010-06-12,41
2010-06-13,42
2010-06-14,43
2010-06-15,47
2010-06-16,48
2010-06-17,47
2010-06-18,48
2010-06-19,48
2010-06-20,47
2010-06-21,49
2010-06-22,51
2010-06-23,52
2010-06-24,52
2010-06-25,51
2010-06-26,52
2010-06-27,54
2010-06-28,54
2010-06-29,53
2010-06-30,55
2010-07-01,55
2010-07-02,59
2010-07-03,58
2010-07-04,60
2010-07-05,60
2010-07-06,61
2010-07-07,65
2010-07-08,66
2010-07-09,66
2010-07-10,68
2010-07-11,72
2010-07-12,137
2010-07-13,170
2010-07-14,213
2010-07-15,253
2010-07-16,305
2010-07-17,317
2010-07-18,325
2010-07-19,334
2010-07-20,334
2010-07-21,350
2010-07-22,357
2010-07-23,360
2010-07-24,364
2010-07-25,370
2010-07-26,382
2010-07-27,388
2010-07-28,395
2010-07-29,401
2010-07-30,400
2010-07-31,403
2010-08-01,405
2010-08-02,412
2010-08-03,417
2010-08-04,434
2010-08-05,438
2010-08-06,440
2010-08-07,443
2010-08-08,450
2010-08-09,445
2010-08-10,452
2010-08-11,450
2010-08-12,458
2010-08-13,466
2010-08-14,468
2010-08-15,468
2010-08-16,470
2010-08-17,471
2010-08-18,476
2010-08-19,481
2010-08-20,487
2010-08-21,493
2010-08-22,495
2010-08-23,497
2010-08-24,497
2010-08-25,501
2010-08-26,490
2010-08-27,496
2010-08-28,493
2010-08-29,494
2010-08-30,501
2010-08-31,496
2010-09-01,499
2010-09-02,500
2010-09-03,507
2010-09-04,507
2010-09-05,508
2010-09-06,506
2010-09-07,512
2010-09-08,514
2010-09-09,512
2010-09-10,512
2010-09-11,511
2010-09-12,513
2010-09-13,520
2010-09-14,525
2010-09-15,526
2010-09-16,529
2010-09-17,529
2010-09-18,536
2010-09-19,535
2010-09-20,538
2010-09-21,539
2010-09-22,543
2010-09-23,541
2010-09-24,547
2010-09-25,553
2010-09-26,558
2010-09-27,554
2010-09-28,555
2010-09-29,557
2010-09-30,563
2010-10-01,564
2010-10-02,573
2010-10-03,573
2010-10-04,579
2010-10-05,585
2010-10-06,588
2010-10-07,595
2010-10-08,598
2010-10-09,591
2010-10-10,597
2010-10-11,599
2010-10-12,601
2010-10-13,606
2010-10-14,605
2010-10-15,605
2010-10-16,607
2010-10-17,613
2010-10-18,604
2010-10-19,608
2010-10-20,615
2010-10-21,626
2010-10-22,628
2010-10-23,634
2010-10-24,639
2010-10-25,638
2010-10-26,633
2010-10-27,630
2010-10-28,639
2010-10-29,632
2010-10-30,634
2010-10-31,634
2010-11-01,635
2010-11-02,635
2010-11-03,639
2010-11-04,642
2010-11-05,635
2010-11-06,644
2010-11-07,648
2010-11-08,651
2010-11-09,646
2010-11-10,648
2010-11-11,652
2010-11-12,653
2010-11-13,651
2010-11-14,651
2010-11-15,659
2010-11-16,664
2010-11-17,667
2010-11-18,668
2010-11-19,672
2010-11-20,669
2010-11-21,677
2010-11-22,683
2010-11-23,688
2010-11-24,696
2010-11-25,699
2010-11-26,698
2010-11-27,696
2010-11-28,701
2010-11-29,707
2010-11-30,708
2010-12-01,716
2010-12-02,722
2010-12-03,726
2010-12-04,725
2010-12-05,730
2010-12-06,732
2010-12-07,741
2010-12-08,749
2010-12-09,756
2010-12-10,761
2010-12-11,772
2010-12-12,782
2010-12-13,788
2010-12-14,799
2010-12-15,802
2010-12-16,810
2010-12-17,818
2010-12-18,826
2010-12-19,835
2010-12-20,850
2010-12-21,873
2010-12-22,890
2010-12-23,882
2010-12-24,904
2010-12-25,922
2010-12-26,945
2010-12-27,953
2010-12-28,971
2010-12-29,972
2010-12-30,989
2010-12-31,1002
2011-01-01,1004
2011-01-02,1008
2011-01-03,1026
2011-01-04,1045
2011-01-05,1052
2011-01-06,1066
2011-01-07,1078
2011-01-08,1089
2011-01-09,1112
2011-01-10,1118
2011-01-11,1135
2011-01-12,1149
2011-01-13,1174
2011-01-14,1179
2011-01-15,1193
2011-01-16,1194
2011-01-17,1217
2011-01-18,1226
2011-01-19,1253
2011-01-20,1266
2011-01-21,1274
2011-01-22,1271
2011-01-23,1281
2011-01-24,1286
2011-01-25,1295
2011-01-26,1312
2011-01-27,1319
2011-01-28,1328
2011-01-29,1332
2011-01-30,1331
2011-01-31,1359
2011-02-01,1366
2011-02-02,1371
2011-02-03,1380
2011-02-04,1398
2011-02-05,1397
2011-02-06,1411
2011-02-07,1420
2011-02-08,1410
2011-02-09,1433
2011-02-10,1473
2011-02-11,1524
2011-02-12,1598
2011-02-13,1670
2011-02-14,1686
2011-02-15,1741
2011-02-16,1779
2011-02-17,1810
2011-02-18,1840
2011-02-19,1857
2011-02-20,1887
2011-02-21,1913
2011-02-22,1971
2011-02-23,2005
2011-02-24,2033
2011-02-25,2046
2011-02-26,2072
2011-02-27,2122
2011-02-28,2146
2011-03-01,2221
2011-03-02,2294
2011-03-03,2329
2011-03-04,2364
2011-03-05,2366
2011-03-06,2394
2011-03-07,2436
2011-03-08,2464
2011-03-09,2488
2011-03-10,2502
2011-03-11,2539
2011-03-12,2575
2011-03-13,2602
2011-03-14,2600
2011-03-15,2606
2011-03-16,2620
2011-03-17,2659
2011-03-18,2681
2011-03-19,2710
2011-03-20,2728
2011-03-21,2761
2011-03-22,2767
2011-03-23,2804
2011-03-24,2872
2011-03-25,2950
2011-03-26,3032
2011-03-27,3077
2011-03-28,3124
2011-03-29,3173
2011-03-30,3221
2011-03-31,3275
2011-04-01,3329
2011-04-02,3359
2011-04-03,3390
2011-04-04,3439
2011-04-05,3512
2011-04-06,3549
2011-04-07,3591
2011-04-08,3623
2011-04-09,3669
2011-04-10,3668
2011-04-11,3697
2011-04-12,3682
2011-04-13,3690
2011-04-14,3684
2011-04-15,3678
2011-04-16,3670
2011-04-17,3711
2011-04-18,3753
2011-04-19,3789
2011-04-20,3816
2011-04-21,3845
2011-04-22,3875
2011-04-23,3913
2011-04-24,3929
2011-04-25,3991
2011-04-26,4035
2011-04-27,4064
2011-04-28,4079
2011-04-29,4128
2011-04-30,4176
2011-05-01,4209
2011-05-02,4275
2011-05-03,4332
2011-05-04,4374
2011-05-05,4424
2011-05-06,4467
2011-05-07,4520
2011-05-08,4589
2011-05-09,4642
2011-05-10,4679
2011-05-11,4733
2011-05-12,4813
2011-05-13,4831
2011-05-14,4949
2011-05-15,5017
2011-05-16,5357
2011-05-17,5718
2011-05-18,6028
2011-05-19,6233
2011-05-20,6457
2011-05-21,6680
2011-05-22,6930
2011-05-23,7120
2011-05-24,7425
2011-05-25,7657
2011-05-26,7830
2011-05-27,7969
2011-05-28,8212
2011-05-29,8450
2011-05-30,8783
2011-05-31,8999
2011-06-01,9274
2011-06-02,9501
2011-06-03,9711
2011-06-04,9996
2011-06-05,10344
2011-06-06,10651
2011-06-07,10894
2011-06-08,11084
2011-06-09,11598
2011-06-10,12015
2011-06-11,12450
2011-06-12,12899
2011-06-13,13362
2011-06-14,14027
2011-06-15,14523
2011-06-16,14870
2011-06-17,15277
2011-06-18,15697
2011-06-19,16082
2011-06-20,16588
2011-06-21,16998
2011-06-22,17649
2011-06-23,18145
2011-06-24,18543
2011-06-25,18808
2011-06-26,18977
2011-06-27,19073
2011-06-28,19251
2011-06-29,19491
2011-06-30,19702
2011-07-01,19936
2011-07-02,20148
2011-07-03,20389
2011-07-04,20550
2011-07-05,20676
2011-07-06,20821
2011-07-07,20939
2011-07-08,21215
2011-07-09,21413
2011-07-10,21527
2011-07-11,21791
2011-07-12,21958
2011-07-13,22168
2011-07-14,22344
2011-07-15,22578
2011-07-16,22778
2011-07-17,22888
2011-07-18,22975
2011-07-19,23048
2011-07-20,23199
2011-07-21,23315
2011-07-22,23411
2011-07-23,23526
2011-07-24,23648
2011-07-25,23784
2011-07-26,23868
2011-07-27,24022
2011-07-28,24217
2011-07-29,24374
2011-07-30,24458
2011-07-31,24638
2011-08-01,24773
2011-08-02,24866
2011-08-03,24871
2011-08-04,24953
2011-08-05,25048
2011-08-06,25085
2011-08-07,25194
2011-08-08,24972
2011-08-09,25094
2011-08-10,25290
2011-08-11,25371
2011-08-12,25469
2011-08-13,25576
2011-08-14,25700
2011-08-15,25767
2011-08-16,25867
2011-08-17,25869
2011-08-18,25981
2011-08-19,25998
2011-08-20,26141
2011-08-21,26208
2011-08-22,26286
2011-08-23,26302
2011-08-24,26372
2011-08-25,26462
2011-08-26,26501
2011-08-27,26586
2011-08-28,26667
2011-08-29,26705
2011-08-30,26796
2011-08-31,26879
2011-09-01,26913
2011-09-02,27028
2011-09-03,27113
2011-09-04,27176
2011-09-05,27277
2011-09-06,27355
2011-09-07,27434
2011-09-08,27467
2011-09-09,27420
2011-09-10,27515
2011-09-11,27551
2011-09-12,27523
2011-09-13,27580
2011-09-14,27688
2011-09-15,27705
2011-09-16,27842
2011-09-17,27830
2011-09-18,27881
2011-09-19,27873
2011-09-20,27970
2011-09-21,27955
2011-09-22,27950
2011-09-23,28246
2011-09-24,28052
2011-09-25,28104
2011-09-26,28182
2011-09-27,28208
2011-09-28,28253
2011-09-29,28314
2011-09-30,28318
2011-10-01,28370
2011-10-02,28414
2011-10-03,28458
2011-10-04,28489
2011-10-05,28521
2011-10-06,28591
2011-10-07,28633
2011-10-08,28697
2011-10-09,28763
2011-10-10,28838
2011-10-11,28870
2011-10-12,28951
2011-10-13,28988
2011-10-14,28926
2011-10-15,28980
2011-10-16,28992
2011-10-17,29032
2011-10-18,29080
2011-10-19,29109
2011-10-20,29175
2011-10-21,29253
2011-10-22,29351
2011-10-23,29404
2011-10-24,29441
2011-10-25,29505
2011-10-26,29555
2011-10-27,29573
2011-10-28,29583
2011-10-29,29698
2011-10-30,29741
2011-10-31,29787
2011-11-01,29856
2011-11-02,29934
2011-11-03,30132
2011-11-04,30355
2011-11-05,30452
2011-11-06,30573
2011-11-07,30668
2011-11-08,30717
2011-11-09,30796
2011-11-10,30835
2011-11-11,30857
2011-11-12,30865
2011-11-13,31021
2011-11-14,31178
2011-11-15,31011
2011-11-16,31035
2011-11-17,30898
2011-11-18,30735
2011-11-19,30759
2011-11-20,30427
2011-11-21,30477
2011-11-22,30509
2011-11-23,30558
2011-11-24,30572
2011-11-25,30619
2011-11-26,30635
2011-11-27,30698
2011-11-28,30713
2011-11-29,30758
2011-11-30,30759
2011-12-01,30792
2011-12-02,30833
2011-12-03,30844
2011-12-04,30864
2011-12-05,30930
2011-12-06,31010
2011-12-07,31066
2011-12-08,31110
2011-12-09,31150
2011-12-10,31191
2011-12-11,31193
2011-12-12,31206
2011-12-13,31221
2011-12-14,31238
2011-12-15,31257
2011-12-16,31299
2011-12-17,31310
2011-12-18,31342
2011-12-19,31356
2011-12-20,31356
2011-12-21,31370
2011-12-22,31408
2011-12-23,31459
2011-12-24,31466
2011-12-25,31625
2011-12-26,31756
2011-12-27,31714
2011-12-28,31756
2011-12-29,31788
2011-12-30,31793
2011-12-31,31823
2012-01-01,31553
2012-01-02,31558
2012-01-03,31522
2012-01-04,31554
2012-01-05,31542
2012-01-06,31546
2012-01-07,31541
2012-01-08,31410
2012-01-09,31225
2012-01-10,30789
2012-01-11,30678
2012-01-12,30689
2012-01-13,30732
2012-01-14,30772
2012-01-15,30846
2012-01-16,30812
2012-01-17,30876
2012-01-18,30884
2012-01-19,30955
2012-01-20,31102
2012-01-21,31013
2012-01-22,31059
2012-01-23,31128
2012-01-24,31124
2012-01-25,31098
2012-01-26,31130
2012-01-27,31249
2012-01-28,31210
2012-01-29,31265
2012-01-30,31345
2012-01-31,31480
2012-02-01,31391
2012-02-02,31462
2012-02-03,31503
2012-02-04,31553
2012-02-05,31583
2012-02-06,31644
2012-02-07,31700
2012-02-08,31813
2012-02-09,31857
2012-02-10,31913
2012-02-11,31904
2012-02-12,32006
2012-02-13,32083
2012-02-14,32184
2012-02-15,32276
2012-02-16,32364
2012-02-17,32477
2012-02-18,32599
2012-02-19,32711
2012-02-20,32847
2012-02-21,32928
2012-02-22,33040
2012-02-23,33148
2012-02-24,33186
2012-02-25,33253
2012-02-26,33334
2012-02-27,33478
2012-02-28,33625
2012-02-29,33798
2012-03-01,33800
2012-03-02,33832
2012-03-03,33833
2012-03-04,33842
2012-03-05,33934
2012-03-06,34007
2012-03-07,34140
2012-03-08,34179
2012-03-09,34218
2012-03-10,34203
2012-03-11,34325
2012-03-12,34397
2012-03-13,34404
2012-03-14,34423
2012-03-15,34414
2012-03-16,34528
2012-03-17,34529
2012-03-18,34529
2012-03-19,34631
2012-03-20,34699
2012-03-21,34760
2012-03-22,34750
2012-03-23,34771
2012-03-24,34814
2012-03-25,34807
2012-03-26,34683
2012-03-27,34681
2012-03-28,34737
2012-03-29,34770
2012-03-30,34803
2012-03-31,34796
2012-04-01,34817
2012-04-02,34867
2012-04-03,34931
2012-04-04,34966
2012-04-05,34877
2012-04-06,34895
2012-04-07,34916
2012-04-08,34960
2012-04-09,34979
2012-04-10,35003
2012-04-11,35044
2012-04-12,35097
2012-04-13,35140
2012-04-14,35178
2012-04-15,35311
2012-04-16,35384
2012-04-17,35343
2012-04-18,35411
2012-04-19,35431
2012-04-20,35444
2012-04-21,35457
2012-04-22,35472
2012-04-23,35504
2012-04-24,35536
2012-04-25,35582
2012-04-26,35622
2012-04-27,35644
2012-04-28,35688
2012-04-29,35749
2012-04-30,35797
2012-05-01,35727
2012-05-02,35743
2012-05-03,35801
2012-05-04,35785
2012-05-05,35839
2012-05-06,35801
2012-05-07,35592
2012-05-08,35648
2012-05-09,35697
2012-05-10,35767
2012-05-11,35792
2012-05-12,35849
2012-05-13,35879
2012-05-14,35926
2012-05-15,35993
2012-05-16,35900
2012-05-17,35928
2012-05-18,35990
2012-05-19,36062
2012-05-20,36218
2012-05-21,36262
2012-05-22,36301
2012-05-23,36267
2012-05-24,36284
2012-05-25,36268
2012-05-26,36259
2012-05-27,36316
2012-05-28,36270
2012-05-29,36319
2012-05-30,36391
2012-05-31,36400
2012-06-01,36423
2012-06-02,36494
2012-06-03,36531
2012-06-04,36452
2012-06-05,36533
2012-06-06,36617
2012-06-07,36657
2012-06-08,36348
2012-06-09,36358
2012-06-10,36389
2012-06-11,36405
2012-06-12,36535
2012-06-13,36597
2012-06-14,36577
2012-06-15,36658
2012-06-16,36817
2012-06-17,36866
2012-06-18,36971
2012-06-19,36901
2012-06-20,36981
2012-06-21,37047
2012-06-22,37070
2012-06-23,37150
2012-06-24,37204
2012-06-25,37194
2012-06-26,37232
2012-06-27,37235
2012-06-28,37256
2012-06-29,37289
2012-06-30,37341
2012-07-01,37357
2012-07-02,37366
2012-07-03,37405
2012-07-04,37394
2012-07-05,37499
2012-07-06,37599
2012-07-07,37654
2012-07-08,37710
2012-07-09,37722
2012-07-10,37754
2012-07-11,37708
2012-07-12,37787
2012-07-13,37872
2012-07-14,37870
2012-07-15,37996
2012-07-16,38046
2012-07-17,38122
2012-07-18,38070
2012-07-19,37935
2012-07-20,37977
2012-07-21,38004
2012-07-22,38116
2012-07-23,38101
2012-07-24,38158
2012-07-25,38238
2012-07-26,38260
2012-07-27,38284
2012-07-28,38383
2012-07-29,38348
2012-07-30,38338
2012-07-31,38344
2012-08-01,38421
2012-08-02,38376
2012-08-03,38401
2012-08-04,38378
2012-08-05,38366
2012-08-06,38369
2012-08-07,38368
2012-08-08,38424
2012-08-09,38464
2012-08-10,38455
2012-08-11,38481
2012-08-12,38531
2012-08-13,38602
2012-08-14,38678
2012-08-15,38734
2012-08-16,38712
2012-08-17,38665
2012-08-18,38639
2012-08-19,38034
2012-08-20,38121
2012-08-21,38235
2012-08-22,38317
2012-08-23,38349
2012-08-24,38418
2012-08-25,38500
2012-08-26,38610
2012-08-27,38736
2012-08-28,38776
2012-08-29,38885
2012-08-30,39057
2012-08-31,39018
2012-09-01,39248
2012-09-02,39305
2012-09-03,39364
2012-09-04,39555
2012-09-05,39667
2012-09-06,39802
2012-09-07,40012
2012-09-08,40124
2012-09-09,40252
2012-09-10,40424
2012-09-11,40664
2012-09-12,40852
2012-09-13,41037
2012-09-14,41219
2012-09-15,41387
2012-09-16,41456
2012-09-17,41668
2012-09-18,41995
2012-09-19,42121
2012-09-20,42384
2012-09-21,42428
2012-09-22,42564
2012-09-23,42692
2012-09-24,42789
2012-09-25,42843
2012-09-26,42855
2012-09-27,42766
2012-09-28,42544
2012-09-29,42171
2012-09-30,41659
2012-10-01,41868
2012-10-02,41363
2012-10-03,40488
2012-10-04,40305
2012-10-05,40373
2012-10-06,40379
2012-10-07,40457
2012-10-08,40546
2012-10-09,40584
2012-10-10,40683
2012-10-11,40695
2012-10-12,40698
2012-10-13,40745
2012-10-14,40773
2012-10-15,40830
2012-10-16,40862
2012-10-17,40890
2012-10-18,40863
2012-10-19,40831
2012-10-20,40884
2012-10-21,40900
2012-10-22,40937
2012-10-23,40966
2012-10-24,40971
2012-10-25,40977
2012-10-26,40949
2012-10-27,40839
2012-10-28,40903
2012-10-29,40950
2012-10-30,40978
2012-10-31,41000
2012-11-01,41026
2012-11-02,41078
2012-11-03,41103
2012-11-04,41128
2012-11-05,41160
2012-11-06,41178
2012-11-07,41156
2012-11-08,41224
2012-11-09,41251
2012-11-10,41325
2012-11-11,41298
2012-11-12,41265
2012-11-13,41371
2012-11-14,41545
2012-11-15,41666
2012-11-16,41685
2012-11-17,41827
2012-11-18,41801
2012-11-19,41752
2012-11-20,41766
2012-11-21,41796
2012-11-22,41847
2012-11-23,41595
2012-11-24,41649
2012-11-25,41841
2012-11-26,41710
2012-11-27,41794
2012-11-28,42014
2012-11-29,41840
2012-11-30,41869
2012-12-01,41897
2012-12-02,42013
2012-12-03,42062
2012-12-04,42142
2012-12-05,42083
2012-12-06,42165
2012-12-07,42314
2012-12-08,42467
2012-12-09,42582
2012-12-10,42708
2012-12-11,42873
2012-12-12,43016
2012-12-13,43076
2012-12-14,43217
2012-12-15,43373
2012-12-16,43490
2012-12-17,43577
2012-12-18,43694
2012-12-19,43740
2012-12-20,43202
2012-12-21,43125
2012-12-22,43180
2012-12-23,43077
2012-12-24,42484
2012-12-25,42533
2012-12-26,42593
2012-12-27,42572
2012-12-28,42628
2012-12-29,42638
2012-12-30,42688
2012-12-31,42753
2013-01-01,42795
2013-01-02,42870
2013-01-03,42854
2013-01-04,42894
2013-01-05,42916
2013-01-06,42890
2013-01-07,42902
2013-01-08,42855
2013-01-09,42848
2013-01-10,42896
2013-01-11,42944
2013-01-12,42987
2013-01-13,43000
2013-01-14,43014
2013-01-15,43069
2013-01-16,43126
2013-01-17,43099
2013-01-18,43130
2013-01-19,43161
2013-01-20,43201
2013-01-21,43225
2013-01-22,43202
2013-01-23,43215
2013-01-24,43233
2013-01-25,43299
2013-01-26,43269
2013-01-27,43343
2013-01-28,43435
2013-01-29,43549
2013-01-30,43693
2013-01-31,43667
2013-02-01,43485
2013-02-02,43361
2013-02-03,43287
2013-02-04,43360
2013-02-05,43314
2013-02-06,43310
2013-02-07,43366
2013-02-08,43436
2013-02-09,43462
2013-02-10,43500
2013-02-11,43570
2013-02-12,43643
2013-02-13,43666
2013-02-14,43666
2013-02-15,43641
2013-02-16,43663
2013-02-17,43715
2013-02-18,43719
2013-02-19,43767
2013-02-20,43837
2013-02-21,43878
2013-02-22,43905
2013-02-23,43918
2013-02-24,43971
2013-02-25,43988
2013-02-26,44093
2013-02-27,44229
2013-02-28,44233
2013-03-01,44320
2013-03-02,44357
2013-03-03,44405
2013-03-04,44436
2013-03-05,44473
2013-03-06,44501
2013-03-07,44452
2013-03-08,44566
2013-03-09,44741
2013-03-10,44800
2013-03-11,44927
2013-03-12,44975
2013-03-13,45077
2013-03-14,45174
2013-03-15,45307
2013-03-16,45424
2013-03-17,45463
2013-03-18,45595
2013-03-19,45821
2013-03-20,45930
2013-03-21,46101
2013-03-22,46157
2013-03-23,46014
2013-03-24,46151
2013-03-25,46287
2013-03-26,46478
2013-03-27,46672
2013-03-28,46796
2013-03-29,46926
2013-03-30,47068
2013-03-31,47231
2013-04-01,47288
2013-04-02,47441
2013-04-03,47412
2013-04-04,47578
2013-04-05,47911
2013-04-06,48159
2013-04-07,48480
2013-04-08,48907
2013-04-09,49352
2013-04-10,49361
2013-04-11,49538
2013-04-12,50131
2013-04-13,50654
2013-04-14,51152
2013-04-15,51666
2013-04-16,52344
2013-04-17,52701
2013-04-18,53073
2013-04-19,53430
2013-04-20,53827
2013-04-21,54196
2013-04-22,54592
2013-04-23,54786
2013-04-24,54881
2013-04-25,55037
2013-04-26,55516
2013-04-27,55636
2013-04-28,55772
2013-04-29,56099
2013-04-30,56172
2013-05-01,56442
2013-05-02,56702
2013-05-03,56940
2013-05-04,57208
2013-05-05,57477
2013-05-06,57686
2013-05-07,57913
2013-05-08,58016
2013-05-09,58263
2013-05-10,58437
2013-05-11,58526
2013-05-12,58726
2013-05-13,59006
2013-05-14,59272
2013-05-15,59442
2013-05-16,59795
2013-05-17,59996
2013-05-18,60242
2013-05-19,60325
2013-05-20,60440
2013-05-21,60654
2013-05-22,60918
2013-05-23,61134
2013-05-24,61073
2013-05-25,60768
2013-05-26,60655
2013-05-27,60777
2013-05-28,60823
2013-05-29,61005
2013-05-30,61154
2013-05-31,61391
2013-06-01,61599
2013-06-02,61514
2013-06-03,61605
2013-06-04,61670
2013-06-05,61843
2013-06-06,62008
2013-06-07,62106
2013-06-08,62239
2013-06-09,62282
2013-06-10,62428
2013-06-11,62666
2013-06-12,62872
2013-06-13,63112
2013-06-14,63287
2013-06-15,63363
2013-06-16,63433
2013-06-17,63705
2013-06-18,63762
2013-06-19,63872
2013-06-20,63811
2013-06-21,63711
2013-06-22,63700
2013-06-23,63562
2013-06-24,63745
2013-06-25,63712
2013-06-26,63882
2013-06-27,64037
2013-06-28,64124
2013-06-29,64110
2013-06-30,64122
2013-07-01,64292
2013-07-02,64445
2013-07-03,64673
2013-07-04,64830
2013-07-05,65071
2013-07-06,64791
2013-07-07,64613
2013-07-08,64711
2013-07-09,64865
2013-07-10,64881
2013-07-11,64921
2013-07-12,64961
2013-07-13,64812
2013-07-14,64743
2013-07-15,64827
2013-07-16,64986
2013-07-17,65133
2013-07-18,65226
2013-07-19,65463
2013-07-20,65611
2013-07-21,65670
2013-07-22,65870
2013-07-23,66013
2013-07-24,66198
2013-07-25,66334
2013-07-26,66461
2013-07-27,66504
2013-07-28,66465
2013-07-29,66489
2013-07-30,66652
2013-07-31,66567
2013-08-01,66627
2013-08-02,66656
2013-08-03,66528
2013-08-04,66476
2013-08-05,66651
2013-08-06,66795
2013-08-07,66923
2013-08-08,67100
2013-08-09,67095
2013-08-10,67187
2013-08-11,67122
2013-08-12,67112
2013-08-13,67043
2013-08-14,67153
2013-08-15,67302
2013-08-16,67481
2013-08-17,67644
2013-08-18,67627
2013-08-19,67844
2013-08-20,68171
2013-08-21,68592
2013-08-22,68777
2013-08-23,67871
2013-08-24,67784
2013-08-25,66678
2013-08-26,66437
2013-08-27,65898
2013-08-28,65896
2013-08-29,66047
2013-08-30,66179
2013-08-31,66288
2013-09-01,66340
2013-09-02,66457
2013-09-03,66458
2013-09-04,66448
2013-09-05,66567
2013-09-06,66621
2013-09-07,66803
2013-09-08,66798
2013-09-09,66884
2013-09-10,67005
2013-09-11,67125
2013-09-12,67224
2013-09-13,67306
2013-09-14,67431
2013-09-15,67485
2013-09-16,67507
2013-09-17,67628
2013-09-18,67653
2013-09-19,67795
2013-09-20,67882
2013-09-21,67914
2013-09-22,67928
2013-09-23,68113
2013-09-24,68297
2013-09-25,68502
2013-09-26,68651
2013-09-27,68923
2013-09-28,69014
2013-09-29,69087
2013-09-30,68902
2013-10-01,69107
2013-10-02,68760
2013-10-03,68855
2013-10-04,69027
2013-10-05,69021
2013-10-06,69229
2013-10-07,69459
2013-10-08,69895
2013-10-09,70209
2013-10-10,70460
2013-10-11,70613
2013-10-12,70834
2013-10-13,70877
2013-10-14,70982
2013-10-15,71256
2013-10-16,71382
2013-10-17,71464
2013-10-18,71623
2013-10-19,71581
2013-10-20,71710
2013-10-21,71970
2013-10-22,72113
2013-10-23,72322
2013-10-24,72283
2013-10-25,72308
2013-10-26,72573
2013-10-27,72655
2013-10-28,72681
2013-10-29,72929
2013-10-30,73005
2013-10-31,72978
2013-11-01,73125
2013-11-02,73352
2013-11-03,73752
2013-11-04,73862
2013-11-05,73748
2013-11-06,73321
2013-11-07,73367
2013-11-08,73339
2013-11-09,73393
2013-11-10,73320
2013-11-11,73913
2013-11-12,74401
2013-11-13,74007
2013-11-14,74312
2013-11-15,74874
2013-11-16,75365
2013-11-17,75573
2013-11-18,76297
2013-11-19,76591
2013-11-20,77212
2013-11-21,76746
2013-11-22,77152
2013-11-23,77680
2013-11-24,77546
2013-11-25,78119
2013-11-26,78725
2013-11-27,79982
2013-11-28,82294
2013-11-29,83485
2013-11-30,84958
2013-12-01,84924
2013-12-02,83518
2013-12-03,84707
2013-12-04,85901
2013-12-05,86927
2013-12-06,87518
2013-12-07,88577
2013-12-08,88943
2013-12-09,90098
2013-12-10,90215
2013-12-11,90655
2013-12-12,91440
2013-12-13,91232
2013-12-14,87061
2013-12-15,86352
2013-12-16,86934
2013-12-17,87797
2013-12-18,88666
2013-12-19,89069
2013-12-20,88128
2013-12-21,88402
2013-12-22,88259
2013-12-23,88283
2013-12-24,88855
2013-12-25,89319
2013-12-26,89715
2013-12-27,90181
2013-12-28,90365
2013-12-29,89449
2013-12-30,89925
2013-12-31,90293
2014-01-01,90665
2014-01-02,91075
2014-01-03,91057
2014-01-04,91348
2014-01-05,91312
2014-01-06,91405
2014-01-07,91767
2014-01-08,92251
2014-01-09,92542
2014-01-10,92760
2014-01-11,93078
2014-01-12,93401
2014-01-13,93718
2014-01-14,93956
2014-01-15,94502
2014-01-16,94687
2014-01-17,95352
2014-01-18,95667
2014-01-19,96018
2014-01-20,96137
2014-01-21,96385
2014-01-22,96877
2014-01-23,97197
2014-01-24,97636
2014-01-25,97852
2014-01-26,98271
2014-01-27,98769
2014-01-28,99128
2014-01-29,99637
2014-01-30,100121
2014-01-31,100633
2014-02-01,101324
2014-02-02,101503
2014-02-03,101754
2014-02-04,102187
2014-02-05,102509
2014-02-06,102956
2014-02-07,103329
2014-02-08,103690
2014-02-09,104161
2014-02-10,104637
2014-02-11,104921
2014-02-12,102945
2014-02-13,103314
2014-02-14,103411
2014-02-15,103742
2014-02-16,104217
2014-02-17,104151
2014-02-18,104597
2014-02-19,104932
2014-02-20,105175
2014-02-21,105733
2014-02-22,106073
2014-02-23,106313
2014-02-24,106763
2014-02-25,107421
2014-02-26,107861
2014-02-27,108381
2014-02-28,108732
2014-03-01,109058
2014-03-02,109363
2014-03-03,109451
2014-03-04,109478
2014-03-05,109681
2014-03-06,110112
2014-03-07,110590
2014-03-08,110781
2014-03-09,111148
2014-03-10,111640
2014-03-11,111756
2014-03-12,112111
2014-03-13,112346
2014-03-14,112484
2014-03-15,112693
2014-03-16,113143
2014-03-17,113264
2014-03-18,113654
2014-03-19,113786
2014-03-20,113852
2014-03-21,113845
2014-03-22,112955
2014-03-23,113428
2014-03-24,113726
2014-03-25,113849
2014-03-26,113838
2014-03-27,114080
2014-03-28,114300
2014-03-29,114568
2014-03-30,114918
2014-03-31,115114
2014-04-01,115312
2014-04-02,115624
2014-04-03,115872
2014-04-04,115908
2014-04-05,116098
2014-04-06,116292
2014-04-07,116540
2014-04-08,116585
2014-04-09,116575
2014-04-10,116693
2014-04-11,116884
2014-04-12,117018
2014-04-13,117305
2014-04-14,117198
2014-04-15,117166
2014-04-16,117218
2014-04-17,117348
2014-04-18,117577
2014-04-19,117692
2014-04-20,117780
2014-04-21,117929
2014-04-22,117993
2014-04-23,118007
2014-04-24,117960
2014-04-25,118082
2014-04-26,118254
2014-04-27,118404
2014-04-28,118688
2014-04-29,118648
2014-04-30,118788
2014-05-01,118897
2014-05-02,119040
2014-05-03,119090
2014-05-04,119187
2014-05-05,119344
2014-05-06,119393
2014-05-07,119506
2014-05-08,119543
2014-05-09,119657
2014-05-10,119949
2014-05-11,120009
2014-05-12,120114
2014-05-13,120155
2014-05-14,120252
2014-05-15,119985
2014-05-16,119991
2014-05-17,119996
2014-05-18,120226
2014-05-19,120207
2014-05-20,120192
2014-05-21,120217
2014-05-22,120202
2014-05-23,120272
2014-05-24,120265
2014-05-25,120313
2014-05-26,120303
2014-05-27,120409
2014-05-28,120465
2014-05-29,120361
2014-05-30,120440
2014-05-31,120530
2014-06-01,120546
2014-06-02,120625
2014-06-03,120682
2014-06-04,120980
2014-06-05,121071
2014-06-06,121053
2014-06-07,121324
2014-06-08,121218
2014-06-09,121189
2014-06-10,121386
2014-06-11,121345
2014-06-12,121445
2014-06-13,121333
2014-06-14,121481
2014-06-15,121597
2014-06-16,121654
2014-06-17,121908
2014-06-18,122175
2014-06-19,121841
2014-06-20,121952
2014-06-21,122087
2014-06-22,122167
2014-06-23,122280
2014-06-24,122342
2014-06-25,122446
2014-06-26,122503
2014-06-27,122591
2014-06-28,122526
2014-06-29,122675
2014-06-30,122521
2014-07-01,122516
2014-07-02,122575
2014-07-03,122657
2014-07-04,122856
2014-07-05,122959
2014-07-06,123110
2014-07-07,123173
2014-07-08,123160
2014-07-09,123048
2014-07-10,123232
2014-07-11,123330
2014-07-12,123527
2014-07-13,123529
2014-07-14,123662
2014-07-15,123832
2014-07-16,123960
2014-07-17,123994
2014-07-18,123996
2014-07-19,124056
2014-07-20,124309
2014-07-21,124197
2014-07-22,124200
2014-07-23,124219
2014-07-24,124146
2014-07-25,124243
2014-07-26,124298
2014-07-27,124480
2014-07-28,124508
2014-07-29,124589
2014-07-30,124654
2014-07-31,124680
2014-08-01,124765
2014-08-02,124890
2014-08-03,125009
2014-08-04,125171
2014-08-05,125277
2014-08-06,125155
2014-08-07,125103
2014-08-08,124952
2014-08-09,125026
2014-08-10,125266
2014-08-11,125378
2014-08-12,125512
2014-08-13,125501
2014-08-14,125614
2014-08-15,125527
2014-08-16,124999
2014-08-17,125148
2014-08-18,125326
2014-08-19,125656
2014-08-20,125920
2014-08-21,126000
2014-08-22,126028
2014-08-23,126041
2014-08-24,126168
2014-08-25,126200
2014-08-26,126260
2014-08-27,126342
2014-08-28,126402
2014-08-29,126681
2014-08-30,126697
2014-08-31,126843
2014-09-01,126879
2014-09-02,126812
2014-09-03,127027
2014-09-04,127186
2014-09-05,127134
2014-09-06,127133
2014-09-07,127174
2014-09-08,127355
2014-09-09,126752
2014-09-10,126640
2014-09-11,126738
2014-09-12,127001
2014-09-13,127067
2014-09-14,127174
2014-09-15,127016
2014-09-16,126882
2014-09-17,126832
2014-09-18,126896
2014-09-19,127031
2014-09-20,127124
2014-09-21,127225
2014-09-22,127338
2014-09-23,127172
2014-09-24,127282
2014-09-25,127110
2014-09-26,127167
2014-09-27,127182
2014-09-28,127390
2014-09-29,127363
2014-09-30,127450
2014-10-01,127632
2014-10-02,127835
2014-10-03,127703
2014-10-04,127589
2014-10-05,127607
2014-10-06,127764
2014-10-07,127953
2014-10-08,128026
2014-10-09,128249
2014-10-10,128643
2014-10-11,128728
2014-10-12,128815
2014-10-13,128816
2014-10-14,128798
2014-10-15,128896
2014-10-16,128956
2014-10-17,129058
2014-10-18,129132
2014-10-19,129318
2014-10-20,129207
2014-10-21,129451
2014-10-22,129530
2014-10-23,129598
2014-10-24,129724
2014-10-25,129922
2014-10-26,129982
2014-10-27,129958
2014-10-28,130169
2014-10-29,130483
2014-10-30,130598
2014-10-31,130803
2014-11-01,131152
2014-11-02,131234
2014-11-03,131373
2014-11-04,131322
2014-11-05,131368
2014-11-06,131205
2014-11-07,131264
2014-11-08,131330
2014-11-09,131418
2014-11-10,131522
2014-11-11,131692
2014-11-12,131748
2014-11-13,131877
2014-11-14,132221
2014-11-15,132274
2014-11-16,132312
2014-11-17,132178
2014-11-18,132344
2014-11-19,132591
2014-11-20,132247
2014-11-21,132338
2014-11-22,132495
2014-11-23,132745
2014-11-24,132688
2014-11-25,132397
2014-11-26,132572
2014-11-27,132695
2014-11-28,132771
2014-11-29,132884
2014-11-30,132701
2014-12-01,132977
2014-12-02,133119
2014-12-03,133364
2014-12-04,132890
2014-12-05,133010
2014-12-06,132600
2014-12-07,132815
2014-12-08,132745
2014-12-09,132844
2014-12-10,132889
2014-12-11,132982
2014-12-12,133125
2014-12-13,133190
2014-12-14,133375
2014-12-15,133555
2014-12-16,133876
2014-12-17,133905
2014-12-18,133554
2014-12-19,133706
2014-12-20,133697
2014-12-21,133700
2014-12-22,133775
2014-12-23,133897
2014-12-24,133757
2014-12-25,133895
2014-12-26,133998
2014-12-27,133931
2014-12-28,133948
2014-12-29,133998
2014-12-30,134050
2014-12-31,134207
2015-01-01,134189
2015-01-02,134296
2015-01-03,134122
2015-01-04,134197
2015-01-05,134244
2015-01-06,134390
2015-01-07,134604
2015-01-08,134583
2015-01-09,134673
2015-01-10,134742
2015-01-11,134993
2015-01-12,134861
2015-01-13,134538
2015-01-14,134570
2015-01-15,134806
2015-01-16,134874
2015-01-17,135143
2015-01-18,135282
2015-01-19,134979
2015-01-20,135040
2015-01-21,135163
2015-01-22,135243
2015-01-23,135460
2015-01-24,135154
2015-01-25,134961
2015-01-26,134652
2015-01-27,134708
2015-01-28,134985
2015-01-29,135068
2015-01-30,135301
2015-01-31,135327
2015-02-01,135442
2015-02-02,135560
2015-02-03,135592
2015-02-04,135844
2015-02-05,135727
2015-02-06,136066
2015-02-07,136314
2015-02-08,136429
2015-02-09,136387
2015-02-10,136533
2015-02-11,136190
2015-02-12,136434
2015-02-13,136441
2015-02-14,136234
2015-02-15,135880
2015-02-16,136085
2015-02-17,136288
2015-02-18,136487
2015-02-19,136735
2015-02-20,136541
2015-02-21,136714
2015-02-22,136717
2015-02-23,136764
2015-02-24,137021
2015-02-25,137146
2015-02-26,137258
2015-02-27,137311
2015-02-28,137286
2015-03-01,137242
2015-03-02,137037
2015-03-03,137127
2015-03-04,137264
2015-03-05,137202
2015-03-06,137256
2015-03-07,137512
2015-03-08,137562
2015-03-09,137515
2015-03-10,137697
2015-03-11,137789
2015-03-12,137852
2015-03-13,137668
2015-03-14,137608
2015-03-15,137567
2015-03-16,137765
2015-03-17,138130
2015-03-18,137769
2015-03-19,137346
2015-03-20,137493
2015-03-21,137692
2015-03-22,137617
2015-03-23,137742
2015-03-24,137860
2015-03-25,138065
2015-03-26,138094
2015-03-27,138174
2015-03-28,138378
2015-03-29,138519
2015-03-30,138366
2015-03-31,138492
2015-04-01,139119
2015-04-02,139112
2015-04-03,139312
2015-04-04,139399
2015-04-05,139323
2015-04-06,139241
2015-04-07,139227
2015-04-08,139330
2015-04-09,139389
2015-04-10,139482
2015-04-11,139649
2015-04-12,139723
2015-04-13,139801
2015-04-14,139727
2015-04-15,140026
2015-04-16,140210
2015-04-17,140394
2015-04-18,140546
2015-04-19,140693
2015-04-20,140762
2015-04-21,140736
2015-04-22,140873
2015-04-23,140742
2015-04-24,140487
2015-04-25,140545
2015-04-26,140630
2015-04-27,140680
2015-04-28,140848
2015-04-29,140960
2015-04-30,141094
2015-05-01,141169
2015-05-02,141260
2015-05-03,141322
2015-05-04,141290
2015-05-05,141394
2015-05-06,141536
2015-05-07,141584
2015-05-08,141720
2015-05-09,141612
2015-05-10,140943
2015-05-11,140842
2015-05-12,140879
2015-05-13,141210
2015-05-14,141232
2015-05-15,141388
2015-05-16,141560
2015-05-17,141454
2015-05-18,141691
2015-05-19,141662
2015-05-20,141907
2015-05-21,142029
2015-05-22,142133
2015-05-23,142118
2015-05-24,142244
2015-05-25,142373
2015-05-26,142313
2015-05-27,142418
2015-05-28,142502
2015-05-29,142383
2015-05-30,142254
2015-05-31,142274
2015-06-01,142448
2015-06-02,142327
2015-06-03,142441
2015-06-04,142431
2015-06-05,142553
2015-06-06,142650
2015-06-07,142786
2015-06-08,142732
2015-06-09,142794
2015-06-10,142762
2015-06-11,142839
2015-06-12,142822
2015-06-13,142924
2015-06-14,142997
2015-06-15,143445
2015-06-16,144027
2015-06-17,144170
2015-06-18,142848
2015-06-19,143074
2015-06-20,143253
2015-06-21,143341
2015-06-22,143078
2015-06-23,143325
2015-06-24,143473
2015-06-25,143115
2015-06-26,142928
2015-06-27,143050
2015-06-28,143090
2015-06-29,143143
2015-06-30,142975
2015-07-01,143027
2015-07-02,143167
2015-07-03,143140
2015-07-04,143161
2015-07-05,143264
2015-07-06,143338
2015-07-07,143649
2015-07-08,144152
2015-07-09,143796
2015-07-10,143633
2015-07-11,143693
2015-07-12,143603
2015-07-13,143685
2015-07-14,143574
2015-07-15,143866
2015-07-16,143923
2015-07-17,144080
2015-07-18,144239
2015-07-19,144176
2015-07-20,144290
2015-07-21,144331
2015-07-22,144291
2015-07-23,144175
2015-07-24,144137
2015-07-25,144143
2015-07-26,144039
2015-07-27,143995
2015-07-28,143892
2015-07-29,144012
2015-07-30,144253
2015-07-31,144002
2015-08-01,144132
2015-08-02,144183
2015-08-03,144208
2015-08-04,144648
2015-08-05,144656
2015-08-06,144561
2015-08-07,144365
2015-08-08,144612
2015-08-09,144554
2015-08-10,144460
2015-08-11,144554
2015-08-12,144861
2015-08-13,144735
2015-08-14,144762
2015-08-15,144913
2015-08-16,144936
2015-08-17,144980
2015-08-18,144801
2015-08-19,144898
2015-08-20,144933
2015-08-21,145061
2015-08-22,145308
2015-08-23,145195
2015-08-24,144987
2015-08-25,145159
2015-08-26,145552
2015-08-27,145978
2015-08-28,146072
2015-08-29,146259
2015-08-30,146352
2015-08-31,146455
2015-09-01,146572
2015-09-02,146781
2015-09-03,146838
2015-09-04,146760
2015-09-05,146964
2015-09-06,146951
2015-09-07,146952
2015-09-08,147095
2015-09-09,147083
2015-09-10,147211
2015-09-11,147480
2015-09-12,147466
2015-09-13,147464
2015-09-14,147386
2015-09-15,147570
2015-09-16,147645
2015-09-17,147731
2015-09-18,147909
2015-09-19,147958
2015-09-20,148081
2015-09-21,147808
2015-09-22,147992
2015-09-23,148049
2015-09-24,148063
2015-09-25,148008
2015-09-26,148170
2015-09-27,148127
2015-09-28,148154
2015-09-29,148344
2015-09-30,148285
2015-10-01,148550
2015-10-02,148650
2015-10-03,148930
2015-10-04,149028
2015-10-05,149227
2015-10-06,149493
2015-10-07,149390
2015-10-08,149599
2015-10-09,149736
2015-10-10,149939
2015-10-11,150105
2015-10-12,149684
2015-10-13,149764
2015-10-14,149850
2015-10-15,149829
2015-10-16,149987
2015-10-17,149978
2015-10-18,149913
2015-10-19,149812
2015-10-20,149509
2015-10-21,149494
2015-10-22,149537
2015-10-23,149541
2015-10-24,149519
2015-10-25,149254
2015-10-26,149292
2015-10-27,149493
2015-10-28,149720
2015-10-29,149731
2015-10-30,149398
2015-10-31,149589
2015-11-01,149471
2015-11-02,149535
2015-11-03,149199
2015-11-04,148789
2015-11-05,148407
2015-11-06,148314
2015-11-07,148582
2015-11-08,148515
2015-11-09,148327
2015-11-10,148453
2015-11-11,148549
2015-11-12,148577
2015-11-13,148899
2015-11-14,149184
2015-11-15,149168
2015-11-16,149195
2015-11-17,149453
2015-11-18,149869
2015-11-19,149950
2015-11-20,150072
2015-11-21,150240
2015-11-22,150266
2015-11-23,150325
2015-11-24,150600
2015-11-25,150695
2015-11-26,150300
2015-11-27,150154
2015-11-28,150340
2015-11-29,150446
2015-11-30,150051
2015-12-01,150450
2015-12-02,150047
2015-12-03,150161
2015-12-04,150270
2015-12-05,150326
2015-12-06,150381
2015-12-07,150541
2015-12-08,150520
2015-12-09,150438
2015-12-10,150627
2015-12-11,150717
2015-12-12,150513
2015-12-13,150633
2015-12-14,150676
2015-12-15,150859
2015-12-16,151101
2015-12-17,151099
2015-12-18,151341
2015-12-19,151515
2015-12-20,151506
2015-12-21,151705
2015-12-22,151997
2015-12-23,151961
2015-12-24,152168
2015-12-25,152372
2015-12-26,152661
2015-12-27,152619
2015-12-28,152500
2015-12-29,152569
2015-12-30,152539
2015-12-31,152879
2016-01-01,153215
2016-01-02,153375
2016-01-03,153497
2016-01-04,153605
2016-01-05,153714
2016-01-06,153542
2016-01-07,153622
2016-01-08,153825
2016-01-09,154098
2016-01-10,154469
2016-01-11,154425
2016-01-12,154526
2016-01-13,154620
2016-01-14,155133
2016-01-15,155037
2016-01-16,155199
2016-01-17,155456
2016-01-18,155676
2016-01-19,155720
2016-01-20,155964
2016-01-21,156148
2016-01-22,156417
2016-01-23,156482
2016-01-24,156758
2016-01-25,157318
2016-01-26,157739
2016-01-27,158098
2016-01-28,158486
2016-01-29,158460
2016-01-30,158945
2016-01-31,159444
2016-02-01,158810
2016-02-02,158621
2016-02-03,158376
2016-02-04,158749
2016-02-05,158448
2016-02-06,158833
2016-02-07,158885
2016-02-08,158987
2016-02-09,159214
2016-02-10,159592
2016-02-11,159672
2016-02-12,159692
2016-02-13,160009
2016-02-14,159300
2016-02-15,159256
2016-02-16,158580
2016-02-17,158506
2016-02-18,158451
2016-02-19,158629
2016-02-20,158755
2016-02-21,158878
2016-02-22,159102
2016-02-23,159467
2016-02-24,159216
2016-02-25,158903
2016-02-26,158940
2016-02-27,159144
2016-02-28,159229
2016-02-29,159831
2016-03-01,160385
2016-03-02,160412
2016-03-03,159703
2016-03-04,159621
2016-03-05,159430
2016-03-06,159417
2016-03-07,159544
2016-03-08,159498
2016-03-09,159305
2016-03-10,158946
2016-03-11,159248
2016-03-12,159425
2016-03-13,159579
2016-03-14,159412
2016-03-15,159488
2016-03-16,159812
2016-03-17,160196
2016-03-18,160484
2016-03-19,160907
2016-03-20,161183
2016-03-21,161271
2016-03-22,161660
2016-03-23,161791
2016-03-24,161554
2016-03-25,161790
2016-03-26,161401
2016-03-27,161424
2016-03-28,160952
2016-03-29,159913
2016-03-30,159896
2016-03-31,160157
2016-04-01,160475
2016-04-02,160648
2016-04-03,160681
2016-04-04,160550
2016-04-05,160573
2016-04-06,160837
2016-04-07,161268
2016-04-08,161649
2016-04-09,161963
2016-04-10,162273
2016-04-11,162490
2016-04-12,162324
2016-04-13,162548
2016-04-14,162890
2016-04-15,162799
2016-04-16,163042
2016-04-17,163013
2016-04-18,163064
2016-04-19,163597
2016-04-20,163745
2016-04-21,163777
2016-04-22,163952
2016-04-23,164154
2016-04-24,164399
2016-04-25,164195
2016-04-26,164318
2016-04-27,164642
2016-04-28,164757
2016-04-29,164868
2016-04-30,164995
2016-05-01,165014
2016-05-02,164474
2016-05-03,164090
2016-05-04,163814
2016-05-05,164299
2016-05-06,164560
2016-05-07,164444
2016-05-08,164531
2016-05-09,164763
2016-05-10,164716
2016-05-11,165009
2016-05-12,165037
2016-05-13,164834
2016-05-14,165111
2016-05-15,165458
2016-05-16,165587
2016-05-17,165944
2016-05-18,166266
2016-05-19,166338
2016-05-20,166963
2016-05-21,167299
2016-05-22,167135
2016-05-23,167343
2016-05-24,167511
2016-05-25,167733
2016-05-26,167679
2016-05-27,167665
2016-05-28,168114
2016-05-29,168064
2016-05-30,167006
2016-05-31,167229
2016-06-01,166998
2016-06-02,167709
2016-06-03,168110
2016-06-04,168517
2016-06-05,168988
2016-06-06,169068
2016-06-07,169759
2016-06-08,170388
2016-06-09,170607
2016-06-10,171204
2016-06-11,171876
2016-06-12,171980
2016-06-13,171809
2016-06-14,171366
2016-06-15,170941
2016-06-16,170971
2016-06-17,171293
2016-06-18,171575
2016-06-19,171497
2016-06-20,171882
2016-06-21,172217
2016-06-22,172326
2016-06-23,172432
2016-06-24,172285
2016-06-25,172774
2016-06-26,172784
2016-06-27,172889
2016-06-28,173240
2016-06-29,173614
2016-06-30,173365
2016-07-01,173167
2016-07-02,173793
2016-07-03,174358
2016-07-04,174932
2016-07-05,175738
2016-07-06,175329
2016-07-07,174511
2016-07-08,174693
2016-07-09,175097
2016-07-10,175359
2016-07-11,175343
2016-07-12,175576
2016-07-13,175910
2016-07-14,175902
2016-07-15,176557
2016-07-16,177002
2016-07-17,176595
2016-07-18,175558
2016-07-19,176084
2016-07-20,176716
2016-07-21,177637
2016-07-22,177921
2016-07-23,177250
2016-07-24,177412
2016-07-25,177694
2016-07-26,178143
2016-07-27,178778
2016-07-28,179204
2016-07-29,178178
2016-07-30,178391
2016-07-31,178522
2016-08-01,178220
2016-08-02,178065
2016-08-03,178555
2016-08-04,178397
2016-08-05,179021
2016-08-06,179552
2016-08-07,179233
2016-08-08,179215
2016-08-09,179458
2016-08-10,179790
2016-08-11,180832
2016-08-12,181316
2016-08-13,181189
2016-08-14,180427
2016-08-15,180149
2016-08-16,180675
2016-08-17,181034
2016-08-18,180948
2016-08-19,181978
2016-08-20,182369
2016-08-21,182792
2016-08-22,182858
2016-08-23,183042
2016-08-24,183317
2016-08-25,182733
2016-08-26,182680
2016-08-27,182698
2016-08-28,182651
2016-08-29,182305
2016-08-30,182339
2016-08-31,182389
2016-09-01,182243
2016-09-02,182587
2016-09-03,182562
2016-09-04,181784
2016-09-05,181546
2016-09-06,181590
2016-09-07,181501
2016-09-08,181431
2016-09-09,181335
2016-09-10,181583
2016-09-11,181718
2016-09-12,181945
2016-09-13,182062
2016-09-14,182604
2016-09-15,183112
2016-09-16,183394
2016-09-17,182817
2016-09-18,182853
2016-09-19,182984
2016-09-20,183266
2016-09-21,184256
2016-09-22,184751
2016-09-23,184659
2016-09-24,185058
2016-09-25,185250
2016-09-26,185300
2016-09-27,185265
2016-09-28,185488
2016-09-29,185531
2016-09-30,186034
2016-10-01,185794
2016-10-02,185817
2016-10-03,185831
2016-10-04,185852
2016-10-05,186378
2016-10-06,186965
2016-10-07,187276
2016-10-08,187496
2016-10-09,187241
2016-10-10,187628
2016-10-11,187591
2016-10-12,187798
2016-10-13,188127
2016-10-14,188726
2016-10-15,189038
2016-10-16,189025
2016-10-17,189181
2016-10-18,188859
2016-10-19,189111
2016-10-20,189595
2016-10-21,190397
2016-10-22,190136
2016-10-23,190287
2016-10-24,189844
2016-10-25,190328
2016-10-26,191018
2016-10-27,190647
2016-10-28,190953
2016-10-29,190959
2016-10-30,191188
2016-10-31,191312
2016-11-01,190965
2016-11-02,191865
2016-11-03,192471
2016-11-04,192957
2016-11-05,193616
2016-11-06,194314
2016-11-07,194433
2016-11-08,194790
2016-11-09,194615
2016-11-10,194542
2016-11-11,195067
2016-11-12,194813
2016-11-13,195062
2016-11-14,195388
2016-11-15,195938
2016-11-16,196159
2016-11-17,196424
2016-11-18,196924
2016-11-19,196926
2016-11-20,197017
2016-11-21,197833
2016-11-22,199028
2016-11-23,199837
2016-11-24,200025
2016-11-25,199678
2016-11-26,199047
2016-11-27,199270
2016-11-28,198970
2016-11-29,199484
2016-11-30,199696
2016-12-01,199803
2016-12-02,200738
2016-12-03,200450
2016-12-04,200423
2016-12-05,200974
2016-12-06,200325
2016-12-07,199292
2016-12-08,198984
2016-12-09,199437
2016-12-10,199831
2016-12-11,200016
2016-12-12,200218
2016-12-13,200546
2016-12-14,201737
2016-12-15,202173
2016-12-16,203081
2016-12-17,204391
2016-12-18,204051
2016-12-19,204390
2016-12-20,204581
2016-12-21,204682
2016-12-22,204794
2016-12-23,205216
2016-12-24,205598
2016-12-25,205548
2016-12-26,205080
2016-12-27,204796
2016-12-28,204988
2016-12-29,205566
2016-12-30,206230
2016-12-31,206739
2017-01-01,209409
2017-01-02,208507
2017-01-03,208532
2017-01-04,208435
2017-01-05,208553
2017-01-06,208350
2017-01-07,208526
2017-01-08,208023
2017-01-09,208499
2017-01-10,208834
2017-01-11,209024
2017-01-12,209501
2017-01-13,210605
2017-01-14,210873
2017-01-15,210873
2017-01-16,210979
2017-01-17,213392
2017-01-18,214094
2017-01-19,214540
2017-01-20,214746
2017-01-21,214819
2017-01-22,214663
2017-01-23,214950
2017-01-24,215723
2017-01-25,216088
2017-01-26,215252
2017-01-27,215042
2017-01-28,215949
2017-01-29,215979
2017-01-30,216394
2017-01-31,216623
2017-02-01,218931
2017-02-02,219618
2017-02-03,220112
2017-02-04,220853
2017-02-05,220209
2017-02-06,218943
2017-02-07,219306
2017-02-08,219788
2017-02-09,219755
2017-02-10,219714
2017-02-11,219130
2017-02-12,218926
2017-02-13,218681
2017-02-14,219049
2017-02-15,220105
2017-02-16,221866
2017-02-17,225237
2017-02-18,225369
2017-02-19,225611
2017-02-20,226550
2017-02-21,227530
2017-02-22,227766
2017-02-23,229013
2017-02-24,229262
2017-02-25,228626
2017-02-26,226749
2017-02-27,227264
2017-02-28,228193
2017-03-01,229464
2017-03-02,230403
2017-03-03,231413
2017-03-04,232536
2017-03-05,231552
2017-03-06,232296
2017-03-07,233133
2017-03-08,233279
2017-03-09,233117
2017-03-10,231451
2017-03-11,230503
2017-03-12,227935
2017-03-13,228104
2017-03-14,227807
2017-03-15,226677
2017-03-16,227708
2017-03-17,227523
2017-03-18,227192
2017-03-19,227335
2017-03-20,227944
2017-03-21,228637
2017-03-22,228939
2017-03-23,229531
2017-03-24,229792
2017-03-25,229450
2017-03-26,230020
2017-03-27,231313
2017-03-28,231550
2017-03-29,231608
2017-03-30,231222
2017-03-31,231755
2017-04-01,232152
2017-04-02,231862
2017-04-03,231701
2017-04-04,232504
2017-04-05,233462
2017-04-06,233844
2017-04-07,232957
2017-04-08,231429
2017-04-09,231104
2017-04-10,232127
2017-04-11,232062
2017-04-12,232301
2017-04-13,233763
2017-04-14,234787
2017-04-15,234925
2017-04-16,234871
2017-04-17,235316
2017-04-18,236201
2017-04-19,235406
2017-04-20,236142
2017-04-21,237889
2017-04-22,237593
2017-04-23,237059
2017-04-24,238148
2017-04-25,238821
2017-04-26,238688
2017-04-27,240085
2017-04-28,240949
2017-04-29,241587
2017-04-30,240510
2017-05-01,240464
2017-05-02,241298
2017-05-03,242426
2017-05-04,243228
2017-05-05,245026
2017-05-06,244652
2017-05-07,243825
2017-05-08,244494
2017-05-09,245068
2017-05-10,247354
2017-05-11,249032
2017-05-12,251148
2017-05-13,252227
2017-05-14,252562
2017-05-15,253679
2017-05-16,254267
2017-05-17,255079
2017-05-18,255828
2017-05-19,257228
2017-05-20,255849
2017-05-21,255022
2017-05-22,254857
2017-05-23,255357
2017-05-24,255730
2017-05-25,257018
2017-05-26,257762
2017-05-27,257723
2017-05-28,258197
2017-05-29,258023
2017-05-30,256758
2017-05-31,256589
2017-06-01,257034
2017-06-02,256693
2017-06-03,255103
2017-06-04,254389
2017-06-05,254490
2017-06-06,255438
2017-06-07,256168
2017-06-08,256289
2017-06-09,256780
2017-06-10,255302
2017-06-11,254174
2017-06-12,253682
2017-06-13,254984
2017-06-14,254794
2017-06-15,255162
2017-06-16,255429
2017-06-17,254411
2017-06-18,253048
2017-06-19,252397
2017-06-20,253795
2017-06-21,253213
2017-06-22,253103
2017-06-23,252924
2017-06-24,252320
2017-06-25,252752
2017-06-26,252594
2017-06-27,255020
2017-06-28,255240
2017-06-29,255313
2017-06-30,255372
2017-07-01,255347
2017-07-02,254714
2017-07-03,254744
2017-07-04,256790
2017-07-05,256951
2017-07-06,256606
2017-07-07,255742
2017-07-08,255802
2017-07-09,255380
2017-07-10,255771
2017-07-11,257907
2017-07-12,258309
2017-07-13,259429
2017-07-14,260298
2017-07-15,260495
2017-07-16,259554
2017-07-17,258602
2017-07-18,259483
2017-07-19,259638
2017-07-20,258321
2017-07-21,258079
2017-07-22,258129
2017-07-23,257565
2017-07-24,257733
2017-07-25,260099
2017-07-26,260776
2017-07-27,262049
2017-07-28,263421
2017-07-29,262764
2017-07-30,263630
2017-07-31,265766
2017-08-01,265129
2017-08-02,261873
2017-08-03,261047
2017-08-04,260616
2017-08-05,259288
2017-08-06,258305
2017-08-07,257795
2017-08-08,258581
2017-08-09,259085
2017-08-10,259808
2017-08-11,260147
2017-08-12,260319
2017-08-13,258877
2017-08-14,259929
2017-08-15,261552
2017-08-16,262305
2017-08-17,261750
2017-08-18,262778
2017-08-19,262955
2017-08-20,262634
2017-08-21,263808
2017-08-22,265274
2017-08-23,265286
2017-08-24,266440
2017-08-25,268499
2017-08-26,268809
2017-08-27,267582
2017-08-28,268305
2017-08-29,268417
2017-08-30,268304
2017-08-31,268394
2017-09-01,269119
2017-09-02,270046
2017-09-03,269788
2017-09-04,269620
2017-09-05,270402
2017-09-06,271331
2017-09-07,271617
2017-09-08,272659
2017-09-09,273617
2017-09-10,273326
2017-09-11,272263
2017-09-12,273131
2017-09-13,273959
2017-09-14,274962
2017-09-15,276951
2017-09-16,278128
2017-09-17,278571
2017-09-18,279997
2017-09-19,280163
2017-09-20,280857
2017-09-21,280979
2017-09-22,282339
2017-09-23,282968
2017-09-24,283313
2017-09-25,284409
2017-09-26,284910
2017-09-27,286042
2017-09-28,286262
2017-09-29,287356
2017-09-30,287413
2017-10-01,287824
2017-10-02,288905
2017-10-03,290736
2017-10-04,292902
2017-10-05,293080
2017-10-06,294038
2017-10-07,293797
2017-10-08,293041
2017-10-09,293169
2017-10-10,294118
2017-10-11,295834
2017-10-12,296387
2017-10-13,298688
2017-10-14,300018
2017-10-15,299962
2017-10-16,301096
2017-10-17,304635
2017-10-18,310014
2017-10-19,313560
2017-10-20,316393
2017-10-21,317043
2017-10-22,316759
2017-10-23,318750
2017-10-24,319882
2017-10-25,321093
2017-10-26,322317
2017-10-27,325273
2017-10-28,326427
2017-10-29,325012
2017-10-30,324686
2017-10-31,326492
2017-11-01,329425
2017-11-02,332245
2017-11-03,335442
2017-11-04,336491
2017-11-05,336975
2017-11-06,339029
2017-11-07,341035
2017-11-08,340890
2017-11-09,340845
2017-11-10,341915
2017-11-11,343591
2017-11-12,344714
2017-11-13,347290
2017-11-14,351349
2017-11-15,353245
2017-11-16,354546
2017-11-17,354635
2017-11-18,353364
2017-11-19,352388
2017-11-20,352113
2017-11-21,353673
2017-11-22,354337
2017-11-23,354832
2017-11-24,356804
2017-11-25,358153
2017-11-26,359986
2017-11-27,362891
2017-11-28,366479
2017-11-29,370020
2017-11-30,373631
2017-12-01,376921
2017-12-02,377950
2017-12-03,374722
2017-12-04,376357
2017-12-05,378777
2017-12-06,382150
2017-12-07,386977
2017-12-08,390777
2017-12-09,390159
2017-12-10,391148
2017-12-11,394960
2017-12-12,398824
2017-12-13,400954
2017-12-14,405840
2017-12-15,408283
2017-12-16,410524
2017-12-17,412081
2017-12-18,416173
2017-12-19,421036
2017-12-20,425473
2017-12-21,430944
2017-12-22,434580
2017-12-23,438044
2017-12-24,436956
2017-12-25,436791
2017-12-26,438154
2017-12-27,441157
2017-12-28,443884
2017-12-29,446716
2017-12-30,447699
2017-12-31,445967
2018-01-01,446357
2018-01-02,446976
2018-01-03,450740
2018-01-04,454597
2018-01-05,460476
2018-01-06,463341
2018-01-07,464969
2018-01-08,468375
2018-01-09,474054
2018-01-10,476191
2018-01-11,468428
2018-01-12,464959
2018-01-13,462461
2018-01-14,460539
2018-01-15,460517
2018-01-16,461994
2018-01-17,461045
2018-01-18,459447
2018-01-19,454349
2018-01-20,445573
2018-01-21,442690
2018-01-22,438286
2018-01-23,435315
2018-01-24,432602
2018-01-25,429069
2018-01-26,426242
2018-01-27,419679
2018-01-28,418173
2018-01-29,418532
2018-01-30,417350
2018-01-31,416884
2018-02-01,416580
2018-02-02,414515
2018-02-03,405394
2018-02-04,400540
2018-02-05,398914
2018-02-06,399637
2018-02-07,400246
2018-02-08,398026
2018-02-09,397217
2018-02-10,393876
2018-02-11,392212
2018-02-12,390919
2018-02-13,391243
2018-02-14,391846
2018-02-15,392788
2018-02-16,392998
2018-02-17,393456
2018-02-18,393249
2018-02-19,393537
2018-02-20,392427
2018-02-21,391499
2018-02-22,391944
2018-02-23,392227
2018-02-24,392723
2018-02-25,391838
2018-02-26,392332
2018-02-27,392104
2018-02-28,392006
2018-03-01,391447
2018-03-02,390596
2018-03-03,390537
2018-03-04,390513
2018-03-05,390817
2018-03-06,382507
2018-03-07,380437
2018-03-08,381248
2018-03-09,382029
2018-03-10,381992
2018-03-11,381941
2018-03-12,381582
2018-03-13,381641
2018-03-14,381798
2018-03-15,381912
2018-03-16,382720
2018-03-17,383126
2018-03-18,382205
2018-03-19,382143
2018-03-20,382340
2018-03-21,382292
2018-03-22,381661
2018-03-23,381162
2018-03-24,381203
2018-03-25,381437
2018-03-26,380862
2018-03-27,381036
2018-03-28,381837
2018-03-29,382333
2018-03-30,382355
2018-03-31,382213
2018-04-01,382662
2018-04-02,383082
2018-04-03,382523
2018-04-04,383036
2018-04-05,383215
2018-04-06,383279
2018-04-07,382581
2018-04-08,383052
2018-04-09,383526
2018-04-10,383820
2018-04-11,383640
2018-04-12,382920
2018-04-13,383003
2018-04-14,382846
2018-04-15,382725
2018-04-16,382490
2018-04-17,383055
2018-04-18,383392
2018-04-19,383893
2018-04-20,384264
2018-04-21,384373
2018-04-22,384938
2018-04-23,382868
2018-04-24,382155
2018-04-25,382435
2018-04-26,382668
2018-04-27,382538
2018-04-28,383100
2018-04-29,383602
2018-04-30,384209
2018-05-01,384866
2018-05-02,384708
2018-05-03,385272
2018-05-04,384137
2018-05-05,382570
2018-05-06,382646
2018-05-07,381681
2018-05-08,381561
2018-05-09,381682
2018-05-10,382044
2018-05-11,382529
2018-05-12,382786
2018-05-13,382995
2018-05-14,383220
2018-05-15,383969
2018-05-16,384646
2018-05-17,385184
2018-05-18,385605
2018-05-19,385612
2018-05-20,386116
2018-05-21,386198
2018-05-22,386051
2018-05-23,385959
2018-05-24,386199
2018-05-25,386130
2018-05-26,386641
2018-05-27,387002
2018-05-28,387332
2018-05-29,387707
2018-05-30,388035
2018-05-31,388276
2018-06-01,389207
2018-06-02,389927
2018-06-03,390236
2018-06-04,390732
2018-06-05,391439
2018-06-06,391862
2018-06-07,392259
2018-06-08,392636
2018-06-09,392952
2018-06-10,393131
2018-06-11,394021
2018-06-12,394765
2018-06-13,394739
2018-06-14,394509
2018-06-15,395278
2018-06-16,395706
2018-06-17,396082
2018-06-18,396868
2018-06-19,397032
2018-06-20,397382
2018-06-21,397653
2018-06-22,397691
2018-06-23,399241
2018-06-24,399035
2018-06-25,399260
2018-06-26,399251
2018-06-27,399091
2018-06-28,399020
2018-06-29,399573
2018-06-30,398940
2018-07-01,399219
2018-07-02,399163
2018-07-03,398479
2018-07-04,398991
2018-07-05,398461
2018-07-06,398735
2018-07-07,399014
2018-07-08,398805
2018-07-09,397427
2018-07-10,396028
2018-07-11,395299
2018-07-12,394900
2018-07-13,395306
2018-07-14,395791
2018-07-15,396077
2018-07-16,396213
2018-07-17,395866
2018-07-18,395650
2018-07-19,395566
2018-07-20,395561
2018-07-21,395969
2018-07-22,396339
2018-07-23,396829
2018-07-24,397052
2018-07-25,398033
2018-07-26,398316
2018-07-27,399204
2018-07-28,398236
2018-07-29,398594
2018-07-30,398564
2018-07-31,398336
2018-08-01,398943
2018-08-02,399349
2018-08-03,399453
2018-08-04,399699
2018-08-05,399686
2018-08-06,399957
2018-08-07,398358
2018-08-08,398153
2018-08-09,398811
2018-08-10,399168
2018-08-11,399294
2018-08-12,399501
2018-08-13,399645
2018-08-14,399658
2018-08-15,400435
2018-08-16,399964
2018-08-17,400918
2018-08-18,401093
2018-08-19,401212
2018-08-20,399542
2018-08-21,398584
2018-08-22,398075
2018-08-23,397349
2018-08-24,397443
2018-08-25,398326
2018-08-26,398346
2018-08-27,398274
2018-08-28,398341
2018-08-29,400230
2018-08-30,399790
2018-08-31,399779
2018-09-01,399071
2018-09-02,399165
2018-09-03,399081
2018-09-04,398679
2018-09-05,398322
2018-09-06,397664
2018-09-07,397639
2018-09-08,397942
2018-09-09,397905
2018-09-10,396997
2018-09-11,395724
2018-09-12,395095
2018-09-13,394956
2018-09-14,394716
2018-09-15,394945
2018-09-16,395012
2018-09-17,394927
2018-09-18,394971
2018-09-19,394938
2018-09-20,395070
2018-09-21,394310
2018-09-22,394581
2018-09-23,394824
2018-09-24,394677
2018-09-25,395062
2018-09-26,394925
2018-09-27,395013
2018-09-28,394820
2018-09-29,395337
2018-09-30,395779
2018-10-01,395464
2018-10-02,391428
2018-10-03,391700
2018-10-04,391839
2018-10-05,392309
2018-10-06,392686
2018-10-07,393061
2018-10-08,393093
2018-10-09,393248
2018-10-10,393548
2018-10-11,393163
2018-10-12,391345
2018-10-13,391215
2018-10-14,391514
2018-10-15,390808
2018-10-16,389974
2018-10-17,389978
2018-10-18,389983
2018-10-19,390139
2018-10-20,390566
2018-10-21,390774
2018-10-22,390614
2018-10-23,390683
2018-10-24,390607
2018-10-25,391007
2018-10-26,390940
2018-10-27,391158
2018-10-28,391241
2018-10-29,391049
2018-10-30,391234
2018-10-31,391758
2018-11-01,391841
2018-11-02,392104
2018-11-03,392376
2018-11-04,389915
2018-11-05,389668
2018-11-06,390204
2018-11-07,389827
2018-11-08,389396
2018-11-09,389227
2018-11-10,389407
2018-11-11,389773
2018-11-12,388966
2018-11-13,388846
2018-11-14,388680
2018-11-15,388401
2018-11-16,388498
2018-11-17,388982
2018-11-18,389536
2018-11-19,389100
2018-11-20,388496
2018-11-21,388800
2018-11-22,388757
2018-11-23,389024
2018-11-24,389309
2018-11-25,389203
2018-11-26,389099
2018-11-27,389275
2018-11-28,389810
2018-11-29,390157
2018-11-30,390843
2018-12-01,391278
2018-12-02,391999
2018-12-03,391692
2018-12-04,390236
2018-12-05,389984
2018-12-06,390558
2018-12-07,389751
2018-12-08,389873
2018-12-09,390210
2018-12-10,389697
2018-12-11,389977
2018-12-12,390014
2018-12-13,390425
2018-12-14,389859
2018-12-15,390077
2018-12-16,390400
2018-12-17,390210
2018-12-18,390275
2018-12-19,390207
2018-12-20,389916
2018-12-21,389959
2018-12-22,390047
2018-12-23,390043
2018-12-24,390422
2018-12-25,391213
2018-12-26,390964
2018-12-27,390935
2018-12-28,391481
2018-12-29,391839
2018-12-30,392421
2018-12-31,392996
2019-01-01,393436
2019-01-02,393959
2019-01-03,394455
2019-01-04,394893
2019-01-05,395323
2019-01-06,395470
2019-01-07,395140
2019-01-08,395087
2019-01-09,395510
2019-01-10,396205
2019-01-11,396879
2019-01-12,397345
2019-01-13,397910
2019-01-14,397800
2019-01-15,398163
2019-01-16,398834
2019-01-17,398960
2019-01-18,399405
2019-01-19,399620
2019-01-20,400046
2019-01-21,400144
2019-01-22,400384
2019-01-23,400819
2019-01-24,400851
2019-01-25,401463
2019-01-26,401538
2019-01-27,401931
2019-01-28,402187
2019-01-29,402403
2019-01-30,402641
2019-01-31,403181
2019-02-01,402803
2019-02-02,403279
2019-02-03,403854
2019-02-04,403753
2019-02-05,404453
2019-02-06,402332
2019-02-07,402309
2019-02-08,402495
2019-02-09,402538
2019-02-10,402844
2019-02-11,402324
2019-02-12,404378
2019-02-13,404003
2019-02-14,404291
2019-02-15,404666
2019-02-16,404609
2019-02-17,404677
2019-02-18,404467
2019-02-19,405096
2019-02-20,405566
2019-02-21,406148
2019-02-22,405893
2019-02-23,406272
2019-02-24,406627
2019-02-25,407336
2019-02-26,407516
2019-02-27,408379
2019-02-28,408726
2019-03-01,409064
2019-03-02,409480
2019-03-03,409729
2019-03-04,410138
2019-03-05,410611
2019-03-06,411009
2019-03-07,410816
2019-03-08,410894
2019-03-09,411431
2019-03-10,411867
2019-03-11,410846
2019-03-12,411758
2019-03-13,411701
2019-03-14,411410
2019-03-15,411625
2019-03-16,411702
2019-03-17,411790
2019-03-18,412277
2019-03-19,412770
2019-03-20,412901
2019-03-21,412252
2019-03-22,412408
2019-03-23,413034
2019-03-24,413155
2019-03-25,413104
2019-03-26,413881
2019-03-27,413374
2019-03-28,413490
2019-03-29,411200
2019-03-30,411010
2019-03-31,410850
2019-04-01,411436
2019-04-02,411139
2019-04-03,410035
2019-04-04,410258
2019-04-05,410332
2019-04-06,410042
2019-04-07,409778
2019-04-08,409957
2019-04-09,410443
2019-04-10,410695
2019-04-11,410625
2019-04-12,410765
2019-04-13,411134
2019-04-14,411546
2019-04-15,411338
2019-04-16,410882
2019-04-17,411079
2019-04-18,410874
2019-04-19,410575
2019-04-20,410644
2019-04-21,410363
2019-04-22,410876
2019-04-23,411907
2019-04-24,412043
2019-04-25,412752
2019-04-26,412960
2019-04-27,413095
2019-04-28,413548
2019-04-29,414004
2019-04-30,414854
2019-05-01,414760
2019-05-02,414915
2019-05-03,415071
2019-05-04,415441
2019-05-05,415029
2019-05-06,415289
2019-05-07,416241
2019-05-08,416573
2019-05-09,416491
2019-05-10,417089
2019-05-11,417012
2019-05-12,415698
2019-05-13,416429
2019-05-14,417561
2019-05-15,419127
2019-05-16,420398
2019-05-17,421879
2019-05-18,420319
2019-05-19,419842
2019-05-20,420660
2019-05-21,421668
2019-05-22,423037
2019-05-23,424231
2019-05-24,424892
2019-05-25,425134
2019-05-26,424363
2019-05-27,424151
2019-05-28,425474
2019-05-29,426311
2019-05-30,426828
2019-05-31,430007
2019-06-01,429172
2019-06-02,426876
2019-06-03,426509
2019-06-04,429308
2019-06-05,431294
2019-06-06,431132
2019-06-07,430182
2019-06-08,430896
2019-06-09,431624
2019-06-10,432891
2019-06-11,434118
2019-06-12,435185
2019-06-13,435173
2019-06-14,435656
2019-06-15,435301
2019-06-16,435893
2019-06-17,438104
2019-06-18,437866
2019-06-19,438587
2019-06-20,439802
2019-06-21,441366
2019-06-22,441719
2019-06-23,440215
2019-06-24,437176
2019-06-25,438327
2019-06-26,440313
2019-06-27,442675
2019-06-28,443905
2019-06-29,441551
2019-06-30,442141
2019-07-01,442325
2019-07-02,440006
2019-07-03,439939
2019-07-04,438546
2019-07-05,436694
2019-07-06,437137
2019-07-07,437436
2019-07-08,435877
2019-07-09,435666
2019-07-10,436225
2019-07-11,436979
2019-07-12,435345
2019-07-13,435368
2019-07-14,435772
2019-07-15,436681
2019-07-16,437769
2019-07-17,439292
2019-07-18,440844
2019-07-19,442058
2019-07-20,441577
2019-07-21,441700
2019-07-22,442107
2019-07-23,442663
2019-07-24,443278
2019-07-25,442995
2019-07-26,443104
2019-07-27,443799
2019-07-28,444157
2019-07-29,444310
2019-07-30,443639
2019-07-31,443606
2019-08-01,444145
2019-08-02,443761
2019-08-03,443736
2019-08-04,444043
2019-08-05,443534
2019-08-06,442780
2019-08-07,442882
2019-08-08,442334
2019-08-09,442107
2019-08-10,442546
2019-08-11,442826
2019-08-12,443121
2019-08-13,443161
2019-08-14,443865
2019-08-15,444734
2019-08-16,445886
2019-08-17,446742
2019-08-18,447326
2019-08-19,447816
2019-08-20,448381
2019-08-21,451472
2019-08-22,450646
2019-08-23,448068
2019-08-24,443937
2019-08-25,444123
2019-08-26,443915
2019-08-27,443359
2019-08-28,443491
2019-08-29,443967
2019-08-30,444469
2019-08-31,445028
2019-09-01,445354
2019-09-02,445813
2019-09-03,445410
2019-09-04,444894
2019-09-05,445140
2019-09-06,445494
2019-09-07,446225
2019-09-08,446420
2019-09-09,446383
2019-09-10,447167
2019-09-11,447719
2019-09-12,448089
2019-09-13,447455
2019-09-14,447685
2019-09-15,448086
2019-09-16,447772
2019-09-17,447917
2019-09-18,447627
2019-09-19,448044
2019-09-20,448229
2019-09-21,448252
2019-09-22,448751
2019-09-23,452379
2019-09-24,451997
2019-09-25,453047
2019-09-26,453563
2019-09-27,453963
2019-09-28,454758
2019-09-29,455254
2019-09-30,455532
2019-10-01,455940
2019-10-02,456848
2019-10-03,456925
2019-10-04,457381
2019-10-05,458233
2019-10-06,458753
2019-10-07,458442
2019-10-08,458535
2019-10-09,458673
2019-10-10,458362
2019-10-11,458193
2019-10-12,458451
2019-10-13,458573
2019-10-14,458825
2019-10-15,458988
2019-10-16,458833
2019-10-17,459485
2019-10-18,459544
2019-10-19,459688
2019-10-20,459858
2019-10-21,460103
2019-10-22,459763
2019-10-23,459987
2019-10-24,460387
2019-10-25,460462
2019-10-26,458195
2019-10-27,457955
2019-10-28,457429
2019-10-29,456335
2019-10-30,456650
2019-10-31,456825
2019-11-01,456783
2019-11-02,457265
2019-11-03,457482
2019-11-04,457292
2019-11-05,457737
2019-11-06,457203
2019-11-07,457589
2019-11-08,458454
2019-11-09,457435
2019-11-10,457839
2019-11-11,458032
2019-11-12,458095
