t,entities_active_count
2010-01-01,4
2010-01-02,0
2010-01-03,0
2010-01-04,5
2010-01-05,0
2010-01-06,0
2010-01-07,0
2010-01-08,0
2010-01-09,0
2010-01-10,0
2010-01-11,0
2010-01-12,2
2010-01-13,4
2010-01-14,5
2010-01-15,2
2010-01-16,2
2010-01-17,0
2010-01-18,3
2010-01-19,0
2010-01-20,0
2010-01-21,4
2010-01-22,6
2010-01-23,2
2010-01-24,2
2010-01-25,6
2010-01-26,6
2010-01-27,3
2010-01-28,3
2010-01-29,6
2010-01-30,7
2010-01-31,4
2010-02-01,9
2010-02-02,2
2010-02-03,3
2010-02-04,7
2010-02-05,7
2010-02-06,17
2010-02-07,9
2010-02-08,11
2010-02-09,6
2010-02-10,8
2010-02-11,8
2010-02-12,7
2010-02-13,6
2010-02-14,10
2010-02-15,19
2010-02-16,13
2010-02-17,12
2010-02-18,12
2010-02-19,4
2010-02-20,4
2010-02-21,8
2010-02-22,10
2010-02-23,2
2010-02-24,11
2010-02-25,7
2010-02-26,8
2010-02-27,5
2010-02-28,5
2010-03-01,8
2010-03-02,10
2010-03-03,9
2010-03-04,5
2010-03-05,4
2010-03-06,10
2010-03-07,7
2010-03-08,11
2010-03-09,4
2010-03-10,14
2010-03-11,6
2010-03-12,4
2010-03-13,2
2010-03-14,3
2010-03-15,7
2010-03-16,6
2010-03-17,6
2010-03-18,10
2010-03-19,18
2010-03-20,18
2010-03-21,11
2010-03-22,12
2010-03-23,19
2010-03-24,17
2010-03-25,22
2010-03-26,22
2010-03-27,10
2010-03-28,8
2010-03-29,18
2010-03-30,9
2010-03-31,7
2010-04-01,16
2010-04-02,8
2010-04-03,9
2010-04-04,17
2010-04-05,36
2010-04-06,24
2010-04-07,17
2010-04-08,15
2010-04-09,38
2010-04-10,53
2010-04-11,55
2010-04-12,56
2010-04-13,34
2010-04-14,53
2010-04-15,60
2010-04-16,43
2010-04-17,33
2010-04-18,78
2010-04-19,56
2010-04-20,51
2010-04-21,45
2010-04-22,43
2010-04-23,45
2010-04-24,33
2010-04-25,52
2010-04-26,50
2010-04-27,50
2010-04-28,56
2010-04-29,47
2010-04-30,33
2010-05-01,41
2010-05-02,34
2010-05-03,37
2010-05-04,42
2010-05-05,30
2010-05-06,34
2010-05-07,33
2010-05-08,37
2010-05-09,34
2010-05-10,39
2010-05-11,27
2010-05-12,39
2010-05-13,54
2010-05-14,41
2010-05-15,30
2010-05-16,26
2010-05-17,47
2010-05-18,57
2010-05-19,52
2010-05-20,36
2010-05-21,61
2010-05-22,37
2010-05-23,107
2010-05-24,90
2010-05-25,68
2010-05-26,92
2010-05-27,88
2010-05-28,73
2010-05-29,75
2010-05-30,76
2010-05-31,79
2010-06-01,72
2010-06-02,68
2010-06-03,89
2010-06-04,76
2010-06-05,50
2010-06-06,75
2010-06-07,79
2010-06-08,104
2010-06-09,76
2010-06-10,86
2010-06-11,84
2010-06-12,84
2010-06-13,90
2010-06-14,97
2010-06-15,111
2010-06-16,75
2010-06-17,96
2010-06-18,60
2010-06-19,86
2010-06-20,65
2010-06-21,89
2010-06-22,91
2010-06-23,87
2010-06-24,99
2010-06-25,85
2010-06-26,64
2010-06-27,77
2010-06-28,94
2010-06-29,95
2010-06-30,84
2010-07-01,102
2010-07-02,84
2010-07-03,91
2010-07-04,79
2010-07-05,101
2010-07-06,60
2010-07-07,83
2010-07-08,100
2010-07-09,103
2010-07-10,61
2010-07-11,205
2010-07-12,1219
2010-07-13,675
2010-07-14,716
2010-07-15,639
2010-07-16,630
2010-07-17,250
2010-07-18,291
2010-07-19,423
2010-07-20,282
2010-07-21,272
2010-07-22,235
2010-07-23,276
2010-07-24,212
2010-07-25,198
2010-07-26,275
2010-07-27,257
2010-07-28,225
2010-07-29,205
2010-07-30,191
2010-07-31,132
2010-08-01,176
2010-08-02,213
2010-08-03,234
2010-08-04,186
2010-08-05,195
2010-08-06,196
2010-08-07,141
2010-08-08,150
2010-08-09,250
2010-08-10,214
2010-08-11,239
2010-08-12,213
2010-08-13,200
2010-08-14,184
2010-08-15,131
2010-08-16,287
2010-08-17,174
2010-08-18,224
2010-08-19,183
2010-08-20,204
2010-08-21,173
2010-08-22,168
2010-08-23,203
2010-08-24,194
2010-08-25,170
2010-08-26,165
2010-08-27,158
2010-08-28,154
2010-08-29,127
2010-08-30,179
2010-08-31,242
2010-09-01,191
2010-09-02,189
2010-09-03,178
2010-09-04,128
2010-09-05,168
2010-09-06,185
2010-09-07,144
2010-09-08,174
2010-09-09,176
2010-09-10,168
2010-09-11,147
2010-09-12,202
2010-09-13,231
2010-09-14,229
2010-09-15,207
2010-09-16,214
2010-09-17,171
2010-09-18,157
2010-09-19,191
2010-09-20,226
2010-09-21,241
2010-09-22,245
2010-09-23,303
2010-09-24,247
2010-09-25,158
2010-09-26,140
2010-09-27,201
2010-09-28,178
2010-09-29,181
2010-09-30,190
2010-10-01,160
2010-10-02,191
2010-10-03,195
2010-10-04,193
2010-10-05,228
2010-10-06,195
2010-10-07,174
2010-10-08,187
2010-10-09,181
2010-10-10,193
2010-10-11,179
2010-10-12,154
2010-10-13,175
2010-10-14,146
2010-10-15,160
2010-10-16,162
2010-10-17,160
2010-10-18,221
2010-10-19,229
2010-10-20,222
2010-10-21,215
2010-10-22,214
2010-10-23,140
2010-10-24,154
2010-10-25,141
2010-10-26,194
2010-10-27,230
2010-10-28,193
2010-10-29,185
2010-10-30,144
2010-10-31,142
2010-11-01,181
2010-11-02,149
2010-11-03,163
2010-11-04,183
2010-11-05,209
2010-11-06,200
2010-11-07,228
2010-11-08,266
2010-11-09,232
2010-11-10,207
2010-11-11,208
2010-11-12,160
2010-11-13,172
2010-11-14,215
2010-11-15,231
2010-11-16,270
2010-11-17,200
2010-11-18,180
2010-11-19,225
2010-11-20,243
2010-11-21,256
2010-11-22,233
2010-11-23,248
2010-11-24,328
2010-11-25,360
2010-11-26,323
2010-11-27,300
2010-11-28,262
2010-11-29,325
2010-11-30,294
2010-12-01,361
2010-12-02,290
2010-12-03,270
2010-12-04,256
2010-12-05,245
2010-12-06,279
2010-12-07,387
2010-12-08,329
2010-12-09,298
2010-12-10,272
2010-12-11,409
2010-12-12,493
2010-12-13,513
2010-12-14,406
2010-12-15,387
2010-12-16,373
2010-12-17,298
2010-12-18,316
2010-12-19,357
2010-12-20,377
2010-12-21,363
2010-12-22,391
2010-12-23,324
2010-12-24,304
2010-12-25,316
2010-12-26,326
2010-12-27,325
2010-12-28,400
2010-12-29,388
2010-12-30,408
2010-12-31,372
2011-01-01,410
2011-01-02,392
2011-01-03,427
2011-01-04,365
2011-01-05,432
2011-01-06,420
2011-01-07,453
2011-01-08,500
2011-01-09,521
2011-01-10,526
2011-01-11,587
2011-01-12,596
2011-01-13,617
2011-01-14,650
2011-01-15,696
2011-01-16,674
2011-01-17,613
2011-01-18,606
2011-01-19,657
2011-01-20,645
2011-01-21,846
2011-01-22,820
2011-01-23,758
2011-01-24,880
2011-01-25,656
2011-01-26,718
2011-01-27,659
2011-01-28,833
2011-01-29,945
2011-01-30,734
2011-01-31,949
2011-02-01,907
2011-02-02,727
2011-02-03,661
2011-02-04,769
2011-02-05,762
2011-02-06,717
2011-02-07,792
2011-02-08,721
2011-02-09,1040
2011-02-10,1697
2011-02-11,1931
2011-02-12,1651
2011-02-13,1608
2011-02-14,1606
2011-02-15,1512
2011-02-16,1356
2011-02-17,1684
2011-02-18,1695
2011-02-19,1393
2011-02-20,1561
2011-02-21,1609
2011-02-22,1663
2011-02-23,1376
2011-02-24,1298
2011-02-25,1242
2011-02-26,1330
2011-02-27,1408
2011-02-28,1338
2011-03-01,2143
2011-03-02,1624
2011-03-03,1706
2011-03-04,1468
2011-03-05,1493
2011-03-06,1381
2011-03-07,1425
2011-03-08,1398
2011-03-09,1350
2011-03-10,1238
2011-03-11,1361
2011-03-12,1315
2011-03-13,1289
2011-03-14,1218
2011-03-15,1227
2011-03-16,1313
2011-03-17,1430
2011-03-18,1406
2011-03-19,1464
2011-03-20,1397
2011-03-21,2039
2011-03-22,1853
2011-03-23,2754
2011-03-24,2058
2011-03-25,1843
2011-03-26,1820
2011-03-27,1687
2011-03-28,1858
2011-03-29,1688
2011-03-30,1625
2011-03-31,1720
2011-04-01,1567
2011-04-02,1363
2011-04-03,1607
2011-04-04,1918
2011-04-05,1975
2011-04-06,1814
2011-04-07,1588
2011-04-08,1766
2011-04-09,1782
2011-04-10,1640
2011-04-11,1882
2011-04-12,1927
2011-04-13,1817
2011-04-14,1657
2011-04-15,1816
2011-04-16,1737
2011-04-17,1830
2011-04-18,2174
2011-04-19,2206
2011-04-20,2019
2011-04-21,1959
2011-04-22,1976
2011-04-23,2097
2011-04-24,2097
2011-04-25,2379
2011-04-26,2396
2011-04-27,2458
2011-04-28,2697
2011-04-29,2768
2011-04-30,3163
2011-05-01,3041
2011-05-02,2691
2011-05-03,2722
2011-05-04,2847
2011-05-05,3038
2011-05-06,3073
2011-05-07,2887
2011-05-08,2917
2011-05-09,3443
2011-05-10,3327
2011-05-11,3266
2011-05-12,3570
2011-05-13,4401
2011-05-14,3934
2011-05-15,3634
2011-05-16,6328
2011-05-17,5247
2011-05-18,6067
2011-05-19,6281
2011-05-20,5452
2011-05-21,4369
2011-05-22,4448
2011-05-23,5044
2011-05-24,5795
2011-05-25,6746
2011-05-26,6113
2011-05-27,4840
2011-05-28,5401
2011-05-29,4943
2011-05-30,5995
2011-05-31,6461
2011-06-01,5876
2011-06-02,6505
2011-06-03,7404
2011-06-04,8432
2011-06-05,7609
2011-06-06,8969
2011-06-07,7900
2011-06-08,10833
2011-06-09,10699
2011-06-10,9901
2011-06-11,9711
2011-06-12,11032
2011-06-13,10785
2011-06-14,11657
2011-06-15,11065
2011-06-16,11523
2011-06-17,11449
2011-06-18,11516
2011-06-19,12372
2011-06-20,12662
2011-06-21,12383
2011-06-22,12762
2011-06-23,11574
2011-06-24,11460
2011-06-25,10234
2011-06-26,10623
2011-06-27,13194
2011-06-28,12010
2011-06-29,11795
2011-06-30,11063
2011-07-01,17149
2011-07-02,22458
2011-07-03,12244
2011-07-04,11625
2011-07-05,11829
2011-07-06,13493
2011-07-07,11739
2011-07-08,13669
2011-07-09,12681
2011-07-10,17962
2011-07-11,12752
2011-07-12,12645
2011-07-13,15403
2011-07-14,17949
2011-07-15,14291
2011-07-16,12756
2011-07-17,13791
2011-07-18,13101
2011-07-19,13367
2011-07-20,13830
2011-07-21,14626
2011-07-22,12759
2011-07-23,12461
2011-07-24,12880
2011-07-25,14573
2011-07-26,12243
2011-07-27,13274
2011-07-28,13737
2011-07-29,12883
2011-07-30,12008
2011-07-31,13813
2011-08-01,13157
2011-08-02,10554
2011-08-03,8317
2011-08-04,8836
2011-08-05,11995
2011-08-06,11906
2011-08-07,11381
2011-08-08,11807
2011-08-09,11979
2011-08-10,8975
2011-08-11,8351
2011-08-12,7618
2011-08-13,9253
2011-08-14,11234
2011-08-15,8168
2011-08-16,8495
2011-08-17,10072
2011-08-18,10920
2011-08-19,12155
2011-08-20,12127
2011-08-21,12698
2011-08-22,15060
2011-08-23,12969
2011-08-24,12128
2011-08-25,13096
2011-08-26,11016
2011-08-27,11207
2011-08-28,11476
2011-08-29,9143
2011-08-30,7713
2011-08-31,7888
2011-09-01,7330
2011-09-02,7052
2011-09-03,6448
2011-09-04,7825
2011-09-05,8692
2011-09-06,7468
2011-09-07,7038
2011-09-08,6580
2011-09-09,7513
2011-09-10,6283
2011-09-11,6394
2011-09-12,6958
2011-09-13,6547
2011-09-14,6424
2011-09-15,6920
2011-09-16,6402
2011-09-17,6030
2011-09-18,6846
2011-09-19,6810
2011-09-20,11218
2011-09-21,6706
2011-09-22,9333
2011-09-23,12128
2011-09-24,12006
2011-09-25,12054
2011-09-26,10510
2011-09-27,10809
2011-09-28,6308
2011-09-29,5987
2011-09-30,5931
2011-10-01,5831
2011-10-02,5548
2011-10-03,6015
2011-10-04,6338
2011-10-05,6265
2011-10-06,6251
2011-10-07,6242
2011-10-08,5547
2011-10-09,5361
2011-10-10,5867
2011-10-11,6155
2011-10-12,5867
2011-10-13,5259
2011-10-14,5967
2011-10-15,5737
2011-10-16,5403
2011-10-17,6379
2011-10-18,5830
2011-10-19,5614
2011-10-20,5335
2011-10-21,5577
2011-10-22,5715
2011-10-23,6112
2011-10-24,6236
2011-10-25,6213
2011-10-26,5709
2011-10-27,5337
2011-10-28,5833
2011-10-29,6154
2011-10-30,5722
2011-10-31,5540
2011-11-01,5707
2011-11-02,5672
2011-11-03,5723
2011-11-04,6784
2011-11-05,5939
2011-11-06,5612
2011-11-07,5964
2011-11-08,6074
2011-11-09,6475
2011-11-10,6725
2011-11-11,5743
2011-11-12,5949
2011-11-13,6136
2011-11-14,6317
2011-11-15,6729
2011-11-16,6424
2011-11-17,5603
2011-11-18,5573
2011-11-19,5166
2011-11-20,5372
2011-11-21,5379
2011-11-22,5899
2011-11-23,5969
2011-11-24,5588
2011-11-25,6023
2011-11-26,5475
2011-11-27,5916
2011-11-28,6182
2011-11-29,6890
2011-11-30,6853
2011-12-01,7055
2011-12-02,6498
2011-12-03,6182
2011-12-04,6224
2011-12-05,6854
2011-12-06,7028
2011-12-07,6449
2011-12-08,6297
2011-12-09,5982
2011-12-10,5715
2011-12-11,5739
2011-12-12,5664
2011-12-13,6414
2011-12-14,6172
2011-12-15,5105
2011-12-16,5224
2011-12-17,5199
2011-12-18,5019
2011-12-19,6013
2011-12-20,6250
2011-12-21,5799
2011-12-22,5995
2011-12-23,6121
2011-12-24,5267
2011-12-25,6077
2011-12-26,6320
2011-12-27,5865
2011-12-28,5289
2011-12-29,5538
2011-12-30,5332
2011-12-31,5222
2012-01-01,5524
2012-01-02,5802
2012-01-03,5971
2012-01-04,6062
2012-01-05,7073
2012-01-06,6808
2012-01-07,6218
2012-01-08,6695
2012-01-09,6472
2012-01-10,7223
2012-01-11,7214
2012-01-12,6641
2012-01-13,6914
2012-01-14,7043
2012-01-15,6319
2012-01-16,7084
2012-01-17,6887
2012-01-18,7205
2012-01-19,7242
2012-01-20,6782
2012-01-21,6682
2012-01-22,5857
2012-01-23,6788
2012-01-24,6952
2012-01-25,7701
2012-01-26,6971
2012-01-27,7026
2012-01-28,6497
2012-01-29,6406
2012-01-30,6556
2012-01-31,7397
2012-02-01,7282
2012-02-02,7563
2012-02-03,7167
2012-02-04,7245
2012-02-05,6606
2012-02-06,6327
2012-02-07,6617
2012-02-08,6775
2012-02-09,6693
2012-02-10,6771
2012-02-11,6193
2012-02-12,6235
2012-02-13,6646
2012-02-14,7193
2012-02-15,7449
2012-02-16,7842
2012-02-17,6437
2012-02-18,6885
2012-02-19,6595
2012-02-20,6767
2012-02-21,6991
2012-02-22,7589
2012-02-23,7870
2012-02-24,7499
2012-02-25,6711
2012-02-26,6456
2012-02-27,6854
2012-02-28,7253
2012-02-29,7174
2012-03-01,6810
2012-03-02,7615
2012-03-03,5884
2012-03-04,7047
2012-03-05,7462
2012-03-06,7019
2012-03-07,6767
2012-03-08,6976
2012-03-09,7054
2012-03-10,6027
2012-03-11,5869
2012-03-12,6288
2012-03-13,7281
2012-03-14,7180
2012-03-15,7023
2012-03-16,7425
2012-03-17,7622
2012-03-18,6717
2012-03-19,6929
2012-03-20,7494
2012-03-21,7604
2012-03-22,7405
2012-03-23,6621
2012-03-24,6489
2012-03-25,6446
2012-03-26,7016
2012-03-27,7021
2012-03-28,7145
2012-03-29,7477
2012-03-30,6668
2012-03-31,6438
2012-04-01,5857
2012-04-02,6758
2012-04-03,7660
2012-04-04,7355
2012-04-05,7221
2012-04-06,7090
2012-04-07,6668
2012-04-08,6393
2012-04-09,6834
2012-04-10,7413
2012-04-11,8117
2012-04-12,7884
2012-04-13,6883
2012-04-14,7478
2012-04-15,7181
2012-04-16,7810
2012-04-17,7633
2012-04-18,7982
2012-04-19,7188
2012-04-20,7926
2012-04-21,7029
2012-04-22,6532
2012-04-23,7313
2012-04-24,7488
2012-04-25,7594
2012-04-26,7205
2012-04-27,7451
2012-04-28,6893
2012-04-29,6908
2012-04-30,7326
2012-05-01,7827
2012-05-02,8017
2012-05-03,7686
2012-05-04,8253
2012-05-05,7050
2012-05-06,6907
2012-05-07,8034
2012-05-08,7739
2012-05-09,7774
2012-05-10,7265
2012-05-11,7924
2012-05-12,6827
2012-05-13,6725
2012-05-14,8074
2012-05-15,7751
2012-05-16,7553
2012-05-17,7587
2012-05-18,7464
2012-05-19,7185
2012-05-20,7250
2012-05-21,7890
2012-05-22,8425
2012-05-23,8711
2012-05-24,7996
2012-05-25,7931
2012-05-26,7470
2012-05-27,7119
2012-05-28,8039
2012-05-29,9802
2012-05-30,8824
2012-05-31,9396
2012-06-01,8606
2012-06-02,7325
2012-06-03,7885
2012-06-04,8409
2012-06-05,10906
2012-06-06,8694
2012-06-07,9592
2012-06-08,8820
2012-06-09,8684
2012-06-10,9461
2012-06-11,8828
2012-06-12,9036
2012-06-13,10854
2012-06-14,10780
2012-06-15,11037
2012-06-16,10120
2012-06-17,9855
2012-06-18,10203
2012-06-19,10097
2012-06-20,10620
2012-06-21,10161
2012-06-22,10096
2012-06-23,10602
2012-06-24,9475
2012-06-25,10744
2012-06-26,11156
2012-06-27,11414
2012-06-28,10861
2012-06-29,11424
2012-06-30,11010
2012-07-01,11465
2012-07-02,11543
2012-07-03,12015
2012-07-04,10172
2012-07-05,9177
2012-07-06,10679
2012-07-07,9726
2012-07-08,10347
2012-07-09,11168
2012-07-10,11654
2012-07-11,11306
2012-07-12,11324
2012-07-13,11098
2012-07-14,10618
2012-07-15,10690
2012-07-16,10909
2012-07-17,13188
2012-07-18,11051
2012-07-19,10409
2012-07-20,11164
2012-07-21,11617
2012-07-22,13038
2012-07-23,14301
2012-07-24,12793
2012-07-25,11452
2012-07-26,11693
2012-07-27,11529
2012-07-28,15633
2012-07-29,11656
2012-07-30,10884
2012-07-31,25779
2012-08-01,13943
2012-08-02,14542
2012-08-03,12471
2012-08-04,11808
2012-08-05,12175
2012-08-06,14444
2012-08-07,13740
2012-08-08,17266
2012-08-09,13631
2012-08-10,14589
2012-08-11,13906
2012-08-12,14648
2012-08-13,18985
2012-08-14,15748
2012-08-15,14848
2012-08-16,19343
2012-08-17,18226
2012-08-18,18205
2012-08-19,15817
2012-08-20,14148
2012-08-21,17635
2012-08-22,15957
2012-08-23,15595
2012-08-24,15381
2012-08-25,12588
2012-08-26,10726
2012-08-27,13504
2012-08-28,15749
2012-08-29,14197
2012-08-30,10157
2012-08-31,15635
2012-09-01,15672
2012-09-02,11502
2012-09-03,10002
2012-09-04,13611
2012-09-05,12866
2012-09-06,14644
2012-09-07,14497
2012-09-08,11125
2012-09-09,14640
2012-09-10,12345
2012-09-11,15886
2012-09-12,12565
2012-09-13,11696
2012-09-14,12986
2012-09-15,11377
2012-09-16,12336
2012-09-17,12305
2012-09-18,14787
2012-09-19,17876
2012-09-20,21792
2012-09-21,15654
2012-09-22,10893
2012-09-23,11049
2012-09-24,11741
2012-09-25,19742
2012-09-26,19880
2012-09-27,18050
2012-09-28,21942
2012-09-29,15709
2012-09-30,12735
2012-10-01,14107
2012-10-02,20234
2012-10-03,19615
2012-10-04,19325
2012-10-05,17775
2012-10-06,14330
2012-10-07,15967
2012-10-08,17251
2012-10-09,18929
2012-10-10,18139
2012-10-11,18006
2012-10-12,16657
2012-10-13,13871
2012-10-14,15437
2012-10-15,17418
2012-10-16,15220
2012-10-17,20119
2012-10-18,18093
2012-10-19,15008
2012-10-20,14442
2012-10-21,12015
2012-10-22,14269
2012-10-23,14192
2012-10-24,15784
2012-10-25,15390
2012-10-26,15410
2012-10-27,12360
2012-10-28,12112
2012-10-29,11542
2012-10-30,13704
2012-10-31,13584
2012-11-01,13516
2012-11-02,14232
2012-11-03,14664
2012-11-04,12971
2012-11-05,14124
2012-11-06,15510
2012-11-07,17995
2012-11-08,14853
2012-11-09,14834
2012-11-10,13471
2012-11-11,13659
2012-11-12,13095
2012-11-13,13951
2012-11-14,15158
2012-11-15,17721
2012-11-16,16569
2012-11-17,17975
2012-11-18,16034
2012-11-19,15659
2012-11-20,15940
2012-11-21,15087
2012-11-22,16250
2012-11-23,13382
2012-11-24,14186
2012-11-25,13066
2012-11-26,15837
2012-11-27,13138
2012-11-28,14393
2012-11-29,14563
2012-11-30,13778
2012-12-01,13619
2012-12-02,9785
2012-12-03,11230
2012-12-04,14978
2012-12-05,17287
2012-12-06,16128
2012-12-07,15359
2012-12-08,14705
2012-12-09,13202
2012-12-10,12619
2012-12-11,12932
2012-12-12,14368
2012-12-13,16590
2012-12-14,15901
2012-12-15,13458
2012-12-16,13140
2012-12-17,14911
2012-12-18,16709
2012-12-19,15995
2012-12-20,14370
2012-12-21,16539
2012-12-22,22057
2012-12-23,14423
2012-12-24,14395
2012-12-25,11679
2012-12-26,11165
2012-12-27,11955
2012-12-28,15778
2012-12-29,14215
2012-12-30,20621
2012-12-31,13550
2013-01-01,14117
2013-01-02,16626
2013-01-03,21119
2013-01-04,18687
2013-01-05,21811
2013-01-06,17784
2013-01-07,20823
2013-01-08,21092
2013-01-09,20721
2013-01-10,21313
2013-01-11,22568
2013-01-12,19087
2013-01-13,18879
2013-01-14,13734
2013-01-15,21950
2013-01-16,20589
2013-01-17,21388
2013-01-18,21356
2013-01-19,19264
2013-01-20,17871
2013-01-21,16154
2013-01-22,18467
2013-01-23,16734
2013-01-24,18601
2013-01-25,18160
2013-01-26,19116
2013-01-27,18900
2013-01-28,18259
2013-01-29,17932
2013-01-30,15529
2013-01-31,17008
2013-02-01,22866
2013-02-02,20974
2013-02-03,20707
2013-02-04,21662
2013-02-05,21758
2013-02-06,21980
2013-02-07,23208
2013-02-08,23093
2013-02-09,21972
2013-02-10,20881
2013-02-11,16738
2013-02-12,17596
2013-02-13,16693
2013-02-14,17943
2013-02-15,18380
2013-02-16,16541
2013-02-17,16703
2013-02-18,17687
2013-02-19,18706
2013-02-20,19073
2013-02-21,19234
2013-02-22,21461
2013-02-23,21022
2013-02-24,21042
2013-02-25,22193
2013-02-26,23098
2013-02-27,21224
2013-02-28,23049
2013-03-01,25023
2013-03-02,18701
2013-03-03,16983
2013-03-04,19729
2013-03-05,22413
2013-03-06,27005
2013-03-07,25210
2013-03-08,22148
2013-03-09,20944
2013-03-10,20187
2013-03-11,18559
2013-03-12,22147
2013-03-13,22141
2013-03-14,21609
2013-03-15,23247
2013-03-16,20871
2013-03-17,20241
2013-03-18,22777
2013-03-19,27339
2013-03-20,25397
2013-03-21,25521
2013-03-22,28491
2013-03-23,24327
2013-03-24,24081
2013-03-25,25876
2013-03-26,29467
2013-03-27,29641
2013-03-28,33869
2013-03-29,32642
2013-03-30,29995
2013-03-31,25093
2013-04-01,29122
2013-04-02,35724
2013-04-03,44811
2013-04-04,44403
2013-04-05,41767
2013-04-06,33250
2013-04-07,32038
2013-04-08,55223
2013-04-09,48032
2013-04-10,60283
2013-04-11,52591
2013-04-12,45814
2013-04-13,36960
2013-04-14,31978
2013-04-15,48388
2013-04-16,40687
2013-04-17,47863
2013-04-18,33276
2013-04-19,43562
2013-04-20,30980
2013-04-21,29067
2013-04-22,43211
2013-04-23,36858
2013-04-24,39909
2013-04-25,35096
2013-04-26,36229
2013-04-27,35803
2013-04-28,74959
2013-04-29,36047
2013-04-30,31042
2013-05-01,34935
2013-05-02,33339
2013-05-03,34905
2013-05-04,30197
2013-05-05,30472
2013-05-06,35841
2013-05-07,53003
2013-05-08,49794
2013-05-09,31539
2013-05-10,32584
2013-05-11,27898
2013-05-12,26696
2013-05-13,34664
2013-05-14,31380
2013-05-15,31623
2013-05-16,33238
2013-05-17,31786
2013-05-18,28232
2013-05-19,25469
2013-05-20,28441
2013-05-21,33232
2013-05-22,30779
2013-05-23,32441
2013-05-24,32755
2013-05-25,25670
2013-05-26,26491
2013-05-27,30484
2013-05-28,29989
2013-05-29,31238
2013-05-30,31739
2013-05-31,29845
2013-06-01,27053
2013-06-02,25592
2013-06-03,30866
2013-06-04,30599
2013-06-05,31132
2013-06-06,29296
2013-06-07,28226
2013-06-08,22839
2013-06-09,23512
2013-06-10,24014
2013-06-11,27617
2013-06-12,25540
2013-06-13,26832
2013-06-14,27406
2013-06-15,20729
2013-06-16,18628
2013-06-17,22038
2013-06-18,24198
2013-06-19,25877
2013-06-20,24509
2013-06-21,25527
2013-06-22,22039
2013-06-23,18801
2013-06-24,25047
2013-06-25,23257
2013-06-26,26587
2013-06-27,23586
2013-06-28,25440
2013-06-29,22848
2013-06-30,19703
2013-07-01,25369
2013-07-02,24680
2013-07-03,25034
2013-07-04,22967
2013-07-05,22120
2013-07-06,18922
2013-07-07,18560
2013-07-08,22817
2013-07-09,23298
2013-07-10,23972
2013-07-11,25852
2013-07-12,28502
2013-07-13,22385
2013-07-14,18552
2013-07-15,22718
2013-07-16,24296
2013-07-17,22534
2013-07-18,22323
2013-07-19,21878
2013-07-20,20537
2013-07-21,18101
2013-07-22,21464
2013-07-23,23418
2013-07-24,23263
2013-07-25,22322
2013-07-26,21717
2013-07-27,18418
2013-07-28,17879
2013-07-29,22820
2013-07-30,24499
2013-07-31,26543
2013-08-01,60138
2013-08-02,26460
2013-08-03,21661
2013-08-04,19368
2013-08-05,24588
2013-08-06,23266
2013-08-07,26262
2013-08-08,23543
2013-08-09,21327
2013-08-10,20513
2013-08-11,18499
2013-08-12,25344
2013-08-13,29328
2013-08-14,28685
2013-08-15,28560
2013-08-16,23659
2013-08-17,19125
2013-08-18,19145
2013-08-19,23837
2013-08-20,24426
2013-08-21,26673
2013-08-22,25097
2013-08-23,23283
2013-08-24,20440
2013-08-25,18739
2013-08-26,22005
2013-08-27,25675
2013-08-28,26193
2013-08-29,23005
2013-08-30,28224
2013-08-31,27349
2013-09-01,21895
2013-09-02,23118
2013-09-03,24690
2013-09-04,27425
2013-09-05,26113
2013-09-06,25501
2013-09-07,22388
2013-09-08,19427
2013-09-09,27674
2013-09-10,25123
2013-09-11,26071
2013-09-12,26553
2013-09-13,24761
2013-09-14,21319
2013-09-15,20756
2013-09-16,25085
2013-09-17,26234
2013-09-18,27182
2013-09-19,27081
2013-09-20,29352
2013-09-21,26047
2013-09-22,24226
2013-09-23,28814
2013-09-24,28638
2013-09-25,29726
2013-09-26,29019
2013-09-27,27421
2013-09-28,25165
2013-09-29,26091
2013-09-30,28886
2013-10-01,31752
2013-10-02,34511
2013-10-03,31523
2013-10-04,30304
2013-10-05,25107
2013-10-06,24794
2013-10-07,28459
2013-10-08,29012
2013-10-09,31157
2013-10-10,28511
2013-10-11,28138
2013-10-12,25202
2013-10-13,34308
2013-10-14,28603
2013-10-15,32052
2013-10-16,35218
2013-10-17,29725
2013-10-18,30894
2013-10-19,33003
2013-10-20,30044
2013-10-21,34773
2013-10-22,36609
2013-10-23,37637
2013-10-24,37091
2013-10-25,35040
2013-10-26,28552
2013-10-27,25115
2013-10-28,30995
2013-10-29,32196
2013-10-30,35217
2013-10-31,34955
2013-11-01,33208
2013-11-02,31777
2013-11-03,30427
2013-11-04,37620
2013-11-05,43008
2013-11-06,43620
2013-11-07,46720
2013-11-08,47296
2013-11-09,50837
2013-11-10,45501
2013-11-11,41248
2013-11-12,45240
2013-11-13,46372
2013-11-14,49427
2013-11-15,46284
2013-11-16,43482
2013-11-17,43660
2013-11-18,60802
2013-11-19,79310
2013-11-20,67293
2013-11-21,60609
2013-11-22,63553
2013-11-23,59060
2013-11-24,48105
2013-11-25,55460
2013-11-26,65005
2013-11-27,71128
2013-11-28,75125
2013-11-29,70433
2013-11-30,67286
2013-12-01,63587
2013-12-02,70702
2013-12-03,65187
2013-12-04,66741
2013-12-05,67729
2013-12-06,64626
2013-12-07,62448
2013-12-08,49091
2013-12-09,67805
2013-12-10,59868
2013-12-11,60421
2013-12-12,53533
2013-12-13,59374
2013-12-14,51475
2013-12-15,49558
2013-12-16,68393
2013-12-17,59617
2013-12-18,67588
2013-12-19,60097
2013-12-20,53723
2013-12-21,46329
2013-12-22,44639
2013-12-23,66286
2013-12-24,48521
2013-12-25,49004
2013-12-26,51250
2013-12-27,51063
2013-12-28,44342
2013-12-29,45751
2013-12-30,63933
2013-12-31,44889
2014-01-01,39812
2014-01-02,50496
2014-01-03,51939
2014-01-04,48279
2014-01-05,50017
2014-01-06,74385
2014-01-07,54505
2014-01-08,55221
2014-01-09,53379
2014-01-10,49166
2014-01-11,52410
2014-01-12,47036
2014-01-13,70478
2014-01-14,50898
2014-01-15,51364
2014-01-16,51475
2014-01-17,56423
2014-01-18,45047
2014-01-19,45382
2014-01-20,75067
2014-01-21,55690
2014-01-22,57092
2014-01-23,58527
2014-01-24,55845
2014-01-25,52155
2014-01-26,52217
2014-01-27,78380
2014-01-28,59342
2014-01-29,56325
2014-01-30,59281
2014-01-31,58598
2014-02-01,53330
2014-02-02,50636
2014-02-03,74230
2014-02-04,63059
2014-02-05,61684
2014-02-06,63631
2014-02-07,57726
2014-02-08,57044
2014-02-09,52719
2014-02-10,79174
2014-02-11,57283
2014-02-12,59409
2014-02-13,60238
2014-02-14,67366
2014-02-15,57499
2014-02-16,54199
2014-02-17,79759
2014-02-18,59349
2014-02-19,61608
2014-02-20,64347
2014-02-21,61307
2014-02-22,57577
2014-02-23,55811
2014-02-24,84463
2014-02-25,71334
2014-02-26,70321
2014-02-27,70017
2014-02-28,63773
2014-03-01,65017
2014-03-02,60637
2014-03-03,95956
2014-03-04,80245
2014-03-05,67141
2014-03-06,70437
2014-03-07,65851
2014-03-08,70418
2014-03-09,72040
2014-03-10,90155
2014-03-11,73883
2014-03-12,75840
2014-03-13,79666
2014-03-14,70058
2014-03-15,63583
2014-03-16,61363
2014-03-17,89977
2014-03-18,57492
2014-03-19,74107
2014-03-20,69078
2014-03-21,67090
2014-03-22,68413
2014-03-23,60669
2014-03-24,86894
2014-03-25,61670
2014-03-26,62886
2014-03-27,61715
2014-03-28,66212
2014-03-29,58722
2014-03-30,84809
2014-03-31,59373
2014-04-01,62567
2014-04-02,62307
2014-04-03,63569
2014-04-04,59911
2014-04-05,53079
2014-04-06,84054
2014-04-07,56495
2014-04-08,60754
2014-04-09,59900
2014-04-10,64184
2014-04-11,58216
2014-04-12,48087
2014-04-13,82534
2014-04-14,58577
2014-04-15,62496
2014-04-16,64613
2014-04-17,56868
2014-04-18,54409
2014-04-19,50447
2014-04-20,80710
2014-04-21,53165
2014-04-22,67599
2014-04-23,58796
2014-04-24,60856
2014-04-25,65901
2014-04-26,51796
2014-04-27,83427
2014-04-28,60595
2014-04-29,57836
2014-04-30,56401
2014-05-01,56925
2014-05-02,55572
2014-05-03,50492
2014-05-04,82158
2014-05-05,56541
2014-05-06,62496
2014-05-07,59585
2014-05-08,56982
2014-05-09,58261
2014-05-10,52727
2014-05-11,85817
2014-05-12,59155
2014-05-13,58628
2014-05-14,57761
2014-05-15,61724
2014-05-16,59995
2014-05-17,51049
2014-05-18,82466
2014-05-19,60505
2014-05-20,66689
2014-05-21,60955
2014-05-22,62259
2014-05-23,63290
2014-05-24,50411
2014-05-25,84258
2014-05-26,58816
2014-05-27,61898
2014-05-28,58533
2014-05-29,58051
2014-05-30,58053
2014-05-31,55233
2014-06-01,82514
2014-06-02,60836
2014-06-03,61444
2014-06-04,59087
2014-06-05,60156
2014-06-06,57031
2014-06-07,50435
2014-06-08,77339
2014-06-09,54207
2014-06-10,59824
2014-06-11,57979
2014-06-12,58661
2014-06-13,58156
2014-06-14,53046
2014-06-15,82646
2014-06-16,59489
2014-06-17,62524
2014-06-18,57648
2014-06-19,56763
2014-06-20,55996
2014-06-21,54866
2014-06-22,83571
2014-06-23,61503
2014-06-24,60037
2014-06-25,58120
2014-06-26,55694
2014-06-27,58171
2014-06-28,50499
2014-06-29,83518
2014-06-30,63127
2014-07-01,61967
2014-07-02,60083
2014-07-03,55329
2014-07-04,57101
2014-07-05,55112
2014-07-06,88622
2014-07-07,73650
2014-07-08,80035
2014-07-09,61739
2014-07-10,55598
2014-07-11,55703
2014-07-12,63898
2014-07-13,85073
2014-07-14,58086
2014-07-15,59393
2014-07-16,59271
2014-07-17,57907
2014-07-18,57423
2014-07-19,58202
2014-07-20,87922
2014-07-21,60314
2014-07-22,59942
2014-07-23,61368
2014-07-24,65421
2014-07-25,62700
2014-07-26,52430
2014-07-27,86428
2014-07-28,60865
2014-07-29,57145
2014-07-30,60799
2014-07-31,59746
2014-08-01,62350
2014-08-02,51755
2014-08-03,84891
2014-08-04,62574
2014-08-05,66561
2014-08-06,66875
2014-08-07,60652
2014-08-08,58523
2014-08-09,53957
2014-08-10,88534
2014-08-11,65615
2014-08-12,65455
2014-08-13,63809
2014-08-14,63829
2014-08-15,68866
2014-08-16,66273
2014-08-17,95164
2014-08-18,67394
2014-08-19,59657
2014-08-20,60743
2014-08-21,66365
2014-08-22,62303
2014-08-23,50992
2014-08-24,92026
2014-08-25,59452
2014-08-26,60365
2014-08-27,61447
2014-08-28,72152
2014-08-29,58627
2014-08-30,61827
2014-08-31,88363
2014-09-01,75709
2014-09-02,62703
2014-09-03,59982
2014-09-04,59789
2014-09-05,65713
2014-09-06,56718
2014-09-07,112930
2014-09-08,66031
2014-09-09,66175
2014-09-10,61177
2014-09-11,60072
2014-09-12,57889
2014-09-13,58476
2014-09-14,113656
2014-09-15,66224
2014-09-16,78485
2014-09-17,64129
2014-09-18,65841
2014-09-19,60675
2014-09-20,61425
2014-09-21,100886
2014-09-22,68824
2014-09-23,58823
2014-09-24,63838
2014-09-25,62315
2014-09-26,60570
2014-09-27,56789
2014-09-28,107483
2014-09-29,64599
2014-09-30,77643
2014-10-01,73964
2014-10-02,57980
2014-10-03,62790
2014-10-04,55530
2014-10-05,118201
2014-10-06,67484
2014-10-07,68016
2014-10-08,60346
2014-10-09,63299
2014-10-10,71130
2014-10-11,58308
2014-10-12,112684
2014-10-13,72737
2014-10-14,62779
2014-10-15,68374
2014-10-16,59815
2014-10-17,61215
2014-10-18,63924
2014-10-19,108065
2014-10-20,66366
2014-10-21,62546
2014-10-22,63026
2014-10-23,57911
2014-10-24,61130
2014-10-25,86552
2014-10-26,93382
2014-10-27,74378
2014-10-28,67166
2014-10-29,64399
2014-10-30,62392
2014-10-31,65351
2014-11-01,59805
2014-11-02,120905
2014-11-03,63963
2014-11-04,65769
2014-11-05,64673
2014-11-06,68427
2014-11-07,61875
2014-11-08,53267
2014-11-09,112136
2014-11-10,69123
2014-11-11,63401
2014-11-12,69782
2014-11-13,67541
2014-11-14,77958
2014-11-15,59131
2014-11-16,109843
2014-11-17,66026
2014-11-18,67105
2014-11-19,64295
2014-11-20,65465
2014-11-21,65091
2014-11-22,59004
2014-11-23,108350
2014-11-24,69018
2014-11-25,63968
2014-11-26,61623
2014-11-27,67348
2014-11-28,70606
2014-11-29,60671
2014-11-30,114082
2014-12-01,74831
2014-12-02,74149
2014-12-03,71318
2014-12-04,65883
2014-12-05,76977
2014-12-06,65015
2014-12-07,110847
2014-12-08,72576
2014-12-09,71939
2014-12-10,69437
2014-12-11,71000
2014-12-12,76527
2014-12-13,59523
2014-12-14,114425
2014-12-15,77668
2014-12-16,76927
2014-12-17,73775
2014-12-18,78686
2014-12-19,79046
2014-12-20,86885
2014-12-21,94996
2014-12-22,77182
2014-12-23,71224
2014-12-24,60145
2014-12-25,56650
2014-12-26,67144
2014-12-27,76638
2014-12-28,112998
2014-12-29,65991
2014-12-30,71894
2014-12-31,61454
2015-01-01,50391
2015-01-02,77154
2015-01-03,89432
2015-01-04,95827
2015-01-05,77015
2015-01-06,69111
2015-01-07,64370
2015-01-08,72356
2015-01-09,80207
2015-01-10,99328
2015-01-11,96013
2015-01-12,68429
2015-01-13,76712
2015-01-14,81726
2015-01-15,76736
2015-01-16,78677
2015-01-17,98060
2015-01-18,97653
2015-01-19,79584
2015-01-20,71002
2015-01-21,72364
2015-01-22,69870
2015-01-23,77248
2015-01-24,75307
2015-01-25,128008
2015-01-26,89726
2015-01-27,81125
2015-01-28,75591
2015-01-29,80382
2015-01-30,74560
2015-01-31,105221
2015-02-01,104688
2015-02-02,75010
2015-02-03,76867
2015-02-04,75323
2015-02-05,66937
2015-02-06,87496
2015-02-07,66774
2015-02-08,119838
2015-02-09,76106
2015-02-10,74832
2015-02-11,72115
2015-02-12,76385
2015-02-13,98869
2015-02-14,82240
2015-02-15,128059
2015-02-16,86003
2015-02-17,83724
2015-02-18,80440
2015-02-19,68282
2015-02-20,75656
2015-02-21,91711
2015-02-22,107482
2015-02-23,84368
2015-02-24,74604
2015-02-25,72473
2015-02-26,72323
2015-02-27,75831
2015-02-28,99154
2015-03-01,106430
2015-03-02,86909
2015-03-03,79897
2015-03-04,78564
2015-03-05,81337
2015-03-06,75241
2015-03-07,90674
2015-03-08,105385
2015-03-09,89070
2015-03-10,79660
2015-03-11,82921
2015-03-12,76272
2015-03-13,79453
2015-03-14,94986
2015-03-15,107760
2015-03-16,89647
2015-03-17,77328
2015-03-18,77823
2015-03-19,75245
2015-03-20,80485
2015-03-21,92645
2015-03-22,112010
2015-03-23,95825
2015-03-24,73869
2015-03-25,77784
2015-03-26,77039
2015-03-27,79815
2015-03-28,89289
2015-03-29,113155
2015-03-30,83998
2015-03-31,88183
2015-04-01,79616
2015-04-02,80107
2015-04-03,77931
2015-04-04,90102
2015-04-05,105322
2015-04-06,83580
2015-04-07,82717
2015-04-08,80825
2015-04-09,77250
2015-04-10,80950
2015-04-11,95121
2015-04-12,105453
2015-04-13,90195
2015-04-14,84701
2015-04-15,76354
2015-04-16,75307
2015-04-17,80787
2015-04-18,90692
2015-04-19,109907
2015-04-20,85392
2015-04-21,78048
2015-04-22,88311
2015-04-23,84821
2015-04-24,79114
2015-04-25,90651
2015-04-26,106695
2015-04-27,82925
2015-04-28,81483
2015-04-29,82498
2015-04-30,75873
2015-05-01,74658
2015-05-02,93029
2015-05-03,104596
2015-05-04,90874
2015-05-05,85631
2015-05-06,83648
2015-05-07,83536
2015-05-08,97253
2015-05-09,79423
2015-05-10,103676
2015-05-11,85929
2015-05-12,84538
2015-05-13,81286
2015-05-14,78159
2015-05-15,83747
2015-05-16,94103
2015-05-17,101849
2015-05-18,89947
2015-05-19,85955
2015-05-20,83915
2015-05-21,80615
2015-05-22,84758
2015-05-23,81893
2015-05-24,114130
2015-05-25,91334
2015-05-26,93556
2015-05-27,84893
2015-05-28,84658
2015-05-29,109995
2015-05-30,112955
2015-05-31,121949
2015-06-01,107068
2015-06-02,103355
2015-06-03,95812
2015-06-04,94165
2015-06-05,87781
2015-06-06,104081
2015-06-07,107050
2015-06-08,99113
2015-06-09,103314
2015-06-10,125894
2015-06-11,100858
2015-06-12,115385
2015-06-13,105867
2015-06-14,107065
2015-06-15,105196
2015-06-16,89290
2015-06-17,91755
2015-06-18,87220
2015-06-19,106537
2015-06-20,94124
2015-06-21,108130
2015-06-22,93089
2015-06-23,96615
2015-06-24,85042
2015-06-25,82894
2015-06-26,89539
2015-06-27,97569
2015-06-28,108630
2015-06-29,94753
2015-06-30,93159
2015-07-01,109758
2015-07-02,112713
2015-07-03,102435
2015-07-04,100852
2015-07-05,133123
2015-07-06,117606
2015-07-07,112271
2015-07-08,101815
2015-07-09,107557
2015-07-10,102365
2015-07-11,111514
2015-07-12,116843
2015-07-13,102387
2015-07-14,98926
2015-07-15,92739
2015-07-16,91318
2015-07-17,83730
2015-07-18,97310
2015-07-19,118025
2015-07-20,96806
2015-07-21,106667
2015-07-22,102425
2015-07-23,83542
2015-07-24,87713
2015-07-25,86633
2015-07-26,117149
2015-07-27,95648
2015-07-28,99038
2015-07-29,96745
2015-07-30,80518
2015-07-31,88841
2015-08-01,97619
2015-08-02,118479
2015-08-03,102520
2015-08-04,92678
2015-08-05,95915
2015-08-06,94370
2015-08-07,90718
2015-08-08,103165
2015-08-09,109527
2015-08-10,99871
2015-08-11,89372
2015-08-12,97785
2015-08-13,94418
2015-08-14,96942
2015-08-15,105460
2015-08-16,117627
2015-08-17,98937
2015-08-18,104397
2015-08-19,99950
2015-08-20,94653
2015-08-21,92716
2015-08-22,109487
2015-08-23,117650
2015-08-24,110212
2015-08-25,108713
2015-08-26,105987
2015-08-27,103836
2015-08-28,106285
2015-08-29,115504
2015-08-30,121389
2015-08-31,112275
2015-09-01,109731
2015-09-02,91895
2015-09-03,107951
2015-09-04,98834
2015-09-05,122658
2015-09-06,125944
2015-09-07,120772
2015-09-08,128723
2015-09-09,113027
2015-09-10,102608
2015-09-11,129281
2015-09-12,106420
2015-09-13,133571
2015-09-14,101766
2015-09-15,108787
2015-09-16,99408
2015-09-17,113005
2015-09-18,108474
2015-09-19,93234
2015-09-20,152300
2015-09-21,142388
2015-09-22,142288
2015-09-23,99338
2015-09-24,98126
2015-09-25,97564
2015-09-26,110135
2015-09-27,116938
2015-09-28,101298
2015-09-29,107544
2015-09-30,110966
2015-10-01,104527
2015-10-02,102266
2015-10-03,95220
2015-10-04,137530
2015-10-05,112099
2015-10-06,120805
2015-10-07,105366
2015-10-08,103295
2015-10-09,105163
2015-10-10,129242
2015-10-11,123612
2015-10-12,112248
2015-10-13,112223
2015-10-14,101944
2015-10-15,110852
2015-10-16,113650
2015-10-17,130849
2015-10-18,128202
2015-10-19,117079
2015-10-20,129553
2015-10-21,118012
2015-10-22,116145
2015-10-23,117485
2015-10-24,137146
2015-10-25,135915
2015-10-26,111353
2015-10-27,135509
2015-10-28,132926
2015-10-29,133583
2015-10-30,137090
2015-10-31,144782
2015-11-01,153174
2015-11-02,131129
2015-11-03,154030
2015-11-04,164035
2015-11-05,156088
2015-11-06,153552
2015-11-07,127721
2015-11-08,154531
2015-11-09,138570
2015-11-10,131837
2015-11-11,125682
2015-11-12,123835
2015-11-13,122247
2015-11-14,134232
2015-11-15,145605
2015-11-16,124096
2015-11-17,126427
2015-11-18,134619
2015-11-19,123831
2015-11-20,120942
2015-11-21,131979
2015-11-22,138110
2015-11-23,115150
2015-11-24,128954
2015-11-25,118297
2015-11-26,122492
2015-11-27,122489
2015-11-28,143082
2015-11-29,107942
2015-11-30,170361
2015-12-01,134756
2015-12-02,134325
2015-12-03,117439
2015-12-04,140033
2015-12-05,156080
2015-12-06,155895
2015-12-07,134194
2015-12-08,144395
2015-12-09,140773
2015-12-10,132654
2015-12-11,135786
2015-12-12,161591
2015-12-13,160857
2015-12-14,152809
2015-12-15,152169
2015-12-16,144664
2015-12-17,137485
2015-12-18,137007
2015-12-19,161597
2015-12-20,159387
2015-12-21,149964
2015-12-22,153019
2015-12-23,139595
2015-12-24,130561
2015-12-25,110867
2015-12-26,139777
2015-12-27,147590
2015-12-28,130009
2015-12-29,130690
2015-12-30,130433
2015-12-31,116634
2016-01-01,104602
2016-01-02,130325
2016-01-03,146288
2016-01-04,134335
2016-01-05,143636
2016-01-06,119937
2016-01-07,145135
2016-01-08,131005
2016-01-09,152344
2016-01-10,159592
2016-01-11,144893
2016-01-12,155500
2016-01-13,137035
2016-01-14,134748
2016-01-15,141381
2016-01-16,165991
2016-01-17,185982
2016-01-18,151078
2016-01-19,145637
2016-01-20,169804
2016-01-21,163837
2016-01-22,148720
2016-01-23,149778
2016-01-24,160843
2016-01-25,151997
2016-01-26,166254
2016-01-27,159212
2016-01-28,156859
2016-01-29,157019
2016-01-30,150453
2016-01-31,168603
2016-02-01,157595
2016-02-02,189022
2016-02-03,141293
2016-02-04,145121
2016-02-05,151227
2016-02-06,153396
2016-02-07,171994
2016-02-08,147735
2016-02-09,153545
2016-02-10,158500
2016-02-11,153939
2016-02-12,150711
2016-02-13,151050
2016-02-14,169486
2016-02-15,155946
2016-02-16,150590
2016-02-17,163413
2016-02-18,158186
2016-02-19,155369
2016-02-20,157321
2016-02-21,181107
2016-02-22,171045
2016-02-23,168171
2016-02-24,149882
2016-02-25,165489
2016-02-26,151628
2016-02-27,157071
2016-02-28,149438
2016-02-29,178985
2016-03-01,189743
2016-03-02,175110
2016-03-03,188696
2016-03-04,149413
2016-03-05,148810
2016-03-06,137281
2016-03-07,129162
2016-03-08,142654
2016-03-09,126699
2016-03-10,132858
2016-03-11,130664
2016-03-12,122849
2016-03-13,146146
2016-03-14,143551
2016-03-15,142194
2016-03-16,130121
2016-03-17,143404
2016-03-18,131203
2016-03-19,132480
2016-03-20,139530
2016-03-21,137598
2016-03-22,145682
2016-03-23,134581
2016-03-24,130951
2016-03-25,126042
2016-03-26,127772
2016-03-27,131205
2016-03-28,138858
2016-03-29,146440
2016-03-30,136984
2016-03-31,133789
2016-04-01,141689
2016-04-02,134076
2016-04-03,146067
2016-04-04,155173
2016-04-05,149778
2016-04-06,153123
2016-04-07,146298
2016-04-08,144067
2016-04-09,142527
2016-04-10,148444
2016-04-11,153790
2016-04-12,157691
2016-04-13,149513
2016-04-14,143150
2016-04-15,142426
2016-04-16,131527
2016-04-17,152720
2016-04-18,155797
2016-04-19,156430
2016-04-20,149098
2016-04-21,152735
2016-04-22,141647
2016-04-23,143859
2016-04-24,153190
2016-04-25,158202
2016-04-26,167943
2016-04-27,152499
2016-04-28,152915
2016-04-29,157689
2016-04-30,136410
2016-05-01,148740
2016-05-02,156310
2016-05-03,159492
2016-05-04,165073
2016-05-05,151849
2016-05-06,153920
2016-05-07,144809
2016-05-08,147986
2016-05-09,164828
2016-05-10,170585
2016-05-11,161126
2016-05-12,157627
2016-05-13,151841
2016-05-14,152747
2016-05-15,152258
2016-05-16,178870
2016-05-17,163738
2016-05-18,168403
2016-05-19,158576
2016-05-20,153865
2016-05-21,151321
2016-05-22,151059
2016-05-23,168807
2016-05-24,173638
2016-05-25,163422
2016-05-26,154954
2016-05-27,161562
2016-05-28,156843
2016-05-29,151175
2016-05-30,172971
2016-05-31,166745
2016-06-01,176653
2016-06-02,165656
2016-06-03,173147
2016-06-04,163014
2016-06-05,160439
2016-06-06,177517
2016-06-07,178149
2016-06-08,166083
2016-06-09,173650
2016-06-10,161020
2016-06-11,149432
2016-06-12,176435
2016-06-13,189912
2016-06-14,173766
2016-06-15,182682
2016-06-16,197248
2016-06-17,185781
2016-06-18,170580
2016-06-19,165616
2016-06-20,188943
2016-06-21,194964
2016-06-22,167591
2016-06-23,181102
2016-06-24,176153
2016-06-25,165036
2016-06-26,163072
2016-06-27,163843
2016-06-28,172228
2016-06-29,155084
2016-06-30,161478
2016-07-01,151653
2016-07-02,144555
2016-07-03,146825
2016-07-04,161683
2016-07-05,161591
2016-07-06,158134
2016-07-07,152134
2016-07-08,157899
2016-07-09,148159
2016-07-10,140825
2016-07-11,162595
2016-07-12,161337
2016-07-13,154749
2016-07-14,153384
2016-07-15,148041
2016-07-16,139723
2016-07-17,137606
2016-07-18,160130
2016-07-19,153568
2016-07-20,155676
2016-07-21,150080
2016-07-22,150419
2016-07-23,139406
2016-07-24,141331
2016-07-25,161337
2016-07-26,167301
2016-07-27,156933
2016-07-28,159096
2016-07-29,148975
2016-07-30,146381
2016-07-31,140081
2016-08-01,162339
2016-08-02,171983
2016-08-03,167316
2016-08-04,156295
2016-08-05,154669
2016-08-06,140792
2016-08-07,148779
2016-08-08,180195
2016-08-09,167554
2016-08-10,170600
2016-08-11,169064
2016-08-12,160882
2016-08-13,150013
2016-08-14,148214
2016-08-15,149656
2016-08-16,182444
2016-08-17,171987
2016-08-18,165140
2016-08-19,166583
2016-08-20,162565
2016-08-21,152160
2016-08-22,171617
2016-08-23,175272
2016-08-24,170609
2016-08-25,167913
2016-08-26,160360
2016-08-27,148514
2016-08-28,135546
2016-08-29,155338
2016-08-30,180192
2016-08-31,170246
2016-09-01,160456
2016-09-02,162951
2016-09-03,145935
2016-09-04,147332
2016-09-05,169356
2016-09-06,174995
2016-09-07,168758
2016-09-08,167064
2016-09-09,160320
2016-09-10,148912
2016-09-11,151155
2016-09-12,165437
2016-09-13,168326
2016-09-14,164877
2016-09-15,166248
2016-09-16,150805
2016-09-17,166356
2016-09-18,153546
2016-09-19,171151
2016-09-20,180665
2016-09-21,174093
2016-09-22,169006
2016-09-23,165275
2016-09-24,152516
2016-09-25,158112
2016-09-26,175207
2016-09-27,179443
2016-09-28,178715
2016-09-29,185024
2016-09-30,181624
2016-10-01,162584
2016-10-02,156077
2016-10-03,205718
2016-10-04,199588
2016-10-05,199419
2016-10-06,202410
2016-10-07,189936
2016-10-08,179200
2016-10-09,164636
2016-10-10,171944
2016-10-11,205958
2016-10-12,177188
2016-10-13,176493
2016-10-14,185347
2016-10-15,169268
2016-10-16,165587
2016-10-17,183338
2016-10-18,198482
2016-10-19,152639
2016-10-20,212330
2016-10-21,187346
2016-10-22,168239
2016-10-23,166716
2016-10-24,175834
2016-10-25,188449
2016-10-26,180499
2016-10-27,248532
2016-10-28,202589
2016-10-29,192683
2016-10-30,168897
2016-10-31,199689
2016-11-01,201047
2016-11-02,211577
2016-11-03,216725
2016-11-04,200412
2016-11-05,202192
2016-11-06,188188
2016-11-07,225759
2016-11-08,230676
2016-11-09,219713
2016-11-10,218806
2016-11-11,202100
2016-11-12,195741
2016-11-13,192225
2016-11-14,224144
2016-11-15,225113
2016-11-16,226841
2016-11-17,229676
2016-11-18,224286
2016-11-19,210736
2016-11-20,210093
2016-11-21,230684
2016-11-22,223318
2016-11-23,223165
2016-11-24,268225
2016-11-25,249821
2016-11-26,234112
2016-11-27,201794
2016-11-28,247732
2016-11-29,242390
2016-11-30,241284
2016-12-01,190332
2016-12-02,287436
2016-12-03,250042
2016-12-04,210517
2016-12-05,239557
2016-12-06,278865
2016-12-07,260691
2016-12-08,230412
2016-12-09,219919
2016-12-10,214117
2016-12-11,197654
2016-12-12,229909
2016-12-13,236910
2016-12-14,236882
2016-12-15,229415
2016-12-16,232134
2016-12-17,212194
2016-12-18,186017
2016-12-19,232795
2016-12-20,239253
2016-12-21,245644
2016-12-22,239546
2016-12-23,238539
2016-12-24,194177
2016-12-25,167655
2016-12-26,198257
2016-12-27,228418
2016-12-28,232980
2016-12-29,233197
2016-12-30,218764
2016-12-31,199570
2017-01-01,163457
2017-01-02,235109
2017-01-03,232341
2017-01-04,252509
2017-01-05,227828
2017-01-06,260145
2017-01-07,229730
2017-01-08,203853
2017-01-09,216184
2017-01-10,259148
2017-01-11,231080
2017-01-12,225018
2017-01-13,213442
2017-01-14,210680
2017-01-15,196308
2017-01-16,217770
2017-01-17,235670
2017-01-18,232922
2017-01-19,235307
2017-01-20,236822
2017-01-21,219650
2017-01-22,194738
2017-01-23,193607
2017-01-24,231975
2017-01-25,241546
2017-01-26,240731
2017-01-27,201032
2017-01-28,208030
2017-01-29,196052
2017-01-30,197079
2017-01-31,245067
2017-02-01,273299
2017-02-02,193400
2017-02-03,254174
2017-02-04,219632
2017-02-05,234456
2017-02-06,187307
2017-02-07,268240
2017-02-08,238767
2017-02-09,266414
2017-02-10,227104
2017-02-11,212257
2017-02-12,190455
2017-02-13,223965
2017-02-14,236852
2017-02-15,223331
2017-02-16,211618
2017-02-17,253905
2017-02-18,226738
2017-02-19,199382
2017-02-20,220199
2017-02-21,217266
2017-02-22,223282
2017-02-23,246843
2017-02-24,272053
2017-02-25,262257
2017-02-26,205861
2017-02-27,227419
2017-02-28,247403
2017-03-01,243424
2017-03-02,258639
2017-03-03,265256
2017-03-04,214920
2017-03-05,245760
2017-03-06,231824
2017-03-07,253416
2017-03-08,235840
2017-03-09,249057
2017-03-10,248469
2017-03-11,233223
2017-03-12,187838
2017-03-13,221747
2017-03-14,245282
2017-03-15,229147
2017-03-16,239373
2017-03-17,215652
2017-03-18,212967
2017-03-19,218675
2017-03-20,212859
2017-03-21,222710
2017-03-22,235072
2017-03-23,219679
2017-03-24,217490
2017-03-25,202817
2017-03-26,196112
2017-03-27,190487
2017-03-28,239886
2017-03-29,235863
2017-03-30,219112
2017-03-31,202313
2017-04-01,210038
2017-04-02,211774
2017-04-03,241012
2017-04-04,211354
2017-04-05,249612
2017-04-06,228158
2017-04-07,219278
2017-04-08,192295
2017-04-09,203046
2017-04-10,228852
2017-04-11,233693
2017-04-12,219573
2017-04-13,176355
2017-04-14,237064
2017-04-15,216286
2017-04-16,174362
2017-04-17,195414
2017-04-18,233273
2017-04-19,240820
2017-04-20,205573
2017-04-21,253322
2017-04-22,219330
2017-04-23,203766
2017-04-24,187949
2017-04-25,248659
2017-04-26,262685
2017-04-27,229357
2017-04-28,250099
2017-04-29,268626
2017-04-30,222424
2017-05-01,228125
2017-05-02,250070
2017-05-03,231742
2017-05-04,281244
2017-05-05,202548
2017-05-06,301564
2017-05-07,246067
2017-05-08,289105
2017-05-09,259545
2017-05-10,229376
2017-05-11,241618
2017-05-12,241743
2017-05-13,258465
2017-05-14,320140
2017-05-15,260432
2017-05-16,179957
2017-05-17,226488
2017-05-18,229444
2017-05-19,252110
2017-05-20,294687
2017-05-21,283725
2017-05-22,273432
2017-05-23,298038
2017-05-24,288986
2017-05-25,288710
2017-05-26,289714
2017-05-27,296143
2017-05-28,274671
2017-05-29,257141
2017-05-30,263953
2017-05-31,263606
2017-06-01,257116
2017-06-02,219348
2017-06-03,252459
2017-06-04,233385
2017-06-05,231311
2017-06-06,256394
2017-06-07,284151
2017-06-08,271240
2017-06-09,234243
2017-06-10,218424
2017-06-11,201067
2017-06-12,217225
2017-06-13,240589
2017-06-14,229315
2017-06-15,241473
2017-06-16,224022
2017-06-17,199152
2017-06-18,181703
2017-06-19,208929
2017-06-20,232737
2017-06-21,247990
2017-06-22,211857
2017-06-23,205821
2017-06-24,185587
2017-06-25,146665
2017-06-26,205405
2017-06-27,222503
2017-06-28,221662
2017-06-29,181681
2017-06-30,218734
2017-07-01,174268
2017-07-02,160928
2017-07-03,194909
2017-07-04,222308
2017-07-05,200058
2017-07-06,186944
2017-07-07,232876
2017-07-08,187401
2017-07-09,168214
2017-07-10,257361
2017-07-11,229525
2017-07-12,213846
2017-07-13,203364
2017-07-14,193492
2017-07-15,187812
2017-07-16,168367
2017-07-17,193867
2017-07-18,226838
2017-07-19,216847
2017-07-20,191499
2017-07-21,232798
2017-07-22,178668
2017-07-23,148152
2017-07-24,195164
2017-07-25,211135
2017-07-26,197187
2017-07-27,196892
2017-07-28,210782
2017-07-29,191581
2017-07-30,170108
2017-07-31,239990
2017-08-01,157733
2017-08-02,195407
2017-08-03,203690
2017-08-04,215758
2017-08-05,212536
2017-08-06,184753
2017-08-07,220275
2017-08-08,251217
2017-08-09,234009
2017-08-10,230889
2017-08-11,232699
2017-08-12,231727
2017-08-13,222909
2017-08-14,221958
2017-08-15,274567
2017-08-16,230375
2017-08-17,265352
2017-08-18,235825
2017-08-19,229420
2017-08-20,196322
2017-08-21,208960
2017-08-22,180547
2017-08-23,270638
2017-08-24,173178
2017-08-25,196990
2017-08-26,201592
2017-08-27,230885
2017-08-28,213963
2017-08-29,248731
2017-08-30,240671
2017-08-31,244399
2017-09-01,249166
2017-09-02,227129
2017-09-03,184968
2017-09-04,223698
2017-09-05,247821
2017-09-06,245668
2017-09-07,224637
2017-09-08,257426
2017-09-09,195249
2017-09-10,177731
2017-09-11,232128
2017-09-12,230103
2017-09-13,231036
2017-09-14,230642
2017-09-15,260535
2017-09-16,208209
2017-09-17,183263
2017-09-18,202290
2017-09-19,259929
2017-09-20,211770
2017-09-21,224612
2017-09-22,215815
2017-09-23,188573
2017-09-24,167464
2017-09-25,214029
2017-09-26,236481
2017-09-27,228339
2017-09-28,234902
2017-09-29,236914
2017-09-30,195247
2017-10-01,183042
2017-10-02,262408
2017-10-03,253155
2017-10-04,206830
2017-10-05,242178
2017-10-06,258619
2017-10-07,224422
2017-10-08,214840
2017-10-09,250548
2017-10-10,264450
2017-10-11,258663
2017-10-12,247787
2017-10-13,277749
2017-10-14,265551
2017-10-15,262254
2017-10-16,277695
2017-10-17,289048
2017-10-18,289452
2017-10-19,299979
2017-10-20,262991
2017-10-21,260641
2017-10-22,238445
2017-10-23,278774
2017-10-24,309886
2017-10-25,280005
2017-10-26,235636
2017-10-27,219453
2017-10-28,185539
2017-10-29,299624
2017-10-30,287342
2017-10-31,254521
2017-11-01,327283
2017-11-02,322773
2017-11-03,298761
2017-11-04,276958
2017-11-05,252181
2017-11-06,282180
2017-11-07,331447
2017-11-08,285353
2017-11-09,313658
2017-11-10,262240
2017-11-11,197405
2017-11-12,206372
2017-11-13,297783
2017-11-14,261473
2017-11-15,305050
2017-11-16,292027
2017-11-17,300756
2017-11-18,265063
2017-11-19,256117
2017-11-20,301185
2017-11-21,308572
2017-11-22,267973
2017-11-23,306128
2017-11-24,277783
2017-11-25,287635
2017-11-26,295805
2017-11-27,346720
2017-11-28,353335
2017-11-29,382515
2017-11-30,379534
2017-12-01,374155
2017-12-02,299315
2017-12-03,325979
2017-12-04,360476
2017-12-05,354379
2017-12-06,373281
2017-12-07,359730
2017-12-08,394643
2017-12-09,411079
2017-12-10,354392
2017-12-11,381793
2017-12-12,356741
2017-12-13,382518
2017-12-14,366782
2017-12-15,358134
2017-12-16,320176
2017-12-17,345586
2017-12-18,339301
2017-12-19,318454
2017-12-20,311440
2017-12-21,282192
2017-12-22,304301
2017-12-23,265418
2017-12-24,263166
2017-12-25,213535
2017-12-26,227406
2017-12-27,254721
2017-12-28,255292
2017-12-29,256533
2017-12-30,236228
2017-12-31,244390
2018-01-01,210594
2018-01-02,251765
2018-01-03,260011
2018-01-04,268808
2018-01-05,244002
2018-01-06,296357
2018-01-07,273739
2018-01-08,280330
2018-01-09,275360
2018-01-10,266800
2018-01-11,264079
2018-01-12,250833
2018-01-13,213772
2018-01-14,209533
2018-01-15,227105
2018-01-16,244238
2018-01-17,248408
2018-01-18,234760
2018-01-19,201204
2018-01-20,219571
2018-01-21,205665
2018-01-22,212357
2018-01-23,212566
2018-01-24,216143
2018-01-25,203153
2018-01-26,184117
2018-01-27,269955
2018-01-28,193261
2018-01-29,213527
2018-01-30,203075
2018-01-31,180238
2018-02-01,237651
2018-02-02,199708
2018-02-03,172730
2018-02-04,161397
2018-02-05,199252
2018-02-06,238060
2018-02-07,191832
2018-02-08,173031
2018-02-09,184200
2018-02-10,167102
2018-02-11,143981
2018-02-12,180634
2018-02-13,170381
2018-02-14,184733
2018-02-15,200314
2018-02-16,176283
2018-02-17,168961
2018-02-18,159114
2018-02-19,190402
2018-02-20,196973
2018-02-21,192449
2018-02-22,208582
2018-02-23,171542
2018-02-24,145569
2018-02-25,142095
2018-02-26,178157
2018-02-27,198127
2018-02-28,201325
2018-03-01,211974
2018-03-02,216059
2018-03-03,173540
2018-03-04,164249
2018-03-05,201952
2018-03-06,202360
2018-03-07,212038
2018-03-08,191001
2018-03-09,206363
2018-03-10,157013
2018-03-11,158818
2018-03-12,193890
2018-03-13,190293
2018-03-14,184904
2018-03-15,195184
2018-03-16,191503
2018-03-17,153913
2018-03-18,157851
2018-03-19,182899
2018-03-20,188339
2018-03-21,185544
2018-03-22,180856
2018-03-23,178296
2018-03-24,146128
2018-03-25,132301
2018-03-26,172504
2018-03-27,171701
2018-03-28,169030
2018-03-29,173167
2018-03-30,179671
2018-03-31,134690
2018-04-01,130225
2018-04-02,158378
2018-04-03,181562
2018-04-04,182015
2018-04-05,169900
2018-04-06,201188
2018-04-07,146897
2018-04-08,133133
2018-04-09,166381
2018-04-10,174063
2018-04-11,171678
2018-04-12,190306
2018-04-13,210002
2018-04-14,157027
2018-04-15,168959
2018-04-16,184826
2018-04-17,191982
2018-04-18,184159
2018-04-19,199718
2018-04-20,203105
2018-04-21,181875
2018-04-22,164233
2018-04-23,203757
2018-04-24,229373
2018-04-25,198263
2018-04-26,202284
2018-04-27,210632
2018-04-28,187207
2018-04-29,165534
2018-04-30,192388
2018-05-01,198043
2018-05-02,198674
2018-05-03,210494
2018-05-04,216593
2018-05-05,190181
2018-05-06,166950
2018-05-07,192412
2018-05-08,202913
2018-05-09,187401
2018-05-10,188278
2018-05-11,199091
2018-05-12,171649
2018-05-13,147675
2018-05-14,190788
2018-05-15,195451
2018-05-16,182749
2018-05-17,173800
2018-05-18,203831
2018-05-19,156935
2018-05-20,152833
2018-05-21,187235
2018-05-22,187161
2018-05-23,191578
2018-05-24,184167
2018-05-25,188716
2018-05-26,147849
2018-05-27,140617
2018-05-28,175651
2018-05-29,189602
2018-05-30,186218
2018-05-31,187666
2018-06-01,225368
2018-06-02,161202
2018-06-03,152663
2018-06-04,189228
2018-06-05,197682
2018-06-06,193528
2018-06-07,185428
2018-06-08,201409
2018-06-09,155317
2018-06-10,159190
2018-06-11,184551
2018-06-12,190745
2018-06-13,192308
2018-06-14,179434
2018-06-15,197708
2018-06-16,141435
2018-06-17,137465
2018-06-18,180456
2018-06-19,178192
2018-06-20,182244
2018-06-21,177269
2018-06-22,189412
2018-06-23,148907
2018-06-24,143204
2018-06-25,179097
2018-06-26,175717
2018-06-27,175704
2018-06-28,168574
2018-06-29,185809
2018-06-30,150830
2018-07-01,139354
2018-07-02,173154
2018-07-03,193099
2018-07-04,185302
2018-07-05,175010
2018-07-06,213180
2018-07-07,150467
2018-07-08,151017
2018-07-09,188036
2018-07-10,194708
2018-07-11,180354
2018-07-12,177961
2018-07-13,197240
2018-07-14,152519
2018-07-15,142817
2018-07-16,184320
2018-07-17,206277
2018-07-18,205864
2018-07-19,198198
2018-07-20,204328
2018-07-21,165250
2018-07-22,153740
2018-07-23,204765
2018-07-24,236745
2018-07-25,228072
2018-07-26,211882
2018-07-27,218316
2018-07-28,175971
2018-07-29,168706
2018-07-30,207761
2018-07-31,212233
2018-08-01,206494
2018-08-02,196347
2018-08-03,222532
2018-08-04,165460
2018-08-05,153999
2018-08-06,192852
2018-08-07,201113
2018-08-08,202442
2018-08-09,195492
2018-08-10,203016
2018-08-11,157986
2018-08-12,150980
2018-08-13,195338
2018-08-14,212395
2018-08-15,236250
2018-08-16,197307
2018-08-17,202081
2018-08-18,164061
2018-08-19,180834
2018-08-20,188110
2018-08-21,189527
2018-08-22,197233
2018-08-23,183032
2018-08-24,195528
2018-08-25,168935
2018-08-26,152150
2018-08-27,192823
2018-08-28,205421
2018-08-29,211741
2018-08-30,192253
2018-08-31,209387
2018-09-01,175654
2018-09-02,162721
2018-09-03,198965
2018-09-04,207301
2018-09-05,209606
2018-09-06,203293
2018-09-07,218501
2018-09-08,169939
2018-09-09,161356
2018-09-10,192965
2018-09-11,203039
2018-09-12,194415
2018-09-13,196859
2018-09-14,194067
2018-09-15,176698
2018-09-16,153742
2018-09-17,206017
2018-09-18,199854
2018-09-19,195883
2018-09-20,195828
2018-09-21,222655
2018-09-22,180861
2018-09-23,168857
2018-09-24,203456
2018-09-25,211591
2018-09-26,207309
2018-09-27,206656
2018-09-28,214229
2018-09-29,171853
2018-09-30,172200
2018-10-01,206505
2018-10-02,213400
2018-10-03,287280
2018-10-04,224916
2018-10-05,220945
2018-10-06,188659
2018-10-07,203551
2018-10-08,212009
2018-10-09,204648
2018-10-10,210250
2018-10-11,211637
2018-10-12,210600
2018-10-13,171688
2018-10-14,166867
2018-10-15,214644
2018-10-16,214328
2018-10-17,215317
2018-10-18,206487
2018-10-19,216365
2018-10-20,179935
2018-10-21,171570
2018-10-22,213831
2018-10-23,218734
2018-10-24,216464
2018-10-25,207547
2018-10-26,216803
2018-10-27,175857
2018-10-28,170324
2018-10-29,219266
2018-10-30,218725
2018-10-31,217164
2018-11-01,212348
2018-11-02,233421
2018-11-03,184668
2018-11-04,176223
2018-11-05,231450
2018-11-06,227312
2018-11-07,235789
2018-11-08,223285
2018-11-09,231353
2018-11-10,194671
2018-11-11,182442
2018-11-12,227818
2018-11-13,225979
2018-11-14,235874
2018-11-15,232061
2018-11-16,238335
2018-11-17,187652
2018-11-18,178679
2018-11-19,206958
2018-11-20,232559
2018-11-21,208555
2018-11-22,211044
2018-11-23,209336
2018-11-24,175837
2018-11-25,180306
2018-11-26,207439
2018-11-27,204281
2018-11-28,201387
2018-11-29,204170
2018-11-30,192628
2018-12-01,176909
2018-12-02,154640
2018-12-03,184643
2018-12-04,205448
2018-12-05,183609
2018-12-06,196674
2018-12-07,205205
2018-12-08,160673
2018-12-09,156821
2018-12-10,193275
2018-12-11,188353
2018-12-12,193989
2018-12-13,190211
2018-12-14,196889
2018-12-15,166490
2018-12-16,157169
2018-12-17,202053
2018-12-18,203824
2018-12-19,213415
2018-12-20,205589
2018-12-21,205548
2018-12-22,159979
2018-12-23,156244
2018-12-24,183197
2018-12-25,151935
2018-12-26,165758
2018-12-27,181335
2018-12-28,194924
2018-12-29,171245
2018-12-30,157391
2018-12-31,158046
2019-01-01,130536
2019-01-02,174786
2019-01-03,189635
2019-01-04,190227
2019-01-05,164071
2019-01-06,167432
2019-01-07,198517
2019-01-08,199090
2019-01-09,197835
2019-01-10,207249
2019-01-11,202178
2019-01-12,166410
2019-01-13,164029
2019-01-14,200986
2019-01-15,206899
2019-01-16,209340
2019-01-17,201908
2019-01-18,203021
2019-01-19,170019
2019-01-20,161553
2019-01-21,196337
2019-01-22,198709
2019-01-23,209271
2019-01-24,207509
2019-01-25,204175
2019-01-26,171441
2019-01-27,162831
2019-01-28,207179
2019-01-29,207090
2019-01-30,200710
2019-01-31,211235
2019-02-01,211222
2019-02-02,171842
2019-02-03,168309
2019-02-04,204671
2019-02-05,218336
2019-02-06,219494
2019-02-07,213980
2019-02-08,224100
2019-02-09,191067
2019-02-10,178161
2019-02-11,215076
2019-02-12,220022
2019-02-13,247361
2019-02-14,207426
2019-02-15,199831
2019-02-16,195798
2019-02-17,171456
2019-02-18,222633
2019-02-19,232872
2019-02-20,231695
2019-02-21,216480
2019-02-22,237543
2019-02-23,188544
2019-02-24,193904
2019-02-25,219087
2019-02-26,231186
2019-02-27,226316
2019-02-28,221581
2019-03-01,231004
2019-03-02,196493
2019-03-03,185851
2019-03-04,222782
2019-03-05,229961
2019-03-06,225073
2019-03-07,221798
2019-03-08,230719
2019-03-09,188876
2019-03-10,171469
2019-03-11,239367
2019-03-12,225752
2019-03-13,224506
2019-03-14,231096
2019-03-15,233179
2019-03-16,200370
2019-03-17,184902
2019-03-18,232085
2019-03-19,236401
2019-03-20,231511
2019-03-21,228501
2019-03-22,229111
2019-03-23,190647
2019-03-24,182819
2019-03-25,232336
2019-03-26,225591
2019-03-27,250342
2019-03-28,241522
2019-03-29,227640
2019-03-30,215465
2019-03-31,195763
2019-04-01,225075
2019-04-02,282365
2019-04-03,264163
2019-04-04,256860
2019-04-05,275885
2019-04-06,207378
2019-04-07,197038
2019-04-08,249992
2019-04-09,241067
2019-04-10,244871
2019-04-11,237666
2019-04-12,234240
2019-04-13,195485
2019-04-14,186613
2019-04-15,248854
2019-04-16,234794
2019-04-17,233434
2019-04-18,234970
2019-04-19,220343
2019-04-20,182612
2019-04-21,181859
2019-04-22,206666
2019-04-23,228000
2019-04-24,270786
2019-04-25,238547
2019-04-26,241635
2019-04-27,199164
2019-04-28,187757
2019-04-29,233503
2019-04-30,245066
2019-05-01,241776
2019-05-02,240496
2019-05-03,255593
2019-05-04,215711
2019-05-05,200707
2019-05-06,240534
2019-05-07,240804
2019-05-08,264222
2019-05-09,254862
2019-05-10,253341
2019-05-11,254039
2019-05-12,244844
2019-05-13,280885
2019-05-14,294831
2019-05-15,272860
2019-05-16,280087
2019-05-17,276523
2019-05-18,252149
2019-05-19,219827
2019-05-20,248860
2019-05-21,263448
2019-05-22,259472
2019-05-23,257441
2019-05-24,250849
2019-05-25,217947
2019-05-26,199698
2019-05-27,261706
2019-05-28,275396
2019-05-29,264351
2019-05-30,244543
2019-05-31,226045
2019-06-01,238493
2019-06-02,200210
2019-06-03,217218
2019-06-04,269174
2019-06-05,244957
2019-06-06,234677
2019-06-07,240975
2019-06-08,191501
2019-06-09,179203
2019-06-10,239932
2019-06-11,239078
2019-06-12,238035
2019-06-13,257098
2019-06-14,263900
2019-06-15,246142
2019-06-16,217238
2019-06-17,252522
2019-06-18,290483
2019-06-19,265663
2019-06-20,245793
2019-06-21,256942
2019-06-22,272179
2019-06-23,257781
2019-06-24,270925
2019-06-25,273288
2019-06-26,327590
2019-06-27,274940
2019-06-28,309322
2019-06-29,245063
2019-06-30,206003
2019-07-01,248403
2019-07-02,280264
2019-07-03,268528
2019-07-04,249680
2019-07-05,244697
2019-07-06,206862
2019-07-07,189441
2019-07-08,266471
2019-07-09,271830
2019-07-10,258289
2019-07-11,248092
2019-07-12,268102
2019-07-13,201436
2019-07-14,185819
2019-07-15,244957
2019-07-16,241970
2019-07-17,225484
2019-07-18,223003
2019-07-19,234061
2019-07-20,209874
2019-07-21,169317
2019-07-22,221775
2019-07-23,233930
2019-07-24,207549
2019-07-25,235473
2019-07-26,220816
2019-07-27,181412
2019-07-28,158137
2019-07-29,218144
2019-07-30,228830
2019-07-31,236911
2019-08-01,232164
2019-08-02,239463
2019-08-03,194154
2019-08-04,176822
2019-08-05,258200
2019-08-06,266187
2019-08-07,229086
2019-08-08,248379
2019-08-09,233619
2019-08-10,187209
2019-08-11,169797
2019-08-12,196062
2019-08-13,247848
2019-08-14,234186
2019-08-15,221140
2019-08-16,221686
2019-08-17,183586
2019-08-18,176481
2019-08-19,224831
2019-08-20,234108
2019-08-21,240285
2019-08-22,245754
2019-08-23,228921
2019-08-24,188284
2019-08-25,165616
2019-08-26,239567
2019-08-27,230667
2019-08-28,227985
2019-08-29,231082
2019-08-30,218533
2019-08-31,185130
2019-09-01,173080
2019-09-02,232306
2019-09-03,263103
2019-09-04,239773
2019-09-05,232555
2019-09-06,248364
2019-09-07,190766
2019-09-08,177263
2019-09-09,230987
2019-09-10,240185
2019-09-11,232303
2019-09-12,237225
2019-09-13,222851
2019-09-14,192858
2019-09-15,172939
2019-09-16,241348
2019-09-17,240685
2019-09-18,240379
2019-09-19,231648
2019-09-20,228541
2019-09-21,192213
2019-09-22,181924
2019-09-23,231920
2019-09-24,251753
2019-09-25,239043
2019-09-26,227443
2019-09-27,212896
2019-09-28,186245
2019-09-29,173000
2019-09-30,223354
2019-10-01,240914
2019-10-02,227249
2019-10-03,219465
2019-10-04,219558
2019-10-05,188772
2019-10-06,173588
2019-10-07,229601
2019-10-08,227647
2019-10-09,228816
2019-10-10,230418
2019-10-11,224135
2019-10-12,181312
2019-10-13,172257
2019-10-14,221756
2019-10-15,230930
2019-10-16,229792
2019-10-17,222012
2019-10-18,212408
2019-10-19,185344
2019-10-20,177752
2019-10-21,234105
2019-10-22,232175
2019-10-23,227992
2019-10-24,219213
2019-10-25,240182
2019-10-26,233062
2019-10-27,188620
2019-10-28,243063
2019-10-29,234735
2019-10-30,235285
2019-10-31,220068
2019-11-01,236949
2019-11-02,194137
2019-11-03,193207
2019-11-04,246583
2019-11-05,250239
2019-11-06,250069
2019-11-07,245494
2019-11-08,233070
2019-11-09,214820
2019-11-10,184465
2019-11-11,226290
2019-11-12,222895
