t,blockchain_block_height
2010-01-01,32622
2010-01-02,32747
2010-01-03,32933
2010-01-04,33114
2010-01-05,33312
2010-01-06,33475
2010-01-07,33629
2010-01-08,33782
2010-01-09,33933
2010-01-10,34123
2010-01-11,34282
2010-01-12,34441
2010-01-13,34605
2010-01-14,34748
2010-01-15,34889
2010-01-16,35014
2010-01-17,35145
2010-01-18,35270
2010-01-19,35394
2010-01-20,35552
2010-01-21,35727
2010-01-22,35860
2010-01-23,36020
2010-01-24,36174
2010-01-25,36385
2010-01-26,36580
2010-01-27,36744
2010-01-28,36921
2010-01-29,37118
2010-01-30,37328
2010-01-31,37493
2010-02-01,37677
2010-02-02,37822
2010-02-03,38092
2010-02-04,38321
2010-02-05,38544
2010-02-06,38736
2010-02-07,38953
2010-02-08,39153
2010-02-09,39360
2010-02-10,39528
2010-02-11,39697
2010-02-12,39880
2010-02-13,40112
2010-02-14,40320
2010-02-15,40496
2010-02-16,40691
2010-02-17,40930
2010-02-18,41138
2010-02-19,41330
2010-02-20,41538
2010-02-21,41761
2010-02-22,42021
2010-02-23,42271
2010-02-24,42442
2010-02-25,42596
2010-02-26,42768
2010-02-27,42940
2010-02-28,43096
2010-03-01,43291
2010-03-02,43479
2010-03-03,43631
2010-03-04,43816
2010-03-05,43987
2010-03-06,44164
2010-03-07,44343
2010-03-08,44468
2010-03-09,44614
2010-03-10,44776
2010-03-11,44909
2010-03-12,45030
2010-03-13,45183
2010-03-14,45308
2010-03-15,45443
2010-03-16,45569
2010-03-17,45705
2010-03-18,45845
2010-03-19,45998
2010-03-20,46190
2010-03-21,46373
2010-03-22,46552
2010-03-23,46759
2010-03-24,46930
2010-03-25,47117
2010-03-26,47314
2010-03-27,47492
2010-03-28,47678
2010-03-29,47873
2010-03-30,48088
2010-03-31,48297
2010-04-01,48465
2010-04-02,48621
2010-04-03,48782
2010-04-04,48953
2010-04-05,49106
2010-04-06,49265
2010-04-07,49458
2010-04-08,49641
2010-04-09,49830
2010-04-10,50090
2010-04-11,50313
2010-04-12,50516
2010-04-13,50705
2010-04-14,50885
2010-04-15,51101
2010-04-16,51303
2010-04-17,51524
2010-04-18,51769
2010-04-19,52001
2010-04-20,52206
2010-04-21,52425
2010-04-22,52584
2010-04-23,52734
2010-04-24,52902
2010-04-25,53060
2010-04-26,53224
2010-04-27,53404
2010-04-28,53584
2010-04-29,53731
2010-04-30,53875
2010-05-01,54058
2010-05-02,54213
2010-05-03,54372
2010-05-04,54508
2010-05-05,54645
2010-05-06,54794
2010-05-07,54926
2010-05-08,55080
2010-05-09,55223
2010-05-10,55351
2010-05-11,55462
2010-05-12,55589
2010-05-13,55717
2010-05-14,55840
2010-05-15,55931
2010-05-16,56044
2010-05-17,56187
2010-05-18,56355
2010-05-19,56519
2010-05-20,56722
2010-05-21,56898
2010-05-22,57093
2010-05-23,57304
2010-05-24,57492
2010-05-25,57702
2010-05-26,57925
2010-05-27,58117
2010-05-28,58340
2010-05-29,58524
2010-05-30,58673
2010-05-31,58815
2010-06-01,58950
2010-06-02,59097
2010-06-03,59249
2010-06-04,59374
2010-06-05,59519
2010-06-06,59667
2010-06-07,59824
2010-06-08,59984
2010-06-09,60152
2010-06-10,60312
2010-06-11,60480
2010-06-12,60615
2010-06-13,60788
2010-06-14,60948
2010-06-15,61132
2010-06-16,61274
2010-06-17,61420
2010-06-18,61570
2010-06-19,61720
2010-06-20,61905
2010-06-21,62059
2010-06-22,62215
2010-06-23,62402
2010-06-24,62571
2010-06-25,62721
2010-06-26,62880
2010-06-27,63058
2010-06-28,63210
2010-06-29,63379
2010-06-30,63561
2010-07-01,63773
2010-07-02,63939
2010-07-03,64151
2010-07-04,64317
2010-07-05,64499
2010-07-06,64665
2010-07-07,64821
2010-07-08,64972
2010-07-09,65171
2010-07-10,65369
2010-07-11,65548
2010-07-12,66207
2010-07-13,66899
2010-07-14,67477
2010-07-15,68103
2010-07-16,68606
2010-07-17,68779
2010-07-18,68951
2010-07-19,69125
2010-07-20,69306
2010-07-21,69513
2010-07-22,69689
2010-07-23,69883
2010-07-24,70072
2010-07-25,70303
2010-07-26,70546
2010-07-27,70712
2010-07-28,70871
2010-07-29,71051
2010-07-30,71233
2010-07-31,71436
2010-08-01,71675
2010-08-02,71917
2010-08-03,72144
2010-08-04,72387
2010-08-05,72605
2010-08-06,72752
2010-08-07,72907
2010-08-08,73106
2010-08-09,73296
2010-08-10,73487
2010-08-11,73720
2010-08-12,73937
2010-08-13,74152
2010-08-14,74433
2010-08-15,74640
2010-08-16,74787
2010-08-17,74916
2010-08-18,75049
2010-08-19,75184
2010-08-20,75377
2010-08-21,75550
2010-08-22,75762
2010-08-23,75975
2010-08-24,76190
2010-08-25,76406
2010-08-26,76616
2010-08-27,76787
2010-08-28,76957
2010-08-29,77119
2010-08-30,77268
2010-08-31,77452
2010-09-01,77609
2010-09-02,77765
2010-09-03,77929
2010-09-04,78110
2010-09-05,78275
2010-09-06,78433
2010-09-07,78593
2010-09-08,78758
2010-09-09,78893
2010-09-10,79070
2010-09-11,79230
2010-09-12,79407
2010-09-13,79578
2010-09-14,79781
2010-09-15,79950
2010-09-16,80169
2010-09-17,80377
2010-09-18,80614
2010-09-19,80823
2010-09-20,81026
2010-09-21,81198
2010-09-22,81372
2010-09-23,81606
2010-09-24,81834
2010-09-25,82041
2010-09-26,82246
2010-09-27,82475
2010-09-28,82687
2010-09-29,82851
2010-09-30,82997
2010-10-01,83151
2010-10-02,83251
2010-10-03,83373
2010-10-04,83526
2010-10-05,83652
2010-10-06,83823
2010-10-07,83983
2010-10-08,84137
2010-10-09,84295
2010-10-10,84473
2010-10-11,84632
2010-10-12,84787
2010-10-13,84963
2010-10-14,85168
2010-10-15,85345
2010-10-16,85603
2010-10-17,85873
2010-10-18,86122
2010-10-19,86378
2010-10-20,86642
2010-10-21,86828
2010-10-22,86982
2010-10-23,87157
2010-10-24,87362
2010-10-25,87565
2010-10-26,87806
2010-10-27,88019
2010-10-28,88238
2010-10-29,88461
2010-10-30,88713
2010-10-31,88892
2010-11-01,89069
2010-11-02,89245
2010-11-03,89435
2010-11-04,89636
2010-11-05,89855
2010-11-06,90073
2010-11-07,90314
2010-11-08,90589
2010-11-09,90806
2010-11-10,91009
2010-11-11,91228
2010-11-12,91397
2010-11-13,91620
2010-11-14,91876
2010-11-15,92076
2010-11-16,92273
2010-11-17,92520
2010-11-18,92777
2010-11-19,92927
2010-11-20,93043
2010-11-21,93183
2010-11-22,93346
2010-11-23,93486
2010-11-24,93663
2010-11-25,93844
2010-11-26,94038
2010-11-27,94218
2010-11-28,94390
2010-11-29,94599
2010-11-30,94801
2010-12-01,94989
2010-12-02,95177
2010-12-03,95366
2010-12-04,95595
2010-12-05,95834
2010-12-06,96075
2010-12-07,96314
2010-12-08,96552
2010-12-09,96775
2010-12-10,96922
2010-12-11,97097
2010-12-12,97268
2010-12-13,97409
2010-12-14,97581
2010-12-15,97776
2010-12-16,97949
2010-12-17,98115
2010-12-18,98276
2010-12-19,98460
2010-12-20,98619
2010-12-21,98815
2010-12-22,98972
2010-12-23,99117
2010-12-24,99265
2010-12-25,99433
2010-12-26,99578
2010-12-27,99744
2010-12-28,99913
2010-12-29,100078
2010-12-30,100247
2010-12-31,100409
2011-01-01,100590
2011-01-02,100765
2011-01-03,100921
2011-01-04,101062
2011-01-05,101216
2011-01-06,101357
2011-01-07,101521
2011-01-08,101691
2011-01-09,101854
2011-01-10,102016
2011-01-11,102188
2011-01-12,102355
2011-01-13,102543
2011-01-14,102724
2011-01-15,102881
2011-01-16,103055
2011-01-17,103236
2011-01-18,103377
2011-01-19,103546
2011-01-20,103732
2011-01-21,103906
2011-01-22,104071
2011-01-23,104241
2011-01-24,104429
2011-01-25,104585
2011-01-26,104765
2011-01-27,104925
2011-01-28,105083
2011-01-29,105244
2011-01-30,105400
2011-01-31,105570
2011-02-01,105734
2011-02-02,105892
2011-02-03,106052
2011-02-04,106246
2011-02-05,106425
2011-02-06,106602
2011-02-07,106805
2011-02-08,106973
2011-02-09,107165
2011-02-10,107351
2011-02-11,107537
2011-02-12,107733
2011-02-13,107931
2011-02-14,108127
2011-02-15,108352
2011-02-16,108584
2011-02-17,108815
2011-02-18,109027
2011-02-19,109188
2011-02-20,109386
2011-02-21,109580
2011-02-22,109791
2011-02-23,110034
2011-02-24,110241
2011-02-25,110466
2011-02-26,110742
2011-02-27,110986
2011-02-28,111136
2011-03-01,111266
2011-03-02,111434
2011-03-03,111620
2011-03-04,111841
2011-03-05,112118
2011-03-06,112392
2011-03-07,112603
2011-03-08,112790
2011-03-09,112950
2011-03-10,113060
2011-03-11,113190
2011-03-12,113330
2011-03-13,113447
2011-03-14,113559
2011-03-15,113671
2011-03-16,113807
2011-03-17,113948
2011-03-18,114068
2011-03-19,114183
2011-03-20,114320
2011-03-21,114468
2011-03-22,114587
2011-03-23,114744
2011-03-24,114896
2011-03-25,115069
2011-03-26,115207
2011-03-27,115350
2011-03-28,115518
2011-03-29,115681
2011-03-30,115837
2011-03-31,116038
2011-04-01,116214
2011-04-02,116394
2011-04-03,116569
2011-04-04,116747
2011-04-05,116941
2011-04-06,117089
2011-04-07,117236
2011-04-08,117402
2011-04-09,117558
2011-04-10,117731
2011-04-11,117894
2011-04-12,118057
2011-04-13,118251
2011-04-14,118411
2011-04-15,118547
2011-04-16,118720
2011-04-17,118900
2011-04-18,119048
2011-04-19,119202
2011-04-20,119346
2011-04-21,119493
2011-04-22,119669
2011-04-23,119841
2011-04-24,120003
2011-04-25,120195
2011-04-26,120390
2011-04-27,120573
2011-04-28,120737
2011-04-29,120937
2011-04-30,121126
2011-05-01,121305
2011-05-02,121502
2011-05-03,121698
2011-05-04,121895
2011-05-05,122114
2011-05-06,122332
2011-05-07,122546
2011-05-08,122765
2011-05-09,123004
2011-05-10,123187
2011-05-11,123378
2011-05-12,123547
2011-05-13,123754
2011-05-14,123996
2011-05-15,124216
2011-05-16,124463
2011-05-17,124720
2011-05-18,125008
2011-05-19,125179
2011-05-20,125399
2011-05-21,125619
2011-05-22,125871
2011-05-23,126157
2011-05-24,126456
2011-05-25,126763
2011-05-26,127059
2011-05-27,127226
2011-05-28,127381
2011-05-29,127561
2011-05-30,127715
2011-05-31,127865
2011-06-01,128053
2011-06-02,128243
2011-06-03,128445
2011-06-04,128669
2011-06-05,128877
2011-06-06,129110
2011-06-07,129280
2011-06-08,129465
2011-06-09,129687
2011-06-10,129910
2011-06-11,130162
2011-06-12,130395
2011-06-13,130622
2011-06-14,130869
2011-06-15,131148
2011-06-16,131328
2011-06-17,131514
2011-06-18,131711
2011-06-19,131934
2011-06-20,132168
2011-06-21,132421
2011-06-22,132681
2011-06-23,132921
2011-06-24,133137
2011-06-25,133280
2011-06-26,133429
2011-06-27,133598
2011-06-28,133758
2011-06-29,133930
2011-06-30,134121
2011-07-01,134294
2011-07-02,134463
2011-07-03,134628
2011-07-04,134798
2011-07-05,134937
2011-07-06,135094
2011-07-07,135225
2011-07-08,135390
2011-07-09,135539
2011-07-10,135676
2011-07-11,135833
2011-07-12,135974
2011-07-13,136165
2011-07-14,136309
2011-07-15,136471
2011-07-16,136628
2011-07-17,136798
2011-07-18,136968
2011-07-19,137110
2011-07-20,137259
2011-07-21,137411
2011-07-22,137562
2011-07-23,137708
2011-07-24,137874
2011-07-25,138039
2011-07-26,138215
2011-07-27,138389
2011-07-28,138544
2011-07-29,138708
2011-07-30,138860
2011-07-31,139035
2011-08-01,139200
2011-08-02,139354
2011-08-03,139511
2011-08-04,139640
2011-08-05,139780
2011-08-06,139902
2011-08-07,140028
2011-08-08,140164
2011-08-09,140310
2011-08-10,140462
2011-08-11,140599
2011-08-12,140730
2011-08-13,140860
2011-08-14,140992
2011-08-15,141121
2011-08-16,141268
2011-08-17,141404
2011-08-18,141548
2011-08-19,141679
2011-08-20,141831
2011-08-21,141991
2011-08-22,142160
2011-08-23,142315
2011-08-24,142449
2011-08-25,142584
2011-08-26,142731
2011-08-27,142853
2011-08-28,142969
2011-08-29,143107
2011-08-30,143253
2011-08-31,143408
2011-09-01,143537
2011-09-02,143693
2011-09-03,143838
2011-09-04,143972
2011-09-05,144128
2011-09-06,144279
2011-09-07,144415
2011-09-08,144544
2011-09-09,144698
2011-09-10,144831
2011-09-11,144956
2011-09-12,145089
2011-09-13,145231
2011-09-14,145377
2011-09-15,145533
2011-09-16,145652
2011-09-17,145786
2011-09-18,145944
2011-09-19,146071
2011-09-20,146211
2011-09-21,146357
2011-09-22,146505
2011-09-23,146638
2011-09-24,146767
2011-09-25,146904
2011-09-26,147038
2011-09-27,147171
2011-09-28,147318
2011-09-29,147443
2011-09-30,147565
2011-10-01,147708
2011-10-02,147829
2011-10-03,147974
2011-10-04,148086
2011-10-05,148231
2011-10-06,148359
2011-10-07,148497
2011-10-08,148616
2011-10-09,148743
2011-10-10,148866
2011-10-11,148959
2011-10-12,149079
2011-10-13,149176
2011-10-14,149315
2011-10-15,149449
2011-10-16,149568
2011-10-17,149686
2011-10-18,149806
2011-10-19,149939
2011-10-20,150054
2011-10-21,150175
2011-10-22,150273
2011-10-23,150381
2011-10-24,150508
2011-10-25,150637
2011-10-26,150754
2011-10-27,150854
2011-10-28,150959
2011-10-29,151072
2011-10-30,151183
2011-10-31,151314
2011-11-01,151464
2011-11-02,151618
2011-11-03,151743
2011-11-04,151890
2011-11-05,152036
2011-11-06,152180
2011-11-07,152312
2011-11-08,152461
2011-11-09,152622
2011-11-10,152763
2011-11-11,152883
2011-11-12,153025
2011-11-13,153169
2011-11-14,153312
2011-11-15,153477
2011-11-16,153612
2011-11-17,153751
2011-11-18,153884
2011-11-19,154007
2011-11-20,154150
2011-11-21,154268
2011-11-22,154408
2011-11-23,154542
2011-11-24,154655
2011-11-25,154790
2011-11-26,154910
2011-11-27,155024
2011-11-28,155151
2011-11-29,155289
2011-11-30,155451
2011-12-01,155633
2011-12-02,155779
2011-12-03,155931
2011-12-04,156067
2011-12-05,156225
2011-12-06,156396
2011-12-07,156534
2011-12-08,156698
2011-12-09,156845
2011-12-10,156989
2011-12-11,157141
2011-12-12,157268
2011-12-13,157400
2011-12-14,157553
2011-12-15,157665
2011-12-16,157783
2011-12-17,157933
2011-12-18,158077
2011-12-19,158236
2011-12-20,158370
2011-12-21,158519
2011-12-22,158667
2011-12-23,158809
2011-12-24,158954
2011-12-25,159128
2011-12-26,159305
2011-12-27,159450
2011-12-28,159605
2011-12-29,159743
2011-12-30,159885
2011-12-31,160036
2012-01-01,160189
2012-01-02,160340
2012-01-03,160499
2012-01-04,160648
2012-01-05,160795
2012-01-06,160966
2012-01-07,161150
2012-01-08,161313
2012-01-09,161477
2012-01-10,161618
2012-01-11,161771
2012-01-12,161926
2012-01-13,162066
2012-01-14,162216
2012-01-15,162355
2012-01-16,162531
2012-01-17,162687
2012-01-18,162815
2012-01-19,162965
2012-01-20,163110
2012-01-21,163274
2012-01-22,163410
2012-01-23,163580
2012-01-24,163719
2012-01-25,163867
2012-01-26,164005
2012-01-27,164146
2012-01-28,164291
2012-01-29,164458
2012-01-30,164630
2012-01-31,164780
2012-02-01,164921
2012-02-02,165080
2012-02-03,165238
2012-02-04,165395
2012-02-05,165537
2012-02-06,165683
2012-02-07,165820
2012-02-08,165965
2012-02-09,166110
2012-02-10,166248
2012-02-11,166398
2012-02-12,166556
2012-02-13,166693
2012-02-14,166831
2012-02-15,166965
2012-02-16,167103
2012-02-17,167255
2012-02-18,167426
2012-02-19,167584
2012-02-20,167724
2012-02-21,167853
2012-02-22,168012
2012-02-23,168178
2012-02-24,168327
2012-02-25,168492
2012-02-26,168642
2012-02-27,168796
2012-02-28,168956
2012-02-29,169135
2012-03-01,169286
2012-03-02,169420
2012-03-03,169533
2012-03-04,169670
2012-03-05,169815
2012-03-06,169952
2012-03-07,170106
2012-03-08,170262
2012-03-09,170430
2012-03-10,170595
2012-03-11,170729
2012-03-12,170895
2012-03-13,171055
2012-03-14,171192
2012-03-15,171313
2012-03-16,171466
2012-03-17,171636
2012-03-18,171796
2012-03-19,171939
2012-03-20,172099
2012-03-21,172257
2012-03-22,172415
2012-03-23,172541
2012-03-24,172726
2012-03-25,172882
2012-03-26,173033
2012-03-27,173189
2012-03-28,173339
2012-03-29,173480
2012-03-30,173634
2012-03-31,173804
2012-04-01,173946
2012-04-02,174062
2012-04-03,174195
2012-04-04,174332
2012-04-05,174449
2012-04-06,174585
2012-04-07,174714
2012-04-08,174864
2012-04-09,175010
2012-04-10,175157
2012-04-11,175298
2012-04-12,175425
2012-04-13,175548
2012-04-14,175687
2012-04-15,175794
2012-04-16,175944
2012-04-17,176079
2012-04-18,176209
2012-04-19,176366
2012-04-20,176520
2012-04-21,176674
2012-04-22,176814
2012-04-23,176949
2012-04-24,177087
2012-04-25,177214
2012-04-26,177369
2012-04-27,177504
2012-04-28,177656
2012-04-29,177835
2012-04-30,178014
2012-05-01,178184
2012-05-02,178334
2012-05-03,178491
2012-05-04,178652
2012-05-05,178819
2012-05-06,178983
2012-05-07,179153
2012-05-08,179329
2012-05-09,179495
2012-05-10,179624
2012-05-11,179767
2012-05-12,179895
2012-05-13,180035
2012-05-14,180174
2012-05-15,180304
2012-05-16,180425
2012-05-17,180541
2012-05-18,180686
2012-05-19,180835
2012-05-20,180973
2012-05-21,181099
2012-05-22,181214
2012-05-23,181344
2012-05-24,181469
2012-05-25,181590
2012-05-26,181732
2012-05-27,181891
2012-05-28,182033
2012-05-29,182159
2012-05-30,182290
2012-05-31,182428
2012-06-01,182580
2012-06-02,182740
2012-06-03,182893
2012-06-04,183048
2012-06-05,183195
2012-06-06,183348
2012-06-07,183487
2012-06-08,183628
2012-06-09,183799
2012-06-10,183965
2012-06-11,184105
2012-06-12,184261
2012-06-13,184411
2012-06-14,184567
2012-06-15,184726
2012-06-16,184882
2012-06-17,185046
2012-06-18,185221
2012-06-19,185368
2012-06-20,185513
2012-06-21,185649
2012-06-22,185787
2012-06-23,185951
2012-06-24,186082
2012-06-25,186236
2012-06-26,186385
2012-06-27,186548
2012-06-28,186685
2012-06-29,186831
2012-06-30,186963
2012-07-01,187105
2012-07-02,187257
2012-07-03,187417
2012-07-04,187567
2012-07-05,187711
2012-07-06,187866
2012-07-07,188032
2012-07-08,188185
2012-07-09,188348
2012-07-10,188498
2012-07-11,188632
2012-07-12,188782
2012-07-13,188945
2012-07-14,189106
2012-07-15,189246
2012-07-16,189396
2012-07-17,189568
2012-07-18,189723
2012-07-19,189858
2012-07-20,190006
2012-07-21,190147
2012-07-22,190302
2012-07-23,190443
2012-07-24,190604
2012-07-25,190764
2012-07-26,190933
2012-07-27,191111
2012-07-28,191264
2012-07-29,191430
2012-07-30,191606
2012-07-31,191736
2012-08-01,191870
2012-08-02,192035
2012-08-03,192197
2012-08-04,192353
2012-08-05,192492
2012-08-06,192632
2012-08-07,192796
2012-08-08,192962
2012-08-09,193132
2012-08-10,193288
2012-08-11,193456
2012-08-12,193615
2012-08-13,193775
2012-08-14,193932
2012-08-15,194099
2012-08-16,194253
2012-08-17,194391
2012-08-18,194542
2012-08-19,194724
2012-08-20,194898
2012-08-21,195071
2012-08-22,195227
2012-08-23,195392
2012-08-24,195540
2012-08-25,195678
2012-08-26,195857
2012-08-27,196002
2012-08-28,196153
2012-08-29,196321
2012-08-30,196475
2012-08-31,196615
2012-09-01,196776
2012-09-02,196940
2012-09-03,197097
2012-09-04,197250
2012-09-05,197430
2012-09-06,197601
2012-09-07,197769
2012-09-08,197914
2012-09-09,198073
2012-09-10,198223
2012-09-11,198368
2012-09-12,198523
2012-09-13,198653
2012-09-14,198815
2012-09-15,198959
2012-09-16,199120
2012-09-17,199288
2012-09-18,199455
2012-09-19,199596
2012-09-20,199748
2012-09-21,199917
2012-09-22,200074
2012-09-23,200232
2012-09-24,200385
2012-09-25,200524
2012-09-26,200664
2012-09-27,200825
2012-09-28,200983
2012-09-29,201151
2012-09-30,201310
2012-10-01,201441
2012-10-02,201587
2012-10-03,201720
2012-10-04,201852
2012-10-05,201987
2012-10-06,202142
2012-10-07,202267
2012-10-08,202445
2012-10-09,202587
2012-10-10,202736
2012-10-11,202874
2012-10-12,203023
2012-10-13,203171
2012-10-14,203298
2012-10-15,203467
2012-10-16,203622
2012-10-17,203764
2012-10-18,203921
2012-10-19,204057
2012-10-20,204214
2012-10-21,204375
2012-10-22,204532
2012-10-23,204662
2012-10-24,204824
2012-10-25,204967
2012-10-26,205132
2012-10-27,205307
2012-10-28,205473
2012-10-29,205631
2012-10-30,205775
2012-10-31,205918
2012-11-01,206055
2012-11-02,206198
2012-11-03,206344
2012-11-04,206501
2012-11-05,206661
2012-11-06,206796
2012-11-07,206953
2012-11-08,207107
2012-11-09,207259
2012-11-10,207403
2012-11-11,207550
2012-11-12,207682
2012-11-13,207822
2012-11-14,207965
2012-11-15,208101
2012-11-16,208246
2012-11-17,208386
2012-11-18,208532
2012-11-19,208679
2012-11-20,208825
2012-11-21,208977
2012-11-22,209121
2012-11-23,209284
2012-11-24,209435
2012-11-25,209581
2012-11-26,209738
2012-11-27,209886
2012-11-28,210058
2012-11-29,210224
2012-11-30,210349
2012-12-01,210516
2012-12-02,210659
2012-12-03,210806
2012-12-04,210918
2012-12-05,211040
2012-12-06,211177
2012-12-07,211306
2012-12-08,211444
2012-12-09,211570
2012-12-10,211713
2012-12-11,211857
2012-12-12,211987
2012-12-13,212118
2012-12-14,212224
2012-12-15,212340
2012-12-16,212451
2012-12-17,212585
2012-12-18,212710
2012-12-19,212852
2012-12-20,212958
2012-12-21,213084
2012-12-22,213237
2012-12-23,213359
2012-12-24,213491
2012-12-25,213615
2012-12-26,213769
2012-12-27,213925
2012-12-28,214094
2012-12-29,214238
2012-12-30,214404
2012-12-31,214562
2013-01-01,214724
2013-01-02,214877
2013-01-03,215039
2013-01-04,215192
2013-01-05,215333
2013-01-06,215478
2013-01-07,215646
2013-01-08,215779
2013-01-09,215909
2013-01-10,216056
2013-01-11,216173
2013-01-12,216295
2013-01-13,216428
2013-01-14,216585
2013-01-15,216706
2013-01-16,216837
2013-01-17,216948
2013-01-18,217069
2013-01-19,217223
2013-01-20,217353
2013-01-21,217485
2013-01-22,217629
2013-01-23,217755
2013-01-24,217911
2013-01-25,218048
2013-01-26,218204
2013-01-27,218355
2013-01-28,218502
2013-01-29,218660
2013-01-30,218813
2013-01-31,219006
2013-02-01,219153
2013-02-02,219306
2013-02-03,219492
2013-02-04,219656
2013-02-05,219823
2013-02-06,219969
2013-02-07,220123
2013-02-08,220274
2013-02-09,220417
2013-02-10,220578
2013-02-11,220737
2013-02-12,220876
2013-02-13,221047
2013-02-14,221198
2013-02-15,221377
2013-02-16,221566
2013-02-17,221754
2013-02-18,221915
2013-02-19,222074
2013-02-20,222267
2013-02-21,222443
2013-02-22,222613
2013-02-23,222777
2013-02-24,222933
2013-02-25,223137
2013-02-26,223303
2013-02-27,223496
2013-02-28,223664
2013-03-01,223816
2013-03-02,223961
2013-03-03,224122
2013-03-04,224301
2013-03-05,224440
2013-03-06,224595
2013-03-07,224755
2013-03-08,224915
2013-03-09,225084
2013-03-10,225267
2013-03-11,225431
2013-03-12,225566
2013-03-13,225723
2013-03-14,225902
2013-03-15,226074
2013-03-16,226249
2013-03-17,226458
2013-03-18,226648
2013-03-19,226818
2013-03-20,227029
2013-03-21,227247
2013-03-22,227476
2013-03-23,227693
2013-03-24,227882
2013-03-25,228026
2013-03-26,228177
2013-03-27,228308
2013-03-28,228491
2013-03-29,228665
2013-03-30,228838
2013-03-31,229007
2013-04-01,229205
2013-04-02,229386
2013-04-03,229561
2013-04-04,229715
2013-04-05,229873
2013-04-06,230036
2013-04-07,230200
2013-04-08,230355
2013-04-09,230531
2013-04-10,230722
2013-04-11,230882
2013-04-12,231055
2013-04-13,231222
2013-04-14,231375
2013-04-15,231539
2013-04-16,231716
2013-04-17,231887
2013-04-18,232034
2013-04-19,232171
2013-04-20,232325
2013-04-21,232501
2013-04-22,232654
2013-04-23,232822
2013-04-24,232984
2013-04-25,233156
2013-04-26,233327
2013-04-27,233474
2013-04-28,233651
2013-04-29,233825
2013-04-30,233974
2013-05-01,234125
2013-05-02,234259
2013-05-03,234397
2013-05-04,234555
2013-05-05,234720
2013-05-06,234886
2013-05-07,235054
2013-05-08,235219
2013-05-09,235383
2013-05-10,235555
2013-05-11,235737
2013-05-12,235905
2013-05-13,236079
2013-05-14,236233
2013-05-15,236374
2013-05-16,236522
2013-05-17,236683
2013-05-18,236832
2013-05-19,236988
2013-05-20,237117
2013-05-21,237268
2013-05-22,237424
2013-05-23,237598
2013-05-24,237767
2013-05-25,237932
2013-05-26,238095
2013-05-27,238271
2013-05-28,238429
2013-05-29,238597
2013-05-30,238776
2013-05-31,238951
2013-06-01,239164
2013-06-02,239363
2013-06-03,239576
2013-06-04,239789
2013-06-05,239973
2013-06-06,240154
2013-06-07,240315
2013-06-08,240496
2013-06-09,240655
2013-06-10,240829
2013-06-11,241009
2013-06-12,241212
2013-06-13,241398
2013-06-14,241578
2013-06-15,241751
2013-06-16,241936
2013-06-17,242081
2013-06-18,242221
2013-06-19,242357
2013-06-20,242511
2013-06-21,242679
2013-06-22,242855
2013-06-23,243020
2013-06-24,243170
2013-06-25,243327
2013-06-26,243501
2013-06-27,243668
2013-06-28,243837
2013-06-29,244006
2013-06-30,244159
2013-07-01,244316
2013-07-02,244469
2013-07-03,244653
2013-07-04,244818
2013-07-05,245004
2013-07-06,245191
2013-07-07,245377
2013-07-08,245569
2013-07-09,245754
2013-07-10,245949
2013-07-11,246123
2013-07-12,246277
2013-07-13,246434
2013-07-14,246606
2013-07-15,246770
2013-07-16,246934
2013-07-17,247118
2013-07-18,247279
2013-07-19,247450
2013-07-20,247636
2013-07-21,247835
2013-07-22,248000
2013-07-23,248141
2013-07-24,248300
2013-07-25,248446
2013-07-26,248611
2013-07-27,248791
2013-07-28,248959
2013-07-29,249137
2013-07-30,249334
2013-07-31,249524
2013-08-01,249701
2013-08-02,249893
2013-08-03,250063
2013-08-04,250242
2013-08-05,250431
2013-08-06,250621
2013-08-07,250807
2013-08-08,251012
2013-08-09,251207
2013-08-10,251417
2013-08-11,251633
2013-08-12,251849
2013-08-13,252032
2013-08-14,252200
2013-08-15,252370
2013-08-16,252538
2013-08-17,252728
2013-08-18,252922
2013-08-19,253099
2013-08-20,253289
2013-08-21,253485
2013-08-22,253701
2013-08-23,253897
2013-08-24,254080
2013-08-25,254231
2013-08-26,254397
2013-08-27,254566
2013-08-28,254744
2013-08-29,254933
2013-08-30,255138
2013-08-31,255361
2013-09-01,255582
2013-09-02,255797
2013-09-03,255991
2013-09-04,256154
2013-09-05,256333
2013-09-06,256518
2013-09-07,256663
2013-09-08,256820
2013-09-09,257023
2013-09-10,257214
2013-09-11,257414
2013-09-12,257627
2013-09-13,257831
2013-09-14,258049
2013-09-15,258230
2013-09-16,258384
2013-09-17,258563
2013-09-18,258728
2013-09-19,258918
2013-09-20,259118
2013-09-21,259307
2013-09-22,259510
2013-09-23,259720
2013-09-24,259932
2013-09-25,260138
2013-09-26,260300
2013-09-27,260478
2013-09-28,260655
2013-09-29,260825
2013-09-30,260988
2013-10-01,261175
2013-10-02,261366
2013-10-03,261565
2013-10-04,261745
2013-10-05,261964
2013-10-06,262149
2013-10-07,262305
2013-10-08,262467
2013-10-09,262645
2013-10-10,262837
2013-10-11,263022
2013-10-12,263236
2013-10-13,263457
2013-10-14,263707
2013-10-15,263967
2013-10-16,264177
2013-10-17,264344
2013-10-18,264536
2013-10-19,264759
2013-10-20,264958
2013-10-21,265169
2013-10-22,265414
2013-10-23,265635
2013-10-24,265850
2013-10-25,266085
2013-10-26,266267
2013-10-27,266446
2013-10-28,266621
2013-10-29,266781
2013-10-30,266976
2013-10-31,267187
2013-11-01,267395
2013-11-02,267597
2013-11-03,267789
2013-11-04,267984
2013-11-05,268158
2013-11-06,268321
2013-11-07,268465
2013-11-08,268599
2013-11-09,268747
2013-11-10,268918
2013-11-11,269105
2013-11-12,269306
2013-11-13,269474
2013-11-14,269657
2013-11-15,269823
2013-11-16,270017
2013-11-17,270203
2013-11-18,270359
2013-11-19,270520
2013-11-20,270684
2013-11-21,270834
2013-11-22,271006
2013-11-23,271176
2013-11-24,271344
2013-11-25,271517
2013-11-26,271676
2013-11-27,271849
2013-11-28,272030
2013-11-29,272203
2013-11-30,272380
2013-12-01,272574
2013-12-02,272733
2013-12-03,272933
2013-12-04,273104
2013-12-05,273274
2013-12-06,273482
2013-12-07,273677
2013-12-08,273872
2013-12-09,274048
2013-12-10,274240
2013-12-11,274405
2013-12-12,274568
2013-12-13,274743
2013-12-14,274940
2013-12-15,275117
2013-12-16,275318
2013-12-17,275521
2013-12-18,275720
2013-12-19,275946
2013-12-20,276124
2013-12-21,276285
2013-12-22,276454
2013-12-23,276625
2013-12-24,276794
2013-12-25,276956
2013-12-26,277136
2013-12-27,277320
2013-12-28,277470
2013-12-29,277638
2013-12-30,277811
2013-12-31,277995
2014-01-01,278200
2014-01-02,278334
2014-01-03,278495
2014-01-04,278636
2014-01-05,278829
2014-01-06,279015
2014-01-07,279192
2014-01-08,279385
2014-01-09,279592
2014-01-10,279779
2014-01-11,279989
2014-01-12,280196
2014-01-13,280365
2014-01-14,280527
2014-01-15,280711
2014-01-16,280896
2014-01-17,281048
2014-01-18,281222
2014-01-19,281391
2014-01-20,281586
2014-01-21,281752
2014-01-22,281944
2014-01-23,282121
2014-01-24,282310
2014-01-25,282475
2014-01-26,282627
2014-01-27,282801
2014-01-28,282955
2014-01-29,283107
2014-01-30,283283
2014-01-31,283467
2014-02-01,283656
2014-02-02,283842
2014-02-03,284023
2014-02-04,284195
2014-02-05,284363
2014-02-06,284545
2014-02-07,284700
2014-02-08,284882
2014-02-09,285020
2014-02-10,285176
2014-02-11,285340
2014-02-12,285518
2014-02-13,285696
2014-02-14,285887
2014-02-15,286074
2014-02-16,286269
2014-02-17,286424
2014-02-18,286587
2014-02-19,286787
2014-02-20,286964
2014-02-21,287116
2014-02-22,287297
2014-02-23,287464
2014-02-24,287655
2014-02-25,287816
2014-02-26,288001
2014-02-27,288188
2014-02-28,288369
2014-03-01,288513
2014-03-02,288653
2014-03-03,288801
2014-03-04,288950
2014-03-05,289106
2014-03-06,289279
2014-03-07,289445
2014-03-08,289613
2014-03-09,289792
2014-03-10,289941
2014-03-11,290109
2014-03-12,290291
2014-03-13,290453
2014-03-14,290586
2014-03-15,290751
2014-03-16,290922
2014-03-17,291083
2014-03-18,291229
2014-03-19,291389
2014-03-20,291566
2014-03-21,291752
2014-03-22,291922
2014-03-23,292136
2014-03-24,292324
2014-03-25,292481
2014-03-26,292640
2014-03-27,292813
2014-03-28,292987
2014-03-29,293163
2014-03-30,293303
2014-03-31,293482
2014-04-01,293653
2014-04-02,293851
2014-04-03,294054
2014-04-04,294249
2014-04-05,294420
2014-04-06,294571
2014-04-07,294722
2014-04-08,294856
2014-04-09,295017
2014-04-10,295172
2014-04-11,295341
2014-04-12,295502
2014-04-13,295689
2014-04-14,295882
2014-04-15,296064
2014-04-16,296223
2014-04-17,296392
2014-04-18,296552
2014-04-19,296711
2014-04-20,296889
2014-04-21,297060
2014-04-22,297214
2014-04-23,297379
2014-04-24,297530
2014-04-25,297712
2014-04-26,297875
2014-04-27,298052
2014-04-28,298204
2014-04-29,298376
2014-04-30,298512
2014-05-01,298688
2014-05-02,298849
2014-05-03,298991
2014-05-04,299142
2014-05-05,299267
2014-05-06,299461
2014-05-07,299620
2014-05-08,299787
2014-05-09,299957
2014-05-10,300136
2014-05-11,300288
2014-05-12,300452
2014-05-13,300614
2014-05-14,300764
2014-05-15,300935
2014-05-16,301116
2014-05-17,301289
2014-05-18,301461
2014-05-19,301629
2014-05-20,301806
2014-05-21,301981
2014-05-22,302153
2014-05-23,302318
2014-05-24,302472
2014-05-25,302633
2014-05-26,302791
2014-05-27,302927
2014-05-28,303096
2014-05-29,303237
2014-05-30,303404
2014-05-31,303551
2014-06-01,303726
2014-06-02,303919
2014-06-03,304098
2014-06-04,304278
2014-06-05,304430
2014-06-06,304569
2014-06-07,304724
2014-06-08,304860
2014-06-09,305016
2014-06-10,305183
2014-06-11,305329
2014-06-12,305501
2014-06-13,305664
2014-06-14,305842
2014-06-15,306032
2014-06-16,306220
2014-06-17,306404
2014-06-18,306562
2014-06-19,306729
2014-06-20,306915
2014-06-21,307101
2014-06-22,307281
2014-06-23,307457
2014-06-24,307645
2014-06-25,307832
2014-06-26,308003
2014-06-27,308200
2014-06-28,308382
2014-06-29,308539
2014-06-30,308671
2014-07-01,308804
2014-07-02,308941
2014-07-03,309080
2014-07-04,309246
2014-07-05,309398
2014-07-06,309540
2014-07-07,309690
2014-07-08,309840
2014-07-09,310006
2014-07-10,310155
2014-07-11,310311
2014-07-12,310468
2014-07-13,310628
2014-07-14,310763
2014-07-15,310922
2014-07-16,311066
2014-07-17,311238
2014-07-18,311410
2014-07-19,311587
2014-07-20,311742
2014-07-21,311897
2014-07-22,312039
2014-07-23,312185
2014-07-24,312328
2014-07-25,312491
2014-07-26,312625
2014-07-27,312778
2014-07-28,312928
2014-07-29,313077
2014-07-30,313249
2014-07-31,313403
2014-08-01,313560
2014-08-02,313723
2014-08-03,313877
2014-08-04,314005
2014-08-05,314140
2014-08-06,314304
2014-08-07,314464
2014-08-08,314626
2014-08-09,314804
2014-08-10,314981
2014-08-11,315163
2014-08-12,315337
2014-08-13,315482
2014-08-14,315662
2014-08-15,315827
2014-08-16,315985
2014-08-17,316155
2014-08-18,316353
2014-08-19,316539
2014-08-20,316708
2014-08-21,316873
2014-08-22,317030
2014-08-23,317192
2014-08-24,317338
2014-08-25,317475
2014-08-26,317648
2014-08-27,317817
2014-08-28,317990
2014-08-29,318160
2014-08-30,318342
2014-08-31,318530
2014-09-01,318666
2014-09-02,318813
2014-09-03,318982
2014-09-04,319140
2014-09-05,319285
2014-09-06,319464
2014-09-07,319619
2014-09-08,319763
2014-09-09,319909
2014-09-10,320066
2014-09-11,320236
2014-09-12,320390
2014-09-13,320571
2014-09-14,320729
2014-09-15,320887
2014-09-16,321058
2014-09-17,321244
2014-09-18,321423
2014-09-19,321594
2014-09-20,321770
2014-09-21,321934
2014-09-22,322102
2014-09-23,322252
2014-09-24,322408
2014-09-25,322580
2014-09-26,322714
2014-09-27,322849
2014-09-28,322978
2014-09-29,323115
2014-09-30,323268
2014-10-01,323423
2014-10-02,323562
2014-10-03,323707
2014-10-04,323861
2014-10-05,324030
2014-10-06,324191
2014-10-07,324325
2014-10-08,324469
2014-10-09,324617
2014-10-10,324772
2014-10-11,324916
2014-10-12,325064
2014-10-13,325219
2014-10-14,325351
2014-10-15,325502
2014-10-16,325650
2014-10-17,325792
2014-10-18,325956
2014-10-19,326089
2014-10-20,326226
2014-10-21,326379
2014-10-22,326538
2014-10-23,326689
2014-10-24,326848
2014-10-25,327003
2014-10-26,327128
2014-10-27,327287
2014-10-28,327425
2014-10-29,327580
2014-10-30,327750
2014-10-31,327938
2014-11-01,328097
2014-11-02,328252
2014-11-03,328421
2014-11-04,328583
2014-11-05,328721
2014-11-06,328876
2014-11-07,329025
2014-11-08,329178
2014-11-09,329328
2014-11-10,329475
2014-11-11,329604
2014-11-12,329751
2014-11-13,329896
2014-11-14,330050
2014-11-15,330190
2014-11-16,330340
2014-11-17,330484
2014-11-18,330638
2014-11-19,330779
2014-11-20,330917
2014-11-21,331044
2014-11-22,331198
2014-11-23,331340
2014-11-24,331487
2014-11-25,331619
2014-11-26,331756
2014-11-27,331897
2014-11-28,332045
2014-11-29,332202
2014-11-30,332362
2014-12-01,332492
2014-12-02,332642
2014-12-03,332758
2014-12-04,332904
2014-12-05,333060
2014-12-06,333197
2014-12-07,333323
2014-12-08,333486
2014-12-09,333628
2014-12-10,333771
2014-12-11,333919
2014-12-12,334060
2014-12-13,334206
2014-12-14,334347
2014-12-15,334488
2014-12-16,334631
2014-12-17,334759
2014-12-18,334888
2014-12-19,335025
2014-12-20,335159
2014-12-21,335291
2014-12-22,335455
2014-12-23,335605
2014-12-24,335758
2014-12-25,335916
2014-12-26,336068
2014-12-27,336220
2014-12-28,336389
2014-12-29,336553
2014-12-30,336708
2014-12-31,336860
2015-01-01,337025
2015-01-02,337190
2015-01-03,337352
2015-01-04,337524
2015-01-05,337680
2015-01-06,337838
2015-01-07,337978
2015-01-08,338125
2015-01-09,338265
2015-01-10,338412
2015-01-11,338567
2015-01-12,338709
2015-01-13,338836
2015-01-14,338981
2015-01-15,339132
2015-01-16,339271
2015-01-17,339409
2015-01-18,339562
2015-01-19,339706
2015-01-20,339824
2015-01-21,339973
2015-01-22,340108
2015-01-23,340232
2015-01-24,340358
2015-01-25,340483
2015-01-26,340610
2015-01-27,340759
2015-01-28,340923
2015-01-29,341087
2015-01-30,341225
2015-01-31,341391
2015-02-01,341546
2015-02-02,341705
2015-02-03,341832
2015-02-04,341991
2015-02-05,342150
2015-02-06,342327
2015-02-07,342486
2015-02-08,342618
2015-02-09,342779
2015-02-10,342923
2015-02-11,343081
2015-02-12,343200
2015-02-13,343346
2015-02-14,343506
2015-02-15,343646
2015-02-16,343803
2015-02-17,343952
2015-02-18,344119
2015-02-19,344285
2015-02-20,344443
2015-02-21,344585
2015-02-22,344736
2015-02-23,344878
2015-02-24,345007
2015-02-25,345166
2015-02-26,345316
2015-02-27,345468
2015-02-28,345610
2015-03-01,345750
2015-03-02,345908
2015-03-03,346066
2015-03-04,346206
2015-03-05,346338
2015-03-06,346486
2015-03-07,346626
2015-03-08,346782
2015-03-09,346926
2015-03-10,347078
2015-03-11,347232
2015-03-12,347363
2015-03-13,347509
2015-03-14,347640
2015-03-15,347783
2015-03-16,347922
2015-03-17,348050
2015-03-18,348203
2015-03-19,348340
2015-03-20,348476
2015-03-21,348627
2015-03-22,348769
2015-03-23,348914
2015-03-24,349087
2015-03-25,349249
2015-03-26,349397
2015-03-27,349568
2015-03-28,349716
2015-03-29,349869
2015-03-30,350011
2015-03-31,350161
2015-04-01,350293
2015-04-02,350459
2015-04-03,350605
2015-04-04,350758
2015-04-05,350906
2015-04-06,351032
2015-04-07,351184
2015-04-08,351309
2015-04-09,351442
2015-04-10,351594
2015-04-11,351734
2015-04-12,351862
2015-04-13,352018
2015-04-14,352167
2015-04-15,352289
2015-04-16,352427
2015-04-17,352553
2015-04-18,352699
2015-04-19,352844
2015-04-20,352998
2015-04-21,353151
2015-04-22,353303
2015-04-23,353433
2015-04-24,353557
2015-04-25,353720
2015-04-26,353864
2015-04-27,354001
2015-04-28,354154
2015-04-29,354281
2015-04-30,354415
2015-05-01,354563
2015-05-02,354710
2015-05-03,354851
2015-05-04,354979
2015-05-05,355133
2015-05-06,355294
2015-05-07,355435
2015-05-08,355585
2015-05-09,355714
2015-05-10,355843
2015-05-11,356001
2015-05-12,356151
2015-05-13,356313
2015-05-14,356467
2015-05-15,356614
2015-05-16,356746
2015-05-17,356917
2015-05-18,357061
2015-05-19,357191
2015-05-20,357336
2015-05-21,357491
2015-05-22,357629
2015-05-23,357741
2015-05-24,357887
2015-05-25,358028
2015-05-26,358172
2015-05-27,358310
2015-05-28,358442
2015-05-29,358596
2015-05-30,358732
2015-05-31,358880
2015-06-01,359012
2015-06-02,359162
2015-06-03,359304
2015-06-04,359445
2015-06-05,359583
2015-06-06,359761
2015-06-07,359910
2015-06-08,360067
2015-06-09,360218
2015-06-10,360387
2015-06-11,360522
2015-06-12,360664
2015-06-13,360823
2015-06-14,360971
2015-06-15,361115
2015-06-16,361233
2015-06-17,361391
2015-06-18,361547
2015-06-19,361694
2015-06-20,361828
2015-06-21,361952
2015-06-22,362105
2015-06-23,362245
2015-06-24,362401
2015-06-25,362553
2015-06-26,362707
2015-06-27,362836
2015-06-28,362977
2015-06-29,363117
2015-06-30,363262
2015-07-01,363397
2015-07-02,363551
2015-07-03,363712
2015-07-04,363864
2015-07-05,364006
2015-07-06,364187
2015-07-07,364321
2015-07-08,364482
2015-07-09,364615
2015-07-10,364769
2015-07-11,364917
2015-07-12,365052
2015-07-13,365200
2015-07-14,365344
2015-07-15,365497
2015-07-16,365631
2015-07-17,365778
2015-07-18,365927
2015-07-19,366079
2015-07-20,366235
2015-07-21,366362
2015-07-22,366516
2015-07-23,366656
2015-07-24,366825
2015-07-25,366979
2015-07-26,367123
2015-07-27,367272
2015-07-28,367408
2015-07-29,367560
2015-07-30,367694
2015-07-31,367845
2015-08-01,368000
2015-08-02,368151
2015-08-03,368308
2015-08-04,368444
2015-08-05,368577
2015-08-06,368720
2015-08-07,368857
2015-08-08,369018
2015-08-09,369160
2015-08-10,369327
2015-08-11,369489
2015-08-12,369615
2015-08-13,369762
2015-08-14,369904
2015-08-15,370041
2015-08-16,370179
2015-08-17,370326
2015-08-18,370467
2015-08-19,370623
2015-08-20,370773
2015-08-21,370938
2015-08-22,371096
2015-08-23,371230
2015-08-24,371385
2015-08-25,371520
2015-08-26,371681
2015-08-27,371819
2015-08-28,371973
2015-08-29,372133
2015-08-30,372283
2015-08-31,372440
2015-09-01,372594
2015-09-02,372754
2015-09-03,372900
2015-09-04,373056
2015-09-05,373203
2015-09-06,373347
2015-09-07,373499
2015-09-08,373635
2015-09-09,373784
2015-09-10,373955
2015-09-11,374113
2015-09-12,374248
2015-09-13,374399
2015-09-14,374551
2015-09-15,374711
2015-09-16,374853
2015-09-17,374997
2015-09-18,375144
2015-09-19,375269
2015-09-20,375397
2015-09-21,375529
2015-09-22,375686
2015-09-23,375844
2015-09-24,375984
2015-09-25,376148
2015-09-26,376295
2015-09-27,376444
2015-09-28,376587
2015-09-29,376761
2015-09-30,376909
2015-10-01,377058
2015-10-02,377196
2015-10-03,377341
2015-10-04,377494
2015-10-05,377647
2015-10-06,377789
2015-10-07,377922
2015-10-08,378062
2015-10-09,378188
2015-10-10,378348
2015-10-11,378494
2015-10-12,378636
2015-10-13,378773
2015-10-14,378925
2015-10-15,379091
2015-10-16,379235
2015-10-17,379371
2015-10-18,379516
2015-10-19,379681
2015-10-20,379809
2015-10-21,379953
2015-10-22,380101
2015-10-23,380250
2015-10-24,380395
2015-10-25,380550
2015-10-26,380714
2015-10-27,380861
2015-10-28,381000
2015-10-29,381151
2015-10-30,381322
2015-10-31,381469
2015-11-01,381622
2015-11-02,381775
2015-11-03,381930
2015-11-04,382085
2015-11-05,382231
2015-11-06,382376
2015-11-07,382528
2015-11-08,382667
2015-11-09,382816
2015-11-10,382962
2015-11-11,383130
2015-11-12,383291
2015-11-13,383451
2015-11-14,383593
2015-11-15,383753
2015-11-16,383926
2015-11-17,384075
2015-11-18,384228
2015-11-19,384364
2015-11-20,384531
2015-11-21,384705
2015-11-22,384877
2015-11-23,385040
2015-11-24,385196
2015-11-25,385344
2015-11-26,385520
2015-11-27,385653
2015-11-28,385807
2015-11-29,385956
2015-11-30,386118
2015-12-01,386285
2015-12-02,386446
2015-12-03,386588
2015-12-04,386741
2015-12-05,386916
2015-12-06,387075
2015-12-07,387222
2015-12-08,387397
2015-12-09,387565
2015-12-10,387781
2015-12-11,387941
2015-12-12,388103
2015-12-13,388245
2015-12-14,388440
2015-12-15,388623
2015-12-16,388786
2015-12-17,388941
2015-12-18,389110
2015-12-19,389267
2015-12-20,389432
2015-12-21,389581
2015-12-22,389731
2015-12-23,389888
2015-12-24,390026
2015-12-25,390188
2015-12-26,390359
2015-12-27,390564
2015-12-28,390715
2015-12-29,390874
2015-12-30,391039
2015-12-31,391181
2016-01-01,391316
2016-01-02,391461
2016-01-03,391606
2016-01-04,391787
2016-01-05,391944
2016-01-06,392085
2016-01-07,392232
2016-01-08,392405
2016-01-09,392556
2016-01-10,392731
2016-01-11,392901
2016-01-12,393071
2016-01-13,393219
2016-01-14,393352
2016-01-15,393474
2016-01-16,393616
2016-01-17,393767
2016-01-18,393940
2016-01-19,394073
2016-01-20,394225
2016-01-21,394362
2016-01-22,394538
2016-01-23,394717
2016-01-24,394888
2016-01-25,395050
2016-01-26,395210
2016-01-27,395365
2016-01-28,395511
2016-01-29,395680
2016-01-30,395867
2016-01-31,396048
2016-02-01,396209
2016-02-02,396389
2016-02-03,396568
2016-02-04,396736
2016-02-05,396924
2016-02-06,397124
2016-02-07,397300
2016-02-08,397448
2016-02-09,397624
2016-02-10,397788
2016-02-11,397980
2016-02-12,398151
2016-02-13,398307
2016-02-14,398473
2016-02-15,398625
2016-02-16,398763
2016-02-17,398918
2016-02-18,399087
2016-02-19,399232
2016-02-20,399382
2016-02-21,399510
2016-02-22,399637
2016-02-23,399773
2016-02-24,399891
2016-02-25,400046
2016-02-26,400186
2016-02-27,400333
2016-02-28,400467
2016-02-29,400600
2016-03-01,400741
2016-03-02,400898
2016-03-03,401033
2016-03-04,401188
2016-03-05,401338
2016-03-06,401486
2016-03-07,401619
2016-03-08,401773
2016-03-09,401941
2016-03-10,402096
2016-03-11,402256
2016-03-12,402400
2016-03-13,402533
2016-03-14,402685
2016-03-15,402846
2016-03-16,402998
2016-03-17,403139
2016-03-18,403275
2016-03-19,403411
2016-03-20,403557
2016-03-21,403696
2016-03-22,403844
2016-03-23,403993
2016-03-24,404140
2016-03-25,404286
2016-03-26,404439
2016-03-27,404580
2016-03-28,404750
2016-03-29,404907
2016-03-30,405054
2016-03-31,405178
2016-04-01,405331
2016-04-02,405470
2016-04-03,405612
2016-04-04,405778
2016-04-05,405933
2016-04-06,406090
2016-04-07,406229
2016-04-08,406373
2016-04-09,406535
2016-04-10,406708
2016-04-11,406861
2016-04-12,407009
2016-04-13,407173
2016-04-14,407337
2016-04-15,407476
2016-04-16,407614
2016-04-17,407772
2016-04-18,407906
2016-04-19,408056
2016-04-20,408221
2016-04-21,408372
2016-04-22,408515
2016-04-23,408659
2016-04-24,408791
2016-04-25,408918
2016-04-26,409069
2016-04-27,409198
2016-04-28,409333
2016-04-29,409491
2016-04-30,409637
2016-05-01,409792
2016-05-02,409949
2016-05-03,410100
2016-05-04,410267
2016-05-05,410422
2016-05-06,410584
2016-05-07,410734
2016-05-08,410902
2016-05-09,411073
2016-05-10,411231
2016-05-11,411364
2016-05-12,411503
2016-05-13,411655
2016-05-14,411799
2016-05-15,411938
2016-05-16,412079
2016-05-17,412220
2016-05-18,412373
2016-05-19,412493
2016-05-20,412642
2016-05-21,412783
2016-05-22,412967
2016-05-23,413147
2016-05-24,413294
2016-05-25,413432
2016-05-26,413567
2016-05-27,413706
2016-05-28,413839
2016-05-29,413986
2016-05-30,414130
2016-05-31,414257
2016-06-01,414400
2016-06-02,414538
2016-06-03,414680
2016-06-04,414799
2016-06-05,414969
2016-06-06,415139
2016-06-07,415279
2016-06-08,415423
2016-06-09,415588
2016-06-10,415732
2016-06-11,415888
2016-06-12,416034
2016-06-13,416195
2016-06-14,416327
2016-06-15,416479
2016-06-16,416628
2016-06-17,416777
2016-06-18,416935
2016-06-19,417112
2016-06-20,417276
2016-06-21,417425
2016-06-22,417554
2016-06-23,417694
2016-06-24,417823
2016-06-25,417985
2016-06-26,418131
2016-06-27,418278
2016-06-28,418426
2016-06-29,418572
2016-06-30,418722
2016-07-01,418877
2016-07-02,419026
2016-07-03,419180
2016-07-04,419331
2016-07-05,419476
2016-07-06,419616
2016-07-07,419753
2016-07-08,419898
2016-07-09,420047
2016-07-10,420203
2016-07-11,420346
2016-07-12,420489
2016-07-13,420618
2016-07-14,420759
2016-07-15,420894
2016-07-16,421051
2016-07-17,421200
2016-07-18,421348
2016-07-19,421476
2016-07-20,421626
2016-07-21,421759
2016-07-22,421888
2016-07-23,422019
2016-07-24,422143
2016-07-25,422274
2016-07-26,422403
2016-07-27,422531
2016-07-28,422667
2016-07-29,422814
2016-07-30,422933
2016-07-31,423087
2016-08-01,423240
2016-08-02,423394
2016-08-03,423560
2016-08-04,423713
2016-08-05,423882
2016-08-06,424048
2016-08-07,424196
2016-08-08,424344
2016-08-09,424468
2016-08-10,424619
2016-08-11,424769
2016-08-12,424918
2016-08-13,425081
2016-08-14,425244
2016-08-15,425390
2016-08-16,425525
2016-08-17,425648
2016-08-18,425802
2016-08-19,425956
2016-08-20,426111
2016-08-21,426274
2016-08-22,426432
2016-08-23,426579
2016-08-24,426731
2016-08-25,426861
2016-08-26,426993
2016-08-27,427137
2016-08-28,427289
2016-08-29,427438
2016-08-30,427602
2016-08-31,427736
2016-09-01,427876
2016-09-02,428029
2016-09-03,428155
2016-09-04,428334
2016-09-05,428474
2016-09-06,428610
2016-09-07,428762
2016-09-08,428906
2016-09-09,429048
2016-09-10,429203
2016-09-11,429367
2016-09-12,429530
2016-09-13,429695
2016-09-14,429851
2016-09-15,430005
2016-09-16,430144
2016-09-17,430307
2016-09-18,430452
2016-09-19,430585
2016-09-20,430736
2016-09-21,430902
2016-09-22,431043
2016-09-23,431179
2016-09-24,431345
2016-09-25,431530
2016-09-26,431683
2016-09-27,431850
2016-09-28,431998
2016-09-29,432141
2016-09-30,432283
2016-10-01,432440
2016-10-02,432581
2016-10-03,432732
2016-10-04,432890
2016-10-05,433057
2016-10-06,433218
2016-10-07,433361
2016-10-08,433530
2016-10-09,433690
2016-10-10,433814
2016-10-11,433953
2016-10-12,434097
2016-10-13,434225
2016-10-14,434361
2016-10-15,434503
2016-10-16,434633
2016-10-17,434758
2016-10-18,434913
2016-10-19,435038
2016-10-20,435172
2016-10-21,435336
2016-10-22,435485
2016-10-23,435629
2016-10-24,435772
2016-10-25,435911
2016-10-26,436049
2016-10-27,436211
2016-10-28,436363
2016-10-29,436512
2016-10-30,436680
2016-10-31,436827
2016-11-01,436971
2016-11-02,437104
2016-11-03,437259
2016-11-04,437375
2016-11-05,437522
2016-11-06,437675
2016-11-07,437821
2016-11-08,437990
2016-11-09,438137
2016-11-10,438305
2016-11-11,438468
2016-11-12,438636
2016-11-13,438778
2016-11-14,438950
2016-11-15,439106
2016-11-16,439277
2016-11-17,439436
2016-11-18,439584
2016-11-19,439726
2016-11-20,439854
2016-11-21,439993
2016-11-22,440127
2016-11-23,440274
2016-11-24,440436
2016-11-25,440588
2016-11-26,440741
2016-11-27,440885
2016-11-28,441049
2016-11-29,441198
2016-11-30,441340
2016-12-01,441486
2016-12-02,441629
2016-12-03,441801
2016-12-04,441949
2016-12-05,442101
2016-12-06,442251
2016-12-07,442425
2016-12-08,442582
2016-12-09,442717
2016-12-10,442849
2016-12-11,443036
2016-12-12,443192
2016-12-13,443370
2016-12-14,443509
2016-12-15,443636
2016-12-16,443769
2016-12-17,443913
2016-12-18,444054
2016-12-19,444205
2016-12-20,444343
2016-12-21,444502
2016-12-22,444661
2016-12-23,444813
2016-12-24,444950
2016-12-25,445115
2016-12-26,445257
2016-12-27,445413
2016-12-28,445577
2016-12-29,445727
2016-12-30,445884
2016-12-31,446032
2017-01-01,446188
2017-01-02,446347
2017-01-03,446511
2017-01-04,446664
2017-01-05,446804
2017-01-06,446965
2017-01-07,447103
2017-01-08,447270
2017-01-09,447406
2017-01-10,447566
2017-01-11,447719
2017-01-12,447891
2017-01-13,448041
2017-01-14,448213
2017-01-15,448380
2017-01-16,448549
2017-01-17,448707
2017-01-18,448857
2017-01-19,449031
2017-01-20,449220
2017-01-21,449401
2017-01-22,449575
2017-01-23,449713
2017-01-24,449862
2017-01-25,450011
2017-01-26,450166
2017-01-27,450336
2017-01-28,450488
2017-01-29,450655
2017-01-30,450799
2017-01-31,450944
2017-02-01,451136
2017-02-02,451293
2017-02-03,451442
2017-02-04,451586
2017-02-05,451745
2017-02-06,451870
2017-02-07,452021
2017-02-08,452167
2017-02-09,452336
2017-02-10,452483
2017-02-11,452622
2017-02-12,452762
2017-02-13,452925
2017-02-14,453094
2017-02-15,453233
2017-02-16,453384
2017-02-17,453535
2017-02-18,453686
2017-02-19,453820
2017-02-20,453968
2017-02-21,454106
2017-02-22,454244
2017-02-23,454394
2017-02-24,454557
2017-02-25,454724
2017-02-26,454902
2017-02-27,455046
2017-02-28,455199
2017-03-01,455343
2017-03-02,455500
2017-03-03,455651
2017-03-04,455783
2017-03-05,455930
2017-03-06,456072
2017-03-07,456225
2017-03-08,456367
2017-03-09,456515
2017-03-10,456671
2017-03-11,456820
2017-03-12,456975
2017-03-13,457120
2017-03-14,457276
2017-03-15,457418
2017-03-16,457571
2017-03-17,457725
2017-03-18,457882
2017-03-19,458047
2017-03-20,458183
2017-03-21,458325
2017-03-22,458484
2017-03-23,458632
2017-03-24,458808
2017-03-25,458941
2017-03-26,459107
2017-03-27,459239
2017-03-28,459394
2017-03-29,459532
2017-03-30,459696
2017-03-31,459831
2017-04-01,459963
2017-04-02,460121
2017-04-03,460297
2017-04-04,460422
2017-04-05,460584
2017-04-06,460731
2017-04-07,460893
2017-04-08,461030
2017-04-09,461189
2017-04-10,461336
2017-04-11,461503
2017-04-12,461645
2017-04-13,461772
2017-04-14,461911
2017-04-15,462061
2017-04-16,462207
2017-04-17,462345
2017-04-18,462491
2017-04-19,462634
2017-04-20,462772
2017-04-21,462939
2017-04-22,463084
2017-04-23,463237
2017-04-24,463361
2017-04-25,463509
2017-04-26,463662
2017-04-27,463809
2017-04-28,463945
2017-04-29,464118
2017-04-30,464269
2017-05-01,464419
2017-05-02,464577
2017-05-03,464709
2017-05-04,464877
2017-05-05,465006
2017-05-06,465174
2017-05-07,465341
2017-05-08,465521
2017-05-09,465676
2017-05-10,465824
2017-05-11,465959
2017-05-12,466113
2017-05-13,466271
2017-05-14,466435
2017-05-15,466605
2017-05-16,466737
2017-05-17,466892
2017-05-18,467034
2017-05-19,467198
2017-05-20,467363
2017-05-21,467510
2017-05-22,467656
2017-05-23,467824
2017-05-24,467978
2017-05-25,468141
2017-05-26,468294
2017-05-27,468462
2017-05-28,468627
2017-05-29,468778
2017-05-30,468957
2017-05-31,469121
2017-06-01,469291
2017-06-02,469437
2017-06-03,469629
2017-06-04,469790
2017-06-05,469954
2017-06-06,470105
2017-06-07,470270
2017-06-08,470435
2017-06-09,470586
2017-06-10,470727
2017-06-11,470873
2017-06-12,471020
2017-06-13,471161
2017-06-14,471301
2017-06-15,471454
2017-06-16,471602
2017-06-17,471747
2017-06-18,471892
2017-06-19,472043
2017-06-20,472181
2017-06-21,472321
2017-06-22,472460
2017-06-23,472620
2017-06-24,472766
2017-06-25,472888
2017-06-26,473030
2017-06-27,473161
2017-06-28,473318
2017-06-29,473438
2017-06-30,473592
2017-07-01,473756
2017-07-02,473944
2017-07-03,474114
2017-07-04,474267
2017-07-05,474416
2017-07-06,474558
2017-07-07,474706
2017-07-08,474871
2017-07-09,475009
2017-07-10,475206
2017-07-11,475379
2017-07-12,475556
2017-07-13,475713
2017-07-14,475852
2017-07-15,475979
2017-07-16,476142
2017-07-17,476290
2017-07-18,476455
2017-07-19,476604
2017-07-20,476766
2017-07-21,476920
2017-07-22,477080
2017-07-23,477252
2017-07-24,477430
2017-07-25,477578
2017-07-26,477725
2017-07-27,477879
2017-07-28,478029
2017-07-29,478186
2017-07-30,478333
2017-07-31,478478
2017-08-01,478627
2017-08-02,478779
2017-08-03,478917
2017-08-04,479096
2017-08-05,479273
2017-08-06,479413
2017-08-07,479566
2017-08-08,479730
2017-08-09,479868
2017-08-10,480002
2017-08-11,480146
2017-08-12,480281
2017-08-13,480429
2017-08-14,480559
2017-08-15,480711
2017-08-16,480841
2017-08-17,481020
2017-08-18,481169
2017-08-19,481320
2017-08-20,481450
2017-08-21,481565
2017-08-22,481654
2017-08-23,481813
2017-08-24,481914
2017-08-25,482015
2017-08-26,482120
2017-08-27,482275
2017-08-28,482404
2017-08-29,482553
2017-08-30,482721
2017-08-31,482884
2017-09-01,483058
2017-09-02,483222
2017-09-03,483376
2017-09-04,483551
2017-09-05,483748
2017-09-06,483910
2017-09-07,484086
2017-09-08,484261
2017-09-09,484430
2017-09-10,484568
2017-09-11,484742
2017-09-12,484930
2017-09-13,485120
2017-09-14,485294
2017-09-15,485474
2017-09-16,485643
2017-09-17,485819
2017-09-18,485946
2017-09-19,486102
2017-09-20,486219
2017-09-21,486395
2017-09-22,486534
2017-09-23,486700
2017-09-24,486845
2017-09-25,486970
2017-09-26,487108
2017-09-27,487255
2017-09-28,487432
2017-09-29,487601
2017-09-30,487739
2017-10-01,487869
2017-10-02,488019
2017-10-03,488202
2017-10-04,488336
2017-10-05,488461
2017-10-06,488620
2017-10-07,488778
2017-10-08,488960
2017-10-09,489121
2017-10-10,489281
2017-10-11,489420
2017-10-12,489573
2017-10-13,489709
2017-10-14,489850
2017-10-15,490045
2017-10-16,490219
2017-10-17,490383
2017-10-18,490534
2017-10-19,490712
2017-10-20,490891
2017-10-21,491044
2017-10-22,491226
2017-10-23,491397
2017-10-24,491564
2017-10-25,491749
2017-10-26,491929
2017-10-27,492033
2017-10-28,492118
2017-10-29,492272
2017-10-30,492419
2017-10-31,492557
2017-11-01,492713
2017-11-02,492863
2017-11-03,492982
2017-11-04,493112
2017-11-05,493253
2017-11-06,493386
2017-11-07,493542
2017-11-08,493686
2017-11-09,493839
2017-11-10,493959
2017-11-11,494039
2017-11-12,494119
2017-11-13,494259
2017-11-14,494387
2017-11-15,494539
2017-11-16,494691
2017-11-17,494858
2017-11-18,494994
2017-11-19,495154
2017-11-20,495329
2017-11-21,495502
2017-11-22,495650
2017-11-23,495807
2017-11-24,495956
2017-11-25,496112
2017-11-26,496265
2017-11-27,496435
2017-11-28,496591
2017-11-29,496764
2017-11-30,496931
2017-12-01,497114
2017-12-02,497275
2017-12-03,497451
2017-12-04,497632
2017-12-05,497810
2017-12-06,497998
2017-12-07,498150
2017-12-08,498306
2017-12-09,498480
2017-12-10,498644
2017-12-11,498815
2017-12-12,498971
2017-12-13,499157
2017-12-14,499342
2017-12-15,499511
2017-12-16,499682
2017-12-17,499867
2017-12-18,500049
2017-12-19,500189
2017-12-20,500325
2017-12-21,500457
2017-12-22,500612
2017-12-23,500751
2017-12-24,500903
2017-12-25,501038
2017-12-26,501180
2017-12-27,501336
2017-12-28,501485
2017-12-29,501650
2017-12-30,501797
2017-12-31,501960
2018-01-01,502116
2018-01-02,502287
2018-01-03,502444
2018-01-04,502612
2018-01-05,502755
2018-01-06,502923
2018-01-07,503085
2018-01-08,503251
2018-01-09,503415
2018-01-10,503581
2018-01-11,503774
2018-01-12,503952
2018-01-13,504101
2018-01-14,504256
2018-01-15,504406
2018-01-16,504565
2018-01-17,504732
2018-01-18,504905
2018-01-19,505070
2018-01-20,505248
2018-01-21,505435
2018-01-22,505602
2018-01-23,505779
2018-01-24,505955
2018-01-25,506113
2018-01-26,506268
2018-01-27,506425
2018-01-28,506583
2018-01-29,506731
2018-01-30,506898
2018-01-31,507015
2018-02-01,507175
2018-02-02,507343
2018-02-03,507501
2018-02-04,507679
2018-02-05,507864
2018-02-06,508034
2018-02-07,508175
2018-02-08,508306
2018-02-09,508441
2018-02-10,508584
2018-02-11,508735
2018-02-12,508901
2018-02-13,509065
2018-02-14,509244
2018-02-15,509375
2018-02-16,509532
2018-02-17,509681
2018-02-18,509843
2018-02-19,510005
2018-02-20,510146
2018-02-21,510315
2018-02-22,510464
2018-02-23,510612
2018-02-24,510757
2018-02-25,510928
2018-02-26,511069
2018-02-27,511229
2018-02-28,511384
2018-03-01,511549
2018-03-02,511705
2018-03-03,511885
2018-03-04,512033
2018-03-05,512182
2018-03-06,512338
2018-03-07,512495
2018-03-08,512657
2018-03-09,512803
2018-03-10,512943
2018-03-11,513096
2018-03-12,513257
2018-03-13,513415
2018-03-14,513559
2018-03-15,513703
2018-03-16,513859
2018-03-17,514008
2018-03-18,514159
2018-03-19,514314
2018-03-20,514441
2018-03-21,514593
2018-03-22,514736
2018-03-23,514869
2018-03-24,515025
2018-03-25,515160
2018-03-26,515310
2018-03-27,515462
2018-03-28,515597
2018-03-29,515749
2018-03-30,515911
2018-03-31,516039
2018-04-01,516201
2018-04-02,516357
2018-04-03,516520
2018-04-04,516667
2018-04-05,516823
2018-04-06,516961
2018-04-07,517141
2018-04-08,517302
2018-04-09,517449
2018-04-10,517613
2018-04-11,517774
2018-04-12,517928
2018-04-13,518093
2018-04-14,518230
2018-04-15,518393
2018-04-16,518534
2018-04-17,518696
2018-04-18,518856
2018-04-19,519034
2018-04-20,519171
2018-04-21,519330
2018-04-22,519490
2018-04-23,519643
2018-04-24,519802
2018-04-25,519925
2018-04-26,520066
2018-04-27,520208
2018-04-28,520336
2018-04-29,520494
2018-04-30,520649
2018-05-01,520807
2018-05-02,520947
2018-05-03,521098
2018-05-04,521236
2018-05-05,521397
2018-05-06,521534
2018-05-07,521684
2018-05-08,521823
2018-05-09,521983
2018-05-10,522137
2018-05-11,522264
2018-05-12,522429
2018-05-13,522577
2018-05-14,522709
2018-05-15,522855
2018-05-16,523034
2018-05-17,523166
2018-05-18,523314
2018-05-19,523468
2018-05-20,523612
2018-05-21,523769
2018-05-22,523920
2018-05-23,524082
2018-05-24,524225
2018-05-25,524401
2018-05-26,524563
2018-05-27,524727
2018-05-28,524883
2018-05-29,525022
2018-05-30,525196
2018-05-31,525366
2018-06-01,525532
2018-06-02,525684
2018-06-03,525847
2018-06-04,526030
2018-06-05,526205
2018-06-06,526352
2018-06-07,526495
2018-06-08,526640
2018-06-09,526783
2018-06-10,526910
2018-06-11,527050
2018-06-12,527195
2018-06-13,527338
2018-06-14,527491
2018-06-15,527644
2018-06-16,527810
2018-06-17,527967
2018-06-18,528131
2018-06-19,528286
2018-06-20,528441
2018-06-21,528611
2018-06-22,528762
2018-06-23,528922
2018-06-24,529093
2018-06-25,529250
2018-06-26,529396
2018-06-27,529517
2018-06-28,529674
2018-06-29,529825
2018-06-30,529966
2018-07-01,530113
2018-07-02,530254
2018-07-03,530370
2018-07-04,530504
2018-07-05,530641
2018-07-06,530801
2018-07-07,530957
2018-07-08,531115
2018-07-09,531251
2018-07-10,531400
2018-07-11,531535
2018-07-12,531676
2018-07-13,531819
2018-07-14,531952
2018-07-15,532085
2018-07-16,532205
2018-07-17,532364
2018-07-18,532538
2018-07-19,532709
2018-07-20,532863
2018-07-21,533000
2018-07-22,533182
2018-07-23,533348
2018-07-24,533507
2018-07-25,533684
2018-07-26,533849
2018-07-27,534016
2018-07-28,534161
2018-07-29,534331
2018-07-30,534465
2018-07-31,534612
2018-08-01,534762
2018-08-02,534915
2018-08-03,535081
2018-08-04,535257
2018-08-05,535417
2018-08-06,535548
2018-08-07,535699
2018-08-08,535856
2018-08-09,536005
2018-08-10,536181
2018-08-11,536351
2018-08-12,536506
2018-08-13,536656
2018-08-14,536792
2018-08-15,536953
2018-08-16,537111
2018-08-17,537263
2018-08-18,537423
2018-08-19,537568
2018-08-20,537718
2018-08-21,537866
2018-08-22,538026
2018-08-23,538175
2018-08-24,538321
2018-08-25,538456
2018-08-26,538629
2018-08-27,538814
2018-08-28,538967
2018-08-29,539106
2018-08-30,539260
2018-08-31,539415
2018-09-01,539566
2018-09-02,539710
2018-09-03,539854
2018-09-04,539980
2018-09-05,540112
2018-09-06,540262
2018-09-07,540414
2018-09-08,540564
2018-09-09,540727
2018-09-10,540862
2018-09-11,541003
2018-09-12,541171
2018-09-13,541319
2018-09-14,541451
2018-09-15,541591
2018-09-16,541730
2018-09-17,541865
2018-09-18,542007
2018-09-19,542163
2018-09-20,542317
2018-09-21,542461
2018-09-22,542616
2018-09-23,542766
2018-09-24,542914
2018-09-25,543083
2018-09-26,543222
2018-09-27,543365
2018-09-28,543519
2018-09-29,543671
2018-09-30,543834
2018-10-01,543992
2018-10-02,544129
2018-10-03,544274
2018-10-04,544424
2018-10-05,544554
2018-10-06,544679
2018-10-07,544821
2018-10-08,544956
2018-10-09,545086
2018-10-10,545230
2018-10-11,545389
2018-10-12,545521
2018-10-13,545662
2018-10-14,545776
2018-10-15,545938
2018-10-16,546073
2018-10-17,546211
2018-10-18,546349
2018-10-19,546491
2018-10-20,546634
2018-10-21,546772
2018-10-22,546927
2018-10-23,547081
2018-10-24,547194
2018-10-25,547331
2018-10-26,547474
2018-10-27,547610
2018-10-28,547750
2018-10-29,547896
2018-10-30,548050
2018-10-31,548213
2018-11-01,548367
2018-11-02,548510
2018-11-03,548671
2018-11-04,548794
2018-11-05,548938
2018-11-06,549066
2018-11-07,549196
2018-11-08,549317
2018-11-09,549444
2018-11-10,549575
2018-11-11,549721
2018-11-12,549861
2018-11-13,549981
2018-11-14,550116
2018-11-15,550243
2018-11-16,550369
2018-11-17,550514
2018-11-18,550637
2018-11-19,550763
2018-11-20,550895
2018-11-21,551000
2018-11-22,551122
2018-11-23,551247
2018-11-24,551390
2018-11-25,551517
2018-11-26,551628
2018-11-27,551759
2018-11-28,551877
2018-11-29,551982
2018-11-30,552083
2018-12-01,552207
2018-12-02,552321
2018-12-03,552435
2018-12-04,552573
2018-12-05,552703
2018-12-06,552838
2018-12-07,552952
2018-12-08,553079
2018-12-09,553207
2018-12-10,553331
2018-12-11,553456
2018-12-12,553576
2018-12-13,553707
2018-12-14,553853
2018-12-15,554002
2018-12-16,554117
2018-12-17,554277
2018-12-18,554405
2018-12-19,554554
2018-12-20,554689
2018-12-21,554829
2018-12-22,555004
2018-12-23,555180
2018-12-24,555332
2018-12-25,555491
2018-12-26,555648
2018-12-27,555822
2018-12-28,555989
2018-12-29,556127
2018-12-30,556303
2018-12-31,556458
2019-01-01,556607
2019-01-02,556758
2019-01-03,556913
2019-01-04,557062
2019-01-05,557225
2019-01-06,557366
2019-01-07,557507
2019-01-08,557676
2019-01-09,557840
2019-01-10,557996
2019-01-11,558144
2019-01-12,558282
2019-01-13,558419
2019-01-14,558568
2019-01-15,558700
2019-01-16,558833
2019-01-17,558960
2019-01-18,559098
2019-01-19,559231
2019-01-20,559388
2019-01-21,559538
2019-01-22,559668
2019-01-23,559814
2019-01-24,559976
2019-01-25,560114
2019-01-26,560264
2019-01-27,560401
2019-01-28,560546
2019-01-29,560692
2019-01-30,560828
2019-01-31,560983
2019-02-01,561141
2019-02-02,561285
2019-02-03,561423
2019-02-04,561570
2019-02-05,561717
2019-02-06,561881
2019-02-07,562055
2019-02-08,562218
2019-02-09,562368
2019-02-10,562508
2019-02-11,562653
2019-02-12,562781
2019-02-13,562934
2019-02-14,563075
2019-02-15,563202
2019-02-16,563352
2019-02-17,563511
2019-02-18,563666
2019-02-19,563822
2019-02-20,563952
2019-02-21,564071
2019-02-22,564233
2019-02-23,564376
2019-02-24,564513
2019-02-25,564656
2019-02-26,564817
2019-02-27,564958
2019-02-28,565108
2019-03-01,565270
2019-03-02,565402
2019-03-03,565548
2019-03-04,565685
2019-03-05,565834
2019-03-06,565962
2019-03-07,566104
2019-03-08,566250
2019-03-09,566388
2019-03-10,566524
2019-03-11,566666
2019-03-12,566809
2019-03-13,566944
2019-03-14,567099
2019-03-15,567252
2019-03-16,567415
2019-03-17,567561
2019-03-18,567722
2019-03-19,567896
2019-03-20,568057
2019-03-21,568200
2019-03-22,568361
2019-03-23,568506
2019-03-24,568656
2019-03-25,568804
2019-03-26,568938
2019-03-27,569087
2019-03-28,569233
2019-03-29,569380
2019-03-30,569519
2019-03-31,569658
2019-04-01,569794
2019-04-02,569951
2019-04-03,570093
2019-04-04,570233
2019-04-05,570391
2019-04-06,570530
2019-04-07,570671
2019-04-08,570819
2019-04-09,570951
2019-04-10,571099
2019-04-11,571256
2019-04-12,571407
2019-04-13,571542
2019-04-14,571664
2019-04-15,571809
2019-04-16,571954
2019-04-17,572092
2019-04-18,572241
2019-04-19,572393
2019-04-20,572524
2019-04-21,572686
2019-04-22,572820
2019-04-23,572936
2019-04-24,573099
2019-04-25,573242
2019-04-26,573393
2019-04-27,573530
2019-04-28,573693
2019-04-29,573856
2019-04-30,573996
2019-05-01,574167
2019-05-02,574351
2019-05-03,574503
2019-05-04,574635
2019-05-05,574764
2019-05-06,574915
2019-05-07,575042
2019-05-08,575194
2019-05-09,575344
2019-05-10,575469
2019-05-11,575599
2019-05-12,575757
2019-05-13,575924
2019-05-14,576076
2019-05-15,576225
2019-05-16,576371
2019-05-17,576522
2019-05-18,576675
2019-05-19,576838
2019-05-20,576999
2019-05-21,577152
2019-05-22,577319
2019-05-23,577477
2019-05-24,577630
2019-05-25,577770
2019-05-26,577935
2019-05-27,578102
2019-05-28,578266
2019-05-29,578440
2019-05-30,578600
2019-05-31,578717
2019-06-01,578868
2019-06-02,578999
2019-06-03,579118
2019-06-04,579272
2019-06-05,579432
2019-06-06,579589
2019-06-07,579747
2019-06-08,579871
2019-06-09,580018
2019-06-10,580175
2019-06-11,580318
2019-06-12,580449
2019-06-13,580600
2019-06-14,580769
2019-06-15,580915
2019-06-16,581045
2019-06-17,581178
2019-06-18,581341
2019-06-19,581518
2019-06-20,581662
2019-06-21,581795
2019-06-22,581936
2019-06-23,582117
2019-06-24,582294
2019-06-25,582440
2019-06-26,582605
2019-06-27,582747
2019-06-28,582910
2019-06-29,583084
2019-06-30,583236
2019-07-01,583379
2019-07-02,583537
2019-07-03,583709
2019-07-04,583876
2019-07-05,584065
2019-07-06,584243
2019-07-07,584396
2019-07-08,584574
2019-07-09,584728
2019-07-10,584857
2019-07-11,584986
2019-07-12,585150
2019-07-13,585291
2019-07-14,585436
2019-07-15,585582
2019-07-16,585744
2019-07-17,585877
2019-07-18,585998
2019-07-19,586116
2019-07-20,586293
2019-07-21,586442
2019-07-22,586600
2019-07-23,586743
2019-07-24,586882
2019-07-25,587032
2019-07-26,587198
2019-07-27,587350
2019-07-28,587525
2019-07-29,587693
2019-07-30,587835
2019-07-31,588006
2019-08-01,588148
2019-08-02,588317
2019-08-03,588490
2019-08-04,588657
2019-08-05,588800
2019-08-06,588961
2019-08-07,589114
2019-08-08,589256
2019-08-09,589403
2019-08-10,589554
2019-08-11,589707
2019-08-12,589840
2019-08-13,589997
2019-08-14,590149
2019-08-15,590306
2019-08-16,590453
2019-08-17,590581
2019-08-18,590707
2019-08-19,590870
2019-08-20,591023
2019-08-21,591159
2019-08-22,591300
2019-08-23,591453
2019-08-24,591613
2019-08-25,591768
2019-08-26,591905
2019-08-27,592040
2019-08-28,592191
2019-08-29,592356
2019-08-30,592516
2019-08-31,592682
2019-09-01,592825
2019-09-02,592974
2019-09-03,593138
2019-09-04,593274
2019-09-05,593439
2019-09-06,593597
2019-09-07,593747
2019-09-08,593924
2019-09-09,594070
2019-09-10,594252
2019-09-11,594436
2019-09-12,594594
2019-09-13,594744
2019-09-14,594899
2019-09-15,595046
2019-09-16,595209
2019-09-17,595357
2019-09-18,595531
2019-09-19,595679
2019-09-20,595830
2019-09-21,595996
2019-09-22,596162
2019-09-23,596276
2019-09-24,596433
2019-09-25,596589
2019-09-26,596760
2019-09-27,596892
2019-09-28,597051
2019-09-29,597187
2019-09-30,597317
2019-10-01,597460
2019-10-02,597608
2019-10-03,597755
2019-10-04,597902
2019-10-05,598060
2019-10-06,598209
2019-10-07,598364
2019-10-08,598526
2019-10-09,598664
2019-10-10,598826
2019-10-11,598982
2019-10-12,599115
2019-10-13,599257
2019-10-14,599392
2019-10-15,599545
2019-10-16,599688
2019-10-17,599838
2019-10-18,599998
2019-10-19,600140
2019-10-20,600286
2019-10-21,600445
2019-10-22,600614
2019-10-23,600782
2019-10-24,600915
2019-10-25,601053
2019-10-26,601193
2019-10-27,601308
2019-10-28,601442
2019-10-29,601575
2019-10-30,601709
2019-10-31,601841
2019-11-01,601971
2019-11-02,602105
2019-11-03,602243
2019-11-04,602375
2019-11-05,602519
2019-11-06,602651
2019-11-07,602786
2019-11-08,602914
2019-11-09,603058
2019-11-10,603224
2019-11-11,603375
2019-11-12,603510
2019-11-13,603645
2019-11-14,603814
2019-11-15,603972
2019-11-16,604120
2019-11-17,604274
2019-11-18,604414
2019-11-19,604561
2019-11-20,604703
2019-11-21,604840
2019-11-22,604972
2019-11-23,605145
2019-11-24,605276
2019-11-25,605401
2019-11-26,605523
2019-11-27,605662
2019-11-28,605825
2019-11-29,605961
2019-11-30,606087
2019-12-01,606226
2019-12-02,606371
2019-12-03,606529
2019-12-04,606696
2019-12-05,606841
2019-12-06,606986
2019-12-07,607141
2019-12-08,607289
2019-12-09,607437
2019-12-10,607585
2019-12-11,607717
2019-12-12,607850
2019-12-13,608002
2019-12-14,608153
2019-12-15,608277
2019-12-16,608434
2019-12-17,608575
2019-12-18,608709
2019-12-19,608866
2019-12-20,609022
2019-12-21,609198
2019-12-22,609367
2019-12-23,609510
2019-12-24,609635
2019-12-25,609763
2019-12-26,609930
2019-12-27,610075
2019-12-28,610224
2019-12-29,610379
2019-12-30,610545
2019-12-31,610690
2020-01-01,610864
2020-01-02,611005
2020-01-03,611174
2020-01-04,611342
2020-01-05,611505
2020-01-06,611640
2020-01-07,611816
2020-01-08,611958
2020-01-09,612115
2020-01-10,612264
2020-01-11,612427
2020-01-12,612578
2020-01-13,612721
2020-01-14,612866
2020-01-15,613017
2020-01-16,613176
2020-01-17,613335
2020-01-18,613467
2020-01-19,613617
2020-01-20,613769
2020-01-21,613922
2020-01-22,614078
2020-01-23,614237
2020-01-24,614389
2020-01-25,614553
2020-01-26,614696
2020-01-27,614825
2020-01-28,614967
2020-01-29,615127
2020-01-30,615283
2020-01-31,615427
2020-02-01,615578
2020-02-02,615721
2020-02-03,615869
2020-02-04,616001
2020-02-05,616160
2020-02-06,616295
2020-02-07,616434
2020-02-08,616573
2020-02-09,616726
2020-02-10,616848
2020-02-11,616996
2020-02-12,617138
2020-02-13,617279
2020-02-14,617414
2020-02-15,617556
2020-02-16,617698
2020-02-17,617855
2020-02-18,618005
2020-02-19,618146
2020-02-20,618272
2020-02-21,618426
2020-02-22,618574
2020-02-23,618716
2020-02-24,618857
2020-02-25,619001
2020-02-26,619137
2020-02-27,619284
2020-02-28,619442
2020-02-29,619581
2020-03-01,619758
2020-03-02,619907
2020-03-03,620060
2020-03-04,620227
2020-03-05,620390
2020-03-06,620545
2020-03-07,620702
2020-03-08,620860
2020-03-09,621010
2020-03-10,621142
2020-03-11,621261
2020-03-12,621412
2020-03-13,621537
2020-03-14,621665
2020-03-15,621784
2020-03-16,621903
2020-03-17,622026
2020-03-18,622126
2020-03-19,622233
2020-03-20,622342
2020-03-21,622466
2020-03-22,622593
2020-03-23,622705
2020-03-24,622837
2020-03-25,622929
2020-03-26,623089
2020-03-27,623244
2020-03-28,623379
2020-03-29,623530
2020-03-30,623677
2020-03-31,623836
2020-04-01,623989
2020-04-02,624142
2020-04-03,624274
2020-04-04,624431
2020-04-05,624606
2020-04-06,624734
2020-04-07,624902
2020-04-08,625046
2020-04-09,625200
2020-04-10,625363
2020-04-11,625522
2020-04-12,625675
2020-04-13,625846
2020-04-14,626014
2020-04-15,626183
2020-04-16,626337
2020-04-17,626464
2020-04-18,626622
2020-04-19,626774
2020-04-20,626935
2020-04-21,627084
2020-04-22,627215
2020-04-23,627357
2020-04-24,627501
2020-04-25,627637
2020-04-26,627774
2020-04-27,627915
2020-04-28,628069
2020-04-29,628214
2020-04-30,628349
2020-05-01,628490
2020-05-02,628638
2020-05-03,628806
2020-05-04,628964
2020-05-05,629122
2020-05-06,629276
2020-05-07,629423
2020-05-08,629560
2020-05-09,629696
2020-05-10,629866
2020-05-11,630023
2020-05-12,630169
2020-05-13,630288
2020-05-14,630402
2020-05-15,630527
2020-05-16,630653
2020-05-17,630755
2020-05-18,630883
2020-05-19,630998
2020-05-20,631113
2020-05-21,631244
2020-05-22,631355
2020-05-23,631474
2020-05-24,631590
2020-05-25,631715
2020-05-26,631839
2020-05-27,631977
2020-05-28,632108
2020-05-29,632235
2020-05-30,632391
2020-05-31,632541
2020-06-01,632675
2020-06-02,632804
2020-06-03,632943
2020-06-04,633094
2020-06-05,633273
2020-06-06,633469
2020-06-07,633628
2020-06-08,633790
2020-06-09,633950
2020-06-10,634114
2020-06-11,634299
2020-06-12,634462
2020-06-13,634620
2020-06-14,634790
2020-06-15,634928
2020-06-16,635078
2020-06-17,635216
2020-06-18,635339
2020-06-19,635482
2020-06-20,635619
2020-06-21,635765
2020-06-22,635908
2020-06-23,636066
2020-06-24,636205
2020-06-25,636346
2020-06-26,636510
2020-06-27,636648
2020-06-28,636798
2020-06-29,636943
2020-06-30,637090
2020-07-01,637252
2020-07-02,637416
2020-07-03,637579
2020-07-04,637736
2020-07-05,637899
2020-07-06,638053
2020-07-07,638214
2020-07-08,638365
2020-07-09,638529
2020-07-10,638690
2020-07-11,638846
2020-07-12,638998
2020-07-13,639145
2020-07-14,639289
2020-07-15,639427
2020-07-16,639563
2020-07-17,639681
2020-07-18,639811
2020-07-19,639942
2020-07-20,640083
2020-07-21,640208
2020-07-22,640352
2020-07-23,640488
2020-07-24,640649
2020-07-25,640791
2020-07-26,640949
2020-07-27,641098
2020-07-28,641243
2020-07-29,641391
2020-07-30,641526
2020-07-31,641679
2020-08-01,641816
2020-08-02,641957
2020-08-03,642119
2020-08-04,642264
2020-08-05,642393
2020-08-06,642549
2020-08-07,642701
2020-08-08,642843
2020-08-09,642999
2020-08-10,643136
2020-08-11,643290
2020-08-12,643447
2020-08-13,643594
2020-08-14,643761
2020-08-15,643917
2020-08-16,644069
2020-08-17,644194
2020-08-18,644334
2020-08-19,644472
2020-08-20,644618
2020-08-21,644773
2020-08-22,644909
2020-08-23,645066
2020-08-24,645215
2020-08-25,645343
2020-08-26,645485
2020-08-27,645614
2020-08-28,645777
2020-08-29,645923
2020-08-30,646050
2020-08-31,646200
2020-09-01,646354
2020-09-02,646498
2020-09-03,646627
2020-09-04,646762
2020-09-05,646903
2020-09-06,647053
2020-09-07,647228
2020-09-08,647383
2020-09-09,647532
2020-09-10,647690
2020-09-11,647828
2020-09-12,647998
2020-09-13,648160
2020-09-14,648336
2020-09-15,648492
2020-09-16,648647
2020-09-17,648825
2020-09-18,648990
2020-09-19,649139
2020-09-20,649281
2020-09-21,649426
2020-09-22,649555
2020-09-23,649697
2020-09-24,649834
2020-09-25,650003
2020-09-26,650153
2020-09-27,650305
2020-09-28,650434
2020-09-29,650575
2020-09-30,650731
2020-10-01,650855
2020-10-02,650991
2020-10-03,651142
2020-10-04,651300
2020-10-05,651440
2020-10-06,651570
2020-10-07,651721
2020-10-08,651883
2020-10-09,652025
2020-10-10,652168
2020-10-11,652308
2020-10-12,652457
2020-10-13,652623
2020-10-14,652772
2020-10-15,652923
2020-10-16,653078
2020-10-17,653235
2020-10-18,653355
2020-10-19,653480
2020-10-20,653624
2020-10-21,653754
2020-10-22,653891
2020-10-23,654022
2020-10-24,654174
2020-10-25,654291
2020-10-26,654401
2020-10-27,654500
2020-10-28,654600
2020-10-29,654708
2020-10-30,654819
2020-10-31,654932
2020-11-01,655057
2020-11-02,655152
2020-11-03,655292
2020-11-04,655451
2020-11-05,655598
2020-11-06,655751
2020-11-07,655897
2020-11-08,656035
2020-11-09,656220
2020-11-10,656367
2020-11-11,656514
2020-11-12,656674
2020-11-13,656813
2020-11-14,656955
2020-11-15,657105
2020-11-16,657265
2020-11-17,657422
