t,transactions_transfers_volume_entity_adjusted_sum
2010-01-01,6700.0
2010-01-02,6300.0
2010-01-03,9300.0
2010-01-04,29854.35
2010-01-05,9900.0
2010-01-06,8150.0
2010-01-07,7700.0
2010-01-08,7650.0
2010-01-09,7550.0
2010-01-10,9500.0
2010-01-11,7950.0
2010-01-12,18699.26
2010-01-13,8206.0
2010-01-14,7555.0
2010-01-15,7250.74
2010-01-16,6501.0
2010-01-17,6550.0
2010-01-18,6300.0
2010-01-19,6200.0
2010-01-20,7900.0
2010-01-21,9000.0
2010-01-22,6900.0
2010-01-23,8049.0
2010-01-24,7750.0
2010-01-25,13775.0
2010-01-26,10499.0
2010-01-27,9200.0
2010-01-28,9900.0
2010-01-29,10800.0
2010-01-30,12200.0
2010-01-31,9350.0
2010-02-01,11100.0
2010-02-02,8300.0
2010-02-03,13800.0
2010-02-04,13450.0
2010-02-05,23317.8
2010-02-06,11700.0
2010-02-07,11300.0
2010-02-08,16002.0
2010-02-09,31200.44
2010-02-10,38700.0
2010-02-11,12150.0
2010-02-12,14800.0
2010-02-13,17799.0
2010-02-14,24266.34
2010-02-15,13349.98
2010-02-16,10513.37
2010-02-17,56684.17
2010-02-18,13250.0
2010-02-19,9650.03
2010-02-20,11050.0
2010-02-21,17416.83
2010-02-22,27300.0
2010-02-23,12550.0
2010-02-24,13850.0
2010-02-25,14800.0
2010-02-26,19500.0
2010-02-27,9050.0
2010-02-28,13050.0
2010-03-01,11350.0
2010-03-02,11400.0
2010-03-03,15800.0
2010-03-04,28600.0
2010-03-05,8700.0
2010-03-06,32596.49
2010-03-07,14650.0
2010-03-08,15295.18
2010-03-09,11350.0
2010-03-10,10650.0
2010-03-11,9850.0
2010-03-12,6400.0
2010-03-13,9450.0
2010-03-14,7800.0
2010-03-15,6852.0
2010-03-16,7501.0
2010-03-17,8050.0
2010-03-18,10870.0
2010-03-19,13996.0
2010-03-20,14065.0
2010-03-21,9602.0
2010-03-22,10900.0
2010-03-23,14329.76
2010-03-24,10300.0
2010-03-25,26400.0
2010-03-26,13847.86
2010-03-27,11476.7
2010-03-28,11450.0
2010-03-29,13200.0
2010-03-30,11300.0
2010-03-31,11923.48
2010-04-01,9800.0
2010-04-02,8800.0
2010-04-03,9750.0
2010-04-04,11955.26
2010-04-05,15004.18
2010-04-06,13018.37
2010-04-07,15003.1
2010-04-08,12183.0
2010-04-09,21603.63
2010-04-10,27304.02
2010-04-11,25292.4
2010-04-12,30750.0
2010-04-13,11810.0
2010-04-14,15132.5
2010-04-15,69034.7
2010-04-16,22958.24
2010-04-17,15023.53
2010-04-18,21641.92
2010-04-19,27812.61
2010-04-20,21410.0
2010-04-21,18555.61
2010-04-22,26753.7
2010-04-23,10437.9
2010-04-24,11457.0
2010-04-25,22840.9
2010-04-26,14399.84
2010-04-27,16117.33
2010-04-28,16399.1
2010-04-29,12537.66
2010-04-30,65518.31
2010-05-01,14348.6
2010-05-02,9849.0
2010-05-03,15401.0
2010-05-04,25100.05
2010-05-05,25660.65
2010-05-06,21550.01
2010-05-07,24650.0
2010-05-08,21760.0
2010-05-09,14863.88
2010-05-10,14292.66
2010-05-11,7200.15
2010-05-12,24320.11
2010-05-13,15361.56
2010-05-14,21357.51
2010-05-15,7263.64
2010-05-16,7988.64
2010-05-17,17111.48
2010-05-18,16225.0
2010-05-19,21427.9
2010-05-20,13736.01
2010-05-21,47658.98
2010-05-22,36549.46
2010-05-23,31389.36
2010-05-24,14841.0
2010-05-25,16600.0
2010-05-26,26717.47
2010-05-27,23797.6
2010-05-28,39812.91
2010-05-29,52273.94
2010-05-30,12712.3
2010-05-31,13460.0
2010-06-01,13643.84
2010-06-02,14655.41
2010-06-03,16685.55
2010-06-04,38627.35
2010-06-05,11900.0
2010-06-06,14103.31
2010-06-07,31999.8
2010-06-08,17400.0
2010-06-09,60890.69
2010-06-10,34338.86
2010-06-11,15081.24
2010-06-12,19155.1
2010-06-13,21435.63
2010-06-14,27666.01
2010-06-15,29033.0
2010-06-16,33745.08
2010-06-17,28984.45
2010-06-18,16430.34
2010-06-19,60017.79
2010-06-20,31963.0
2010-06-21,18112.09
2010-06-22,24868.49
2010-06-23,33740.0
2010-06-24,33419.37
2010-06-25,22963.0
2010-06-26,46201.37
2010-06-27,16283.0
2010-06-28,34161.05
2010-06-29,36292.31
2010-06-30,59441.38
2010-07-01,35654.41
2010-07-02,58755.23
2010-07-03,36665.0
2010-07-04,24809.5
2010-07-05,58192.01
2010-07-06,27731.0
2010-07-07,34366.15
2010-07-08,19006.0
2010-07-09,20099.0
2010-07-10,24603.87
2010-07-11,32852.0
2010-07-12,166958.24
2010-07-13,79287.52
2010-07-14,83977.73
2010-07-15,107928.46
2010-07-16,60562.2
2010-07-17,29861.21
2010-07-18,40370.37
2010-07-19,50097.68
2010-07-20,23965.7
2010-07-21,31696.49
2010-07-22,44949.71
2010-07-23,28107.04
2010-07-24,48989.91
2010-07-25,44426.09
2010-07-26,84936.99
2010-07-27,26774.06
2010-07-28,73949.56
2010-07-29,23087.54
2010-07-30,28260.5
2010-07-31,23707.13
2010-08-01,79127.98
2010-08-02,75246.65
2010-08-03,40342.11
2010-08-04,28146.79
2010-08-05,39033.04
2010-08-06,23796.23
2010-08-07,23964.13
2010-08-08,19170.89
2010-08-09,76577.38
2010-08-10,33584.77
2010-08-11,58290.16
2010-08-12,23957.35
2010-08-13,35378.7
2010-08-14,23700.43
2010-08-15,22583.07
2010-08-16,52961.19
2010-08-17,43854.03
2010-08-18,35055.26
2010-08-19,22543.16
2010-08-20,30809.01
2010-08-21,42065.54
2010-08-22,25433.35
2010-08-23,24697.75
2010-08-24,25901.24
2010-08-25,23327.62
2010-08-26,23877.73
2010-08-27,34131.72
2010-08-28,23146.8599979
2010-08-29,15648.22
2010-08-30,20459.3600009
2010-08-31,45058.119999
2010-09-01,32323.8199974
2010-09-02,32515.1400001
2010-09-03,28882.62
2010-09-04,32465.5
2010-09-05,88033.34
2010-09-06,81271.2399984
2010-09-07,24715.59
2010-09-08,23054.9999966
2010-09-09,34812.4699982
2010-09-10,20379.219998
2010-09-11,15450.1
2010-09-12,27299.6100003
2010-09-13,78959.9200001
2010-09-14,35011.39
2010-09-15,43039.88039648
2010-09-16,39257.11
2010-09-17,54410.34
2010-09-18,40362.13
2010-09-19,49840.99960352
2010-09-20,41636.75
2010-09-21,26978.7200001
2010-09-22,45974.72
2010-09-23,126807.73
2010-09-24,29824.84
2010-09-25,37451.96
2010-09-26,30797.75
2010-09-27,41526.94
2010-09-28,84435.37190149
2010-09-29,38723.77
2010-09-30,41868.29
2010-10-01,55813.69280516
2010-10-02,333733.41776813
2010-10-03,47460.27776625
2010-10-04,96145.37000099
2010-10-05,141162.2600001
2010-10-06,97752.22000109
2010-10-07,108869.64
2010-10-08,135460.77
2010-10-09,143576.13
2010-10-10,104639.78
2010-10-11,54100.33000109
2010-10-12,72137.6
2010-10-13,55516.2
2010-10-14,104330.73
2010-10-15,87275.18
2010-10-16,105809.74000109
2010-10-17,32834.98
2010-10-18,63923.0
2010-10-19,61544.05
2010-10-20,58261.37
2010-10-21,109621.55776615
2010-10-22,60918.8
2010-10-23,37085.81
2010-10-24,95123.25
2010-10-25,68580.97
2010-10-26,83213.72
2010-10-27,100542.05
2010-10-28,103335.0
2010-10-29,57460.84
2010-10-30,48528.91
2010-10-31,62417.16
2010-11-01,41458.23
2010-11-02,57016.26
2010-11-03,44863.97
2010-11-04,145054.41
2010-11-05,46587.91
2010-11-06,115519.92
2010-11-07,71569.44
2010-11-08,431250.06
2010-11-09,41131.92
2010-11-10,44487.53
2010-11-11,31394.72
2010-11-12,28315.63
2010-11-13,37150.52
2010-11-14,46049.0
2010-11-15,68787.24
2010-11-16,41413.44
2010-11-17,49815.98
2010-11-18,37858.38
2010-11-19,36612.81
2010-11-20,54307.2
2010-11-21,41432.84
2010-11-22,29902.89
2010-11-23,44723.2
2010-11-24,40514.1
2010-11-25,53533.38
2010-11-26,86994.01
2010-11-27,32148.85
2010-11-28,28987.52
2010-11-29,42933.42
2010-11-30,61168.43
2010-12-01,53372.12
2010-12-02,54061.04
2010-12-03,35821.6
2010-12-04,64619.13404658
2010-12-05,31764.38
2010-12-06,106826.28613297
2010-12-07,83818.45434402
2010-12-08,37265.92564519
2010-12-09,45305.26727261
2010-12-10,25847.9
2010-12-11,59244.74724798
2010-12-12,26509.60644603
2010-12-13,89120.94745822
2010-12-14,31189.05737761
2010-12-15,41026.31391566
2010-12-16,34550.67356946
2010-12-17,28995.49544416
2010-12-18,41319.45674275
2010-12-19,66085.87693557
2010-12-20,40401.43932703
2010-12-21,59118.09750328
2010-12-22,32381.898474
2010-12-23,17729.7
2010-12-24,19783.92748065
2010-12-25,34114.01743052
2010-12-26,24241.30903786
2010-12-27,56188.23496207
2010-12-28,35796.03254525
2010-12-29,99168.42258158
2010-12-30,43155.61238552
2010-12-31,38716.73335061
2011-01-01,29295.38915258
2011-01-02,37584.73266554
2011-01-03,38346.39459217
2011-01-04,20740.55484551
2011-01-05,30218.8129565
2011-01-06,28552.13908586
2011-01-07,34205.49889484
2011-01-08,45617.30765433
2011-01-09,30997.24
2011-01-10,55851.65670037
2011-01-11,85486.97152517
2011-01-12,40179.57201638
2011-01-13,90819.0737314
2011-01-14,69033.72334813
2011-01-15,39769.77285515
2011-01-16,49465.1895353
2011-01-17,50254.68305592
2011-01-18,87675.97768351
2011-01-19,51601.98370812
2011-01-20,51031.82718992
2011-01-21,53175.42593586
2011-01-22,57101.96699227
2011-01-23,70559.9054456
2011-01-24,56067.73884709
2011-01-25,43305.51153271
2011-01-26,56478.21
2011-01-27,1017539.96905919
2011-01-28,44177.27
2011-01-29,59132.65195608
2011-01-30,41862.26108788
2011-01-31,97813.85982325
2011-02-01,97221.88188265
2011-02-02,103459.88104348
2011-02-03,66852.47801299
2011-02-04,55066.34359852
2011-02-05,70399.93949428
2011-02-06,71043.70351056
2011-02-07,157729.26138346
2011-02-08,67041.97459986
2011-02-09,96218.78460472
2011-02-10,104847.75331821
2011-02-11,98382.00256859
2011-02-12,62250.94186934
2011-02-13,57319.28817975
2011-02-14,83146.86
2011-02-15,67785.91395607
2011-02-16,52255.8832218
2011-02-17,50206.25165151
2011-02-18,71488.84368959
2011-02-19,44114.07
2011-02-20,74495.17
2011-02-21,56927.93
2011-02-22,65579.22546822
2011-02-23,67778.22785377
2011-02-24,82264.00818048
2011-02-25,69782.519152
2011-02-26,86530.89049575
2011-02-27,126243.51903727
2011-02-28,96331.76125377
2011-03-01,511236.10715377
2011-03-02,265502.10978385
2011-03-03,121122.83868828
2011-03-04,242719.90369298
2011-03-05,82902.44542093
2011-03-06,124420.17280005
2011-03-07,142532.83717488
2011-03-08,98884.39990018
2011-03-09,82696.95613041
2011-03-10,201901.39625373
2011-03-11,85364.91614093
2011-03-12,89191.53664851
2011-03-13,155622.32318589
2011-03-14,161190.67431473
2011-03-15,80243.91668352
2011-03-16,96526.33313416
2011-03-17,102165.43478585
2011-03-18,100481.01423442
2011-03-19,68990.86779295
2011-03-20,73812.01568164
2011-03-21,89032.17517935
2011-03-22,115977.32931854
2011-03-23,95383.5435627
2011-03-24,120395.59790692
2011-03-25,68998.37061262
2011-03-26,132437.32599024
2011-03-27,76849.39990844
2011-03-28,63896.48246612
2011-03-29,56211.40592086
2011-03-30,76051.57494211
2011-03-31,72706.08144364
2011-04-01,47990.34539097
2011-04-02,71469.47472046
2011-04-03,45670.79713375
2011-04-04,86676.5129654
2011-04-05,74045.25898476
2011-04-06,57536.64929749
2011-04-07,55061.49026611
2011-04-08,94210.43905446
2011-04-09,83753.6301
2011-04-10,49979.06268921
2011-04-11,60763.75455369
2011-04-12,94987.16655919
2011-04-13,87084.78305749
2011-04-14,106447.16132896
2011-04-15,83027.77892739
2011-04-16,143412.98809116
2011-04-17,179255.96177388
2011-04-18,105226.58445773
2011-04-19,537437.09578372
2011-04-20,177168.10257578
2011-04-21,106145.60342482
2011-04-22,134030.75880902
2011-04-23,123961.56247196
2011-04-24,82981.86801243
2011-04-25,74132.94273238
2011-04-26,85896.16310095
2011-04-27,99311.42245509
2011-04-28,104965.53928336
2011-04-29,383101.22288781
2011-04-30,324305.40086103
2011-05-01,106205.51337046
2011-05-02,79786.93503554
2011-05-03,110717.82601501
2011-05-04,180710.56659336
2011-05-05,77774.00582074
2011-05-06,136068.07732498
2011-05-07,105349.3605123
2011-05-08,475814.7456929
2011-05-09,99299.66404436
2011-05-10,498682.26596162
2011-05-11,139762.73116807
2011-05-12,158380.81478606
2011-05-13,405926.39324603
2011-05-14,381100.44490015
2011-05-15,164411.12721651
2011-05-16,212246.79608209
2011-05-17,157007.28152023
2011-05-18,123956.57004515
2011-05-19,111107.0407578
2011-05-20,115080.63982759
2011-05-21,413165.55995431
2011-05-22,382232.14410337
2011-05-23,154532.72695658
2011-05-24,95591.77790707
2011-05-25,92378.00792196
2011-05-26,112925.10401613
2011-05-27,382379.43935254
2011-05-28,63528.55426333
2011-05-29,75117.48593278
2011-05-30,72459.60435325
2011-05-31,109414.77061218
2011-06-01,96863.04629808
2011-06-02,127837.09414469
2011-06-03,205979.72398094
2011-06-04,125406.09484569
2011-06-05,186213.45224947
2011-06-06,330582.90267571
2011-06-07,147625.01481099
2011-06-08,289669.25759001
2011-06-09,255099.0521719
2011-06-10,392053.28231733
2011-06-11,287846.99370746
2011-06-12,735531.99437422
2011-06-13,317562.6635248
2011-06-14,368286.44245287
2011-06-15,498613.09017196
2011-06-16,491095.02581475
2011-06-17,515408.04498594
2011-06-18,377664.79601992
2011-06-19,1485887.10551096
2011-06-20,328659.03890543
2011-06-21,280129.00139422
2011-06-22,255158.10294486
2011-06-23,629998.90035058
2011-06-24,268080.92610932
2011-06-25,280686.91537872
2011-06-26,397986.91160009
2011-06-27,781912.53258258
2011-06-28,510335.80359366
2011-06-29,343769.63374412
2011-06-30,551367.61624887
2011-07-01,408941.96364167
2011-07-02,392856.75028547
2011-07-03,282892.22575423
2011-07-04,330824.73656018
2011-07-05,215516.77076377
2011-07-06,270828.84678781
2011-07-07,230138.08201859
2011-07-08,123957.18009767
2011-07-09,232590.96648419
2011-07-10,161303.97704971
2011-07-11,179641.79836846
2011-07-12,342447.2192388
2011-07-13,278075.79022372
2011-07-14,177990.63920454
2011-07-15,130010.72387057
2011-07-16,176501.84258546
2011-07-17,129810.60091493
2011-07-18,710820.43371219
2011-07-19,217507.16447901
2011-07-20,267301.14446224
2011-07-21,156238.06645974
2011-07-22,178394.95274
2011-07-23,112670.65289921
2011-07-24,172657.85253834
2011-07-25,201104.62972333
2011-07-26,163049.49610083
2011-07-27,195660.39932221
2011-07-28,176539.00136578
2011-07-29,244162.0319285
2011-07-30,152492.08650772
2011-07-31,253774.84680172
2011-08-01,270790.73368168
2011-08-02,175252.08657773
2011-08-03,193944.27441231
2011-08-04,163373.33671509
2011-08-05,273010.59377294
2011-08-06,224739.13606965
2011-08-07,191985.38495084
2011-08-08,485650.11380535
2011-08-09,415360.80893473
2011-08-10,263240.19476435
2011-08-11,238970.4389161
2011-08-12,136796.72634495
2011-08-13,137115.76102621
2011-08-14,164662.28537948
2011-08-15,120194.12508433
2011-08-16,146351.26614146
2011-08-17,177777.52764042
2011-08-18,116444.88793999
2011-08-19,179539.49639094
2011-08-20,97427.33437044
2011-08-21,95679.95670132
2011-08-22,114866.70813493
2011-08-23,111672.30103103
2011-08-24,124645.254717
2011-08-25,176738.40871004
2011-08-26,138800.23426484
2011-08-27,766866.03786284
2011-08-28,91356.93347518
2011-08-29,108018.90665486
2011-08-30,104007.03929961
2011-08-31,124882.91210347
2011-09-01,128377.54348663
2011-09-02,107931.77204737
2011-09-03,81034.51345369
2011-09-04,115963.86134439
2011-09-05,136522.8144182
2011-09-06,138576.61373424
2011-09-07,164221.36100297
2011-09-08,99734.54793051
2011-09-09,190949.71612599
2011-09-10,113963.54027345
2011-09-11,819357.13615105
2011-09-12,116545.61616771
2011-09-13,178329.36498782
2011-09-14,148542.02113071
2011-09-15,156555.89519045
2011-09-16,255573.14971218
2011-09-17,191802.71925397
2011-09-18,159501.27449087
2011-09-19,131678.04781049
2011-09-20,168045.27829384
2011-09-21,173340.40076205
2011-09-22,128788.48692765
2011-09-23,171888.94163896
2011-09-24,126655.55921875
2011-09-25,129292.35986629
2011-09-26,124695.43505119
2011-09-27,150053.7558312
2011-09-28,141755.83935866
2011-09-29,139362.86319404
2011-09-30,137430.27296738
2011-10-01,134661.52556074
2011-10-02,111243.07504223
2011-10-03,133941.11303003
2011-10-04,153537.34134654
2011-10-05,161083.3371839
2011-10-06,218550.19496225
2011-10-07,197251.05155157
2011-10-08,142984.14532322
2011-10-09,132722.69835099
2011-10-10,158160.02250326
2011-10-11,192966.02628679
2011-10-12,184787.31736677
2011-10-13,192484.31253326
2011-10-14,141419.81727687
2011-10-15,137021.36961452
2011-10-16,135720.99975337
2011-10-17,238638.43749856
2011-10-18,186935.33680756
2011-10-19,202200.06591795
2011-10-20,172427.92115671
2011-10-21,288636.73078911
2011-10-22,299364.28834538
2011-10-23,269322.99532968
2011-10-24,242877.01320304
2011-10-25,226503.0137305
2011-10-26,224540.54242978
2011-10-27,305960.84417769
2011-10-28,277647.19126636
2011-10-29,319218.12776256
2011-10-30,141953.74248001
2011-10-31,196220.74816942
2011-11-01,317266.85607348
2011-11-02,250434.96518202
2011-11-03,254606.51795691
2011-11-04,289223.59042957
2011-11-05,169425.26841301
2011-11-06,137951.96992706
2011-11-07,167020.62876284
2011-11-08,455153.37088084
2011-11-09,646617.56008146
2011-11-10,241807.53079397
2011-11-11,205328.31454626
2011-11-12,158912.89389437
2011-11-13,142370.49674824
2011-11-14,239131.73252514
2011-11-15,231493.73535218
2011-11-16,1297344.91857563
2011-11-17,1493137.4387531
2011-11-18,3986646.27964281
2011-11-19,3390686.34156782
2011-11-20,1373627.72131756
2011-11-21,898241.7366249
2011-11-22,2891892.85303146
2011-11-23,901918.58397495
2011-11-24,1369638.30801258
2011-11-25,858335.57422093
2011-11-26,1348894.09229479
2011-11-27,1223207.02192409
2011-11-28,3611290.74885974
2011-11-29,3660707.73035211
2011-11-30,5228064.01286471
2011-12-01,828076.80964956
2011-12-02,1641688.870401
2011-12-03,1507804.40872714
2011-12-04,1047873.96323334
2011-12-05,1063562.7291413
2011-12-06,3694902.30695942
2011-12-07,3285054.91885355
2011-12-08,2255915.19105635
2011-12-09,1758197.88473989
2011-12-10,692463.1078932
2011-12-11,594027.51397105
2011-12-12,582544.15830219
2011-12-13,256660.70793288
2011-12-14,239647.29294337
2011-12-15,269842.72432959
2011-12-16,326978.81927659
2011-12-17,222320.85925966
2011-12-18,190957.69762517
2011-12-19,327782.7356116
2011-12-20,373196.62578369
2011-12-21,344030.74981672
2011-12-22,264222.53391538
2011-12-23,183235.68026861
2011-12-24,164510.46018195
2011-12-25,193493.42342163
2011-12-26,228472.82202663
2011-12-27,274012.7748679
2011-12-28,173334.84283257
2011-12-29,264550.68212319
2011-12-30,187136.37302429
2011-12-31,173706.23634498
2012-01-01,200010.1503008
2012-01-02,169688.82732346
2012-01-03,167221.88326432
2012-01-04,228926.02220282
2012-01-05,400488.52406539
2012-01-06,306866.73881326
2012-01-07,171212.25435221
2012-01-08,209186.3641903
2012-01-09,266870.78589278
2012-01-10,221334.46627891
2012-01-11,192698.50702119
2012-01-12,169510.46913927
2012-01-13,249221.21268279
2012-01-14,180891.74175555
2012-01-15,160238.98643591
2012-01-16,203869.11106405
2012-01-17,247495.2366732
2012-01-18,228649.49418334
2012-01-19,236859.69301565
2012-01-20,183491.62277014
2012-01-21,161513.77111977
2012-01-22,134050.02523635
2012-01-23,144356.36032716
2012-01-24,180328.75381526
2012-01-25,254100.49324932
2012-01-26,217882.45327155
2012-01-27,213637.50543927
2012-01-28,155494.42812172
2012-01-29,156236.94621999
2012-01-30,136186.7348836
2012-01-31,189903.8793837
2012-02-01,248693.39613775
2012-02-02,217733.17380158
2012-02-03,194096.43700016
2012-02-04,222919.36914275
2012-02-05,161743.07753304
2012-02-06,191027.33133506
2012-02-07,180394.55020267
2012-02-08,172131.79477157
2012-02-09,148101.14200151
2012-02-10,164541.45597517
2012-02-11,203594.69825932
2012-02-12,143426.83175318
2012-02-13,254267.57697344
2012-02-14,826742.28736008
2012-02-15,1023183.7146238
2012-02-16,713037.46956649
2012-02-17,406857.36982035
2012-02-18,458300.302402
2012-02-19,177500.96712681
2012-02-20,263959.94168688
2012-02-21,236348.04391183
2012-02-22,277510.64944264
2012-02-23,268006.88055841
2012-02-24,271542.83017351
2012-02-25,223833.48540378
2012-02-26,172714.25672048
2012-02-27,187192.86876198
2012-02-28,210760.16905856
2012-02-29,196216.17204172
2012-03-01,302341.02857092
2012-03-02,333921.82439436
2012-03-03,210472.49157305
2012-03-04,205464.73884298
2012-03-05,183667.31442768
2012-03-06,203896.92711588
2012-03-07,185149.94165153
2012-03-08,197853.61005479
2012-03-09,182909.02637165
2012-03-10,143468.32407491
2012-03-11,137267.50807487
2012-03-12,210983.86541397
2012-03-13,237880.90016037
2012-03-14,280976.37525113
2012-03-15,236344.27800624
2012-03-16,227229.17890985
2012-03-17,157512.19639446
2012-03-18,162106.74297077
2012-03-19,227807.8873574
2012-03-20,231269.36476598
2012-03-21,241979.17095894
2012-03-22,373181.48041025
2012-03-23,242995.89586965
2012-03-24,198901.13998255
2012-03-25,187599.16410664
2012-03-26,257380.39962174
2012-03-27,224185.74490589
2012-03-28,253779.46774265
2012-03-29,258682.66321754
2012-03-30,261298.78834577
2012-03-31,277173.36663899
2012-04-01,128689.93464996
2012-04-02,241721.4181588
2012-04-03,229582.03916209
2012-04-04,274114.05276209
2012-04-05,204145.01774277
2012-04-06,267567.18497139
2012-04-07,165077.12133327
2012-04-08,140819.85895084
2012-04-09,467505.00370381
2012-04-10,351717.015609
2012-04-11,359357.44698013
2012-04-12,360314.02843014
2012-04-13,378160.41828603
2012-04-14,248272.94494625
2012-04-15,212773.21903412
2012-04-16,338073.89458683
2012-04-17,263596.3606896
2012-04-18,298581.50353197
2012-04-19,302863.29033696
2012-04-20,347015.0579523
2012-04-21,207003.52122198
2012-04-22,202602.82528449
2012-04-23,242108.40934164
2012-04-24,290123.63575132
2012-04-25,401733.14623674
2012-04-26,324101.83069079
2012-04-27,241261.15924226
2012-04-28,196891.89485801
2012-04-29,204150.08988244
2012-04-30,204222.60012355
2012-05-01,261068.8693475
2012-05-02,293819.62861881
2012-05-03,242510.55804943
2012-05-04,359648.386757
2012-05-05,193441.35874515
2012-05-06,272395.02058471
2012-05-07,257170.39686209
2012-05-08,346603.11208155
2012-05-09,388083.8240698
2012-05-10,340184.11540365
2012-05-11,340915.96472028
2012-05-12,251582.98382083
2012-05-13,183229.5118289
2012-05-14,380965.86015462
2012-05-15,317455.70628859
2012-05-16,321826.35316931
2012-05-17,279911.4373547
2012-05-18,329323.55285179
2012-05-19,309312.87020705
2012-05-20,255458.01006674
2012-05-21,344293.1552303
2012-05-22,406068.04855162
2012-05-23,321413.00818649
2012-05-24,239978.65870784
2012-05-25,276616.57223572
2012-05-26,226937.84716361
2012-05-27,226713.50977975
2012-05-28,264407.49880336
2012-05-29,340262.35260526
2012-05-30,311919.76338211
2012-05-31,668471.69182269
2012-06-01,750112.95664437
2012-06-02,214896.28105216
2012-06-03,203122.39861752
2012-06-04,444425.75089876
2012-06-05,347608.83816564
2012-06-06,348204.30730031
2012-06-07,367512.51898835
2012-06-08,407430.16006159
2012-06-09,331829.30152836
2012-06-10,233731.76210421
2012-06-11,404919.83607482
2012-06-12,392948.48007916
2012-06-13,375025.46131794
2012-06-14,313378.67524625
2012-06-15,404556.24288186
2012-06-16,367234.25771889
2012-06-17,283032.08203494
2012-06-18,322551.71856322
2012-06-19,361644.56815359
2012-06-20,435956.19817816
2012-06-21,319654.44492277
2012-06-22,368752.61982172
2012-06-23,253357.20771873
2012-06-24,416929.68483377
2012-06-25,392503.3447042
2012-06-26,545541.74322082
2012-06-27,408692.21862767
2012-06-28,380043.8460256
2012-06-29,292862.42507359
2012-06-30,196653.92447184
2012-07-01,185566.02692046
2012-07-02,378181.70341643
2012-07-03,459489.72987579
2012-07-04,357406.4580691
2012-07-05,356297.89829155
2012-07-06,324316.88759961
2012-07-07,253126.48898237
2012-07-08,231757.73690213
2012-07-09,383385.92938958
2012-07-10,468474.12869594
2012-07-11,368476.48926899
2012-07-12,412672.60060257
2012-07-13,465404.91565335
2012-07-14,349154.48876509
2012-07-15,244286.98058921
2012-07-16,402560.79370409
2012-07-17,567498.30532434
2012-07-18,429678.81631507
2012-07-19,302477.27048513
2012-07-20,334377.6751067
2012-07-21,381271.65750416
2012-07-22,301446.2778045
2012-07-23,399275.92777556
2012-07-24,363055.18535683
2012-07-25,350894.26382945
2012-07-26,273909.18387794
2012-07-27,301080.98171478
2012-07-28,324393.69165099
2012-07-29,240454.44470326
2012-07-30,322536.96314402
2012-07-31,838808.77829043
2012-08-01,456060.91543358
2012-08-02,544538.79167145
2012-08-03,388493.20025058
2012-08-04,330902.71976697
2012-08-05,355541.91385362
2012-08-06,412102.55009676
2012-08-07,350249.55675394
2012-08-08,422017.81935151
2012-08-09,460958.92322485
2012-08-10,353185.02012152
2012-08-11,349731.29692306
2012-08-12,285610.68083392
2012-08-13,502418.11631559
2012-08-14,408067.93456936
2012-08-15,327840.62625791
2012-08-16,409071.98076022
2012-08-17,526053.33033806
2012-08-18,407304.29714697
2012-08-19,720477.19675947
2012-08-20,1029267.12214053
2012-08-21,656312.79256288
2012-08-22,746429.48993402
2012-08-23,541489.45161932
2012-08-24,626202.08061362
2012-08-25,493969.64136068
2012-08-26,370457.15990889
2012-08-27,616239.80826643
2012-08-28,607055.54426079
2012-08-29,493883.21012536
2012-08-30,471459.42825446
2012-08-31,863374.63255065
2012-09-01,558276.57393615
2012-09-02,334367.33263932
2012-09-03,285952.88038548
2012-09-04,593749.61756686
2012-09-05,482739.60540525
2012-09-06,548587.59432292
2012-09-07,397106.63004823
2012-09-08,314196.17892059
2012-09-09,759726.54166092
2012-09-10,752842.23718467
2012-09-11,793223.89987293
2012-09-12,604198.65412578
2012-09-13,504922.9058323
2012-09-14,552786.7839756
2012-09-15,405134.81398665
2012-09-16,405886.19211888
2012-09-17,514742.8839345
2012-09-18,544410.02799146
2012-09-19,852014.30628785
2012-09-20,715726.09523813
2012-09-21,631790.32849694
2012-09-22,270775.15504477
2012-09-23,270434.35206972
2012-09-24,444804.74911281
2012-09-25,741200.45643149
2012-09-26,599314.20292294
2012-09-27,535422.91442759
2012-09-28,576249.03316242
2012-09-29,383849.32360784
2012-09-30,346808.0188132
2012-10-01,474047.10125551
2012-10-02,668467.54867465
2012-10-03,664277.59630377
2012-10-04,564732.47266085
2012-10-05,456744.26780558
2012-10-06,262656.0619295
2012-10-07,327334.89402634
2012-10-08,434189.60092948
2012-10-09,466161.16694123
2012-10-10,433604.62702511
2012-10-11,482044.69877356
2012-10-12,422447.70450324
2012-10-13,287382.69751524
2012-10-14,307080.19981919
2012-10-15,383130.29941848
2012-10-16,429440.52595075
2012-10-17,578820.97066419
2012-10-18,496285.18339175
2012-10-19,403914.72806734
2012-10-20,469854.8824475
2012-10-21,287556.91171963
2012-10-22,381229.11469991
2012-10-23,446699.60510328
2012-10-24,417808.63663533
2012-10-25,624981.35998942
2012-10-26,454615.591228
2012-10-27,412617.26978016
2012-10-28,325399.89749826
2012-10-29,362668.20077254
2012-10-30,485707.79557456
2012-10-31,430091.18191076
2012-11-01,450012.32819987
2012-11-02,381326.2045822
2012-11-03,308551.08915093
2012-11-04,283839.52954126
2012-11-05,366987.839597
2012-11-06,392719.44050524
2012-11-07,388984.91547849
2012-11-08,371032.65671361
2012-11-09,334102.68466388
2012-11-10,222230.19779413
2012-11-11,215655.41043695
2012-11-12,268671.46006052
2012-11-13,363014.58546292
2012-11-14,373175.32857751
2012-11-15,439711.22489915
2012-11-16,548483.84661565
2012-11-17,400821.64991878
2012-11-18,361018.13234141
2012-11-19,396493.9182323
2012-11-20,368862.26499305
2012-11-21,354704.52661194
2012-11-22,361888.51151847
2012-11-23,346061.60551057
2012-11-24,374640.15691989
2012-11-25,263003.86298453
2012-11-26,384098.25026631
2012-11-27,388269.92518682
2012-11-28,335468.28770745
2012-11-29,295775.20882887
2012-11-30,292658.18006898
2012-12-01,223192.66195804
2012-12-02,235767.38036443
2012-12-03,418222.57573849
2012-12-04,421957.81928221
2012-12-05,459665.57995634
2012-12-06,484486.42069062
2012-12-07,506033.52936045
2012-12-08,259997.91879848
2012-12-09,286288.78833643
2012-12-10,342969.17079251
2012-12-11,396959.67667891
2012-12-12,477682.56172224
2012-12-13,692361.50526758
2012-12-14,490998.75898211
2012-12-15,320991.19965725
2012-12-16,264346.15861885
2012-12-17,373662.86329574
2012-12-18,436868.7618475
2012-12-19,403669.24807795
2012-12-20,336310.31180441
2012-12-21,428612.92908849
2012-12-22,431400.15709549
2012-12-23,257064.59078519
2012-12-24,401460.60348086
2012-12-25,231343.72189542
2012-12-26,278907.72483879
2012-12-27,317933.80551204
2012-12-28,455892.85141063
2012-12-29,419750.50917199
2012-12-30,406892.13976661
2012-12-31,467668.5317474
2013-01-01,379805.5784246
2013-01-02,491913.94925728
2013-01-03,507424.89732696
2013-01-04,532517.01630209
2013-01-05,515046.93490184
2013-01-06,437378.45141471
2013-01-07,526911.50259075
2013-01-08,696091.32900791
2013-01-09,579520.09524044
2013-01-10,548871.72541103
2013-01-11,556048.00106802
2013-01-12,422842.24812544
2013-01-13,478597.5935735
2013-01-14,345313.64871922
2013-01-15,593056.09954875
2013-01-16,639269.55222787
2013-01-17,669608.70597396
2013-01-18,656905.38635787
2013-01-19,472525.12984958
2013-01-20,439180.56316017
2013-01-21,510464.61091617
2013-01-22,682519.20083204
2013-01-23,656380.64454545
2013-01-24,651884.30705016
2013-01-25,675834.10509432
2013-01-26,582136.85457749
2013-01-27,647573.60184537
2013-01-28,701500.018356
2013-01-29,804039.45269387
2013-01-30,721143.13798261
2013-01-31,700934.78730944
2013-02-01,822709.37561207
2013-02-02,749254.31123084
2013-02-03,622196.66416985
2013-02-04,776414.18000492
2013-02-05,849130.6187277
2013-02-06,857490.73114371
2013-02-07,787984.69272024
2013-02-08,766485.97550455
2013-02-09,668554.30795132
2013-02-10,619435.85792853
2013-02-11,499005.70139142
2013-02-12,543691.67446214
2013-02-13,514789.63818786
2013-02-14,539625.95298023
2013-02-15,543730.34503815
2013-02-16,381540.92501464
2013-02-17,448636.58996445
2013-02-18,488615.65581492
2013-02-19,528991.57382874
2013-02-20,548547.29865481
2013-02-21,529734.170311
2013-02-22,573201.82821366
2013-02-23,466909.90462759
2013-02-24,432234.1467907
2013-02-25,584041.20250261
2013-02-26,633694.67664983
2013-02-27,499071.06966547
2013-02-28,734258.74926034
2013-03-01,553473.85971001
2013-03-02,476973.36835152
2013-03-03,276423.53862562
2013-03-04,483390.03967255
2013-03-05,669425.87973032
2013-03-06,870493.74503526
2013-03-07,680826.3142183
2013-03-08,476058.03482347
2013-03-09,488236.751244
2013-03-10,405522.81320872
2013-03-11,385077.91411711
2013-03-12,595061.33040707
2013-03-13,530158.20186786
2013-03-14,504628.6557675
2013-03-15,468501.31659955
2013-03-16,435009.54606227
2013-03-17,365680.94771599
2013-03-18,515747.96079176
2013-03-19,715520.00728737
2013-03-20,575613.40855315
2013-03-21,595963.51319145
2013-03-22,521239.48263413
2013-03-23,396308.02338638
2013-03-24,369828.71151947
2013-03-25,615379.10623656
2013-03-26,505515.37145181
2013-03-27,587265.85399982
2013-03-28,621386.90371587
2013-03-29,602789.21683741
2013-03-30,474105.57757791
2013-03-31,341937.93501577
2013-04-01,485807.82865246
2013-04-02,639232.14014075
2013-04-03,764663.4536108
2013-04-04,525849.93723164
2013-04-05,600470.08180383
2013-04-06,347826.66761914
2013-04-07,358713.93752163
2013-04-08,624093.31678746
2013-04-09,727442.87005322
2013-04-10,1125897.75932925
2013-04-11,887002.4063471
2013-04-12,890499.35184954
2013-04-13,431568.93016034
2013-04-14,347547.55294063
2013-04-15,501969.78831916
2013-04-16,788666.05438514
2013-04-17,540221.6827668
2013-04-18,496008.12704471
2013-04-19,470222.88986825
2013-04-20,293880.05989368
2013-04-21,283740.67047484
2013-04-22,304034.31106136
2013-04-23,371999.16890785
2013-04-24,443367.21119422
2013-04-25,505821.65634694
2013-04-26,337625.78758457
2013-04-27,320016.84642667
2013-04-28,193076.91751203
2013-04-29,296369.63903606
2013-04-30,328931.29103187
2013-05-01,515517.02031157
2013-05-02,432043.95795653
2013-05-03,449471.77148346
2013-05-04,192471.00090957
2013-05-05,183425.59958385
2013-05-06,270646.71362559
2013-05-07,273503.58608587
2013-05-08,284365.35322242
2013-05-09,288273.55345115
2013-05-10,314003.034594
2013-05-11,227045.73461265
2013-05-12,182152.2841945
2013-05-13,233157.33570421
2013-05-14,326588.98122791
2013-05-15,372374.78137041
2013-05-16,309802.58765576
2013-05-17,323043.22041351
2013-05-18,239496.59453199
2013-05-19,185798.94446292
2013-05-20,248374.12401257
2013-05-21,285295.14421245
2013-05-22,263092.18996832
2013-05-23,266493.8505365
2013-05-24,328080.75718067
2013-05-25,248295.62303493
2013-05-26,147370.9200608
2013-05-27,227258.05281472
2013-05-28,246560.79245355
2013-05-29,299278.97981468
2013-05-30,293458.39691962
2013-05-31,271689.83642304
2013-06-01,213652.29343541
2013-06-02,229306.72597924
2013-06-03,268006.24312532
2013-06-04,297351.88015481
2013-06-05,306385.89998199
2013-06-06,322079.3536461
2013-06-07,378765.14819028
2013-06-08,197714.30324778
2013-06-09,343852.30725712
2013-06-10,253644.51199914
2013-06-11,266177.96015387
2013-06-12,294734.54401069
2013-06-13,328333.55915334
2013-06-14,399917.53749526
2013-06-15,251031.86884652
2013-06-16,213597.14985362
2013-06-17,276675.80810507
2013-06-18,290449.7957128
2013-06-19,270652.58024888
2013-06-20,312926.27281937
2013-06-21,333201.53090217
2013-06-22,194068.88480285
2013-06-23,172337.2584085
2013-06-24,298251.06975237
2013-06-25,291979.50262296
2013-06-26,297794.83015163
2013-06-27,275517.69038551
2013-06-28,344335.36543074
2013-06-29,238054.99378372
2013-06-30,241033.48690616
2013-07-01,390239.29999663
2013-07-02,366399.9866183
2013-07-03,433935.20260725
2013-07-04,387650.79711921
2013-07-05,467020.33348057
2013-07-06,360912.94776492
2013-07-07,282240.4681989
2013-07-08,370152.43121014
2013-07-09,437868.4958816
2013-07-10,450578.62112819
2013-07-11,459611.53925172
2013-07-12,510574.41684764
2013-07-13,387256.49337476
2013-07-14,232616.35682912
2013-07-15,321133.03000814
2013-07-16,363697.45919544
2013-07-17,310923.95429398
2013-07-18,383815.386145
2013-07-19,360507.70582902
2013-07-20,219102.50091777
2013-07-21,193566.91430889
2013-07-22,251713.87360228
2013-07-23,308280.42123052
2013-07-24,296516.59618279
2013-07-25,282817.08616829
2013-07-26,281934.63466837
2013-07-27,189270.39005891
2013-07-28,204957.8661293
2013-07-29,315900.8258142
2013-07-30,376225.16723587
2013-07-31,343729.39286131
2013-08-01,381144.61094241
2013-08-02,303409.24212779
2013-08-03,296501.14489645
2013-08-04,160310.14623543
2013-08-05,302800.05161916
2013-08-06,261648.88414933
2013-08-07,313073.52350197
2013-08-08,300498.9096209
2013-08-09,232619.10155819
2013-08-10,218126.66813739
2013-08-11,196691.7508076
2013-08-12,321593.42885302
2013-08-13,664647.36461591
2013-08-14,521256.91600152
2013-08-15,351769.94049047
2013-08-16,286942.97053714
2013-08-17,306724.22338942
2013-08-18,316367.51457395
2013-08-19,409579.2829638
2013-08-20,356863.43275992
2013-08-21,424877.65897135
2013-08-22,318734.22213366
2013-08-23,318013.6193858
2013-08-24,218715.8689816
2013-08-25,180725.63570312
2013-08-26,257084.81278677
2013-08-27,367072.26015218
2013-08-28,260020.27239656
2013-08-29,260916.94912554
2013-08-30,347761.86836504
2013-08-31,232226.4930266
2013-09-01,246039.89992046
2013-09-02,214324.70444977
2013-09-03,326508.75845605
2013-09-04,339820.20973571
2013-09-05,304135.54850638
2013-09-06,312452.85840831
2013-09-07,229372.51637583
2013-09-08,171301.12944203
2013-09-09,244570.8944579
2013-09-10,251918.67230786
2013-09-11,255498.08752194
2013-09-12,277995.33704899
2013-09-13,263844.56260673
2013-09-14,210972.25033135
2013-09-15,162817.65204857
2013-09-16,258236.02364441
2013-09-17,252213.92431497
2013-09-18,294037.78830592
2013-09-19,365968.56638683
2013-09-20,308499.7343075
2013-09-21,232002.32862185
2013-09-22,220454.8000175
2013-09-23,297498.89324367
2013-09-24,323389.37629823
2013-09-25,328744.97269569
2013-09-26,328486.74686395
2013-09-27,317178.3764405
2013-09-28,256476.59383381
2013-09-29,250913.3421907
2013-09-30,328140.90196581
2013-10-01,459108.84738601
2013-10-02,553779.85628014
2013-10-03,416897.84414016
2013-10-04,298817.78573291
2013-10-05,207869.73395075
2013-10-06,209215.56052098
2013-10-07,336806.07711141
2013-10-08,308472.51648344
2013-10-09,383749.20934418
2013-10-10,290387.33632644
2013-10-11,274971.68414402
2013-10-12,232076.15384275
2013-10-13,222801.15244076
2013-10-14,261476.07975505
2013-10-15,288743.38965483
2013-10-16,336686.04087087
2013-10-17,276671.88022587
2013-10-18,319403.15345515
2013-10-19,306486.41879099
2013-10-20,220523.69925507
2013-10-21,370855.08545241
2013-10-22,384961.95377274
2013-10-23,407701.40713942
2013-10-24,396779.52852092
2013-10-25,559366.33365993
2013-10-26,301681.72438021
2013-10-27,179929.90449597
2013-10-28,224172.1641163
2013-10-29,331439.74933275
2013-10-30,296522.94365948
2013-10-31,249766.34670495
2013-11-01,236126.2720842
2013-11-02,202852.62155013
2013-11-03,194808.47805335
2013-11-04,413617.31346475
2013-11-05,473276.26713467
2013-11-06,386390.15850585
2013-11-07,576459.07467929
2013-11-08,489761.52851179
2013-11-09,420099.40088237
2013-11-10,339792.8811499
2013-11-11,292055.62355594
2013-11-12,359221.17203296
2013-11-13,432429.34333285
2013-11-14,448396.61428564
2013-11-15,357969.7742259
2013-11-16,302964.4727172
2013-11-17,312707.48152382
2013-11-18,536442.95571038
2013-11-19,735116.11325913
2013-11-20,592861.6713918
2013-11-21,450813.9602454
2013-11-22,433184.79339288
2013-11-23,380585.92215847
2013-11-24,254793.40603939
2013-11-25,312128.98320518
2013-11-26,604819.94724719
2013-11-27,502532.09577325
2013-11-28,543408.0135722
2013-11-29,536568.3072135
2013-11-30,418369.31894398
2013-12-01,411380.82702932
2013-12-02,376919.2753889
2013-12-03,342706.84809223
2013-12-04,318304.66416486
2013-12-05,493550.45636503
2013-12-06,413627.45755907
2013-12-07,428053.70966307
2013-12-08,248389.70684298
2013-12-09,256328.5366418
2013-12-10,282838.92074111
2013-12-11,335235.18547004
2013-12-12,198729.55942017
2013-12-13,199960.17438001
2013-12-14,190707.00732569
2013-12-15,204013.31496999
2013-12-16,260910.59825758
2013-12-17,305049.08657641
2013-12-18,478641.07333471
2013-12-19,405108.22396868
2013-12-20,312268.98684512
2013-12-21,370993.41382429
2013-12-22,238530.94348681
2013-12-23,245090.77652594
2013-12-24,220986.4055002
2013-12-25,344994.75056022
2013-12-26,249943.31249463
2013-12-27,203597.49819681
2013-12-28,157182.33122744
2013-12-29,149767.14620964
2013-12-30,223736.64405773
2013-12-31,179125.0989019
2014-01-01,185698.18918509
2014-01-02,205834.33912463
2014-01-03,259924.6817436
2014-01-04,233852.63622316
2014-01-05,254105.28120675
2014-01-06,260267.71536984
2014-01-07,216080.05298744
2014-01-08,222532.71120506
2014-01-09,164433.72014914
2014-01-10,142701.95864066
2014-01-11,174592.35091204
2014-01-12,187623.75620758
2014-01-13,166926.06151958
2014-01-14,266256.28440787
2014-01-15,236669.26254109
2014-01-16,229415.94425598
2014-01-17,210010.91938615
2014-01-18,164068.94763001
2014-01-19,160107.50469227
2014-01-20,178335.53228066
2014-01-21,230524.91830607
2014-01-22,211128.37689933
2014-01-23,221457.95918275
2014-01-24,267936.82587033
2014-01-25,165512.00374236
2014-01-26,172353.90545582
2014-01-27,276592.58184912
2014-01-28,279954.70133832
2014-01-29,209968.38706881
2014-01-30,250416.18610278
2014-01-31,187907.87332946
2014-02-01,175546.86399445
2014-02-02,163510.03595942
2014-02-03,165585.98250487
2014-02-04,278407.63554811
2014-02-05,307556.19540274
2014-02-06,237539.5484842
2014-02-07,252841.87290966
2014-02-08,210379.6532248
2014-02-09,178090.46371148
2014-02-10,225203.91884195
2014-02-11,252774.16987502
2014-02-12,246144.20643821
2014-02-13,184082.53645777
2014-02-14,203245.62513699
2014-02-15,188347.38329414
2014-02-16,227090.03045181
2014-02-17,254502.04025288
2014-02-18,235866.18706754
2014-02-19,221480.56030158
2014-02-20,227237.31632751
2014-02-21,180334.79277035
2014-02-22,182451.70894671
2014-02-23,174172.7273161
2014-02-24,268744.20318102
2014-02-25,405907.41528771
2014-02-26,284319.25330118
2014-02-27,243993.62947235
2014-02-28,221268.69357893
2014-03-01,236162.63997696
2014-03-02,162701.10566871
2014-03-03,312783.71745567
2014-03-04,364641.80604753
2014-03-05,209402.77230989
2014-03-06,219419.10702357
2014-03-07,1330255.65397852
2014-03-08,943172.1455874
2014-03-09,488584.94426668
2014-03-10,513765.40692274
2014-03-11,420877.61831715
2014-03-12,585316.42278941
2014-03-13,417744.69705987
2014-03-14,312808.73142839
2014-03-15,338924.82810473
2014-03-16,102729.09967198
2014-03-17,169796.28069743
2014-03-18,156264.03137998
2014-03-19,241258.54556806
2014-03-20,201005.74515721
2014-03-21,193058.09220116
2014-03-22,166489.31676089
2014-03-23,107268.69871572
2014-03-24,157221.85650886
2014-03-25,147018.49007623
2014-03-26,150090.2201799
2014-03-27,245007.64404046
2014-03-28,220888.22936661
2014-03-29,132335.62859206
2014-03-30,190527.21771772
2014-03-31,212313.68818572
2014-04-01,165493.90876607
2014-04-02,186422.76299958
2014-04-03,210348.50676666
2014-04-04,189568.95376245
2014-04-05,159836.97914152
2014-04-06,132717.73245607
2014-04-07,150251.1990631
2014-04-08,162126.7205361
2014-04-09,175280.39842537
2014-04-10,267128.6566336
2014-04-11,246319.08182955
2014-04-12,136656.92584822
2014-04-13,126741.78595572
2014-04-14,185251.10790788
2014-04-15,187616.98409272
2014-04-16,274492.28975092
2014-04-17,182307.39016131
2014-04-18,167255.73073851
2014-04-19,135938.39224024
2014-04-20,120259.91061013
2014-04-21,130923.35359185
2014-04-22,164683.1588729
2014-04-23,187804.84723029
2014-04-24,170857.69124117
2014-04-25,175379.00203576
2014-04-26,118562.41142178
2014-04-27,104351.10432397
2014-04-28,157356.69842628
2014-04-29,193090.478561
2014-04-30,142284.19119929
2014-05-01,147436.29475026
2014-05-02,157790.37362858
2014-05-03,114037.51575358
2014-05-04,114011.08792354
2014-05-05,141187.04609158
2014-05-06,147197.92721912
2014-05-07,186474.34781983
2014-05-08,154918.8725765
2014-05-09,149899.84547604
2014-05-10,107839.70885214
2014-05-11,109419.47328083
2014-05-12,163838.23747538
2014-05-13,124958.06391104
2014-05-14,176563.41821231
2014-05-15,160061.69725794
2014-05-16,124807.13068152
2014-05-17,92558.0572336
2014-05-18,76887.43104422
2014-05-19,146499.19369831
2014-05-20,191584.98622341
2014-05-21,149760.42819833
2014-05-22,157553.22831638
2014-05-23,183700.71308925
2014-05-24,112231.04605854
2014-05-25,195564.67650658
2014-05-26,177676.4590141
2014-05-27,244493.80570651
2014-05-28,184008.68507159
2014-05-29,156366.31911824
2014-05-30,197788.11982634
2014-05-31,209463.83978727
2014-06-01,178134.83232925
2014-06-02,164671.65431984
2014-06-03,202053.16044603
2014-06-04,183143.59195423
2014-06-05,156496.61176782
2014-06-06,152688.92815177
2014-06-07,124372.65525976
2014-06-08,88778.67902394
2014-06-09,163631.10662148
2014-06-10,237848.33333086
2014-06-11,211172.65033448
2014-06-12,430162.03971888
2014-06-13,209724.76448138
2014-06-14,146884.39272288
2014-06-15,151107.75404124
2014-06-16,146754.10538711
2014-06-17,162335.14348937
2014-06-18,173573.05448835
2014-06-19,150393.11598717
2014-06-20,132226.55985657
2014-06-21,168841.08104751
2014-06-22,145275.37832419
2014-06-23,179539.7854447
2014-06-24,274528.96413496
2014-06-25,169914.2709068
2014-06-26,183976.27272631
2014-06-27,153473.8109925
2014-06-28,115244.21922752
2014-06-29,142208.75985435
2014-06-30,196237.55445601
2014-07-01,233368.5298945
2014-07-02,234583.05904351
2014-07-03,187324.37543308
2014-07-04,147670.26980179
2014-07-05,132785.29361553
2014-07-06,123111.38284623
2014-07-07,184957.30640158
2014-07-08,150399.81040269
2014-07-09,172128.83605154
2014-07-10,167225.435014
2014-07-11,157994.2777639
2014-07-12,141301.89595886
2014-07-13,139125.18109219
2014-07-14,164231.22886138
2014-07-15,172962.00750474
2014-07-16,181351.97684713
2014-07-17,152399.54277291
2014-07-18,161476.88954079
2014-07-19,124115.56223798
2014-07-20,109651.62098615
2014-07-21,174242.4342027
2014-07-22,143099.58304763
2014-07-23,159175.89350181
2014-07-24,186781.68274746
2014-07-25,163073.05592985
2014-07-26,122303.96657242
2014-07-27,95130.916798
2014-07-28,173283.66106364
2014-07-29,147043.55484306
2014-07-30,143311.75372761
2014-07-31,148173.72435846
2014-08-01,175947.20832645
2014-08-02,127727.34809174
2014-08-03,123165.46941793
2014-08-04,156573.83814791
2014-08-05,230373.60737558
2014-08-06,157327.54108996
2014-08-07,160547.18501446
2014-08-08,114299.09831417
2014-08-09,114080.50146102
2014-08-10,112431.79542408
2014-08-11,146756.06866532
2014-08-12,143272.31550629
2014-08-13,180890.69071582
2014-08-14,186482.87876812
2014-08-15,156002.32208711
2014-08-16,139896.89488171
2014-08-17,160020.36922134
2014-08-18,221702.7664269
2014-08-19,170231.42142004
2014-08-20,171407.73906631
2014-08-21,197820.27202471
2014-08-22,159256.6535287
2014-08-23,131254.48646385
2014-08-24,152560.51503021
2014-08-25,190479.06188819
2014-08-26,143744.69056816
2014-08-27,170930.25312539
2014-08-28,215716.62727418
2014-08-29,183504.75740217
2014-08-30,134130.25256508
2014-08-31,110636.26999922
2014-09-01,151676.83885346
2014-09-02,162840.16646741
2014-09-03,157086.06695758
2014-09-04,143000.28272263
2014-09-05,162003.00729411
2014-09-06,110990.81161403
2014-09-07,117405.26883134
2014-09-08,165267.15581471
2014-09-09,187821.94720892
2014-09-10,168077.59655486
2014-09-11,135126.83955348
2014-09-12,140319.62498032
2014-09-13,96336.95520775
2014-09-14,106445.43049637
2014-09-15,136179.92752454
2014-09-16,139070.64459101
2014-09-17,149201.88379211
2014-09-18,198189.98772649
2014-09-19,264549.04839403
2014-09-20,210563.91411467
2014-09-21,162210.5870915
2014-09-22,157751.95473257
2014-09-23,183313.16505194
2014-09-24,187866.51531505
2014-09-25,158251.17075699
2014-09-26,165509.3406168
2014-09-27,115298.55738397
2014-09-28,145760.05629361
2014-09-29,227995.94429229
2014-09-30,198806.26300644
2014-10-01,193533.10262599
2014-10-02,172589.0774866
2014-10-03,175772.82446496
2014-10-04,241371.37819516
2014-10-05,342859.53190399
2014-10-06,279132.48365556
2014-10-07,261182.1478568
2014-10-08,278376.38071584
2014-10-09,286894.54661339
2014-10-10,255198.96227884
2014-10-11,147828.30934939
2014-10-12,135473.68752559
2014-10-13,203789.87205934
2014-10-14,216377.51574245
2014-10-15,218178.46023052
2014-10-16,185040.8107608
2014-10-17,203669.85063297
2014-10-18,137794.05578534
2014-10-19,124639.54476153
2014-10-20,203955.2192979
2014-10-21,154906.86548371
2014-10-22,219410.98196056
2014-10-23,195692.33242462
2014-10-24,205994.53270009
2014-10-25,153354.39620211
2014-10-26,132678.95631973
2014-10-27,197454.71252176
2014-10-28,170694.66617285
2014-10-29,218489.09470253
2014-10-30,163771.4827886
2014-10-31,154272.63559442
2014-11-01,154962.8090989
2014-11-02,119902.83208777
2014-11-03,172341.90490854
2014-11-04,230895.00448048
2014-11-05,226262.93632734
2014-11-06,210221.51676067
2014-11-07,207108.20156932
2014-11-08,135719.39363861
2014-11-09,132990.17967317
2014-11-10,237465.40947282
2014-11-11,182794.21937603
2014-11-12,289726.89586419
2014-11-13,456288.55941439
2014-11-14,247734.68865811
2014-11-15,207874.54350321
2014-11-16,210389.18686408
2014-11-17,232982.64210079
2014-11-18,236940.60651438
2014-11-19,218878.62430821
2014-11-20,237679.99670229
2014-11-21,267069.79495915
2014-11-22,129199.18347819
2014-11-23,145403.85907403
2014-11-24,223759.65097495
2014-11-25,281371.45114276
2014-11-26,213735.14888237
2014-11-27,173175.29262593
2014-11-28,490632.8915018
2014-11-29,219486.70185086
2014-11-30,139637.14008431
2014-12-01,223372.19707971
2014-12-02,234778.61066222
2014-12-03,214654.14639845
2014-12-04,283473.37110344
2014-12-05,222586.08271155
2014-12-06,199534.25605783
2014-12-07,156833.69732714
2014-12-08,474370.91594616
2014-12-09,285586.43586798
2014-12-10,208084.12531315
2014-12-11,234561.84847063
2014-12-12,190781.71241273
2014-12-13,171545.22639421
2014-12-14,116125.01945294
2014-12-15,199746.06369754
2014-12-16,246187.09570736
2014-12-17,289239.19533613
2014-12-18,329084.67521595
2014-12-19,271665.74950301
2014-12-20,211380.33761237
2014-12-21,136868.64456154
2014-12-22,251338.04286722
2014-12-23,255134.43498928
2014-12-24,244894.30613614
2014-12-25,124309.44940363
2014-12-26,158478.54111583
2014-12-27,170589.10869446
2014-12-28,122371.09132057
2014-12-29,223481.30007649
2014-12-30,269373.53454081
2014-12-31,235407.18852435
2015-01-01,113687.94075047
2015-01-02,158695.25595207
2015-01-03,279310.63148149
2015-01-04,277729.67617666
2015-01-05,273848.91895662
2015-01-06,251840.5143667
2015-01-07,296707.23222722
2015-01-08,418096.06286347
2015-01-09,325988.24497371
2015-01-10,263963.19360539
2015-01-11,247198.6143289
2015-01-12,314909.77164316
2015-01-13,483267.98595917
2015-01-14,559467.23484787
2015-01-15,411172.80657411
2015-01-16,344927.51543701
2015-01-17,237131.52477971
2015-01-18,212878.70693074
2015-01-19,266862.83628987
2015-01-20,291648.54604078
2015-01-21,329694.9422675
2015-01-22,329418.47918679
2015-01-23,310278.24148024
2015-01-24,257947.28741502
2015-01-25,209633.9028968
2015-01-26,496650.18562685
2015-01-27,343592.50973668
2015-01-28,252091.57390704
2015-01-29,257001.68313439
2015-01-30,329106.95688811
2015-01-31,263102.25714323
2015-02-01,214787.19065937
2015-02-02,223412.13001557
2015-02-03,311668.97608466
2015-02-04,258689.21709757
2015-02-05,272553.24512019
2015-02-06,232410.91288656
2015-02-07,183505.52339402
2015-02-08,197838.6761561
2015-02-09,238408.76677973
2015-02-10,241088.8855856
2015-02-11,254365.33957945
2015-02-12,222966.95859536
2015-02-13,289467.87044247
2015-02-14,237771.15915692
2015-02-15,252342.71159101
2015-02-16,208690.80939675
2015-02-17,223064.11464134
2015-02-18,221051.69920459
2015-02-19,218087.07632661
2015-02-20,197794.18019002
2015-02-21,131751.52823769
2015-02-22,136628.66151024
2015-02-23,230929.15836916
2015-02-24,209715.96230531
2015-02-25,249971.19627821
2015-02-26,250883.86892255
2015-02-27,364980.72496236
2015-02-28,206830.3375697
2015-03-01,196686.2770222
2015-03-02,289399.01226066
2015-03-03,396020.61337676
2015-03-04,286474.87853497
2015-03-05,298299.20360206
2015-03-06,285435.94836067
2015-03-07,207136.4771434
2015-03-08,298009.90708669
2015-03-09,363141.82833278
2015-03-10,447307.71355243
2015-03-11,254902.47447675
2015-03-12,240400.14461126
2015-03-13,259079.05126478
2015-03-14,214959.86308166
2015-03-15,170210.07225371
2015-03-16,253663.39190809
2015-03-17,216200.87898203
2015-03-18,329314.8361462
2015-03-19,299198.47003291
2015-03-20,226385.25558937
2015-03-21,166541.54365507
2015-03-22,145405.75088893
2015-03-23,265034.05558392
2015-03-24,234774.07569409
2015-03-25,248063.15299201
2015-03-26,278348.21361763
2015-03-27,236701.34878573
2015-03-28,154227.94971811
2015-03-29,155707.14896425
2015-03-30,246686.77693582
2015-03-31,266092.39319222
2015-04-01,298341.95112995
2015-04-02,250772.01519569
2015-04-03,209965.8142888
2015-04-04,127605.54547072
2015-04-05,121546.75763577
2015-04-06,202234.47365166
2015-04-07,228931.41796881
2015-04-08,271510.01220507
2015-04-09,228002.26992086
2015-04-10,287616.74446835
2015-04-11,182874.80662765
2015-04-12,148647.54022749
2015-04-13,243723.15440072
2015-04-14,279268.3239954
2015-04-15,292279.7274634
2015-04-16,241991.90827044
2015-04-17,250761.49237307
2015-04-18,155144.16460276
2015-04-19,173236.35341133
2015-04-20,218998.38082053
2015-04-21,272332.58067487
2015-04-22,244338.90896579
2015-04-23,230347.03221841
2015-04-24,224142.95895151
2015-04-25,155815.07798762
2015-04-26,191446.85513265
2015-04-27,259848.85317574
2015-04-28,245114.15055176
2015-04-29,238517.29069335
2015-04-30,240801.68295246
2015-05-01,218328.56855828
2015-05-02,138598.79317497
2015-05-03,178163.9686796
2015-05-04,227248.41857203
2015-05-05,221568.47689525
2015-05-06,223983.23182257
2015-05-07,232922.42830897
2015-05-08,230692.01215881
2015-05-09,183721.05244477
2015-05-10,162112.59730833
2015-05-11,248078.44211791
2015-05-12,245141.91970456
2015-05-13,239807.82744032
2015-05-14,257852.23630969
2015-05-15,190015.43453066
2015-05-16,133192.3595216
2015-05-17,114511.96496655
2015-05-18,201530.28218849
2015-05-19,251824.79618586
2015-05-20,224500.10034633
2015-05-21,239131.17087398
2015-05-22,273769.14907101
2015-05-23,235730.195775
2015-05-24,155335.91512303
2015-05-25,208154.16822478
2015-05-26,235990.32937095
2015-05-27,250857.12506045
2015-05-28,264219.25325724
2015-05-29,245931.96321617
2015-05-30,261492.79394199
2015-05-31,197505.40022824
2015-06-01,309362.63175238
2015-06-02,318396.37022042
2015-06-03,280703.62116482
2015-06-04,243834.27064187
2015-06-05,270297.81422037
2015-06-06,182153.25078556
2015-06-07,174722.52438461
2015-06-08,232557.08122361
2015-06-09,268906.47590397
2015-06-10,278791.55482637
2015-06-11,255555.52342803
2015-06-12,256696.66861693
2015-06-13,211574.09732453
2015-06-14,187163.331032
2015-06-15,287778.83702098
2015-06-16,377351.91231822
2015-06-17,379526.87338467
2015-06-18,329903.33325927
2015-06-19,450366.94640672
2015-06-20,197910.08071873
2015-06-21,169352.23944763
2015-06-22,276308.49779776
2015-06-23,251072.19276169
2015-06-24,269195.61405328
2015-06-25,250244.9181291
2015-06-26,298321.0947614
2015-06-27,200398.35443874
2015-06-28,200990.02876347
2015-06-29,310262.18828591
2015-06-30,376919.18120867
2015-07-01,322139.43486572
2015-07-02,340242.61100827
2015-07-03,281881.78343552
2015-07-04,200819.39548425
2015-07-05,306913.52438637
2015-07-06,374356.69480337
2015-07-07,336497.7667664
2015-07-08,342216.32328206
2015-07-09,381196.42140208
2015-07-10,481906.61173946
2015-07-11,290299.62339167
2015-07-12,299395.32188776
2015-07-13,323022.4754851
2015-07-14,309184.88255706
2015-07-15,283341.32746994
2015-07-16,310931.25921051
2015-07-17,243927.16979743
2015-07-18,194384.01446299
2015-07-19,147084.76948067
2015-07-20,249091.72676423
2015-07-21,247377.20799414
2015-07-22,257589.94341416
2015-07-23,258944.9605737
2015-07-24,285896.50082149
2015-07-25,223396.67163038
2015-07-26,150070.79110499
2015-07-27,252595.49790977
2015-07-28,282665.34933278
2015-07-29,288992.29508538
2015-07-30,249230.09512084
2015-07-31,247901.781288
2015-08-01,185677.89532727
2015-08-02,162263.17219395
2015-08-03,265596.18346891
2015-08-04,336311.92553993
2015-08-05,298029.25100728
2015-08-06,342668.0783182
2015-08-07,246583.05143349
2015-08-08,308267.38997524
2015-08-09,408652.98217601
2015-08-10,329241.10889883
2015-08-11,259965.41961823
2015-08-12,336978.24353324
2015-08-13,332997.41090778
2015-08-14,424745.88631022
2015-08-15,403170.50871253
2015-08-16,304631.9710967
2015-08-17,431418.90021522
2015-08-18,448405.01790343
2015-08-19,408725.00323783
2015-08-20,416080.43881528
2015-08-21,348052.6122419
2015-08-22,300328.62415439
2015-08-23,215561.29233379
2015-08-24,476552.23228958
2015-08-25,594877.49815724
2015-08-26,466321.27000895
2015-08-27,485870.5223283
2015-08-28,547338.29689037
2015-08-29,275291.75064036
2015-08-30,229630.27312612
2015-08-31,342550.56883993
2015-09-01,346224.4090573
2015-09-02,403374.75885935
2015-09-03,372150.26057953
2015-09-04,338711.7036431
2015-09-05,283653.7969375
2015-09-06,274529.22229243
2015-09-07,281848.83917648
2015-09-08,401755.30038943
2015-09-09,399773.07000986
2015-09-10,407175.14325011
2015-09-11,352750.00583871
2015-09-12,227082.62172162
2015-09-13,232893.06015568
2015-09-14,366685.31806982
2015-09-15,360664.57514071
2015-09-16,335471.53553186
2015-09-17,374789.41527423
2015-09-18,300122.12104431
2015-09-19,264599.07941102
2015-09-20,235843.99713748
2015-09-21,368426.43283789
2015-09-22,403261.8212234
2015-09-23,320987.12937263
2015-09-24,318320.06450106
2015-09-25,339024.56400723
2015-09-26,255474.1492443
2015-09-27,189665.66170865
2015-09-28,375478.67930337
2015-09-29,414731.46167359
2015-09-30,362087.77894677
2015-10-01,370413.54229471
2015-10-02,408621.59517076
2015-10-03,362879.69852468
2015-10-04,232074.66005503
2015-10-05,398717.68663937
2015-10-06,471268.96200792
2015-10-07,461446.33514429
2015-10-08,406517.85906306
2015-10-09,411558.75865069
2015-10-10,259672.48539443
2015-10-11,219154.75253054
2015-10-12,386369.87014662
2015-10-13,434817.3802366
2015-10-14,460992.28462562
2015-10-15,406992.6369634
2015-10-16,457152.4721497
2015-10-17,396556.00276205
2015-10-18,311501.87765229
2015-10-19,448689.15167838
2015-10-20,503622.68468487
2015-10-21,386978.57476293
2015-10-22,395470.99100047
2015-10-23,409520.91533935
2015-10-24,351039.04994742
2015-10-25,427180.8171401
2015-10-26,442242.36062919
2015-10-27,488623.41699656
2015-10-28,510718.43387783
2015-10-29,564926.05107767
2015-10-30,633219.8461276
2015-10-31,477813.18858183
2015-11-01,440825.76472801
2015-11-02,538427.8692197
2015-11-03,897807.27218161
2015-11-04,892641.24195225
2015-11-05,868431.80098193
2015-11-06,611931.22295404
2015-11-07,403901.75114835
2015-11-08,371719.20872569
2015-11-09,586026.04521277
2015-11-10,713110.97077558
2015-11-11,619261.17892909
2015-11-12,560779.37973114
2015-11-13,481474.89164525
2015-11-14,364666.82593425
2015-11-15,388477.70199815
2015-11-16,474907.73636346
2015-11-17,586171.30103878
2015-11-18,438702.75402456
2015-11-19,443623.09180931
2015-11-20,401182.50349169
2015-11-21,277272.9134065
2015-11-22,265447.15519809
2015-11-23,298833.23338966
2015-11-24,358064.66928675
2015-11-25,370434.83429708
2015-11-26,452435.01286564
2015-11-27,520174.66084518
2015-11-28,329619.81597166
2015-11-29,268308.85323555
2015-11-30,479596.8672789
2015-12-01,412744.34893223
2015-12-02,459816.48858699
2015-12-03,488622.08206679
2015-12-04,425251.38206338
2015-12-05,436870.65177598
2015-12-06,422749.08840401
2015-12-07,487866.10349508
2015-12-08,530474.57207644
2015-12-09,577447.55136561
2015-12-10,463354.53668642
2015-12-11,603438.62909321
2015-12-12,478046.02628338
2015-12-13,372051.25541622
2015-12-14,507054.56208121
2015-12-15,568668.97778918
2015-12-16,622025.65127252
2015-12-17,548829.20593449
2015-12-18,528768.77483653
2015-12-19,408978.70395601
2015-12-20,381863.43388093
2015-12-21,530775.77551406
2015-12-22,576091.53985394
2015-12-23,476504.44833887
2015-12-24,455428.73648872
2015-12-25,344462.47820014
2015-12-26,372992.62577598
2015-12-27,233155.58457219
2015-12-28,410335.46467167
2015-12-29,342815.53060342
2015-12-30,308714.53589512
2015-12-31,352130.47355771
2016-01-01,183258.88727807
2016-01-02,203895.00496152
2016-01-03,258156.0765167
2016-01-04,281335.69686406
2016-01-05,384513.6517028
2016-01-06,318102.76890082
2016-01-07,465258.40292516
2016-01-08,392750.57919932
2016-01-09,261657.68735537
2016-01-10,262560.11956523
2016-01-11,388955.93202662
2016-01-12,370887.20899185
2016-01-13,425177.70554031
2016-01-14,362713.02169396
2016-01-15,582160.02285014
2016-01-16,471356.49428657
2016-01-17,356721.23178483
2016-01-18,474977.37048886
2016-01-19,428151.7884453
2016-01-20,572955.88749552
2016-01-21,550818.1971585
2016-01-22,584557.6469256
2016-01-23,522526.39997325
2016-01-24,465168.96269515
2016-01-25,604358.16696307
2016-01-26,570674.7895309
2016-01-27,668480.61823499
2016-01-28,681796.39940066
2016-01-29,764471.63806739
2016-01-30,472954.03672942
2016-01-31,429800.0771813
2016-02-01,845355.27164558
2016-02-02,850661.21370707
2016-02-03,589495.71827268
2016-02-04,657609.92583709
2016-02-05,676623.55948902
2016-02-06,421317.63614748
2016-02-07,418252.18792494
2016-02-08,531949.63060611
2016-02-09,608946.95174775
2016-02-10,692151.72420207
2016-02-11,557013.42262138
2016-02-12,542583.32020155
2016-02-13,430599.54333964
2016-02-14,407107.67107883
2016-02-15,582794.90488948
2016-02-16,680926.40811196
2016-02-17,602338.76519041
2016-02-18,498297.00780199
2016-02-19,574297.06039349
2016-02-20,486429.8875946
2016-02-21,529513.86886073
2016-02-22,518120.27244408
2016-02-23,580731.31530043
2016-02-24,563041.21294675
2016-02-25,486341.45021405
2016-02-26,450676.5543254
2016-02-27,413291.79428222
2016-02-28,504496.71438772
2016-02-29,661091.10911575
2016-03-01,826118.68600981
2016-03-02,637317.77079963
2016-03-03,728355.43779601
2016-03-04,838820.28070702
2016-03-05,839208.66504357
2016-03-06,562676.02470763
2016-03-07,753324.40734503
2016-03-08,570690.45243303
2016-03-09,594345.79773887
2016-03-10,559375.99927359
2016-03-11,651150.26627399
2016-03-12,456058.66462105
2016-03-13,376170.7798898
2016-03-14,536664.7622351
2016-03-15,563002.00385272
2016-03-16,557292.37000922
2016-03-17,531615.07466086
2016-03-18,520074.80472918
2016-03-19,328564.76383827
2016-03-20,286435.17692172
2016-03-21,450648.69977513
2016-03-22,412119.2097352
2016-03-23,456491.41437853
2016-03-24,524217.49518822
2016-03-25,471297.2992167
2016-03-26,375146.8807104
2016-03-27,498152.61102849
2016-03-28,490017.69847941
2016-03-29,582494.56763572
2016-03-30,479416.33303401
2016-03-31,503523.34454672
2016-04-01,474974.51765295
2016-04-02,313130.90105226
2016-04-03,333768.18221799
2016-04-04,514397.41839649
2016-04-05,488699.89069705
2016-04-06,480171.94198795
2016-04-07,631396.7173424
2016-04-08,483831.25660715
2016-04-09,297668.72501128
2016-04-10,355456.87615708
2016-04-11,434492.34635967
2016-04-12,458098.19235225
2016-04-13,463347.60368866
2016-04-14,397284.41898469
2016-04-15,487892.97339843
2016-04-16,329907.89793729
2016-04-17,271815.30044623
2016-04-18,410760.32656819
2016-04-19,416052.2779859
2016-04-20,483198.03693256
2016-04-21,458682.59354147
2016-04-22,380011.56890116
2016-04-23,295822.10774119
2016-04-24,378574.80746525
2016-04-25,552870.29893234
2016-04-26,817316.14086581
2016-04-27,700354.61309054
2016-04-28,589184.05304601
2016-04-29,572693.38745767
2016-04-30,426256.66387837
2016-05-01,377042.08046035
2016-05-02,520871.20211869
2016-05-03,585044.23327706
2016-05-04,635765.65834874
2016-05-05,412472.77814196
2016-05-06,521695.14755464
2016-05-07,385648.20595734
2016-05-08,312549.91334251
2016-05-09,435065.35503474
2016-05-10,497134.93762037
2016-05-11,530943.47127637
2016-05-12,460996.80950888
2016-05-13,475499.71747562
2016-05-14,358274.32629391
2016-05-15,329264.59656019
2016-05-16,468269.45980793
2016-05-17,543749.77938268
2016-05-18,547646.31686276
2016-05-19,585490.86978768
2016-05-20,587407.51921994
2016-05-21,361011.25284793
2016-05-22,338179.52698731
2016-05-23,493985.24335443
2016-05-24,515510.32097053
2016-05-25,559151.08500322
2016-05-26,544267.48682923
2016-05-27,736470.09495777
2016-05-28,593588.36517439
2016-05-29,546411.05734675
2016-05-30,600999.86064849
2016-05-31,635885.7354792
2016-06-01,624634.39014471
2016-06-02,596259.2804175
2016-06-03,492451.64972079
2016-06-04,420249.35493515
2016-06-05,399618.01345013
2016-06-06,514002.86644344
2016-06-07,635592.33986593
2016-06-08,519610.03502611
2016-06-09,561326.76062512
2016-06-10,588574.68519693
2016-06-11,395175.83527761
2016-06-12,553075.02169043
2016-06-13,834338.50421141
2016-06-14,694395.89294496
2016-06-15,739725.83075284
2016-06-16,795645.15361624
2016-06-17,766855.43893642
2016-06-18,429166.42439435
2016-06-19,337430.76851949
2016-06-20,681937.30249903
2016-06-21,705518.67534033
2016-06-22,901073.24434002
2016-06-23,713860.64858153
2016-06-24,623081.80638528
2016-06-25,418496.88093701
2016-06-26,347654.70961228
2016-06-27,543980.91961358
2016-06-28,520719.18561197
2016-06-29,502157.57086818
2016-06-30,549036.2910594
2016-07-01,558578.58827792
2016-07-02,310350.01905459
2016-07-03,295808.31599444
2016-07-04,381547.00433159
2016-07-05,514803.26067113
2016-07-06,497094.07794951
2016-07-07,547286.09989268
2016-07-08,646685.38834608
2016-07-09,421119.74478279
2016-07-10,324668.88606609
2016-07-11,519125.82585675
2016-07-12,564526.45735661
2016-07-13,552555.27126038
2016-07-14,486833.8430443
2016-07-15,554636.06727595
2016-07-16,388745.09607771
2016-07-17,352343.26557089
2016-07-18,525138.15076782
2016-07-19,488908.173595
2016-07-20,522558.53553428
2016-07-21,486527.08845905
2016-07-22,528306.74288189
2016-07-23,365096.98924583
2016-07-24,360523.96952636
2016-07-25,460593.41138571
2016-07-26,573790.00678265
2016-07-27,517851.8016195
2016-07-28,467963.0426873
2016-07-29,479854.29433743
2016-07-30,291610.73482183
2016-07-31,327064.33293667
2016-08-01,503656.37812966
2016-08-02,678461.16498455
2016-08-03,498768.20520419
2016-08-04,467124.73031318
2016-08-05,408738.91922805
2016-08-06,289639.2951413
2016-08-07,368124.51511481
2016-08-08,387710.6009698
2016-08-09,451556.23490428
2016-08-10,471271.78140427
2016-08-11,458420.12395742
2016-08-12,446973.70176972
2016-08-13,300599.67764479
2016-08-14,275083.73273707
2016-08-15,401100.99592338
2016-08-16,548424.52848753
2016-08-17,509078.37224614
2016-08-18,458279.34952188
2016-08-19,463756.81618145
2016-08-20,351073.90066947
2016-08-21,335150.71406414
2016-08-22,432691.97605807
2016-08-23,501769.56088544
2016-08-24,479735.00045742
2016-08-25,455263.03823847
2016-08-26,451061.40257995
2016-08-27,338650.22491827
2016-08-28,250286.07521085
2016-08-29,490883.53451831
2016-08-30,538332.49939301
2016-08-31,551100.22503121
2016-09-01,537858.53035065
2016-09-02,439256.95176205
2016-09-03,363497.48125405
2016-09-04,306113.05051071
2016-09-05,382592.39803922
2016-09-06,425177.16157521
2016-09-07,399056.23807537
2016-09-08,452568.88358413
2016-09-09,450629.47555962
2016-09-10,317718.86759125
2016-09-11,321158.44170934
2016-09-12,419834.43080833
2016-09-13,445141.09145116
2016-09-14,383274.93203816
2016-09-15,366652.64415223
2016-09-16,341675.2445628
2016-09-17,277069.86107559
2016-09-18,271694.23278457
2016-09-19,417030.94527181
2016-09-20,467516.00406355
2016-09-21,508547.51065423
2016-09-22,461365.56092871
2016-09-23,485697.54921914
2016-09-24,343980.92921014
2016-09-25,292630.36995737
2016-09-26,484636.4721876
2016-09-27,489379.11734765
2016-09-28,500550.27317488
2016-09-29,565109.99439738
2016-09-30,490807.42595176
2016-10-01,326575.21932855
2016-10-02,306551.69181172
2016-10-03,461135.66086539
2016-10-04,539569.58519574
2016-10-05,489092.17664852
2016-10-06,464010.87230062
2016-10-07,409832.5301938
2016-10-08,320749.79301893
2016-10-09,281185.60801362
2016-10-10,445239.22432091
2016-10-11,520444.83470522
2016-10-12,506884.18266391
2016-10-13,485295.27975978
2016-10-14,424230.0305673
2016-10-15,388093.81381511
2016-10-16,333492.39282106
2016-10-17,434869.52393355
2016-10-18,514311.36830909
2016-10-19,460738.23741446
2016-10-20,508383.52462348
2016-10-21,386260.30274259
2016-10-22,316811.45556236
2016-10-23,264543.33710893
2016-10-24,394440.18250183
2016-10-25,448408.60343534
2016-10-26,486420.67701934
2016-10-27,590319.09538736
2016-10-28,510661.71388749
2016-10-29,460730.33905209
2016-10-30,317214.39739156
2016-10-31,500021.41378372
2016-11-01,505240.12756586
2016-11-02,441731.81960942
2016-11-03,520871.34032821
2016-11-04,485248.07255633
2016-11-05,346542.77721205
2016-11-06,308216.06564216
2016-11-07,490778.40145613
2016-11-08,496710.10748937
2016-11-09,545463.44828671
2016-11-10,415787.97021388
2016-11-11,382529.18160894
2016-11-12,270686.54779289
2016-11-13,325631.34780212
2016-11-14,435533.24010698
2016-11-15,445892.32804618
2016-11-16,496895.51482682
2016-11-17,574766.3520145
2016-11-18,501802.23425553
2016-11-19,412116.05626019
2016-11-20,400279.63512187
2016-11-21,584056.92480814
2016-11-22,498340.55404653
2016-11-23,526507.78765002
2016-11-24,468576.77042313
2016-11-25,559187.21293032
2016-11-26,358505.55808609
2016-11-27,286943.39142973
2016-11-28,476071.86488872
2016-11-29,503321.36250804
2016-11-30,454445.92884169
2016-12-01,418250.72334471
2016-12-02,553797.00093037
2016-12-03,336963.69511191
2016-12-04,282598.78798106
2016-12-05,519367.83242197
2016-12-06,487926.59973683
2016-12-07,480037.39405392
2016-12-08,433589.8841292
2016-12-09,445813.12067608
2016-12-10,374359.61458014
2016-12-11,283250.09841692
2016-12-12,423505.97962468
2016-12-13,452953.06972575
2016-12-14,441183.32110216
2016-12-15,462652.31891516
2016-12-16,459009.82747051
2016-12-17,388927.69573071
2016-12-18,317948.03565612
2016-12-19,446464.48251368
2016-12-20,492513.01588022
2016-12-21,535096.50477925
2016-12-22,549028.35381025
2016-12-23,610644.54039437
2016-12-24,428286.82036314
2016-12-25,337350.29224071
2016-12-26,432890.95519525
2016-12-27,544336.64390943
2016-12-28,567294.80929959
2016-12-29,558836.58670055
2016-12-30,498462.90346921
2016-12-31,360601.95910953
2017-01-01,293176.62938943
2017-01-02,419410.81197501
2017-01-03,484943.07734625
2017-01-04,560315.77583607
2017-01-05,693312.78785721
2017-01-06,649367.75426438
2017-01-07,476792.46716444
2017-01-08,343804.1474862
2017-01-09,543034.25137059
2017-01-10,529074.40303314
2017-01-11,735789.9869493
2017-01-12,631873.87526331
2017-01-13,493341.59844504
2017-01-14,331512.97872996
2017-01-15,338708.21090838
2017-01-16,452667.44523826
2017-01-17,520565.9126687
2017-01-18,485360.72115984
2017-01-19,443562.83008511
2017-01-20,465819.63638213
2017-01-21,302736.7036616
2017-01-22,320159.30990923
2017-01-23,383436.02394854
2017-01-24,456330.49074172
2017-01-25,466607.17545282
2017-01-26,464581.23958933
2017-01-27,369524.94091851
2017-01-28,274742.79230087
2017-01-29,303815.00540315
2017-01-30,386874.65497262
2017-01-31,507302.37002696
2017-02-01,493028.14702443
2017-02-02,434187.05533146
2017-02-03,563570.33136426
2017-02-04,399054.57694749
2017-02-05,335124.0468733
2017-02-06,480359.1656013
2017-02-07,458374.99229031
2017-02-08,481061.68301816
2017-02-09,587148.85465256
2017-02-10,530146.43221365
2017-02-11,290251.40233969
2017-02-12,271702.76022222
2017-02-13,436464.80044321
2017-02-14,455560.86457636
2017-02-15,443676.58091405
2017-02-16,429686.2029034
2017-02-17,492024.87078296
2017-02-18,307732.27536114
2017-02-19,334956.16625007
2017-02-20,402389.63035657
2017-02-21,459200.28547826
2017-02-22,547125.92202893
2017-02-23,522913.72234419
2017-02-24,567922.71741626
2017-02-25,335266.00234561
2017-02-26,274118.64682724
2017-02-27,445795.24347508
2017-02-28,453545.19870791
2017-03-01,483861.73259475
2017-03-02,582069.26850535
2017-03-03,563357.80325265
2017-03-04,401725.12493946
2017-03-05,365593.99940497
2017-03-06,473658.86410002
2017-03-07,514553.74897035
2017-03-08,491638.94854808
2017-03-09,439183.03209123
2017-03-10,490341.16402974
2017-03-11,467099.7021522
2017-03-12,358556.8291732
2017-03-13,478990.30800197
2017-03-14,509556.54248168
2017-03-15,552656.49442668
2017-03-16,684826.62874568
2017-03-17,678605.65353042
2017-03-18,573755.6583352
2017-03-19,436618.27572303
2017-03-20,604475.75065943
2017-03-21,596691.39118266
2017-03-22,595346.91544355
2017-03-23,548645.403466
2017-03-24,595757.72199666
2017-03-25,605142.95917415
2017-03-26,415379.50855486
2017-03-27,603494.42409843
2017-03-28,599860.67382792
2017-03-29,561651.77764825
2017-03-30,614763.06626554
2017-03-31,734416.68820039
2017-04-01,505849.25387019
2017-04-02,433557.34724966
2017-04-03,585589.24577152
2017-04-04,553637.94881241
2017-04-05,590558.22620925
2017-04-06,559360.95397186
2017-04-07,532970.02164962
2017-04-08,308828.1164832
2017-04-09,316113.28378775
2017-04-10,460452.98877485
2017-04-11,556063.24293466
2017-04-12,508551.41435237
2017-04-13,496778.34616157
2017-04-14,569160.94591847
2017-04-15,426419.96428545
2017-04-16,350158.96978673
2017-04-17,479727.51426747
2017-04-18,484247.41422931
2017-04-19,437113.04289344
2017-04-20,488349.47962932
2017-04-21,479466.60217016
2017-04-22,339677.29246251
2017-04-23,313980.9514109
2017-04-24,451367.22749571
2017-04-25,632479.48532083
2017-04-26,530362.90071582
2017-04-27,548561.60959574
2017-04-28,552684.13853855
2017-04-29,429287.30849779
2017-04-30,400882.13782399
2017-05-01,500098.70435011
2017-05-02,530395.61283735
2017-05-03,544024.03385391
2017-05-04,629253.74145605
2017-05-05,605276.44050757
2017-05-06,508327.37620774
2017-05-07,490975.87909522
2017-05-08,624870.48282403
2017-05-09,586730.95562699
2017-05-10,589854.74360989
2017-05-11,643689.02671006
2017-05-12,620658.47345742
2017-05-13,527060.37643587
2017-05-14,464387.8653504
2017-05-15,668649.10595157
2017-05-16,486492.10375764
2017-05-17,852807.03888346
2017-05-18,736542.10124566
2017-05-19,657813.36322376
2017-05-20,579767.78043441
2017-05-21,465948.67950849
2017-05-22,624788.13038691
2017-05-23,871004.43584995
2017-05-24,731436.19050667
2017-05-25,915387.13688433
2017-05-26,705558.47754175
2017-05-27,656509.57397373
2017-05-28,473911.14793999
2017-05-29,551672.61754751
2017-05-30,620231.69308153
2017-05-31,753833.02587722
2017-06-01,809505.47683958
2017-06-02,701148.0254924
2017-06-03,793431.41039357
2017-06-04,692194.69949089
2017-06-05,714545.92617528
2017-06-06,678166.75079122
2017-06-07,643896.47159377
2017-06-08,685706.8427032
2017-06-09,596638.99713682
2017-06-10,531652.21368675
2017-06-11,443688.89695759
2017-06-12,602509.70044717
2017-06-13,728131.83742605
2017-06-14,788565.91558471
2017-06-15,759652.32313351
2017-06-16,745421.79641471
2017-06-17,507348.11248034
2017-06-18,554145.94879714
2017-06-19,579494.17968157
2017-06-20,603295.39113557
2017-06-21,647193.588023
2017-06-22,563127.41830434
2017-06-23,461058.10208298
2017-06-24,441708.23431311
2017-06-25,390019.59548243
2017-06-26,554211.08379523
2017-06-27,569357.4956332
2017-06-28,599465.58078011
2017-06-29,572467.71312694
2017-06-30,643346.26005605
2017-07-01,414348.62622287
2017-07-02,377171.97653826
2017-07-03,509577.42122875
2017-07-04,491990.74921289
2017-07-05,495895.6957012
2017-07-06,491991.84419847
2017-07-07,532806.3076058
2017-07-08,426303.90855177
2017-07-09,460911.56279625
2017-07-10,549845.28666089
2017-07-11,508937.3554748
2017-07-12,547312.02536755
2017-07-13,490511.32213222
2017-07-14,440921.5214935
2017-07-15,413617.26017375
2017-07-16,422997.03397245
2017-07-17,495266.13405243
2017-07-18,545635.66048103
2017-07-19,515728.84710636
2017-07-20,532194.36707016
2017-07-21,529720.97979438
2017-07-22,376122.84513823
2017-07-23,345398.46761157
2017-07-24,454140.08141628
2017-07-25,528981.09909679
2017-07-26,524647.88813994
2017-07-27,578111.55846565
2017-07-28,672338.98584834
2017-07-29,475040.46452283
2017-07-30,595540.7372193
2017-07-31,769873.02059073
2017-08-01,609517.73273529
2017-08-02,791012.04289393
2017-08-03,766054.92734422
2017-08-04,715376.30660321
2017-08-05,539218.39356538
2017-08-06,441598.0518668
2017-08-07,666411.05525898
2017-08-08,685399.71891914
2017-08-09,602509.55472504
2017-08-10,635013.70082981
2017-08-11,578053.33366829
2017-08-12,549386.31649342
2017-08-13,482185.13008488
2017-08-14,607564.4287272
2017-08-15,628879.75217686
2017-08-16,602259.72056026
2017-08-17,599961.15746605
2017-08-18,635397.60294055
2017-08-19,605194.00451813
2017-08-20,559821.40759402
2017-08-21,639403.45778617
2017-08-22,601718.21382806
2017-08-23,617129.83242047
2017-08-24,513637.25466477
2017-08-25,395964.12294334
2017-08-26,355909.13969575
2017-08-27,369143.41802696
2017-08-28,523823.72970787
2017-08-29,577090.92398485
2017-08-30,475509.17275557
2017-08-31,574241.57561601
2017-09-01,528309.87402596
2017-09-02,437837.63874888
2017-09-03,358189.41631282
2017-09-04,597147.83248324
2017-09-05,611831.9988379
2017-09-06,549741.57984118
2017-09-07,535611.60650313
2017-09-08,540678.22154304
2017-09-09,400251.23741044
2017-09-10,375812.04475354
2017-09-11,457568.28910853
2017-09-12,510212.00823782
2017-09-13,515322.65672584
2017-09-14,558836.8650495
2017-09-15,676217.78707575
2017-09-16,432102.12314085
2017-09-17,337896.60031754
2017-09-18,449338.64202923
2017-09-19,520435.70580265
2017-09-20,464906.46112833
2017-09-21,412720.01308586
2017-09-22,462568.46355882
2017-09-23,316842.88366333
2017-09-24,275280.09097458
2017-09-25,508131.43386842
2017-09-26,493744.00940291
2017-09-27,443421.72847753
2017-09-28,465073.13714192
2017-09-29,400283.79714307
2017-09-30,357084.44670521
2017-10-01,333211.57345142
2017-10-02,455425.58540547
2017-10-03,408989.40372233
2017-10-04,391536.97929696
2017-10-05,447315.1310859
2017-10-06,370411.5203722
2017-10-07,322208.15114409
2017-10-08,301061.68531211
2017-10-09,422372.97095534
2017-10-10,491982.71135142
2017-10-11,377452.0476008
2017-10-12,429033.70042599
2017-10-13,487474.49868961
2017-10-14,342079.91012014
2017-10-15,302143.05382318
2017-10-16,380254.39602718
2017-10-17,392739.14539893
2017-10-18,356869.9154758
2017-10-19,376522.89788566
2017-10-20,374670.85521439
2017-10-21,326090.25745361
2017-10-22,322523.26327778
2017-10-23,613915.1262741
2017-10-24,525616.11644466
2017-10-25,379001.12961441
2017-10-26,357602.70854926
2017-10-27,318109.66722645
2017-10-28,286580.4885219
2017-10-29,357286.92964122
2017-10-30,370949.01558338
2017-10-31,393727.4976883
2017-11-01,455573.90433915
2017-11-02,508414.65714749
2017-11-03,434349.6501601
2017-11-04,331700.24037333
2017-11-05,299360.48290493
2017-11-06,404684.46614194
2017-11-07,430322.63889092
2017-11-08,443214.06242758
2017-11-09,501902.32307409
2017-11-10,504145.40530638
2017-11-11,408733.19625829
2017-11-12,591557.94911813
2017-11-13,540116.87445012
2017-11-14,677814.00826343
2017-11-15,716527.89781676
2017-11-16,656771.07893268
2017-11-17,581886.47326293
2017-11-18,406936.80610651
2017-11-19,324706.76179744
2017-11-20,447588.76611882
2017-11-21,496944.81099809
2017-11-22,437763.68731174
2017-11-23,444552.90991878
2017-11-24,471133.22978389
2017-11-25,350990.13817695
2017-11-26,447040.21791917
2017-11-27,527358.93065383
2017-11-28,569188.08433019
2017-11-29,682317.13792685
2017-11-30,511402.30179222
2017-12-01,459046.01025346
2017-12-02,349241.98288587
2017-12-03,334752.7493283
2017-12-04,421600.46197387
2017-12-05,508645.35958282
2017-12-06,537903.37925011
2017-12-07,646929.70590145
2017-12-08,667771.94131799
2017-12-09,741117.96821135
2017-12-10,578428.70466183
2017-12-11,687066.11663991
2017-12-12,665287.88283179
2017-12-13,531599.26960684
2017-12-14,506001.35193149
2017-12-15,515998.7669915
2017-12-16,417189.73607778
2017-12-17,442097.49324926
2017-12-18,455647.24632211
2017-12-19,426123.06651553
2017-12-20,498971.84984042
2017-12-21,420467.19722935
2017-12-22,482867.943724
2017-12-23,340883.87130753
2017-12-24,330342.69604234
2017-12-25,313524.04653999
2017-12-26,360412.25131694
2017-12-27,443536.96887957
2017-12-28,470633.69234821
2017-12-29,434349.9127923
2017-12-30,507578.37456977
2017-12-31,369059.8674744
2018-01-01,328080.34692786
2018-01-02,414098.64403856
2018-01-03,386652.65492094
2018-01-04,521513.39240161
2018-01-05,507946.54189619
2018-01-06,381470.75688477
2018-01-07,489043.59857297
2018-01-08,418725.59182114
2018-01-09,497505.53311413
2018-01-10,471091.56043531
2018-01-11,478901.8075649
2018-01-12,394646.91633516
2018-01-13,309665.94499719
2018-01-14,288722.8544413
2018-01-15,362660.78282573
2018-01-16,519748.04256607
2018-01-17,502325.78436598
2018-01-18,415427.13459756
2018-01-19,444890.17195699
2018-01-20,310501.76886452
2018-01-21,270384.75644742
2018-01-22,385599.48256362
2018-01-23,417060.61060189
2018-01-24,386306.45897717
2018-01-25,362700.89326622
2018-01-26,423904.6496633
2018-01-27,226655.53331453
2018-01-28,270112.63073319
2018-01-29,378484.63246865
2018-01-30,386032.64065649
2018-01-31,367129.15591789
2018-02-01,440266.7044579
2018-02-02,466338.44619959
2018-02-03,281642.54356864
2018-02-04,299474.5826753
2018-02-05,439097.60869368
2018-02-06,496204.53000978
2018-02-07,402517.05450082
2018-02-08,381717.39928918
2018-02-09,327759.6011427
2018-02-10,258915.1872852
2018-02-11,198558.5648223
2018-02-12,315479.52240162
2018-02-13,280332.43617634
2018-02-14,326145.18205053
2018-02-15,313642.42424666
2018-02-16,254107.64369552
2018-02-17,191074.2463449
2018-02-18,184547.38210839
2018-02-19,233226.42892493
2018-02-20,284857.17058532
2018-02-21,271193.52782436
2018-02-22,314981.14176961
2018-02-23,272207.14917978
2018-02-24,235058.18234787
2018-02-25,172928.10579376
2018-02-26,260165.54953891
2018-02-27,285176.36799107
2018-02-28,332918.25818448
2018-03-01,361934.04632858
2018-03-02,265975.8386097
2018-03-03,212170.53797635
2018-03-04,188568.58526984
2018-03-05,317540.9296545
2018-03-06,260959.11516958
2018-03-07,312347.30656134
2018-03-08,276738.39816721
2018-03-09,367076.2295095
2018-03-10,195278.5675817
2018-03-11,230628.81748224
2018-03-12,273265.27348503
2018-03-13,284355.70241448
2018-03-14,283528.71190895
2018-03-15,282140.5950993
2018-03-16,242705.99814319
2018-03-17,184699.33209637
2018-03-18,216956.33696623
2018-03-19,276390.73242439
2018-03-20,279408.4139446
2018-03-21,281528.66909181
2018-03-22,262184.20672324
2018-03-23,256417.12213533
2018-03-24,168998.28850704
2018-03-25,205939.51351971
2018-03-26,287836.53790736
2018-03-27,247489.95077492
2018-03-28,253797.59387622
2018-03-29,300127.29094632
2018-03-30,306839.75456098
2018-03-31,215397.50852471
2018-04-01,197874.34735531
2018-04-02,241336.5275507
2018-04-03,310455.05819466
2018-04-04,260371.53909939
2018-04-05,241837.23085892
2018-04-06,228552.16585051
2018-04-07,182926.29931637
2018-04-08,165134.55279313
2018-04-09,254813.95598344
2018-04-10,253103.64457119
2018-04-11,297799.87643296
2018-04-12,335173.35428808
2018-04-13,333541.94165919
2018-04-14,183764.23352721
2018-04-15,162542.94432583
2018-04-16,244625.28424803
2018-04-17,292628.26388645
2018-04-18,232638.4941834
2018-04-19,282528.88408452
2018-04-20,292004.71308577
2018-04-21,230255.58327891
2018-04-22,181685.04133183
2018-04-23,276389.11172941
2018-04-24,356046.61003326
2018-04-25,339300.58445001
2018-04-26,295499.93633275
2018-04-27,285537.15804334
2018-04-28,215027.96402677
2018-04-29,208430.60367766
2018-04-30,258406.22627377
2018-05-01,201221.00795026
2018-05-02,281152.13169345
2018-05-03,272254.24273485
2018-05-04,281351.57588409
2018-05-05,211464.36903347
2018-05-06,212074.77903475
2018-05-07,275252.74800963
2018-05-08,265498.216252
2018-05-09,283166.1446013
2018-05-10,281728.96499024
2018-05-11,322191.05020254
2018-05-12,201505.59059436
2018-05-13,171344.37167895
2018-05-14,341254.80988537
2018-05-15,278091.92980094
2018-05-16,312432.86553248
2018-05-17,342142.91137453
2018-05-18,296819.9964491
2018-05-19,146867.96039162
2018-05-20,154366.94337376
2018-05-21,214790.29253628
2018-05-22,233982.98170642
2018-05-23,281032.56953545
2018-05-24,292307.99133896
2018-05-25,247400.13559702
2018-05-26,150766.44820431
2018-05-27,151477.07870242
2018-05-28,271054.87636362
2018-05-29,289782.13790236
2018-05-30,259216.03319648
2018-05-31,240934.5133664
2018-06-01,229250.73674135
2018-06-02,174549.68509363
2018-06-03,162556.96749771
2018-06-04,239875.99989768
2018-06-05,287622.68224172
2018-06-06,269204.36840544
2018-06-07,235685.08901119
2018-06-08,271256.78602095
2018-06-09,196956.74575296
2018-06-10,246865.27069458
2018-06-11,295603.01689474
2018-06-12,304374.9172895
2018-06-13,310048.38109941
2018-06-14,261423.35994778
2018-06-15,249978.16939211
2018-06-16,142751.88959706
2018-06-17,148334.07240661
2018-06-18,208389.11631939
2018-06-19,206376.49696313
2018-06-20,209175.58293751
2018-06-21,219568.19147912
2018-06-22,259795.30677885
2018-06-23,155358.35915363
2018-06-24,166835.88939923
2018-06-25,247226.77085975
2018-06-26,208654.12422733
2018-06-27,333114.898071
2018-06-28,243322.89989783
2018-06-29,250835.69459953
2018-06-30,162626.46237711
2018-07-01,226248.5496655
2018-07-02,228816.32428879
2018-07-03,270055.3341889
2018-07-04,229146.46909573
2018-07-05,244194.76431877
2018-07-06,253076.15479413
2018-07-07,139018.92541134
2018-07-08,197464.87792379
2018-07-09,237419.79750665
2018-07-10,262776.88716092
2018-07-11,265022.43979634
2018-07-12,235375.43735581
2018-07-13,243321.33631633
2018-07-14,150781.15123908
2018-07-15,136548.87472847
2018-07-16,242552.07777204
2018-07-17,271023.11325026
2018-07-18,305513.35772315
2018-07-19,274388.10863174
2018-07-20,226589.10143384
2018-07-21,167077.5279147
2018-07-22,126395.05273801
2018-07-23,249825.16410019
2018-07-24,301017.23081255
2018-07-25,257051.52724158
2018-07-26,233650.87918086
2018-07-27,236875.24566368
2018-07-28,149105.3398155
2018-07-29,164731.82864315
2018-07-30,242446.43559396
2018-07-31,234290.55267647
2018-08-01,220369.47551276
2018-08-02,206651.94858375
2018-08-03,219040.67403914
2018-08-04,153725.55433164
2018-08-05,152111.80830728
2018-08-06,215086.81222038
2018-08-07,236797.53615678
2018-08-08,261192.29686487
2018-08-09,277778.38435647
2018-08-10,246603.22268935
2018-08-11,182040.93672411
2018-08-12,140722.0865556
2018-08-13,284737.53077277
2018-08-14,318244.10340561
2018-08-15,257139.4794736
2018-08-16,237162.39053825
2018-08-17,236792.15768177
2018-08-18,136693.13522216
2018-08-19,129850.26286414
2018-08-20,226451.38745843
2018-08-21,250970.38483842
2018-08-22,259409.70531102
2018-08-23,210819.59154853
2018-08-24,219020.13708699
2018-08-25,167381.39873711
2018-08-26,129339.70857421
2018-08-27,258393.87485557
2018-08-28,293979.72627791
2018-08-29,260944.31383122
2018-08-30,231997.35180329
2018-08-31,246969.39451708
2018-09-01,162301.06128416
2018-09-02,137386.91165508
2018-09-03,209370.45254361
2018-09-04,253750.55887359
2018-09-05,254167.44064501
2018-09-06,297820.23552808
2018-09-07,244430.80858599
2018-09-08,143657.97637153
2018-09-09,160114.87445256
2018-09-10,220929.02689926
2018-09-11,244658.45248922
2018-09-12,237749.40098179
2018-09-13,288419.97781156
2018-09-14,216143.11330704
2018-09-15,142875.16939535
2018-09-16,123939.51654677
2018-09-17,213119.44421691
2018-09-18,228120.07385545
2018-09-19,215859.45677918
2018-09-20,221864.59119321
2018-09-21,263138.79276035
2018-09-22,151526.92187308
2018-09-23,122263.6332879
2018-09-24,179465.20561974
2018-09-25,250788.95096996
2018-09-26,206741.90559239
2018-09-27,247293.68197537
2018-09-28,228409.88854012
2018-09-29,140307.34826867
2018-09-30,145109.50121037
2018-10-01,231973.58460014
2018-10-02,245132.95102668
2018-10-03,221154.13845729
2018-10-04,202702.91686903
2018-10-05,198899.25806766
2018-10-06,155644.33682876
2018-10-07,103951.43708805
2018-10-08,211680.7648208
2018-10-09,220017.25871963
2018-10-10,222348.46232619
2018-10-11,297159.1069498
2018-10-12,261698.77186304
2018-10-13,153756.2949929
2018-10-14,157594.93485657
2018-10-15,333473.83979079
2018-10-16,277570.9821799
2018-10-17,256580.3774758
2018-10-18,247422.5467504
2018-10-19,254379.26059091
2018-10-20,151214.25756811
2018-10-21,118721.29972222
2018-10-22,234978.50565649
2018-10-23,247263.55043801
2018-10-24,237857.21827815
2018-10-25,229721.01546252
2018-10-26,322747.12304988
2018-10-27,155045.85998695
2018-10-28,133919.01256967
2018-10-29,254550.0187583
2018-10-30,232313.3054443
2018-10-31,286463.96507843
2018-11-01,236030.70674707
2018-11-02,270778.67623369
2018-11-03,146608.12963366
2018-11-04,160017.1320486
2018-11-05,267140.13116209
2018-11-06,260756.02266378
2018-11-07,264183.27473169
2018-11-08,239820.28400508
2018-11-09,251621.36776929
2018-11-10,145451.32195628
2018-11-11,140309.01541152
2018-11-12,235313.08839393
2018-11-13,256600.94017884
2018-11-14,353714.80422034
2018-11-15,382329.39197168
2018-11-16,349085.75234384
2018-11-17,177404.34348669
2018-11-18,170270.39101617
2018-11-19,355497.18734978
2018-11-20,477065.74973933
2018-11-21,325798.38743138
2018-11-22,274530.11157206
2018-11-23,282812.05336473
2018-11-24,215822.44451539
2018-11-25,264014.7787171
2018-11-26,338065.46826022
2018-11-27,335457.01787003
2018-11-28,382907.29900386
2018-11-29,319336.6318933
2018-11-30,287540.00428752
2018-12-01,161734.10930474
2018-12-02,162371.29496142
2018-12-03,306380.29490287
2018-12-04,299420.44995155
2018-12-05,290079.82950325
2018-12-06,312238.09574364
2018-12-07,380850.16713351
2018-12-08,213868.56873636
2018-12-09,166759.29506557
2018-12-10,287197.77813322
2018-12-11,323878.62126543
2018-12-12,288346.38226108
2018-12-13,320193.49578766
2018-12-14,308516.24275313
2018-12-15,199184.82871331
2018-12-16,202726.16926376
2018-12-17,281482.44030899
2018-12-18,401677.88616377
2018-12-19,367217.55220287
2018-12-20,355300.97090804
2018-12-21,377996.3079242
2018-12-22,184686.98204985
2018-12-23,187093.94101059
2018-12-24,294190.53698315
2018-12-25,204844.39381113
2018-12-26,250622.94752673
2018-12-27,298120.65456426
2018-12-28,288881.73367927
2018-12-29,273030.79841008
2018-12-30,182175.12009923
2018-12-31,242740.66697004
2019-01-01,144340.58798469
2019-01-02,253371.07702427
2019-01-03,278292.07520452
2019-01-04,302437.44098903
2019-01-05,193197.28604005
2019-01-06,206456.78229976
2019-01-07,288308.48186584
2019-01-08,266147.37961682
2019-01-09,267075.78504454
2019-01-10,318450.54711603
2019-01-11,334287.85012446
2019-01-12,196324.58652052
2019-01-13,181736.68751359
2019-01-14,285487.54459875
2019-01-15,375125.11200528
2019-01-16,317924.14772612
2019-01-17,279839.5528354
2019-01-18,268601.47853308
2019-01-19,176579.10574433
2019-01-20,165544.37619534
2019-01-21,261995.15394212
2019-01-22,308177.17317597
2019-01-23,295969.56123667
2019-01-24,298177.5962653
2019-01-25,287536.96488778
2019-01-26,185316.4367747
2019-01-27,175461.17335116
2019-01-28,312552.29880929
2019-01-29,303350.84704667
2019-01-30,327179.30786151
2019-01-31,306930.52024272
2019-02-01,356455.22503131
2019-02-02,203794.74597223
2019-02-03,190644.59682221
2019-02-04,256463.30701517
2019-02-05,245801.25361201
2019-02-06,266635.6565228
2019-02-07,254438.18866263
2019-02-08,289430.5621562
2019-02-09,207332.46973084
2019-02-10,169145.43056106
2019-02-11,266665.76140645
2019-02-12,281905.75998476
2019-02-13,345407.71843969
2019-02-14,235287.75129098
2019-02-15,279525.73270735
2019-02-16,213810.42616276
2019-02-17,178290.87871569
2019-02-18,269517.13385903
2019-02-19,349293.03590667
2019-02-20,348704.28575936
2019-02-21,319750.92238784
2019-02-22,281807.12958264
2019-02-23,205891.60042187
2019-02-24,237652.88336026
2019-02-25,343149.37256994
2019-02-26,308933.27108545
2019-02-27,299138.22081672
2019-02-28,306537.52092476
2019-03-01,282536.41107482
2019-03-02,225674.90371768
2019-03-03,194049.51221789
2019-03-04,294385.73903219
2019-03-05,298823.48179862
2019-03-06,324080.14645791
2019-03-07,301613.46714896
2019-03-08,310555.60393132
2019-03-09,206588.8284261
2019-03-10,181928.10674652
2019-03-11,284003.84882816
2019-03-12,297313.71075585
2019-03-13,310754.59894289
2019-03-14,338610.58532368
2019-03-15,299651.53281137
2019-03-16,201537.44750591
2019-03-17,174573.9242593
2019-03-18,258784.13995647
2019-03-19,281311.68346267
2019-03-20,309514.41439518
2019-03-21,285320.37014097
2019-03-22,268837.29568489
2019-03-23,178521.22963645
2019-03-24,183553.48707732
2019-03-25,295499.24769931
2019-03-26,293279.9642658
2019-03-27,309257.72821978
2019-03-28,284228.76809331
2019-03-29,325881.51536134
2019-03-30,206662.50084396
2019-03-31,201048.09932266
2019-04-01,298635.85127705
2019-04-02,459676.39352429
2019-04-03,400105.92288299
2019-04-04,347957.92010709
2019-04-05,342034.57395855
2019-04-06,199876.47188928
2019-04-07,213455.57879422
2019-04-08,367322.2506184
2019-04-09,314737.21546897
2019-04-10,350086.02177381
2019-04-11,354608.58704458
2019-04-12,301107.23300949
2019-04-13,235508.52807061
2019-04-14,245229.67350227
2019-04-15,350413.26452068
2019-04-16,305727.91009304
2019-04-17,354268.84647229
2019-04-18,338536.20749095
2019-04-19,309845.35001149
2019-04-20,261568.5864503
2019-04-21,166301.65220556
2019-04-22,301504.16039777
2019-04-23,349791.18958911
2019-04-24,455447.6120688
2019-04-25,310006.47221719
2019-04-26,353331.46560427
2019-04-27,202543.47129231
2019-04-28,195331.6558951
2019-04-29,278930.27895799
2019-04-30,335536.82770544
2019-05-01,295579.59783509
2019-05-02,292196.86433557
2019-05-03,311220.02833112
2019-05-04,194172.1128315
2019-05-05,193980.43423029
2019-05-06,277864.65926603
2019-05-07,292536.60974666
2019-05-08,306656.45138983
2019-05-09,348087.71299478
2019-05-10,314114.87172582
2019-05-11,373204.70292365
2019-05-12,261755.66233365
2019-05-13,342700.11744846
2019-05-14,402436.83215838
2019-05-15,384346.16447648
2019-05-16,391633.30010052
2019-05-17,358129.12345892
2019-05-18,205096.81153118
2019-05-19,192851.99639039
2019-05-20,303147.74784293
2019-05-21,308450.79890523
2019-05-22,265710.61679463
2019-05-23,290840.99730786
2019-05-24,310602.43665703
2019-05-25,192302.44298899
2019-05-26,193797.76433212
2019-05-27,293059.85931997
2019-05-28,306159.77755157
2019-05-29,285655.6709936
2019-05-30,308097.16558514
2019-05-31,309031.19087789
2019-06-01,209621.02426892
2019-06-02,156934.41091302
2019-06-03,300075.22936728
2019-06-04,370027.84433637
2019-06-05,289426.83973625
2019-06-06,267483.15149306
2019-06-07,246784.57310867
2019-06-08,166174.99360754
2019-06-09,142513.61366218
2019-06-10,255897.43758543
2019-06-11,276042.46754728
2019-06-12,300891.40319666
2019-06-13,268816.15293478
2019-06-14,278777.07518526
2019-06-15,188660.87423765
2019-06-16,225165.08686158
2019-06-17,286358.52297598
2019-06-18,258593.84916442
2019-06-19,273550.99731603
2019-06-20,217553.9821658
2019-06-21,302333.42819632
2019-06-22,279361.72402203
2019-06-23,184558.26527274
2019-06-24,264520.67723369
2019-06-25,295770.72831659
2019-06-26,417787.85446334
2019-06-27,379238.56840963
2019-06-28,397985.91802726
2019-06-29,211348.59764526
2019-06-30,226086.31223849
2019-07-01,330562.90876603
2019-07-02,317677.91441651
2019-07-03,295059.91754691
2019-07-04,267539.51104872
2019-07-05,236128.7386129
2019-07-06,156961.23490192
2019-07-07,140542.51782693
2019-07-08,254154.05534653
2019-07-09,273783.81851391
2019-07-10,297218.44333544
2019-07-11,274738.2335668
2019-07-12,245212.84232458
2019-07-13,171787.75627814
2019-07-14,176627.36122495
2019-07-15,258305.52842138
2019-07-16,288050.3757898
2019-07-17,336854.25678059
2019-07-18,337044.53647563
2019-07-19,357160.36183093
2019-07-20,174836.88592467
2019-07-21,154203.88553561
2019-07-22,220134.65384838
2019-07-23,230790.13915296
2019-07-24,243416.80005971
2019-07-25,246440.14150204
2019-07-26,218761.81049328
2019-07-27,155766.38550653
2019-07-28,116600.03391589
2019-07-29,617752.26849013
2019-07-30,212080.05645921
2019-07-31,231007.3063626
2019-08-01,208054.85531859
2019-08-02,243627.98177304
2019-08-03,148693.7405427
2019-08-04,117532.9223436
2019-08-05,357290.79174606
2019-08-06,331036.14725577
2019-08-07,266157.51627406
2019-08-08,226386.43674242
2019-08-09,209527.77455678
2019-08-10,147767.5672342
2019-08-11,122348.04457055
2019-08-12,208296.69536756
2019-08-13,253310.24895938
2019-08-14,264521.1184375
2019-08-15,259235.6796349
2019-08-16,232803.03294235
2019-08-17,270887.39674823
2019-08-18,176814.56584112
2019-08-19,202843.38526616
2019-08-20,195971.26353662
2019-08-21,216151.46185419
2019-08-22,184790.75260044
2019-08-23,267442.7176185
2019-08-24,136503.6087955
2019-08-25,124151.3164575
2019-08-26,231738.21993414
2019-08-27,211269.75279526
2019-08-28,209203.5337689
2019-08-29,286684.1227533
2019-08-30,216446.3484153
2019-08-31,143951.25338622
2019-09-01,137401.1807618
2019-09-02,207636.88478385
2019-09-03,258189.21248913
2019-09-04,221938.08974334
2019-09-05,236513.60386408
2019-09-06,362962.05960417
2019-09-07,177036.44792304
2019-09-08,139408.48448804
2019-09-09,249548.94191496
2019-09-10,273441.94208463
2019-09-11,215428.24106334
2019-09-12,231104.56113841
2019-09-13,191938.6399717
2019-09-14,136229.12295512
2019-09-15,129707.94071188
2019-09-16,235153.38333419
2019-09-17,238854.01036134
2019-09-18,279349.90222744
2019-09-19,216362.57269689
2019-09-20,287765.19242527
2019-09-21,192480.73143207
2019-09-22,119678.8165081
2019-09-23,184052.58401702
2019-09-24,319155.33730164
2019-09-25,332916.60201496
2019-09-26,242926.14835925
2019-09-27,236538.12007804
2019-09-28,154542.51449677
2019-09-29,145222.17415672
2019-09-30,225045.68599523
2019-10-01,260633.59038547
2019-10-02,194013.6711462
2019-10-03,195686.56006575
2019-10-04,193914.85776121
2019-10-05,133722.56357886
2019-10-06,115590.54303782
2019-10-07,225527.37154421
2019-10-08,214203.70491284
2019-10-09,225056.56642076
2019-10-10,214771.88466073
2019-10-11,208279.58116092
2019-10-12,117705.93365008
2019-10-13,115918.46123229
2019-10-14,193869.50101381
2019-10-15,217385.68338895
2019-10-16,211658.97554418
2019-10-17,229818.70505011
2019-10-18,209251.30869384
2019-10-19,106646.72062884
2019-10-20,112273.83914036
2019-10-21,204755.85270987
2019-10-22,185020.59322794
2019-10-23,218970.43266198
2019-10-24,236874.7804409
2019-10-25,247903.70313329
2019-10-26,213891.85395053
2019-10-27,140874.63837574
2019-10-28,235972.30260282
2019-10-29,228990.33897133
2019-10-30,190985.6314458
2019-10-31,253923.57331848
2019-11-01,304698.30359394
2019-11-02,162662.86221943
2019-11-03,163447.93128359
2019-11-04,262681.36385285
2019-11-05,283275.51339602
2019-11-06,258119.66433757
2019-11-07,267256.07621948
2019-11-08,287118.86417563
2019-11-09,201326.35974513
2019-11-10,103270.24502611
2019-11-11,175936.77192468
2019-11-12,216643.71025162
