t,indicators_nupl_more_155_account_based
2010-07-18,0.423229263746505
2010-07-19,0.387252475247525
2010-07-20,0.337439060336615
2010-07-21,0.374876933603463
2010-07-22,0.221814043859766
2010-07-23,0.204976915286048
2010-07-24,0.0921070982990698
2010-07-25,0.0194758214357085
2010-07-26,0.115777559541102
2010-07-27,0.172580144133589
2010-07-28,0.159312912573188
2010-07-29,0.284446646369726
2010-07-30,0.229710890295741
2010-07-31,0.270202896937557
2010-08-01,0.189578867391589
2010-08-02,0.174721370147612
2010-08-03,0.174719584546209
2010-08-04,0.145524196953596
2010-08-05,0.188248269637715
2010-08-06,0.202623178860329
2010-08-07,0.160727351460707
2010-08-08,0.186911684605645
2010-08-09,0.302572327809048
2010-08-10,0.262130448856341
2010-08-11,0.260917832863718
2010-08-12,0.292593119577087
2010-08-13,0.232271743321724
2010-08-14,0.2609187058631
2010-08-15,0.241546251791105
2010-08-16,0.243978280650782
2010-08-17,0.292555528660108
2010-08-18,0.271724196488513
2010-08-19,0.257530364532984
2010-08-20,0.243928135116643
2010-08-21,0.254176402024909
2010-08-22,0.249657016790503
2010-08-23,0.237057265006566
2010-08-24,0.238110460677566
2010-08-25,0.235759496875473
2010-08-26,0.226200384592771
2010-08-27,0.238105356597761
2010-08-28,0.233388287439645
2010-08-29,0.226201629210239
2010-08-30,0.237754899208076
2010-08-31,0.174615947336553
2010-09-01,0.193433924317965
2010-09-02,0.215164546212481
2010-09-03,0.186156812726095
2010-09-04,0.206034199644184
2010-09-05,0.195973618401622
2010-09-06,0.195974591978889
2010-09-07,0.194733061728298
2010-09-08,0.194602447047793
2010-09-09,0.189529195555701
2010-09-10,0.198578913419359
2010-09-11,0.221994957721032
2010-09-12,0.194637819323385
2010-09-13,0.203446159234223
2010-09-14,0.201005069460703
2010-09-15,0.179972718770621
2010-09-16,0.198548133812567
2010-09-17,0.165882202186414
2010-09-18,0.188035152947377
2010-09-19,0.210047776454583
2010-09-20,0.202415962103659
2010-09-21,0.209400397272699
2010-09-22,0.20159829060893
2010-09-23,0.205082363413406
2010-09-24,0.203678437475419
2010-09-25,0.201371982411728
2010-09-26,0.203551125150862
2010-09-27,0.203681133782504
2010-09-28,0.199881195169296
2010-09-29,0.198915467954855
2010-09-30,0.199821738336762
2010-10-01,0.200722766103648
2010-10-02,0.192916279155443
2010-10-03,0.189088538946448
2010-10-04,0.191483805872311
2010-10-05,0.192926035343918
2010-10-06,0.212949003686701
2010-10-07,0.260211988582162
2010-10-08,0.423612667253735
2010-10-09,0.471570562657297
2010-10-10,0.48635595747494
2010-10-11,0.478243994961193
2010-10-12,0.477694844585397
2010-10-13,0.527932372160555
2010-10-14,0.513826177308107
2010-10-15,0.527720588378529
2010-10-16,0.509212507577406
2010-10-17,0.514024422422099
2010-10-18,0.515923139304948
2010-10-19,0.489762586526574
2010-10-20,0.499297633570198
2010-10-21,0.536734927183078
2010-10-22,0.532365081665121
2010-10-23,0.52788972048829
2010-10-24,0.568767157234872
2010-10-25,0.624271340776824
2010-10-26,0.67000526910463
2010-10-27,0.73575854597617
2010-10-28,0.713646361121556
2010-10-29,0.739100881327283
2010-10-30,0.75072425488143
2010-10-31,0.742437039749595
2010-11-01,0.746370808758719
2010-11-02,0.744146384188967
2010-11-03,0.743217687942591
2010-11-04,0.763995449579456
2010-11-05,0.812089237079584
2010-11-06,0.869484411466541
2010-11-07,0.854129835325484
2010-11-08,0.795902510601202
2010-11-09,0.763807791258962
2010-11-10,0.790006478312863
2010-11-11,0.777676673653228
2010-11-12,0.815049683811348
2010-11-13,0.820276983856265
2010-11-14,0.822220047780374
2010-11-15,0.815055533638569
2010-11-16,0.779546860342503
2010-11-17,0.799476015023278
2010-11-18,0.814776735634309
2010-11-19,0.819761074468524
2010-11-20,0.825317316082886
2010-11-21,0.820770495331741
2010-11-22,0.825510014356764
2010-11-23,0.824678387092409
2010-11-24,0.824705939354636
2010-11-25,0.822833418928022
2010-11-26,0.825573979931997
2010-11-27,0.824711320205879
2010-11-28,0.817004821926303
2010-11-29,0.787141737797617
2010-11-30,0.761734099476568
2010-12-01,0.781926197435823
2010-12-02,0.805441837224225
2010-12-03,0.802381190154986
2010-12-04,0.759152706229161
2010-12-05,0.745567042750623
2010-12-06,0.756787664761918
2010-12-07,0.790168681734267
2010-12-08,0.792103971268978
2010-12-09,0.741573000836061
2010-12-10,0.756460392646436
2010-12-11,0.782058484812663
2010-12-12,0.774129728295188
2010-12-13,0.783847395503648
2010-12-14,0.798549935587077
2010-12-15,0.792939740519365
2010-12-16,0.801186633081635
2010-12-17,0.792918326453127
2010-12-18,0.793742296517716
2010-12-19,0.792878792287662
2010-12-20,0.813689254553974
2010-12-21,0.792383922012537
2010-12-22,0.80044542373805
2010-12-23,0.799337403407687
2010-12-24,0.798559614191386
2010-12-25,0.799899273707533
2010-12-26,0.811287117569148
2010-12-27,0.811155453496003
2010-12-28,0.821858399894225
2010-12-29,0.832971044843983
2010-12-30,0.832994594730036
2010-12-31,0.832931181872902
2011-01-01,0.832634103593406
2011-01-02,0.832361465984603
2011-01-03,0.829415304884962
2011-01-04,0.831583819778456
2011-01-05,0.831486309310622
2011-01-06,0.830887528915564
2011-01-07,0.8424701017623
2011-01-08,0.843850618346997
2011-01-09,0.843792013307133
2011-01-10,0.845378656748782
2011-01-11,0.845115571251682
2011-01-12,0.839901319823287
2011-01-13,0.839169350546946
2011-01-14,0.872184415240487
2011-01-15,0.867491801966517
2011-01-16,0.867477473670877
2011-01-17,0.853201272383071
2011-01-18,0.835979170253052
2011-01-19,0.835863876450266
2011-01-20,0.868124619225973
2011-01-21,0.877463123928853
2011-01-22,0.884029115775716
2011-01-23,0.883544586129577
2011-01-24,0.877128430930752
2011-01-25,0.874131288692458
2011-01-26,0.875188748447282
2011-01-27,0.877384248160794
2011-01-28,0.881160792699338
2011-01-29,0.882198682625894
2011-01-30,0.892169123539597
2011-01-31,0.905927367997999
2011-02-01,0.9268283345882
2011-02-02,0.927623676363989
2011-02-03,0.925539105349689
2011-02-04,0.935363204437452
2011-02-05,0.942249272080388
2011-02-06,0.941551436435784
2011-02-07,0.940894467527269
2011-02-08,0.942582582411424
2011-02-09,0.95100648834669
2011-02-10,0.94527990501954
2011-02-11,0.950158908125118
2011-02-12,0.95054112362833
2011-02-13,0.949089644335777
2011-02-14,0.95062527692993
2011-02-15,0.949408144110114
2011-02-16,0.94832454266765
2011-02-17,0.948846966660663
2011-02-18,0.940822424405177
2011-02-19,0.94375322444543
2011-02-20,0.937150466079846
2011-02-21,0.935936207557371
2011-02-22,0.940523046790143
2011-02-23,0.940523989861117
2011-02-24,0.946102851087907
2011-02-25,0.941191976930097
2011-02-26,0.944076585505979
2011-02-27,0.939754616813114
2011-02-28,0.93715536369718
2011-03-01,0.940414069358798
2011-03-02,0.941398688837699
2011-03-03,0.941296018886775
2011-03-04,0.938771916349943
2011-03-05,0.939180304123359
2011-03-06,0.937454779225453
2011-03-07,0.93730577699338
2011-03-08,0.936198962498945
2011-03-09,0.935778478558003
2011-03-10,0.9404658889985
2011-03-11,0.936862246021953
2011-03-12,0.939432878552357
2011-03-13,0.937587104788052
2011-03-14,0.937722576724806
2011-03-15,0.936009579322577
2011-03-16,0.935156059963101
2011-03-17,0.9323157969767
2011-03-18,0.931501060338577
2011-03-19,0.926820709877606
2011-03-20,0.924359169897174
2011-03-21,0.926057076937822
2011-03-22,0.930511318150519
2011-03-23,0.933692850544875
2011-03-24,0.934970499884875
2011-03-25,0.93553399963049
2011-03-26,0.93335718102187
2011-03-27,0.931038688074841
2011-03-28,0.927104697736859
2011-03-29,0.926436277216002
2011-03-30,0.926044244012933
2011-03-31,0.92543160175457
2011-04-01,0.923931575003413
2011-04-02,0.924588947824386
2011-04-03,0.923886338371964
2011-04-04,0.912555338454159
2011-04-05,0.91613881655117
2011-04-06,0.919384183155209
2011-04-07,0.916002338757424
2011-04-08,0.91535736813657
2011-04-09,0.914750573723603
2011-04-10,0.913331534741615
2011-04-11,0.916645714413794
2011-04-12,0.922527436407506
2011-04-13,0.927960370750972
2011-04-14,0.932006040663305
2011-04-15,0.930959117520902
2011-04-16,0.935270513116995
2011-04-17,0.939398550100702
2011-04-18,0.940023999802134
2011-04-19,0.942543372278698
2011-04-20,0.939826278436066
2011-04-21,0.942698809953644
2011-04-22,0.950865965448473
2011-04-23,0.958315336870743
2011-04-24,0.957432051495031
2011-04-25,0.956325662184944
2011-04-26,0.960835849148562
2011-04-27,0.963151315376589
2011-04-28,0.968038230808355
2011-04-29,0.974806249557545
2011-04-30,0.978648231853618
2011-05-01,0.974932708314946
2011-05-02,0.976064308082899
2011-05-03,0.976947795935598
2011-05-04,0.976681690404954
2011-05-05,0.976074903573678
2011-05-06,0.976506112011625
2011-05-07,0.977685873383055
2011-05-08,0.978333170123315
2011-05-09,0.977867479596664
2011-05-10,0.984901182158503
2011-05-11,0.984301658626682
2011-05-12,0.987303430231444
2011-05-13,0.98989680701996
2011-05-14,0.988219146301372
2011-05-15,0.988137085436049
2011-05-16,0.989534398837598
2011-05-17,0.98836612552132
2011-05-18,0.987490805954685
2011-05-19,0.98566444086598
2011-05-20,0.982356491242009
2011-05-21,0.983813367880713
2011-05-22,0.985081476802896
2011-05-23,0.986022454076803
2011-05-24,0.986589953600518
2011-05-25,0.988111833988259
2011-05-26,0.988481343484275
2011-05-27,0.987750387626006
2011-05-28,0.987465757428502
2011-05-29,0.987485365020321
2011-05-30,0.987981407726878
2011-05-31,0.987857086772668
2011-06-01,0.988961376700651
2011-06-02,0.990152043356866
2011-06-03,0.992600941835684
2011-06-04,0.994114413286118
2011-06-05,0.993327201771824
2011-06-06,0.99369715384941
2011-06-07,0.994725863933985
2011-06-08,0.99593841256268
2011-06-09,0.99546540603113
2011-06-10,0.994525576514111
2011-06-11,0.991013621562764
2011-06-12,0.992950858773044
2011-06-13,0.993162899601798
2011-06-14,0.993679103481431
2011-06-15,0.993960107182141
2011-06-16,0.993279192540202
2011-06-17,0.992401970369188
2011-06-18,0.992623412154308
2011-06-19,0.992787822163951
2011-06-20,0.992873910444323
2011-06-21,0.992940195894494
2011-06-22,0.992937806614103
2011-06-23,0.993059267208722
2011-06-24,0.993207267068242
2011-06-25,0.992857827464316
2011-06-26,0.992014098934597
2011-06-27,0.992128725146557
2011-06-28,0.992097728305226
2011-06-29,0.992056163134228
2011-06-30,0.991579624532599
2011-07-01,0.991081953784847
2011-07-02,0.991052690748522
2011-07-03,0.991092120862863
2011-07-04,0.989986594607893
2011-07-05,0.989081070442685
2011-07-06,0.990129988787597
2011-07-07,0.990160773133876
2011-07-08,0.989682673175712
2011-07-09,0.989638160925274
2011-07-10,0.989851311582089
2011-07-11,0.989644438149098
2011-07-12,0.989519604946832
2011-07-13,0.98941440610149
2011-07-14,0.989445334268539
2011-07-15,0.989157252228615
2011-07-16,0.988965183533587
2011-07-17,0.988319418445458
2011-07-18,0.986770694971296
2011-07-19,0.986683012856966
2011-07-20,0.986444356831588
2011-07-21,0.986012863187324
2011-07-22,0.986034710180557
2011-07-23,0.985962897973446
2011-07-24,0.986246281757839
2011-07-25,0.986200658844843
2011-07-26,0.986007778741931
2011-07-27,0.98572733256245
2011-07-28,0.985191339364704
2011-07-29,0.985178076662307
2011-07-30,0.985043468312295
2011-07-31,0.984790755162689
2011-08-01,0.983959237375356
2011-08-02,0.982399345027546
2011-08-03,0.972304732650703
2011-08-04,0.973437294063915
2011-08-05,0.970677155462157
2011-08-06,0.955634587331277
2011-08-07,0.964801697362156
2011-08-08,0.963419949152527
2011-08-09,0.969481955852555
2011-08-10,0.970301035180734
2011-08-11,0.966892926300367
2011-08-12,0.96788957101981
2011-08-13,0.969885832372601
2011-08-14,0.971732840560091
2011-08-15,0.972584938803442
2011-08-16,0.971867722291147
2011-08-17,0.971951718108927
2011-08-18,0.970738329633389
2011-08-19,0.972790532483556
2011-08-20,0.971905968452744
2011-08-21,0.971450720698143
2011-08-22,0.97048612732966
2011-08-23,0.970244355975807
2011-08-24,0.96995866436296
2011-08-25,0.967249427491514
2011-08-26,0.961553002164149
2011-08-27,0.963347347559323
2011-08-28,0.965317409236381
2011-08-29,0.964966248035553
2011-08-30,0.964157435102604
2011-08-31,0.961473579676526
2011-09-01,0.961594960315186
2011-09-02,0.961504483423997
2011-09-03,0.960492689381617
2011-09-04,0.957040245120272
2011-09-05,0.952855974431398
2011-09-06,0.948059954841763
2011-09-07,0.950108220842222
2011-09-08,0.945281512616879
2011-09-09,0.929935574901578
2011-09-10,0.924947559532193
2011-09-11,0.938624115118591
2011-09-12,0.941026132047628
2011-09-13,0.938447565934068
2011-09-14,0.935362664733902
2011-09-15,0.925879884388312
2011-09-16,0.925876711238336
2011-09-17,0.924518601289647
2011-09-18,0.931155106016147
2011-09-19,0.934528267482129
2011-09-20,0.940844409301003
2011-09-21,0.935868450820771
2011-09-22,0.933161430052679
2011-09-23,0.933500687988853
2011-09-24,0.931974621097347
2011-09-25,0.929502698744457
2011-09-26,0.919468690401543
2011-09-27,0.91635115127886
2011-09-28,0.915693366030362
2011-09-29,0.916333227705101
2011-09-30,0.920972731116403
2011-10-01,0.918376100122244
2011-10-02,0.917410595121676
2011-10-03,0.916234060844882
2011-10-04,0.914457601703102
2011-10-05,0.9118787131942
2011-10-06,0.892660717927788
2011-10-07,0.879985766840381
2011-10-08,0.870138826126878
2011-10-09,0.872728401439902
2011-10-10,0.870330488599945
2011-10-11,0.866104385739609
2011-10-12,0.870292179568174
2011-10-13,0.862765849340688
2011-10-14,0.856526332686665
2011-10-15,0.848932238161125
2011-10-16,0.836347363334357
2011-10-17,0.773415303835197
2011-10-18,0.748881021927492
2011-10-19,0.721818418133158
2011-10-20,0.732450374807
2011-10-21,0.751084014520443
2011-10-22,0.796956797753578
2011-10-23,0.786782419404348
2011-10-24,0.730759899171528
2011-10-25,0.748578549509808
2011-10-26,0.744606439786993
2011-10-27,0.758933212848373
2011-10-28,0.769851083548569
2011-10-29,0.795725374135244
2011-10-30,0.772880725365555
2011-10-31,0.761285889791313
2011-11-01,0.74489950317527
2011-11-02,0.740037084348124
2011-11-03,0.729365203193963
2011-11-04,0.707931548451896
2011-11-05,0.631034169390053
2011-11-06,0.60319204884579
2011-11-07,0.587081774423356
2011-11-08,0.573075891526687
2011-11-09,0.545253481585736
2011-11-10,0.406370922251154
2011-11-11,0.374153143415706
2011-11-12,0.327704001674295
2011-11-13,0.300040274996132
2011-11-14,0.000360343050329311
2011-11-15,0.0439706872451044
2011-11-16,-0.0953241614525106
2011-11-17,-0.291170161043318
2011-11-18,-0.479423779728953
2011-11-19,-0.475485202146241
2011-11-20,-0.495844982647009
2011-11-21,-0.544861287708209
2011-11-22,-0.549909688667423
2011-11-23,-0.572636406934902
2011-11-24,-0.537785472262605
2011-11-25,-0.507800552084203
2011-11-26,-0.555493594566705
2011-11-27,-0.568653156265643
2011-11-28,-0.558728941644455
2011-11-29,-0.450171760251982
2011-11-30,-0.380604444704212
2011-12-01,-0.359809695144263
2011-12-02,-0.374337184010909
2011-12-03,-0.52542818915716
2011-12-04,-0.521559749092123
2011-12-05,-0.513696921511635
2011-12-06,-0.430950943827236
2011-12-07,-0.461885419077199
2011-12-08,-0.470959524720409
2011-12-09,-0.493852911596414
2011-12-10,-0.448664808364699
2011-12-11,-0.3706438342784
2011-12-12,-0.411647858812628
2011-12-13,-0.388265849296147
2011-12-14,-0.458197132601881
2011-12-15,-0.425311493986066
2011-12-16,-0.433973077902771
2011-12-17,-0.437801181778432
2011-12-18,-0.445005825322203
2011-12-19,-0.313204107864569
2011-12-20,-0.166139045045805
2011-12-21,-0.198222740653812
2011-12-22,-0.192513899261516
2011-12-23,-0.18579984972835
2011-12-24,-0.186449950253958
2011-12-25,-0.107456875124464
2011-12-26,-0.175950374230635
2011-12-27,-0.14599763657838
2011-12-28,-0.128527834241375
2011-12-29,-0.133217970605192
2011-12-30,-0.122761437505115
2011-12-31,-0.0123965254162004
2012-01-01,0.0889582750577975
2012-01-02,0.0825813360783808
2012-01-03,0.0160405819528343
2012-01-04,0.141334390585002
2012-01-05,0.310510515378347
2012-01-06,0.280388482105755
2012-01-07,0.292989783914707
2012-01-08,0.325311815850954
2012-01-09,0.224124952049152
2012-01-10,0.249738179949736
2012-01-11,0.298846556686538
2012-01-12,0.259458556893959
2012-01-13,0.233058337452954
2012-01-14,0.269736246205693
2012-01-15,0.298215702106386
2012-01-16,0.256624638335696
2012-01-17,0.117921289025373
2012-01-18,0.162636593471085
2012-01-19,0.21570438620095
2012-01-20,0.220925385112703
2012-01-21,0.178914982078889
2012-01-22,0.194837498241392
2012-01-23,0.210980426128404
2012-01-24,0.196487362027428
2012-01-25,0.13177113736511
2012-01-26,0.0595212955946488
2012-01-27,0.0376681146683792
2012-01-28,0.102994398098127
2012-01-29,0.0536274807137067
2012-01-30,0.0701360061897134
2012-01-31,0.0687792120487468
2012-02-01,0.161814633971884
2012-02-02,0.162957155971809
2012-02-03,0.140664509043113
2012-02-04,0.130435073431876
2012-02-05,0.0953378227514869
2012-02-06,0.0591298543075241
2012-02-07,0.095732245657794
2012-02-08,0.0764517837234687
2012-02-09,0.103593061778172
2012-02-10,0.117899223778818
2012-02-11,0.063889034445334
2012-02-12,0.0484440664788578
2012-02-13,0.0320655114930577
2012-02-14,-0.167910637741545
2012-02-15,-0.181061089668671
2012-02-16,-0.222478466314072
2012-02-17,-0.193639918797802
2012-02-18,-0.209196368594671
2012-02-19,-0.183649383716788
2012-02-20,-0.182794607156798
2012-02-21,-0.203041745239653
2012-02-22,-0.163706768359089
2012-02-23,-0.0312320823739873
2012-02-24,-0.0292659140101355
2012-02-25,-0.08492853417443
2012-02-26,-0.0510915383425586
2012-02-27,-0.0442754890375203
2012-02-28,-0.0651702062919543
2012-02-29,-0.0576152880730533
2012-03-01,-0.0450569576913215
2012-03-02,-0.0902476313424855
2012-03-03,-0.108135625785252
2012-03-04,-0.065183175692794
2012-03-05,-0.06905372011254
2012-03-06,-0.0292214283554809
2012-03-07,-0.0439509853613346
2012-03-08,-0.0420315976426692
2012-03-09,-0.0567708592158678
2012-03-10,-0.0620540150010176
2012-03-11,-0.0494688512816183
2012-03-12,-0.0481170339692558
2012-03-13,0.0259368634837462
2012-03-14,0.0462777470774905
2012-03-15,0.0395529286551196
2012-03-16,0.0373922160920562
2012-03-17,0.00854456145562774
2012-03-18,0.0245113263692158
2012-03-19,-0.097129304090079
2012-03-20,-0.0578207066347332
2012-03-21,-0.061470287204752
2012-03-22,-0.0725370065853464
2012-03-23,-0.0936049450398278
2012-03-24,-0.0918215885276327
2012-03-25,-0.11963114813401
2012-03-26,-0.0935267784213012
2012-03-27,-0.0585009512170688
2012-03-28,-0.0582139726260243
2012-03-29,-0.0655361557049543
2012-03-30,-0.0215521760081493
2012-03-31,-0.0136754713014159
2012-04-01,-0.033389704425701
2012-04-02,0.00427112291327931
2012-04-03,0.0045042084778079
2012-04-04,-0.0032802616143609
2012-04-05,0.00633178629114712
2012-04-06,0.00735858069534843
2012-04-07,-0.0382988751146887
2012-04-08,-0.0225392396545982
2012-04-09,-0.0162461852201096
2012-04-10,-0.0134166096753359
2012-04-11,-0.000141303312229019
2012-04-12,0.00724403544798283
2012-04-13,0.0084835908785965
2012-04-14,0.0133439038404661
2012-04-15,0.0205031555786943
2012-04-16,0.0150411633140496
2012-04-17,0.0208835079667074
2012-04-18,0.0524632289822636
2012-04-19,0.0638326092409982
2012-04-20,0.109657532380189
2012-04-21,0.0880198794757324
2012-04-22,0.0811569826779579
2012-04-23,0.0708024737652363
2012-04-24,0.0588034842949919
2012-04-25,0.073329315635922
2012-04-26,0.0634813346307488
2012-04-27,0.0649942914128944
2012-04-28,0.0406091703506062
2012-04-29,0.0256540462541303
2012-04-30,0.0398977489786449
2012-05-01,0.051794135031577
2012-05-02,0.0584237107218606
2012-05-03,0.0721279921078143
2012-05-04,0.0703455937902033
2012-05-05,0.0609264547415601
2012-05-06,0.0652086737926314
2012-05-07,0.0650345909396015
2012-05-08,0.0650484761616004
2012-05-09,0.0534525962065526
2012-05-10,0.0505808857778824
2012-05-11,0.0489819331424111
2012-05-12,0.0436612421469972
2012-05-13,0.0420787768870871
2012-05-14,0.0578715526225848
2012-05-15,0.0580664660043645
2012-05-16,0.0686818699916766
2012-05-17,0.0770287502063095
2012-05-18,0.0860409367470368
2012-05-19,0.0847441788932292
2012-05-20,0.0889043449942934
2012-05-21,0.0923957350678712
2012-05-22,0.0940644470943169
2012-05-23,0.101584874604301
2012-05-24,0.102914192092505
2012-05-25,0.105837850390301
2012-05-26,0.104384441141046
2012-05-27,0.104584438779298
2012-05-28,0.110714599131056
2012-05-29,0.113156974862589
2012-05-30,0.110637096130317
2012-05-31,0.118458232033466
2012-06-01,0.131245739570909
2012-06-02,0.107564722279582
2012-06-03,0.124242933438392
2012-06-04,0.131910055342134
2012-06-05,0.154650932959485
2012-06-06,0.156454368819197
2012-06-07,0.182489219661857
2012-06-08,0.187980877626533
2012-06-09,0.17706255434539
2012-06-10,0.16258366003355
2012-06-11,0.180355375418587
2012-06-12,0.200450225497416
2012-06-13,0.222852288979279
2012-06-14,0.228809372364546
2012-06-15,0.299469052658942
2012-06-16,0.286904960880745
2012-06-17,0.255238454463503
2012-06-18,0.271410970317307
2012-06-19,0.293979773731055
2012-06-20,0.318191973153307
2012-06-21,0.317109390215972
2012-06-22,0.299387859899206
2012-06-23,0.289811285258518
2012-06-24,0.280667705460357
2012-06-25,0.275302576414682
2012-06-26,0.290610314872683
2012-06-27,0.310659563021422
2012-06-28,0.305321968077039
2012-06-29,0.314199777563861
2012-06-30,0.31582807975059
2012-07-01,0.308383709027426
2012-07-02,0.32267897049435
2012-07-03,0.289752723790987
2012-07-04,0.295994674666346
2012-07-05,0.311506495813235
2012-07-06,0.314101592228602
2012-07-07,0.331026177405088
2012-07-08,0.327526634254878
2012-07-09,0.342312270228074
2012-07-10,0.38016180797653
2012-07-11,0.377907225273356
2012-07-12,0.422149039819742
2012-07-13,0.415806757213522
2012-07-14,0.420748261246396
2012-07-15,0.424440770826224
2012-07-16,0.479612500343809
2012-07-17,0.498461736243988
2012-07-18,0.519550222837512
2012-07-19,0.505931850172983
2012-07-20,0.485910589341049
2012-07-21,0.504162285802628
2012-07-22,0.485239749425411
2012-07-23,0.490047912221001
2012-07-24,0.487588743171616
2012-07-25,0.500115652658099
2012-07-26,0.500526678865272
2012-07-27,0.504318220675149
2012-07-28,0.504364991656193
2012-07-29,0.492727255354132
2012-07-30,0.517117126570615
2012-07-31,0.531151358264517
2012-08-01,0.538909157262018
2012-08-02,0.576199784476352
2012-08-03,0.595632226517472
2012-08-04,0.594206857852554
2012-08-05,0.593835380808935
2012-08-06,0.598020068077271
2012-08-07,0.596885695350758
2012-08-08,0.604177458124633
2012-08-09,0.605612181433723
2012-08-10,0.616990177042476
2012-08-11,0.619729029999585
2012-08-12,0.623285902091531
2012-08-13,0.633804025405769
2012-08-14,0.640665345471057
2012-08-15,0.668057276104441
2012-08-16,0.674798382941517
2012-08-17,0.61943164590821
2012-08-18,0.619381281900382
2012-08-19,0.448070474041951
2012-08-20,0.556518832008233
2012-08-21,0.557023069191562
2012-08-22,0.550398593027966
2012-08-23,0.566186930889027
2012-08-24,0.587155306877014
2012-08-25,0.584877106287303
2012-08-26,0.58631454311246
2012-08-27,0.595162358002052
2012-08-28,0.598885566149178
2012-08-29,0.593730297080779
2012-08-30,0.589150850531476
2012-08-31,0.565881907519863
2012-09-01,0.559839474807684
2012-09-02,0.569500766939384
2012-09-03,0.58185720643035
2012-09-04,0.576854875080357
2012-09-05,0.600469762049856
2012-09-06,0.605871543127053
2012-09-07,0.601224943476305
2012-09-08,0.602026335224435
2012-09-09,0.600898040973686
2012-09-10,0.604841865611721
2012-09-11,0.608234113203936
2012-09-12,0.610133202364175
2012-09-13,0.611742949252226
2012-09-14,0.624514943756843
2012-09-15,0.623119461652822
2012-09-16,0.629257243343049
2012-09-17,0.631192159837046
2012-09-18,0.644583428534248
2012-09-19,0.650979787863527
2012-09-20,0.645957337459832
2012-09-21,0.646496394839417
2012-09-22,0.64368507355782
2012-09-23,0.641549238937911
2012-09-24,0.639828438175911
2012-09-25,0.640758697922886
2012-09-26,0.647324926544992
2012-09-27,0.647016988897429
2012-09-28,0.641634391194086
2012-09-29,0.649978542650315
2012-09-30,0.649034643819035
2012-10-01,0.649010672410687
2012-10-02,0.659326922798676
2012-10-03,0.655141383563977
2012-10-04,0.658982588528206
2012-10-05,0.657203379308521
2012-10-06,0.652545713908798
2012-10-07,0.631370742646946
2012-10-08,0.627589099595154
2012-10-09,0.63331624674993
2012-10-10,0.639311955431629
2012-10-11,0.638469546312386
2012-10-12,0.633183940913592
2012-10-13,0.631346011715753
2012-10-14,0.625073790848068
2012-10-15,0.629901022003179
2012-10-16,0.632465806871997
2012-10-17,0.63196555856597
2012-10-18,0.63331610109752
2012-10-19,0.627591825330971
2012-10-20,0.624322616999578
2012-10-21,0.624269617683244
2012-10-22,0.626363556288131
2012-10-23,0.625662636740178
2012-10-24,0.621927611204585
2012-10-25,0.592224093352552
2012-10-26,0.56549288639285
2012-10-27,0.576220985894372
2012-10-28,0.588488179487428
2012-10-29,0.583086130291613
2012-10-30,0.592209506221047
2012-10-31,0.601581793943123
2012-11-01,0.584578306894809
2012-11-02,0.583185155783541
2012-11-03,0.584671030087466
2012-11-04,0.592903661569617
2012-11-05,0.588419939713416
2012-11-06,0.592963875829106
2012-11-07,0.594542811774233
2012-11-08,0.591586590369767
2012-11-09,0.592299532048967
2012-11-10,0.594325618359043
2012-11-11,0.580959437227874
2012-11-12,0.598256603091321
2012-11-13,0.593997256573967
2012-11-14,0.596439786196501
2012-11-15,0.604277446565372
2012-11-16,0.623255258712048
2012-11-17,0.622317925046145
2012-11-18,0.617480489038824
2012-11-19,0.620252678625181
2012-11-20,0.620872432351652
2012-11-21,0.618614032536119
2012-11-22,0.638004734870927
2012-11-23,0.637012705742325
2012-11-24,0.638907408559259
2012-11-25,0.642127512452693
2012-11-26,0.633354904760267
2012-11-27,0.630114221524471
2012-11-28,0.636221898946049
2012-11-29,0.640303687353443
2012-11-30,0.64260062777516
2012-12-01,0.64240177389064
2012-12-02,0.639902782096078
2012-12-03,0.645882670561768
2012-12-04,0.664463410767058
2012-12-05,0.658846848274923
2012-12-06,0.662415770897205
2012-12-07,0.664246131002876
2012-12-08,0.666188731416791
2012-12-09,0.659906258564073
2012-12-10,0.663814891879061
2012-12-11,0.666302245177863
2012-12-12,0.667114958000541
2012-12-13,0.669191236129219
2012-12-14,0.665980565374412
2012-12-15,0.662850123163429
2012-12-16,0.658387446105283
2012-12-17,0.653504267710561
2012-12-18,0.654761777298288
2012-12-19,0.660988862709727
2012-12-20,0.659734738616865
2012-12-21,0.658056934797869
2012-12-22,0.655472609033522
2012-12-23,0.654590227417548
2012-12-24,0.655110011409916
2012-12-25,0.653463690827664
2012-12-26,0.654638801969915
2012-12-27,0.653403197632774
2012-12-28,0.653168420606648
2012-12-29,0.651500395292744
2012-12-30,0.651963824139576
2012-12-31,0.652996489640809
2013-01-01,0.644234269218996
2013-01-02,0.638536733258555
2013-01-03,0.641740929113271
2013-01-04,0.64034860358747
2013-01-05,0.639582149086729
2013-01-06,0.638726447843687
2013-01-07,0.638882701500389
2013-01-08,0.646641623893964
2013-01-09,0.649069290279151
2013-01-10,0.657739025115685
2013-01-11,0.656700846633279
2013-01-12,0.653664932545415
2013-01-13,0.64383527439788
2013-01-14,0.652070394307325
2013-01-15,0.657536537226705
2013-01-16,0.661998431536113
2013-01-17,0.684076123486534
2013-01-18,0.685807651905797
2013-01-19,0.682610497171406
2013-01-20,0.681091839209031
2013-01-21,0.701860621856725
2013-01-22,0.713645319174885
2013-01-23,0.715653204085431
2013-01-24,0.712035747925226
2013-01-25,0.715145395842634
2013-01-26,0.715102532573052
2013-01-27,0.71709588710293
2013-01-28,0.734878778099871
2013-01-29,0.74391544565735
2013-01-30,0.745427737326872
2013-01-31,0.755094724099789
2013-02-01,0.754942755095281
2013-02-02,0.750096890675064
2013-02-03,0.755855236476163
2013-02-04,0.755918940885738
2013-02-05,0.758800123681452
2013-02-06,0.761297332323775
2013-02-07,0.77006147791103
2013-02-08,0.778333474388121
2013-02-09,0.785207156752111
2013-02-10,0.786811415816428
2013-02-11,0.789156472844061
2013-02-12,0.799783224457805
2013-02-13,0.797779224049554
2013-02-14,0.813822455166998
2013-02-15,0.810621800602472
2013-02-16,0.813708833836391
2013-02-17,0.808865713849308
2013-02-18,0.808233123756326
2013-02-19,0.823612169009831
2013-02-20,0.826988298395976
2013-02-21,0.826433541261578
2013-02-22,0.828460563531132
2013-02-23,0.82412591622768
2013-02-24,0.823791303986115
2013-02-25,0.826768316620449
2013-02-26,0.830113755760102
2013-02-27,0.83149118234989
2013-02-28,0.842363612298192
2013-03-01,0.846969666548457
2013-03-02,0.844109626299549
2013-03-03,0.843349045473878
2013-03-04,0.852595888281438
2013-03-05,0.86851216863597
2013-03-06,0.873027783732599
2013-03-07,0.870527435880901
2013-03-08,0.876599559250859
2013-03-09,0.88257087978505
2013-03-10,0.880463536430656
2013-03-11,0.887635742781672
2013-03-12,0.878483478550903
2013-03-13,0.884212450483472
2013-03-14,0.883657457312826
2013-03-15,0.883826954586748
2013-03-16,0.882885089907742
2013-03-17,0.88360380649723
2013-03-18,0.891191123548068
2013-03-19,0.907008446551324
2013-03-20,0.91521078029009
2013-03-21,0.923240152785677
2013-03-22,0.92032921164537
2013-03-23,0.912573648429387
2013-03-24,0.920790189922968
2013-03-25,0.925658343675497
2013-03-26,0.929991394727018
2013-03-27,0.937347155871587
2013-03-28,0.936873391138427
2013-03-29,0.937457118266412
2013-03-30,0.939439741425521
2013-03-31,0.941626567103479
2013-04-01,0.945103739116793
2013-04-02,0.950664591936858
2013-04-03,0.957282390580447
2013-04-04,0.95777401522232
2013-04-05,0.959750574824473
2013-04-06,0.959814566992922
2013-04-07,0.964986701791623
2013-04-08,0.96895440176881
2013-04-09,0.974769884117869
2013-04-10,0.963537803717037
2013-04-11,0.928577927963178
2013-04-12,0.945132358610838
2013-04-13,0.939837000665984
2013-04-14,0.936263706503193
2013-04-15,0.921596132009147
2013-04-16,0.915051205537819
2013-04-17,0.935931215432945
2013-04-18,0.945768076536248
2013-04-19,0.950720385832153
2013-04-20,0.954032250315564
2013-04-21,0.950753298840572
2013-04-22,0.953144232720085
2013-04-23,0.957717511569307
2013-04-24,0.961004202045543
2013-04-25,0.95881653908422
2013-04-26,0.957414507325831
2013-04-27,0.954040819414502
2013-04-28,0.955899295065986
2013-04-29,0.958233628105221
2013-04-30,0.957142173429636
2013-05-01,0.948366876815818
2013-05-02,0.942230129894446
2013-05-03,0.938042634195229
2013-05-04,0.945407459940148
2013-05-05,0.94625004970602
2013-05-06,0.943751937427101
2013-05-07,0.943606890835506
2013-05-08,0.944144836477567
2013-05-09,0.942704345562135
2013-05-10,0.945677459221
2013-05-11,0.944977199658926
2013-05-12,0.944231688568706
2013-05-13,0.944922348184593
2013-05-14,0.941974701476657
2013-05-15,0.942269925544935
2013-05-16,0.9444184834358
2013-05-17,0.944119698142304
2013-05-18,0.944695602043948
2013-05-19,0.943707086910478
2013-05-20,0.944161467988914
2013-05-21,0.943754019891518
2013-05-22,0.94431489749031
2013-05-23,0.946337286628144
2013-05-24,0.948239849982786
2013-05-25,0.948523666889824
2013-05-26,0.948928916873652
2013-05-27,0.947202019620881
2013-05-28,0.94690612768378
2013-05-29,0.948647656299347
2013-05-30,0.946800211443426
2013-05-31,0.947157799533831
2013-06-01,0.947484459665752
2013-06-02,0.944594024256439
2013-06-03,0.94488073198787
2013-06-04,0.943267130314913
2013-06-05,0.942274202457093
2013-06-06,0.94191055201292
2013-06-07,0.937018441671151
2013-06-08,0.935705939947388
2013-06-09,0.928529601318473
2013-06-10,0.931554737178311
2013-06-11,0.933338995110426
2013-06-12,0.932465398507744
2013-06-13,0.929313994812268
2013-06-14,0.92719504247149
2013-06-15,0.927427819984934
2013-06-16,0.926846567649775
2013-06-17,0.927427212155686
2013-06-18,0.929957669622814
2013-06-19,0.930538199398885
2013-06-20,0.928879269045214
2013-06-21,0.927702738599065
2013-06-22,0.92569459488572
2013-06-23,0.925828247332899
2013-06-24,0.924936358271562
2013-06-25,0.923515760300674
2013-06-26,0.923718755092669
2013-06-27,0.922207939624148
2013-06-28,0.914704701475886
2013-06-29,0.913994784749509
2013-06-30,0.914100016904085
2013-07-01,0.906106696746849
2013-07-02,0.909027667547221
2013-07-03,0.897665302169539
2013-07-04,0.89896780337311
2013-07-05,0.880890885809472
2013-07-06,0.881492060886901
2013-07-07,0.890642164311651
2013-07-08,0.893663322049478
2013-07-09,0.894798976817573
2013-07-10,0.908116046970573
2013-07-11,0.909511804040115
2013-07-12,0.910762350531653
2013-07-13,0.91293622239502
2013-07-14,0.91070423379032
2013-07-15,0.913887319763837
2013-07-16,0.911564764349089
2013-07-17,0.910798712920724
2013-07-18,0.904563476732628
2013-07-19,0.897030737708314
2013-07-20,0.892675092321171
2013-07-21,0.894286145515259
2013-07-22,0.893719472397207
2013-07-23,0.895130526666411
2013-07-24,0.896251352484659
2013-07-25,0.897893029867226
2013-07-26,0.897127482084208
2013-07-27,0.894652891759871
2013-07-28,0.898976773787927
2013-07-29,0.899684072716921
2013-07-30,0.901562270343587
2013-07-31,0.901907051640215
2013-08-01,0.899481787419085
2013-08-02,0.898205929901362
2013-08-03,0.896437297879893
2013-08-04,0.89700259812892
2013-08-05,0.898191189961455
2013-08-06,0.897686325444651
2013-08-07,0.89557432077482
2013-08-08,0.891854788286974
2013-08-09,0.884760144805033
2013-08-10,0.885498831966715
2013-08-11,0.885908460495813
2013-08-12,0.886801144931888
2013-08-13,0.890607595562035
2013-08-14,0.891362433694972
2013-08-15,0.889294025751574
2013-08-16,0.888683852182574
2013-08-17,0.88995530725101
2013-08-18,0.889210119565195
2013-08-19,0.892541829231349
2013-08-20,0.893349190049822
2013-08-21,0.89938042637895
2013-08-22,0.897008140464693
2013-08-23,0.889233413573185
2013-08-24,0.888443679660275
2013-08-25,0.891419468964209
2013-08-26,0.889016672132904
2013-08-27,0.893557999483069
2013-08-28,0.892690257865952
2013-08-29,0.891430653806394
2013-08-30,0.895030388418517
2013-08-31,0.896147005027588
2013-09-01,0.895967569976556
2013-09-02,0.893576206111109
2013-09-03,0.890889800058867
2013-09-04,0.881699541017623
2013-09-05,0.876800133242611
2013-09-06,0.867370992300752
2013-09-07,0.867457428745361
2013-09-08,0.861933825270721
2013-09-09,0.862262889605274
2013-09-10,0.860358590560358
2013-09-11,0.842949541744287
2013-09-12,0.83331056144777
2013-09-13,0.830889486190154
2013-09-14,0.823717756230924
2013-09-15,0.823331319043491
2013-09-16,0.822712691409055
2013-09-17,0.822123881695379
2013-09-18,0.8171729307254
2013-09-19,0.807681641489053
2013-09-20,0.803554515833164
2013-09-21,0.801616321617698
2013-09-22,0.799544034496775
2013-09-23,0.79715616286594
2013-09-24,0.797140834383925
2013-09-25,0.795170781365017
2013-09-26,0.787388208932436
2013-09-27,0.78529240690351
2013-09-28,0.782856840832002
2013-09-29,0.781492665322484
2013-09-30,0.777795779030921
2013-10-01,0.775980287208551
2013-10-02,0.720084955576789
2013-10-03,0.747086004797439
2013-10-04,0.754790201759096
2013-10-05,0.7504429346282
2013-10-06,0.752117152812596
2013-10-07,0.752188350091898
2013-10-08,0.752981911121299
2013-10-09,0.754716106859308
2013-10-10,0.75627566584919
2013-10-11,0.755807059450872
2013-10-12,0.754741128076724
2013-10-13,0.758327177945826
2013-10-14,0.762427684784422
2013-10-15,0.776023786176776
2013-10-16,0.765429967876509
2013-10-17,0.771771858163894
2013-10-18,0.784067705896805
2013-10-19,0.800109762841212
2013-10-20,0.800114244168853
2013-10-21,0.814471388359024
2013-10-22,0.820998349096387
2013-10-23,0.834022402057133
2013-10-24,0.82513375319139
2013-10-25,0.823214144678014
2013-10-26,0.814784807243199
2013-10-27,0.827548591598288
2013-10-28,0.826271343304204
2013-10-29,0.833056748712379
2013-10-30,0.829215624196039
2013-10-31,0.832749998020537
2013-11-01,0.83208750875105
2013-11-02,0.831249571842173
2013-11-03,0.83269101954716
2013-11-04,0.846963055926882
2013-11-05,0.856158078059926
2013-11-06,0.866238057625298
2013-11-07,0.878979888741321
2013-11-08,0.894163948192325
2013-11-09,0.894592865968677
2013-11-10,0.891512710775744
2013-11-11,0.897064985535426
2013-11-12,0.899816023612821
2013-11-13,0.908180603481428
2013-11-14,0.91485095945012
2013-11-15,0.914117704475561
2013-11-16,0.91830869495783
2013-11-17,0.925489591660179
2013-11-18,0.944813481972934
2013-11-19,0.934305003973266
2013-11-20,0.939434639946777
2013-11-21,0.949943450158714
2013-11-22,0.954452747349401
2013-11-23,0.956227660850646
2013-11-24,0.953484447354736
2013-11-25,0.954154508063223
2013-11-26,0.960278842055922
2013-11-27,0.962067388250198
2013-11-28,0.963834274467104
2013-11-29,0.96770599751517
2013-11-30,0.967172738658773
2013-12-01,0.961520756142171
2013-12-02,0.964482798812326
2013-12-03,0.964874564916065
2013-12-04,0.967255694845032
2013-12-05,0.964115925278831
2013-12-06,0.953570806297014
2013-12-07,0.946367133959121
2013-12-08,0.952608109039784
2013-12-09,0.958285762332577
2013-12-10,0.961557033351748
2013-12-11,0.956909938106945
2013-12-12,0.956563618951642
2013-12-13,0.95702919303624
2013-12-14,0.955206302250297
2013-12-15,0.955698881847056
2013-12-16,0.944046496252115
2013-12-17,0.943775367489979
2013-12-18,0.926234953530095
2013-12-19,0.943628974001778
2013-12-20,0.935536915667978
2013-12-21,0.933265464330208
2013-12-22,0.934785981147085
2013-12-23,0.939009784726704
2013-12-24,0.937789933033672
2013-12-25,0.942618497787977
2013-12-26,0.947752472157255
2013-12-27,0.945683749623014
2013-12-28,0.945412686458694
2013-12-29,0.94610250558449
2013-12-30,0.946577520405195
2013-12-31,0.946072353139748
2014-01-01,0.947144726807852
2014-01-02,0.949146869405491
2014-01-03,0.950649951581251
2014-01-04,0.951734667623115
2014-01-05,0.955716319038982
2014-01-06,0.955700943332613
2014-01-07,0.9501219733418
2014-01-08,0.950690032404953
2014-01-09,0.950850918344618
2014-01-10,0.952217942347566
2014-01-11,0.954132378245064
2014-01-12,0.95160078651297
2014-01-13,0.950546285924668
2014-01-14,0.949823323258042
2014-01-15,0.951201629555628
2014-01-16,0.949600857409768
2014-01-17,0.948139998134504
2014-01-18,0.949112015904103
2014-01-19,0.950869777202646
2014-01-20,0.950050160333313
2014-01-21,0.949389267281954
2014-01-22,0.949148669061309
2014-01-23,0.948528671177577
2014-01-24,0.94633230763871
2014-01-25,0.947498669808891
2014-01-26,0.948074096958627
2014-01-27,0.943440300221022
2014-01-28,0.945334820029352
2014-01-29,0.945729998811058
2014-01-30,0.946021266417304
2014-01-31,0.946112444146447
2014-02-01,0.946765651063901
2014-02-02,0.946746699043346
2014-02-03,0.945905736672218
2014-02-04,0.945580389931994
2014-02-05,0.943465214175338
2014-02-06,0.941494216221685
2014-02-07,0.936821951443735
2014-02-08,0.933875301928501
2014-02-09,0.934376532635218
2014-02-10,0.93452579339271
2014-02-11,0.933604536093183
2014-02-12,0.930201139628599
2014-02-13,0.924852617467752
2014-02-14,0.93168621706186
2014-02-15,0.929987172377779
2014-02-16,0.926249220095235
2014-02-17,0.926898788219193
2014-02-18,0.926026224118129
2014-02-19,0.925592867372501
2014-02-20,0.917045248552243
2014-02-21,0.918536366479705
2014-02-22,0.922937832793394
2014-02-23,0.922321179460828
2014-02-24,0.913389736454485
2014-02-25,0.91226885461243
2014-02-26,0.919095601625145
2014-02-27,0.9190094773056
2014-02-28,0.913478381269692
2014-03-01,0.91576796537045
2014-03-02,0.913774027212449
2014-03-03,0.928766148309263
2014-03-04,0.928076803232137
2014-03-05,0.927644229766897
2014-03-06,0.927219451901161
2014-03-07,0.920132017736963
2014-03-08,0.918538654380167
2014-03-09,0.919664390963175
2014-03-10,0.91785241641096
2014-03-11,0.917501145659751
2014-03-12,0.917573212151204
2014-03-13,0.918315394045008
2014-03-14,0.916624382868002
2014-03-15,0.917040530183083
2014-03-16,0.916878089628261
2014-03-17,0.915325692004942
2014-03-18,0.913183090405786
2014-03-19,0.91232953465068
2014-03-20,0.908046081775542
2014-03-21,0.906486618464276
2014-03-22,0.903406729126615
2014-03-23,0.902395281898559
2014-03-24,0.90627308770118
2014-03-25,0.905952792864123
2014-03-26,0.904424941407048
2014-03-27,0.878104150947675
2014-03-28,0.884365398198024
2014-03-29,0.876639594179514
2014-03-30,0.864761524220193
2014-03-31,0.863803311840674
2014-04-01,0.869741021615897
2014-04-02,0.857789493956274
2014-04-03,0.860338017464214
2014-04-04,0.860401113752528
2014-04-05,0.86355525215839
2014-04-06,0.860470397914237
2014-04-07,0.857174611867679
2014-04-08,0.857694446246181
2014-04-09,0.852722636262134
2014-04-10,0.821650016420475
2014-04-11,0.844412554354079
2014-04-12,0.84192277517676
2014-04-13,0.837255907094758
2014-04-14,0.850787636482778
2014-04-15,0.867251145760749
2014-04-16,0.866661820276814
2014-04-17,0.855950141653422
2014-04-18,0.848443447671691
2014-04-19,0.85276783124629
2014-04-20,0.84925933014673
2014-04-21,0.84470924920376
2014-04-22,0.83917734776894
2014-04-23,0.834113455777662
2014-04-24,0.834013034610103
2014-04-25,0.817411942448487
2014-04-26,0.811283882018627
2014-04-27,0.799179207393734
2014-04-28,0.796293497291142
2014-04-29,0.796364907837755
2014-04-30,0.79373293389974
2014-05-01,0.777389854470506
2014-05-02,0.76711200170421
2014-05-03,0.749862268317043
2014-05-04,0.743139635124315
2014-05-05,0.734615954480782
2014-05-06,0.727270273056364
2014-05-07,0.728308939508855
2014-05-08,0.721729604974388
2014-05-09,0.723754677940619
2014-05-10,0.721617038921541
2014-05-11,0.705784768002715
2014-05-12,0.706074281800514
2014-05-13,0.700945431436189
2014-05-14,0.701597593576583
2014-05-15,0.698558276721996
2014-05-16,0.695858344544851
2014-05-17,0.695805133516989
2014-05-18,0.691415433519142
2014-05-19,0.688069447810531
2014-05-20,0.709620822295998
2014-05-21,0.710725088691883
2014-05-22,0.728206048278284
2014-05-23,0.717996352526052
2014-05-24,0.71751155480251
2014-05-25,0.736936156766865
2014-05-26,0.729937339990654
2014-05-27,0.720054960748656
2014-05-28,0.722976685644691
2014-05-29,0.70592559706151
2014-05-30,0.728349941659679
2014-05-31,0.728592821298398
2014-06-01,0.728786195810954
2014-06-02,0.741775246744418
2014-06-03,0.744540332005637
2014-06-04,0.731491619653022
2014-06-05,0.738986405521251
2014-06-06,0.733313901726535
2014-06-07,0.734820478114649
2014-06-08,0.734135106892226
2014-06-09,0.727903824453937
2014-06-10,0.725587554027045
2014-06-11,0.711751110162175
2014-06-12,0.684927312869943
2014-06-13,0.694842338697412
2014-06-14,0.663212693921543
2014-06-15,0.664078849000383
2014-06-16,0.65886416500866
2014-06-17,0.667742989494309
2014-06-18,0.659081326564432
2014-06-19,0.647644317425336
2014-06-20,0.644600006347041
2014-06-21,0.640387711449065
2014-06-22,0.645639361503537
2014-06-23,0.638329589540259
2014-06-24,0.62819073517059
2014-06-25,0.619045912914475
2014-06-26,0.629939405660609
2014-06-27,0.641680637216931
2014-06-28,0.635129418348349
2014-06-29,0.639335409555928
2014-06-30,0.659786695951036
2014-07-01,0.661818518373322
2014-07-02,0.664040446633893
2014-07-03,0.662402851183334
2014-07-04,0.641087546064134
2014-07-05,0.641534271260577
2014-07-06,0.637362844798074
2014-07-07,0.634025947560596
2014-07-08,0.63215408545394
2014-07-09,0.629952459201512
2014-07-10,0.617573115688754
2014-07-11,0.627291947254586
2014-07-12,0.628089405242009
2014-07-13,0.623991745262638
2014-07-14,0.616531703244881
2014-07-15,0.618119389607683
2014-07-16,0.613168711466471
2014-07-17,0.618031835354385
2014-07-18,0.62096118847099
2014-07-19,0.620413999224135
2014-07-20,0.615671753904786
2014-07-21,0.61293731400104
2014-07-22,0.610473274921556
2014-07-23,0.608988534685016
2014-07-24,0.596719892574513
2014-07-25,0.595485912691047
2014-07-26,0.590475298327262
2014-07-27,0.586407460376556
2014-07-28,0.584395809684486
2014-07-29,0.581233625119509
2014-07-30,0.564738084530431
2014-07-31,0.569122514614314
2014-08-01,0.592214822114908
2014-08-02,0.584176998668754
2014-08-03,0.581437567996404
2014-08-04,0.582400877150103
2014-08-05,0.574368046227107
2014-08-06,0.574935368963154
2014-08-07,0.574057268894432
2014-08-08,0.574879160836743
2014-08-09,0.573606445258534
2014-08-10,0.574045739234546
2014-08-11,0.561619557457543
2014-08-12,0.555358645098445
2014-08-13,0.539926673532153
2014-08-14,0.497966233006094
2014-08-15,0.49261434646248
2014-08-16,0.512887262366196
2014-08-17,0.477942122708576
2014-08-18,0.449451709946019
2014-08-19,0.467696873127376
2014-08-20,0.495657652044204
2014-08-21,0.49387762466457
2014-08-22,0.474542199442726
2014-08-23,0.452629611170908
2014-08-24,0.462671877330039
2014-08-25,0.455530424337711
2014-08-26,0.463920907522381
2014-08-27,0.46280667072497
2014-08-28,0.456611978974904
2014-08-29,0.460093011983678
2014-08-30,0.45090338772319
2014-08-31,0.424467310023276
2014-09-01,0.421205143748346
2014-09-02,0.419283322780545
2014-09-03,0.419471807522038
2014-09-04,0.435214555086239
2014-09-05,0.422527849137724
2014-09-06,0.424518946638244
2014-09-07,0.421191213803133
2014-09-08,0.409656145776585
2014-09-09,0.417636993168052
2014-09-10,0.422426334447179
2014-09-11,0.420661418421997
2014-09-12,0.416922984532796
2014-09-13,0.419742312933229
2014-09-14,0.417293566355022
2014-09-15,0.41019737182028
2014-09-16,0.402002480797006
2014-09-17,0.386688626316936
2014-09-18,0.347091040186209
2014-09-19,0.296977664513885
2014-09-20,0.328098358587517
2014-09-21,0.308177014876557
2014-09-22,0.3062133849351
2014-09-23,0.369084227548039
2014-09-24,0.344823753820878
2014-09-25,0.321812225023204
2014-09-26,0.313642609259189
2014-09-27,0.306988913123368
2014-09-28,0.260174486943169
2014-09-29,0.257133296423063
2014-09-30,0.292063388092736
2014-10-01,0.278195571275879
2014-10-02,0.262411493171577
2014-10-03,0.227049420486648
2014-10-04,0.159704516980731
2014-10-05,0.143713115834864
2014-10-06,0.157756376972155
2014-10-07,0.174699927706471
2014-10-08,0.22898533146728
2014-10-09,0.243539402672532
2014-10-10,0.235096406958344
2014-10-11,0.238117650556179
2014-10-12,0.275810273178293
2014-10-13,0.296523892012753
2014-10-14,0.319505774885667
2014-10-15,0.304636464927323
2014-10-16,0.283736131574002
2014-10-17,0.283575445832298
2014-10-18,0.299096933612624
2014-10-19,0.292287494717212
2014-10-20,0.278764070769901
2014-10-21,0.286349556383823
2014-10-22,0.279469170998036
2014-10-23,0.226340966406118
2014-10-24,0.230820895427816
2014-10-25,0.203793865192012
2014-10-26,0.220276574927145
2014-10-27,0.212352921264945
2014-10-28,0.223477180102897
2014-10-29,0.1702212104098
2014-10-30,0.196114420022742
2014-10-31,0.176968728110712
2014-11-01,0.139919303749391
2014-11-02,0.141066369749777
2014-11-03,0.144673489018209
2014-11-04,0.149109067311878
2014-11-05,0.1732839146455
2014-11-06,0.198660569592897
2014-11-07,0.180536819102388
2014-11-08,0.18850766545445
2014-11-09,0.231296556032062
2014-11-10,0.231550823701355
2014-11-11,0.236830105627502
2014-11-12,0.330227684420507
2014-11-13,0.313575046725242
2014-11-14,0.262339684267192
2014-11-15,0.220748584513207
2014-11-16,0.24600991621689
2014-11-17,0.241902520855482
2014-11-18,0.216142470394883
2014-11-19,0.224437468731988
2014-11-20,0.175772265132278
2014-11-21,0.163001556545375
2014-11-22,0.167084313993351
2014-11-23,0.200018518256088
2014-11-24,0.218306029475059
2014-11-25,0.216859387478415
2014-11-26,0.194811167711513
2014-11-27,0.201139584322079
2014-11-28,0.24090653932577
2014-11-29,0.238203543607123
2014-11-30,0.239999335444883
2014-12-01,0.240502072445609
2014-12-02,0.24434201757592
2014-12-03,0.238033808759662
2014-12-04,0.223124016003464
2014-12-05,0.240875454443511
2014-12-06,0.235991230796208
2014-12-07,0.237122021356026
2014-12-08,0.218676293386883
2014-12-09,0.200952160786919
2014-12-10,0.189202914111537
2014-12-11,0.192474266561266
2014-12-12,0.202022441470614
2014-12-13,0.198326549981612
2014-12-14,0.208693576763769
2014-12-15,0.184711271601896
2014-12-16,0.138082576333245
2014-12-17,0.116643351747189
2014-12-18,0.0908632048943142
2014-12-19,0.108432054088656
2014-12-20,0.143272661446564
2014-12-21,0.115462397672934
2014-12-22,0.143771236094899
2014-12-23,0.153336269633434
2014-12-24,0.126952529484115
2014-12-25,0.11622509770027
2014-12-26,0.14172812285402
2014-12-27,0.104375333849295
2014-12-28,0.108331291404159
2014-12-29,0.0938915892496102
2014-12-30,0.0925171696716869
2014-12-31,0.120319293119598
2015-01-01,0.100358498995419
2015-01-02,0.104608147194633
2015-01-03,0.0270497326354956
2015-01-04,-0.06489557751613
2015-01-05,-0.0144602060111394
2015-01-06,-0.0163093216061538
2015-01-07,-0.0206487183711688
2015-01-08,0.00512513392397428
2015-01-09,0.0376542244427775
2015-01-10,-0.0263332934042442
2015-01-11,-0.0493178883766692
2015-01-12,-0.0595417134936707
2015-01-13,-0.251294619054414
2015-01-14,-0.699415894550447
2015-01-15,-0.328169552194687
2015-01-16,-0.354666327752138
2015-01-17,-0.417090603067006
2015-01-18,-0.344756326613332
2015-01-19,-0.30343513812916
2015-01-20,-0.339815388774623
2015-01-21,-0.243842916915517
2015-01-22,-0.225320255308511
2015-01-23,-0.222019218239674
2015-01-24,-0.143438798475481
2015-01-25,-0.121405041178959
2015-01-26,-0.0408088011789037
2015-01-27,-0.0818334553282707
2015-01-28,-0.202666316591027
2015-01-29,-0.213119017174415
2015-01-30,-0.250057285588973
2015-01-31,-0.30819716492346
2015-02-01,-0.25853787897074
2015-02-02,-0.205949550087131
2015-02-03,-0.260411064287298
2015-02-04,-0.26586657560344
2015-02-05,-0.318801104367746
2015-02-06,-0.28883512118956
2015-02-07,-0.254332695681338
2015-02-08,-0.283785550362925
2015-02-09,-0.301071098738921
2015-02-10,-0.301932898285924
2015-02-11,-0.310021846562523
2015-02-12,-0.291842648556072
2015-02-13,-0.214567512362494
2015-02-14,-0.113769366632107
2015-02-15,-0.225001580851318
2015-02-16,-0.216380051836548
2015-02-17,-0.183739642366587
2015-02-18,-0.212606813195701
2015-02-19,-0.18622232064868
2015-02-20,-0.175249225322122
2015-02-21,-0.174992365107812
2015-02-22,-0.21860848940014
2015-02-23,-0.209855358957132
2015-02-24,-0.203413363128403
2015-02-25,-0.211478830443917
2015-02-26,-0.2173355002052
2015-02-27,-0.135136848779189
2015-02-28,-0.133435948275258
2015-03-01,-0.117068859710625
2015-03-02,-0.0464797872557131
2015-03-03,-0.0231205691629822
2015-03-04,-0.0578479166488336
2015-03-05,-0.0484327376051384
2015-03-06,-0.0596516308990332
2015-03-07,-0.0466120462836062
2015-03-08,-0.0466883448347471
2015-03-09,0.00501175908130429
2015-03-10,0.0126656495225887
2015-03-11,0.0263353736715397
2015-03-12,0.0238265820238014
2015-03-13,-0.00642005055566135
2015-03-14,-0.0160447385680139
2015-03-15,-0.00182398498228525
2015-03-16,0.0108079681086311
2015-03-17,-0.00687329841530439
2015-03-18,-0.114367413580291
2015-03-19,-0.0985438578347645
2015-03-20,-0.0952209264089993
2015-03-21,-0.104075844394642
2015-03-22,-0.0744765436901748
2015-03-23,-0.0825038091422658
2015-03-24,-0.172408576698138
2015-03-25,-0.166198667733727
2015-03-26,-0.1538562616863
2015-03-27,-0.161347498230367
2015-03-28,-0.136831473314945
2015-03-29,-0.186005617877179
2015-03-30,-0.158908229310701
2015-03-31,-0.17713237394556
2015-04-01,-0.160459637471393
2015-04-02,-0.130736229863605
2015-04-03,-0.127632431838902
2015-04-04,-0.131537307737366
2015-04-05,-0.100241495285965
2015-04-06,-0.120490393356951
2015-04-07,-0.131012038111873
2015-04-08,-0.166720606120895
2015-04-09,-0.174465021932457
2015-04-10,-0.208536663967616
2015-04-11,-0.20724006243512
2015-04-12,-0.208576435258086
2015-04-13,-0.2710673915791
2015-04-14,-0.301476263803457
2015-04-15,-0.273145518758746
2015-04-16,-0.250950420213938
2015-04-17,-0.277807629054371
2015-04-18,-0.275126967698354
2015-04-19,-0.276234427241135
2015-04-20,-0.266523734389742
2015-04-21,-0.213536649062129
2015-04-22,-0.219465125447884
2015-04-23,-0.207152028803519
2015-04-24,-0.234036027283492
2015-04-25,-0.258582026819894
2015-04-26,-0.29330486227788
2015-04-27,-0.253429106028272
2015-04-28,-0.265268090792497
2015-04-29,-0.263114364683515
2015-04-30,-0.206520487884526
2015-05-01,-0.224935957402935
2015-05-02,-0.215550725403909
2015-05-03,-0.194944798683278
2015-05-04,-0.197434892561355
2015-05-05,-0.211141196032629
2015-05-06,-0.245876090308308
2015-05-07,-0.210345402332506
2015-05-08,-0.170654390494569
2015-05-09,-0.185213530609949
2015-05-10,-0.1968764703158
2015-05-11,-0.188551196995428
2015-05-12,-0.188254418150436
2015-05-13,-0.213229591387648
2015-05-14,-0.211486705610265
2015-05-15,-0.207399349677837
2015-05-16,-0.215094389505228
2015-05-17,-0.214399069887615
2015-05-18,-0.233415542594736
2015-05-19,-0.238277311792006
2015-05-20,-0.226274851385768
2015-05-21,-0.220216183724137
2015-05-22,-0.197296604463579
2015-05-23,-0.203277756591655
2015-05-24,-0.195602638125522
2015-05-25,-0.212012499945641
2015-05-26,-0.212008361145793
2015-05-27,-0.211956458326938
2015-05-28,-0.211324639062217
2015-05-29,-0.215360528760993
2015-05-30,-0.230409158733011
2015-05-31,-0.244036622960999
2015-06-01,-0.278496455739722
2015-06-02,-0.266235331074205
2015-06-03,-0.26639276893018
2015-06-04,-0.274316038676133
2015-06-05,-0.270734058914006
2015-06-06,-0.270883954415412
2015-06-07,-0.278962519136426
2015-06-08,-0.248385310296636
2015-06-09,-0.247844776927559
2015-06-10,-0.249961634743839
2015-06-11,-0.244595145291857
2015-06-12,-0.242916573303747
2015-06-13,-0.224769201500167
2015-06-14,-0.229714707239974
2015-06-15,-0.206004921543593
2015-06-16,-0.135901861492327
2015-06-17,-0.14484619105598
2015-06-18,-0.143909011757741
2015-06-19,-0.15313391042816
2015-06-20,-0.154368003617674
2015-06-21,-0.160259513751235
2015-06-22,-0.148380214629328
2015-06-23,-0.160805910523717
2015-06-24,-0.17975484690482
2015-06-25,-0.168335496185073
2015-06-26,-0.165696900212793
2015-06-27,-0.126258125374183
2015-06-28,-0.137834589307411
2015-06-29,-0.101896173135528
2015-06-30,-0.0726019023851558
2015-07-01,-0.0957748734873311
2015-07-02,-0.110361659809159
2015-07-03,-0.101524176627826
2015-07-04,-0.0833888141242808
2015-07-05,-0.0381456867040267
2015-07-06,-0.0474887236839745
2015-07-07,-0.0595377521653844
2015-07-08,-0.040708403059024
2015-07-09,-0.0443625065977319
2015-07-10,0.019746152492186
2015-07-11,0.0440480994137217
2015-07-12,0.0947871007312313
2015-07-13,0.0409925903440016
2015-07-14,0.0230065501893871
2015-07-15,0.0156180573193923
2015-07-16,-0.00879454559468628
2015-07-17,-0.00578988981659693
2015-07-18,-0.0155420862258616
2015-07-19,-0.0220628958954472
2015-07-20,-0.00884837130442231
2015-07-21,-0.0148014030501138
2015-07-22,-0.0123668540421814
2015-07-23,-0.0136574580118323
2015-07-24,0.0291897555699191
2015-07-25,0.028481869147222
2015-07-26,0.0416584951088317
2015-07-27,0.0450520420270491
2015-07-28,0.0491281487784588
2015-07-29,0.0328510777693963
2015-07-30,0.0276826193447537
2015-07-31,0.0137023541912656
2015-08-01,0.00678020065355781
2015-08-02,0.00719167143311649
2015-08-03,0.00583534106840032
2015-08-04,0.017504762843398
2015-08-05,0.00568567066185846
2015-08-06,-0.00637397390074107
2015-08-07,-0.00237323892419873
2015-08-08,-0.0730999457096597
2015-08-09,-0.0422820095893526
2015-08-10,-0.0529826257538861
2015-08-11,-0.0280990884654646
2015-08-12,-0.0418769530473998
2015-08-13,-0.0537468935237122
2015-08-14,-0.0473936041856688
2015-08-15,-0.0626674186049789
2015-08-16,-0.0768974930892418
2015-08-17,-0.0842231521400351
2015-08-18,-0.251683198386555
2015-08-19,-0.219409203086739
2015-08-20,-0.179984807100732
2015-08-21,-0.191538845723111
2015-08-22,-0.201314102963053
2015-08-23,-0.213493516146366
2015-08-24,-0.314208865973768
2015-08-25,-0.250154961081279
2015-08-26,-0.227851655546468
2015-08-27,-0.231674990212354
2015-08-28,-0.1995784947473
2015-08-29,-0.208143804024533
2015-08-30,-0.213031351587441
2015-08-31,-0.203021474116627
2015-09-01,-0.218278098296946
2015-09-02,-0.212345423669807
2015-09-03,-0.219989082233036
2015-09-04,-0.198433476237775
2015-09-05,-0.175273266340948
2015-09-06,-0.1512557941252
2015-09-07,-0.151528805348335
2015-09-08,-0.133626564782947
2015-09-09,-0.161485964529054
2015-09-10,-0.159139891534263
2015-09-11,-0.148965173419228
2015-09-12,-0.173646092157371
2015-09-13,-0.201585394611336
2015-09-14,-0.198870599575842
2015-09-15,-0.198681410853434
2015-09-16,-0.209208679883977
2015-09-17,-0.184986166046696
2015-09-18,-0.184411148261665
2015-09-19,-0.193727320222684
2015-09-20,-0.196424299795514
2015-09-21,-0.21803631752015
2015-09-22,-0.196971140873693
2015-09-23,-0.200911136974648
2015-09-24,-0.176265668797279
2015-09-25,-0.171952195676247
2015-09-26,-0.175624662596584
2015-09-27,-0.182051839261804
2015-09-28,-0.150485059919069
2015-09-29,-0.161892593428783
2015-09-30,-0.162896188948356
2015-10-01,-0.157804996660932
2015-10-02,-0.155910626291961
2015-10-03,-0.149089445409049
2015-10-04,-0.149997718222925
2015-10-05,-0.143236442930817
2015-10-06,-0.114800148425129
2015-10-07,-0.130289554794391
2015-10-08,-0.13199640462808
2015-10-09,-0.124554753115417
2015-10-10,-0.117852689737067
2015-10-11,-0.106174109539538
2015-10-12,-0.118045937137542
2015-10-13,-0.0990385223201105
2015-10-14,-0.0838547028774355
2015-10-15,-0.0768449309317911
2015-10-16,-0.0434918255475607
2015-10-17,-0.00549412350270907
2015-10-18,-0.0379655808696918
2015-10-19,-0.0359349568985347
2015-10-20,-0.0115608956319361
2015-10-21,-0.0216311563972742
2015-10-22,0.00593167790981253
2015-10-23,0.0172770537466031
2015-10-24,0.0347150570322851
2015-10-25,0.0467668363163543
2015-10-26,0.0456949342357581
2015-10-27,0.0728739682969041
2015-10-28,0.10009741769373
2015-10-29,0.134328638949889
2015-10-30,0.167087913784571
2015-10-31,0.121263901105297
2015-11-01,0.165991921518753
2015-11-02,0.245257857672144
2015-11-03,0.322599153673857
2015-11-04,0.331159064291437
2015-11-05,0.292442518422911
2015-11-06,0.271257680527743
2015-11-07,0.294697623553667
2015-11-08,0.266111678807179
2015-11-09,0.283649076824844
2015-11-10,0.187822829993406
2015-11-11,0.116902628664954
2015-11-12,0.196416482134018
2015-11-13,0.190122683046151
2015-11-14,0.183341008931077
2015-11-15,0.151220549438684
2015-11-16,0.179872200260319
2015-11-17,0.191848811512449
2015-11-18,0.188132582094551
2015-11-19,0.168114431069345
2015-11-20,0.156414068357347
2015-11-21,0.167682988173276
2015-11-22,0.160945975959265
2015-11-23,0.159259578935162
2015-11-24,0.152273040879274
2015-11-25,0.174689598702993
2015-11-26,0.230878504958829
2015-11-27,0.242080237696098
2015-11-28,0.238783242578872
2015-11-29,0.264342931183357
2015-11-30,0.280225490645357
2015-12-01,0.252047244623228
2015-12-02,0.244675143761734
2015-12-03,0.249162521431713
2015-12-04,0.254605890255782
2015-12-05,0.300431665586529
2015-12-06,0.300885259574609
2015-12-07,0.313581087974118
2015-12-08,0.350093722059698
2015-12-09,0.350996627410561
2015-12-10,0.347608516785891
2015-12-11,0.402138409056212
2015-12-12,0.378437468215949
2015-12-13,0.375278468851087
2015-12-14,0.388660291377703
2015-12-15,0.415181595525869
2015-12-16,0.402367849269961
2015-12-17,0.4051305941135
2015-12-18,0.4140823539199
2015-12-19,0.412395699349703
2015-12-20,0.38680825388843
2015-12-21,0.379921108961994
2015-12-22,0.3761601705064
2015-12-23,0.387297921685392
2015-12-24,0.404992996812624
2015-12-25,0.404870665060743
2015-12-26,0.352197044042309
2015-12-27,0.35802738933708
2015-12-28,0.356816704852279
2015-12-29,0.373863566006206
2015-12-30,0.366539472064295
2015-12-31,0.36857999415771
2016-01-01,0.37616669395933
2016-01-02,0.376166648923364
2016-01-03,0.370891024849858
2016-01-04,0.374782170483765
2016-01-05,0.373822421675371
2016-01-06,0.369157279901751
2016-01-07,0.408753082832273
2016-01-08,0.400812394285087
2016-01-09,0.396263438280847
2016-01-10,0.394733202683389
2016-01-11,0.394907945660091
2016-01-12,0.382512715041686
2016-01-13,0.373091411507204
2016-01-14,0.369183221200508
2016-01-15,0.252114263960974
2016-01-16,0.302438406002401
2016-01-17,0.285717839452707
2016-01-18,0.296483568998925
2016-01-19,0.281236759664554
2016-01-20,0.354595770327704
2016-01-21,0.338368929677361
2016-01-22,0.297619135877946
2016-01-23,0.304309932762991
2016-01-24,0.333721920004347
2016-01-25,0.315211313725455
2016-01-26,0.316536365231831
2016-01-27,0.320237952983979
2016-01-28,0.294460423341451
2016-01-29,0.292493357541251
2016-01-30,0.290149456871482
2016-01-31,0.271976455132311
2016-02-01,0.278833954624823
2016-02-02,0.283053280917133
2016-02-03,0.274590611431134
2016-02-04,0.311738204078826
2016-02-05,0.304243397872243
2016-02-06,0.288224156974579
2016-02-07,0.290508294218145
2016-02-08,0.280072672276677
2016-02-09,0.284435078305468
2016-02-10,0.294444615940313
2016-02-11,0.293920888852324
2016-02-12,0.301707335985947
2016-02-13,0.313660047910505
2016-02-14,0.343013957636716
2016-02-15,0.331388857230713
2016-02-16,0.344507830539097
2016-02-17,0.357455415304571
2016-02-18,0.367264517959891
2016-02-19,0.366030362489889
2016-02-20,0.386781295221707
2016-02-21,0.392039964200891
2016-02-22,0.391108105671369
2016-02-23,0.365168203124329
2016-02-24,0.371587475607153
2016-02-25,0.371079943334032
2016-02-26,0.379569435542317
2016-02-27,0.384576147505701
2016-02-28,0.382605184931436
2016-02-29,0.38900776860697
2016-03-01,0.384773690238032
2016-03-02,0.366242608218862
2016-03-03,0.365345077832148
2016-03-04,0.349738740493234
2016-03-05,0.331162415711865
2016-03-06,0.342391634492853
2016-03-07,0.359750195416459
2016-03-08,0.353352347118
2016-03-09,0.355878298281878
2016-03-10,0.361899725860733
2016-03-11,0.36568373983808
2016-03-12,0.352690236100011
2016-03-13,0.356076232214143
2016-03-14,0.35938503936016
2016-03-15,0.36075767186265
2016-03-16,0.362134551818068
2016-03-17,0.365804894159587
2016-03-18,0.352432249603174
2016-03-19,0.352968343552899
2016-03-20,0.355870361837546
2016-03-21,0.354979332801536
2016-03-22,0.362536011820782
2016-03-23,0.363975729637743
2016-03-24,0.356489492743005
2016-03-25,0.36219712851426
2016-03-26,0.36263570261
2016-03-27,0.374991344200191
2016-03-28,0.371594541844582
2016-03-29,0.361603077954236
2016-03-30,0.356054478600011
2016-03-31,0.361389446541022
2016-04-01,0.36420850621198
2016-04-02,0.367342301377944
2016-04-03,0.367279944406492
2016-04-04,0.366765531315785
2016-04-05,0.370355747314947
2016-04-06,0.368551879323489
2016-04-07,0.36719332720146
2016-04-08,0.361564128333898
2016-04-09,0.362628159736057
2016-04-10,0.367326836203605
2016-04-11,0.369243000225782
2016-04-12,0.373484448627614
2016-04-13,0.371681450619772
2016-04-14,0.372120444721664
2016-04-15,0.379070685710287
2016-04-16,0.382313154749851
2016-04-17,0.378483575406129
2016-04-18,0.377878814590714
2016-04-19,0.387327750740537
2016-04-20,0.39528493666081
2016-04-21,0.408947415981664
2016-04-22,0.403236734919761
2016-04-23,0.41072761949236
2016-04-24,0.421465931033174
2016-04-25,0.426564972287742
2016-04-26,0.430455253729775
2016-04-27,0.401567786954674
2016-04-28,0.405904942435031
2016-04-29,0.415076976929471
2016-04-30,0.408198472683417
2016-05-01,0.412854108673254
2016-05-02,0.399351897814467
2016-05-03,0.406861212410386
2016-05-04,0.402059661209112
2016-05-05,0.404096456172761
2016-05-06,0.41894315400982
2016-05-07,0.418685952885387
2016-05-08,0.419558140053788
2016-05-09,0.422250287913775
2016-05-10,0.40735534205351
2016-05-11,0.410026087440808
2016-05-12,0.411189169660439
2016-05-13,0.412956826448296
2016-05-14,0.41319282515307
2016-05-15,0.416651056442992
2016-05-16,0.408711042313702
2016-05-17,0.406887360020726
2016-05-18,0.408437460944023
2016-05-19,0.390332823222969
2016-05-20,0.392516212547745
2016-05-21,0.396023081858046
2016-05-22,0.389473586148577
2016-05-23,0.393904519508835
2016-05-24,0.396533262089636
2016-05-25,0.402094372486458
2016-05-26,0.40667467224364
2016-05-27,0.427951117301312
2016-05-28,0.484822217961811
2016-05-29,0.484045583954782
2016-05-30,0.492701662034465
2016-05-31,0.492261097615623
2016-06-01,0.496751862413504
2016-06-02,0.498093491845382
2016-06-03,0.525041848070023
2016-06-04,0.529545729239608
2016-06-05,0.529388043143215
2016-06-06,0.538027139069982
2016-06-07,0.532259604577898
2016-06-08,0.536504990062461
2016-06-09,0.530803178234663
2016-06-10,0.533013331487753
2016-06-11,0.552920767673308
2016-06-12,0.596731320740267
2016-06-13,0.616242467311419
2016-06-14,0.605331914044397
2016-06-15,0.610993740009746
2016-06-16,0.647258461713866
2016-06-17,0.640112913002111
2016-06-18,0.642642326779091
2016-06-19,0.646716790114412
2016-06-20,0.620811348232274
2016-06-21,0.593405632465964
2016-06-22,0.534152922543941
2016-06-23,0.567182012335214
2016-06-24,0.592708040248164
2016-06-25,0.592117183426669
2016-06-26,0.57231248202044
2016-06-27,0.582110608492036
2016-06-28,0.578700774554058
2016-06-29,0.572377389969543
2016-06-30,0.594665912187912
2016-07-01,0.59801973701107
2016-07-02,0.611336445497557
2016-07-03,0.590055279394048
2016-07-04,0.598603744596597
2016-07-05,0.591193645750383
2016-07-06,0.595990838662762
2016-07-07,0.572864398920798
2016-07-08,0.58884154592806
2016-07-09,0.5836294176719
2016-07-10,0.578974557965118
2016-07-11,0.579229485226371
2016-07-12,0.587790287915148
2016-07-13,0.58154543721665
2016-07-14,0.583586599136321
2016-07-15,0.58791094625784
2016-07-16,0.585800682380056
2016-07-17,0.594068067348472
2016-07-18,0.591882086915583
2016-07-19,0.591555493836891
2016-07-20,0.587284646017044
2016-07-21,0.58642241399657
2016-07-22,0.57675855654259
2016-07-23,0.580215530743187
2016-07-24,0.581463328783585
2016-07-25,0.579635647436609
2016-07-26,0.578042165600684
2016-07-27,0.578006417276327
2016-07-28,0.57719271916503
2016-07-29,0.578164188778318
2016-07-30,0.577044641049607
2016-07-31,0.557937046061236
2016-08-01,0.540139113592792
2016-08-02,0.488597504661169
2016-08-03,0.513733712480556
2016-08-04,0.524820133745488
2016-08-05,0.520998116648657
2016-08-06,0.529337093780985
2016-08-07,0.53258805262567
2016-08-08,0.528849445670051
2016-08-09,0.524246773404348
2016-08-10,0.530579409552075
2016-08-11,0.525572901149824
2016-08-12,0.526188430193392
2016-08-13,0.52418450272402
2016-08-14,0.512498216029198
2016-08-15,0.509141901056997
2016-08-16,0.518028012200826
2016-08-17,0.514028332328107
2016-08-18,0.513389435281391
2016-08-19,0.514212572442996
2016-08-20,0.51921251698947
2016-08-21,0.519257088860173
2016-08-22,0.522176599038929
2016-08-23,0.51956162238676
2016-08-24,0.516509895130225
2016-08-25,0.513812036622807
2016-08-26,0.516481907395735
2016-08-27,0.508167735616401
2016-08-28,0.51275637749987
2016-08-29,0.510793498343707
2016-08-30,0.512704065381706
2016-08-31,0.509219070282293
2016-09-01,0.509421228837853
2016-09-02,0.510391815246887
2016-09-03,0.52815101203411
2016-09-04,0.539939561352192
2016-09-05,0.535766810638755
2016-09-06,0.539848732139276
2016-09-07,0.541681714545524
2016-09-08,0.550797409647279
2016-09-09,0.545844169459129
2016-09-10,0.546286827503677
2016-09-11,0.533273989424671
2016-09-12,0.533525570349736
2016-09-13,0.533994629810011
2016-09-14,0.534236886512411
2016-09-15,0.531388406487164
2016-09-16,0.53300792788211
2016-09-17,0.530197316787219
2016-09-18,0.534721481330447
2016-09-19,0.532689783929031
2016-09-20,0.5298004898321
2016-09-21,0.521543983574161
2016-09-22,0.520317595980771
2016-09-23,0.524880445039826
2016-09-24,0.526028121851858
2016-09-25,0.52409165181496
2016-09-26,0.528524386833222
2016-09-27,0.527089033580955
2016-09-28,0.526286913872604
2016-09-29,0.526775000129707
2016-09-30,0.52891146323761
2016-10-01,0.533272609983987
2016-10-02,0.528676805923627
2016-10-03,0.530345350828916
2016-10-04,0.527597593639838
2016-10-05,0.529042786920031
2016-10-06,0.529738198301648
2016-10-07,0.533374480125192
2016-10-08,0.535115947670995
2016-10-09,0.532248405175692
2016-10-10,0.53356175396601
2016-10-11,0.550720746983622
2016-10-12,0.546121469268813
2016-10-13,0.54539477314615
2016-10-14,0.546850119815087
2016-10-15,0.545687208586637
2016-10-16,0.548186969642347
2016-10-17,0.546951906371805
2016-10-18,0.544253656992643
2016-10-19,0.539861054384426
2016-10-20,0.539101391536294
2016-10-21,0.540241220547583
2016-10-22,0.555673253495917
2016-10-23,0.554308514320988
2016-10-24,0.552393484824262
2016-10-25,0.556312337747364
2016-10-26,0.56957216242201
2016-10-27,0.574634913299783
2016-10-28,0.577039781876443
2016-10-29,0.592771411508803
2016-10-30,0.583045814535883
2016-10-31,0.582719754686141
2016-11-01,0.600729975779363
2016-11-02,0.602695866249292
2016-11-03,0.576519088412426
2016-11-04,0.585599636659985
2016-11-05,0.586506982062882
2016-11-06,0.590818762180073
2016-11-07,0.584172931185177
2016-11-08,0.588412721928921
2016-11-09,0.593902467533201
2016-11-10,0.589281606677158
2016-11-11,0.590721634501748
2016-11-12,0.582537884491344
2016-11-13,0.581993226775281
2016-11-14,0.581757989293894
2016-11-15,0.585719232250142
2016-11-16,0.599173856869626
2016-11-17,0.594978012958636
2016-11-18,0.60298492149596
2016-11-19,0.602042758909566
2016-11-20,0.589136332090715
2016-11-21,0.59295185042474
2016-11-22,0.599917469127877
2016-11-23,0.59564103457408
2016-11-24,0.592062841110626
2016-11-25,0.5913014794915
2016-11-26,0.586845396870689
2016-11-27,0.584546259889415
2016-11-28,0.584929128135065
2016-11-29,0.585760837084189
2016-11-30,0.591223001825115
2016-12-01,0.595240105720076
2016-12-02,0.604578006371853
2016-12-03,0.602316735916707
2016-12-04,0.601733952739735
2016-12-05,0.593503830113991
2016-12-06,0.597972941660427
2016-12-07,0.600233784162057
2016-12-08,0.601770813320831
2016-12-09,0.60247488098784
2016-12-10,0.604780504377857
2016-12-11,0.601292374476222
2016-12-12,0.605504679376834
2016-12-13,0.605059563163468
2016-12-14,0.603512753337598
2016-12-15,0.603146442005045
2016-12-16,0.604508540396348
2016-12-17,0.606588827304332
2016-12-18,0.607033890488149
2016-12-19,0.606430892575302
2016-12-20,0.611031946680699
2016-12-21,0.623574983803751
2016-12-22,0.636881572404474
2016-12-23,0.659564700240241
2016-12-24,0.650127620369718
2016-12-25,0.652958996920321
2016-12-26,0.655401562108872
2016-12-27,0.663987492008005
2016-12-28,0.683033338131622
2016-12-29,0.679341030066419
2016-12-30,0.675802406779472
2016-12-31,0.677686961833362
2017-01-01,0.687006803191708
2017-01-02,0.692673823505556
2017-01-03,0.696841141640741
2017-01-04,0.720283976480233
2017-01-05,0.686352370339882
2017-01-06,0.647445545144888
2017-01-07,0.650358936577632
2017-01-08,0.657145675243505
2017-01-09,0.650257250574666
2017-01-10,0.651270957217998
2017-01-11,0.599991047639593
2017-01-12,0.609972334184591
2017-01-13,0.618020380351273
2017-01-14,0.616718808607586
2017-01-15,0.617460756009228
2017-01-16,0.61925536502133
2017-01-17,0.650118876463795
2017-01-18,0.642627239571938
2017-01-19,0.648357917610389
2017-01-20,0.645071412960254
2017-01-21,0.655982834581937
2017-01-22,0.655074784191226
2017-01-23,0.65412760040058
2017-01-24,0.64036376954054
2017-01-25,0.644638073975853
2017-01-26,0.652375270188718
2017-01-27,0.654598639872009
2017-01-28,0.654601528145879
2017-01-29,0.65108683679053
2017-01-30,0.653513944763637
2017-01-31,0.670206046967652
2017-02-01,0.677387948483265
2017-02-02,0.68306866382381
2017-02-03,0.685636454078751
2017-02-04,0.691101457350397
2017-02-05,0.685049192537756
2017-02-06,0.687107166148535
2017-02-07,0.696260050234895
2017-02-08,0.696072103430333
2017-02-09,0.67535875920956
2017-02-10,0.679594453316365
2017-02-11,0.684558555944249
2017-02-12,0.681215188297136
2017-02-13,0.679775552573436
2017-02-14,0.681929521776366
2017-02-15,0.682702834259866
2017-02-16,0.689289204291035
2017-02-17,0.694682251328489
2017-02-18,0.696398707145777
2017-02-19,0.695144208102726
2017-02-20,0.703515562700702
2017-02-21,0.713866517820145
2017-02-22,0.715016761531771
2017-02-23,0.729629667199135
2017-02-24,0.726983660782536
2017-02-25,0.720145517987858
2017-02-26,0.726250646758286
2017-02-27,0.728965614740381
2017-02-28,0.729167371037022
2017-03-01,0.736008022327782
2017-03-02,0.743983117238491
2017-03-03,0.748970082449338
2017-03-04,0.743828941306652
2017-03-05,0.745704133761516
2017-03-06,0.747281577462428
2017-03-07,0.737377819822048
2017-03-08,0.718491209204248
2017-03-09,0.726994511906918
2017-03-10,0.707511585650726
2017-03-11,0.725553706095334
2017-03-12,0.735820238402848
2017-03-13,0.737557604305726
2017-03-14,0.738182125388133
2017-03-15,0.741217573655452
2017-03-16,0.723272050056854
2017-03-17,0.696027615736233
2017-03-18,0.662931527652976
2017-03-19,0.679307023638622
2017-03-20,0.687006563902498
2017-03-21,0.706582767208037
2017-03-22,0.684626214473005
2017-03-23,0.680636721552406
2017-03-24,0.650418190918204
2017-03-25,0.659828669644817
2017-03-26,0.660934235129715
2017-03-27,0.685191582619509
2017-03-28,0.682680141702817
2017-03-29,0.680671872826737
2017-03-30,0.678794043007404
2017-03-31,0.692394737898943
2017-04-01,0.694749156590071
2017-04-02,0.696956198166655
2017-04-03,0.707535740794435
2017-04-04,0.707227163512904
2017-04-05,0.704382362800541
2017-04-06,0.719004387628992
2017-04-07,0.718656817268492
2017-04-08,0.715707468678272
2017-04-09,0.721853084031147
2017-04-10,0.721807961469865
2017-04-11,0.724374247395318
2017-04-12,0.72237032318327
2017-04-13,0.711487360331893
2017-04-14,0.711714434273149
2017-04-15,0.712200042168345
2017-04-16,0.710419162180944
2017-04-17,0.715430135851988
2017-04-18,0.717190774794615
2017-04-19,0.719404936778379
2017-04-20,0.72464873770298
2017-04-21,0.727394605325295
2017-04-22,0.725558393299284
2017-04-23,0.727210459860021
2017-04-24,0.728891339437914
2017-04-25,0.732950485798788
2017-04-26,0.735802279855847
2017-04-27,0.745774958218083
2017-04-28,0.74643159239182
2017-04-29,0.748570089746258
2017-04-30,0.751828328408714
2017-05-01,0.760077230177741
2017-05-02,0.763807362446569
2017-05-03,0.772384852275261
2017-05-04,0.777034162063533
2017-05-05,0.772420885874599
2017-05-06,0.780104926705739
2017-05-07,0.782077668835912
2017-05-08,0.793588396630316
2017-05-09,0.797037306129055
2017-05-10,0.803723607944795
2017-05-11,0.80876643110911
2017-05-12,0.79301646276113
2017-05-13,0.803369166403457
2017-05-14,0.802803510952697
2017-05-15,0.795656389650431
2017-05-16,0.798163855741303
2017-05-17,0.803961449483133
2017-05-18,0.812542432005747
2017-05-19,0.819319424498696
2017-05-20,0.826228873036987
2017-05-21,0.824663310559798
2017-05-22,0.826925387884415
2017-05-23,0.841683062422789
2017-05-24,0.851521651181788
2017-05-25,0.845224576130403
2017-05-26,0.843428467261353
2017-05-27,0.825833768359167
2017-05-28,0.837117492810678
2017-05-29,0.841072131442958
2017-05-30,0.833381407511009
2017-05-31,0.840754261128213
2017-06-01,0.847871397707979
2017-06-02,0.851659820855168
2017-06-03,0.855291757432174
2017-06-04,0.853471189080163
2017-06-05,0.8612636261167
2017-06-06,0.870049983145436
2017-06-07,0.860998587995605
2017-06-08,0.865923311683209
2017-06-09,0.865672521152335
2017-06-10,0.870975676846948
2017-06-11,0.873452796105694
2017-06-12,0.859133499555223
2017-06-13,0.859060013673307
2017-06-14,0.843706726077439
2017-06-15,0.840627862113017
2017-06-16,0.844195350725258
2017-06-17,0.85401184207065
2017-06-18,0.845527309681477
2017-06-19,0.85028119054571
2017-06-20,0.857943282309467
2017-06-21,0.85317468869839
2017-06-22,0.855157339545425
2017-06-23,0.855489266368196
2017-06-24,0.848240615409109
2017-06-25,0.843997379318439
2017-06-26,0.839106741872526
2017-06-27,0.846165325027335
2017-06-28,0.846644972989108
2017-06-29,0.844102694064905
2017-06-30,0.83814024479501
2017-07-01,0.835744231551223
2017-07-02,0.841768893826511
2017-07-03,0.842574757106002
2017-07-04,0.846321268586462
2017-07-05,0.84682771508428
2017-07-06,0.846248310934476
2017-07-07,0.838447909104361
2017-07-08,0.842687467402157
2017-07-09,0.839486722296561
2017-07-10,0.82810358991564
2017-07-11,0.826340762108903
2017-07-12,0.830373876547389
2017-07-13,0.827422303270982
2017-07-14,0.81693507236159
2017-07-15,0.796311608602866
2017-07-16,0.784802932793171
2017-07-17,0.814305580309014
2017-07-18,0.820853760788882
2017-07-19,0.817285582393885
2017-07-20,0.853982203393446
2017-07-21,0.844431714150929
2017-07-22,0.852712755856018
2017-07-23,0.848805167433904
2017-07-24,0.848258928141178
2017-07-25,0.832764697216645
2017-07-26,0.827485566818363
2017-07-27,0.836987987051889
2017-07-28,0.846554039847741
2017-07-29,0.841911281298703
2017-07-30,0.842850644921571
2017-07-31,0.851364111867039
2017-08-01,0.841641191888414
2017-08-02,0.864685223331085
2017-08-03,0.869044892077329
2017-08-04,0.871725680755445
2017-08-05,0.88759506842539
2017-08-06,0.886336291686534
2017-08-07,0.892927576447444
2017-08-08,0.89421806006383
2017-08-09,0.891440169536302
2017-08-10,0.894395520085912
2017-08-11,0.900382088607043
2017-08-12,0.905823259223512
2017-08-13,0.910195776642607
2017-08-14,0.915542412125427
2017-08-15,0.912779526309835
2017-08-16,0.916136393523607
2017-08-17,0.915100628503168
2017-08-18,0.911672107159907
2017-08-19,0.911922879223734
2017-08-20,0.910976774226942
2017-08-21,0.908326454761998
2017-08-22,0.910790114383189
2017-08-23,0.911617357449253
2017-08-24,0.914254291700684
2017-08-25,0.914653318794038
2017-08-26,0.914571889197222
2017-08-27,0.914417839056961
2017-08-28,0.914407019818337
2017-08-29,0.918582488713299
2017-08-30,0.918204208146543
2017-08-31,0.920778546569905
2017-09-01,0.923889827413514
2017-09-02,0.918650198917498
2017-09-03,0.919107176743933
2017-09-04,0.912810287441271
2017-09-05,0.913971481520048
2017-09-06,0.917614719655847
2017-09-07,0.917595641856267
2017-09-08,0.911790283627212
2017-09-09,0.911524714067534
2017-09-10,0.909780052637229
2017-09-11,0.908681973132309
2017-09-12,0.907830427009167
2017-09-13,0.900452228550898
2017-09-14,0.881018985612851
2017-09-15,0.896512883574587
2017-09-16,0.896843509823154
2017-09-17,0.895988165158007
2017-09-18,0.905163248064898
2017-09-19,0.901222597047614
2017-09-20,0.901000150606652
2017-09-21,0.893631023640463
2017-09-22,0.893615007445241
2017-09-23,0.897923027916706
2017-09-24,0.894689125751148
2017-09-25,0.901417189372182
2017-09-26,0.899560247573124
2017-09-27,0.907160662585038
2017-09-28,0.906868189421152
2017-09-29,0.906066911110069
2017-09-30,0.910057712752041
2017-10-01,0.910738572424493
2017-10-02,0.91097306107943
2017-10-03,0.909058179996933
2017-10-04,0.906868272088721
2017-10-05,0.908880904652033
2017-10-06,0.908813077714879
2017-10-07,0.909740746632653
2017-10-08,0.913125361817929
2017-10-09,0.91556080938669
2017-10-10,0.914956783492922
2017-10-11,0.916004255093919
2017-10-12,0.925199980379701
2017-10-13,0.92754888997906
2017-10-14,0.929461274405593
2017-10-15,0.903607744954859
2017-10-16,0.904305531035612
2017-10-17,0.90141711149271
2017-10-18,0.901528235215361
2017-10-19,0.903296275212931
2017-10-20,0.907959049213654
2017-10-21,0.907719449341834
2017-10-22,0.907451803535259
2017-10-23,0.905396424790869
2017-10-24,0.898293833353199
2017-10-25,0.901564446513017
2017-10-26,0.90354944409213
2017-10-27,0.900681468353236
2017-10-28,0.899950516856378
2017-10-29,0.906230612558589
2017-10-30,0.904969175484169
2017-10-31,0.908701880207626
2017-11-01,0.911872821490234
2017-11-02,0.9141490186823
2017-11-03,0.914758094930474
2017-11-04,0.916594627090818
2017-11-05,0.915813379478925
2017-11-06,0.910318825688681
2017-11-07,0.911128030364585
2017-11-08,0.914949725345301
2017-11-09,0.909802215290157
2017-11-10,0.902319118139356
2017-11-11,0.897068976590136
2017-11-12,0.887738900979237
2017-11-13,0.92704517562582
2017-11-14,0.926725978129956
2017-11-15,0.932344614399253
2017-11-16,0.936684902438292
2017-11-17,0.936027646311114
2017-11-18,0.936484824027937
2017-11-19,0.938213557474683
2017-11-20,0.939730280383368
2017-11-21,0.937744388873081
2017-11-22,0.938758625152065
2017-11-23,0.937387413759097
2017-11-24,0.938080051489556
2017-11-25,0.941611360406152
2017-11-26,0.945018622843555
2017-11-27,0.946838360408616
2017-11-28,0.947610159638145
2017-11-29,0.94716571654221
2017-11-30,0.947817062517605
2017-12-01,0.9513999244024
2017-12-02,0.951094603853736
2017-12-03,0.952659541139176
2017-12-04,0.954088541051382
2017-12-05,0.954261934213095
2017-12-06,0.960622708476926
2017-12-07,0.967594504723229
2017-12-08,0.966002974147513
2017-12-09,0.962681551276247
2017-12-10,0.963175509797897
2017-12-11,0.966740036776236
2017-12-12,0.967678602951164
2017-12-13,0.966074066470888
2017-12-14,0.966090510762968
2017-12-15,0.96783675566114
2017-12-16,0.970650132598789
2017-12-17,0.970341562793138
2017-12-18,0.969727812670165
2017-12-19,0.967629997773002
2017-12-20,0.964620771678026
2017-12-21,0.962093240391599
2017-12-22,0.957790013342768
2017-12-23,0.959482161453016
2017-12-24,0.957416055011506
2017-12-25,0.957423308604831
2017-12-26,0.961777701521155
2017-12-27,0.961143955334385
2017-12-28,0.957645758241292
2017-12-29,0.95835458475294
2017-12-30,0.95179787111252
2017-12-31,0.955316169392486
2018-01-01,0.953208499323733
2018-01-02,0.956932008272298
2018-01-03,0.956846967667143
2018-01-04,0.956814725142561
2018-01-05,0.959654511623856
2018-01-06,0.959624896277152
2018-01-07,0.957105126164
2018-01-08,0.953509809212735
2018-01-09,0.950535287105154
2018-01-10,0.951367785485864
2018-01-11,0.945503105312536
2018-01-12,0.947144716197163
2018-01-13,0.948379923893977
2018-01-14,0.945920036515213
2018-01-15,0.944860043462988
2018-01-16,0.935005512013092
2018-01-17,0.932958384810492
2018-01-18,0.933148292472225
2018-01-19,0.932296207367814
2018-01-20,0.938496602257432
2018-01-21,0.929463908756856
2018-01-22,0.924041372999206
2018-01-23,0.924375627268702
2018-01-24,0.926426517218157
2018-01-25,0.925508014315698
2018-01-26,0.924256118924691
2018-01-27,0.925713116549477
2018-01-28,0.926980597414786
2018-01-29,0.923254804861673
2018-01-30,0.913257956809656
2018-01-31,0.91339667239239
2018-02-01,0.902704344330851
2018-02-02,0.902207427196709
2018-02-03,0.904198391741969
2018-02-04,0.892826442585838
2018-02-05,0.871906107891088
2018-02-06,0.88692921337941
2018-02-07,0.882647490863389
2018-02-08,0.890363391145388
2018-02-09,0.896075531568952
2018-02-10,0.893967058059576
2018-02-11,0.886658005128712
2018-02-12,0.896585458565672
2018-02-13,0.891205168057233
2018-02-14,0.902033975882952
2018-02-15,0.907511008854301
2018-02-16,0.908516091121485
2018-02-17,0.915316729252021
2018-02-18,0.910594777976332
2018-02-19,0.868348145198305
2018-02-20,0.870127972108263
2018-02-21,0.860840968578733
2018-02-22,0.851234415637967
2018-02-23,0.855053074724979
2018-02-24,0.847293309283645
2018-02-25,0.84437397026453
2018-02-26,0.854755608660159
2018-02-27,0.858467620557781
2018-02-28,0.853978093446337
2018-03-01,0.860693313602727
2018-03-02,0.861916862210039
2018-03-03,0.866800870752036
2018-03-04,0.866774535689382
2018-03-05,0.867409460941677
2018-03-06,0.856905888782362
2018-03-07,0.844837327236219
2018-03-08,0.835368153574776
2018-03-09,0.833819821580521
2018-03-10,0.823915310046554
2018-03-11,0.83715484244537
2018-03-12,0.830277632689825
2018-03-13,0.829821152279546
2018-03-14,0.809275347954564
2018-03-15,0.808987281314293
2018-03-16,0.81000006186
2018-03-17,0.79731290305039
2018-03-18,0.803964999785114
2018-03-19,0.810699490799639
2018-03-20,0.817016556181514
2018-03-21,0.815743515693201
2018-03-22,0.810597024717594
2018-03-23,0.811564601288848
2018-03-24,0.807953079634643
2018-03-25,0.802528097135701
2018-03-26,0.794850365652342
2018-03-27,0.783666641543606
2018-03-28,0.787176580867972
2018-03-29,0.763261117587525
2018-03-30,0.752286283943723
2018-03-31,0.754367782064798
2018-04-01,0.749845183239108
2018-04-02,0.75679604717524
2018-04-03,0.76896699869839
2018-04-04,0.747850345002894
2018-04-05,0.745411744684094
2018-04-06,0.73615663325638
2018-04-07,0.745316462864895
2018-04-08,0.748931951243984
2018-04-09,0.736945647749301
2018-04-10,0.738684908490464
2018-04-11,0.741034423256068
2018-04-12,0.772551488167623
2018-04-13,0.770330374128964
2018-04-14,0.772471902273569
2018-04-15,0.780498274115004
2018-04-16,0.770312873153703
2018-04-17,0.764493196320777
2018-04-18,0.771694178267857
2018-04-19,0.772179606538679
2018-04-20,0.782316381706909
2018-04-21,0.780977517531618
2018-04-22,0.778908435759588
2018-04-23,0.780980169847102
2018-04-24,0.796394471841103
2018-04-25,0.778967817582431
2018-04-26,0.783303959474247
2018-04-27,0.776718294253365
2018-04-28,0.782755519942552
2018-04-29,0.783339348703042
2018-04-30,0.777252567401424
2018-05-01,0.772740711955101
2018-05-02,0.773135733793577
2018-05-03,0.782220575355512
2018-05-04,0.779983418814012
2018-05-05,0.781085870828646
2018-05-06,0.774523704779839
2018-05-07,0.766515869281719
2018-05-08,0.762153131555046
2018-05-09,0.76128653939867
2018-05-10,0.752370538979223
2018-05-11,0.72729541842314
2018-05-12,0.724355289622868
2018-05-13,0.727723957516468
2018-05-14,0.723578738826836
2018-05-15,0.714421671288939
2018-05-16,0.700900633642117
2018-05-17,0.684504004949268
2018-05-18,0.685020159560011
2018-05-19,0.680274280210714
2018-05-20,0.682621250282469
2018-05-21,0.665217783224896
2018-05-22,0.646823866951996
2018-05-23,0.619852003161324
2018-05-24,0.61737733880686
2018-05-25,0.604279103636693
2018-05-26,0.597817327970162
2018-05-27,0.595098042377611
2018-05-28,0.579572570105856
2018-05-29,0.595575447178463
2018-05-30,0.588914222890606
2018-05-31,0.589751008783031
2018-06-01,0.588126067848994
2018-06-02,0.590355678518193
2018-06-03,0.583704099375937
2018-06-04,0.567352866706788
2018-06-05,0.570775073613553
2018-06-06,0.567939385992435
2018-06-07,0.567051973014694
2018-06-08,0.560722550341865
2018-06-09,0.557394178285052
2018-06-10,0.497499794199966
2018-06-11,0.491862627818458
2018-06-12,0.465054573846445
2018-06-13,0.444417107562015
2018-06-14,0.466723048578676
2018-06-15,0.447196108081607
2018-06-16,0.448592760520389
2018-06-17,0.443123676706333
2018-06-18,0.460539164387777
2018-06-19,0.459835603308049
2018-06-20,0.458634308394659
2018-06-21,0.451689572871868
2018-06-22,0.391904495559681
2018-06-23,0.398315930625662
2018-06-24,0.395197627437446
2018-06-25,0.404095689854413
2018-06-26,0.385792323744596
2018-06-27,0.400540665145131
2018-06-28,0.373076786616071
2018-06-29,0.405323817195711
2018-06-30,0.415320346095653
2018-07-01,0.411508430738258
2018-07-02,0.430471252112633
2018-07-03,0.419024531393436
2018-07-04,0.425218509851377
2018-07-05,0.427420069121679
2018-07-06,0.427300360622966
2018-07-07,0.442847943891851
2018-07-08,0.433154158666177
2018-07-09,0.42860713825916
2018-07-10,0.390176503571324
2018-07-11,0.395415319293875
2018-07-12,0.371128297271014
2018-07-13,0.375979607243218
2018-07-14,0.379653785647349
2018-07-15,0.387932012485776
2018-07-16,0.41828363582924
2018-07-17,0.466456382539917
2018-07-18,0.470206569876569
2018-07-19,0.475548925848351
2018-07-20,0.465409682515868
2018-07-21,0.468462899045714
2018-07-22,0.467353146716403
2018-07-23,0.487457155703199
2018-07-24,0.526286087919864
2018-07-25,0.516023734307773
2018-07-26,0.499939185967877
2018-07-27,0.507714796132451
2018-07-28,0.508585934826176
2018-07-29,0.51155262649168
2018-07-30,0.507043740033444
2018-07-31,0.480612198576167
2018-08-01,0.468692958502134
2018-08-02,0.463767103419261
2018-08-03,0.45368550759411
2018-08-04,0.42225534629809
2018-08-05,0.42270909388159
2018-08-06,0.412380927371442
2018-08-07,0.390707445253187
2018-08-08,0.347359622222188
2018-08-09,0.373636324281323
2018-08-10,0.332794289302687
2018-08-11,0.348778297867547
2018-08-12,0.343535972674472
2018-08-13,0.339136277620824
2018-08-14,0.330081276280779
2018-08-15,0.336829726056422
2018-08-16,0.339349502346808
2018-08-17,0.364387289765841
2018-08-18,0.349070559570725
2018-08-19,0.355010973194374
2018-08-20,0.335229155452463
2018-08-21,0.35247082879537
2018-08-22,0.340342788635392
2018-08-23,0.355367696144048
2018-08-24,0.370984071117528
2018-08-25,0.376501119597591
2018-08-26,0.370847289613308
2018-08-27,0.385018393078982
2018-08-28,0.404984935097677
2018-08-29,0.398917712127246
2018-08-30,0.39074481606406
2018-08-31,0.395220363336204
2018-09-01,0.406711746952057
2018-09-02,0.413007277247144
2018-09-03,0.412252698760391
2018-09-04,0.419818215936531
2018-09-05,0.374906880651693
2018-09-06,0.347147766329619
2018-09-07,0.340113402732376
2018-09-08,0.313503977817365
2018-09-09,0.323156301771467
2018-09-10,0.324390026284329
2018-09-11,0.324096920355011
2018-09-12,0.325679209160471
2018-09-13,0.345805661349044
2018-09-14,0.344852897296067
2018-09-15,0.346195830373347
2018-09-16,0.340814086006276
2018-09-17,0.317606817253409
2018-09-18,0.32634142770768
2018-09-19,0.329201627876412
2018-09-20,0.342677357665743
2018-09-21,0.36505388732332
2018-09-22,0.360465481621238
2018-09-23,0.357148391023123
2018-09-24,0.345189763526523
2018-09-25,0.33171615686038
2018-09-26,0.335373597143281
2018-09-27,0.354111987697799
2018-09-28,0.348375083382975
2018-09-29,0.345701541564861
2018-09-30,0.345728192801785
2018-10-01,0.341987990316078
2018-10-02,0.338154458664739
2018-10-03,0.3328509900767
2018-10-04,0.338459582980765
2018-10-05,0.342351602142844
2018-10-06,0.338625123217241
2018-10-07,0.34193528135083
2018-10-08,0.343994918348669
2018-10-09,0.342058865518503
2018-10-10,0.336803087860601
2018-10-11,0.304406378149567
2018-10-12,0.306467772076594
2018-10-13,0.307765139870993
2018-10-14,0.307640891832578
2018-10-15,0.340142038081288
2018-10-16,0.338282470697362
2018-10-17,0.332071026276258
2018-10-18,0.324582700427454
2018-10-19,0.320450250805827
2018-10-20,0.320458497167687
2018-10-21,0.320326989702274
2018-10-22,0.320720646843122
2018-10-23,0.319328376554185
2018-10-24,0.321858857055955
2018-10-25,0.319562516097502
2018-10-26,0.321129345044758
2018-10-27,0.320969577193218
2018-10-28,0.322294956998405
2018-10-29,0.305699599403027
2018-10-30,0.30618695219457
2018-10-31,0.303808834628149
2018-11-01,0.310678480303854
2018-11-02,0.310676998346021
2018-11-03,0.307805208875923
2018-11-04,0.302577819989955
2018-11-05,0.31415065503756
2018-11-06,0.317997857307874
2018-11-07,0.324937456175276
2018-11-08,0.317346220007073
2018-11-09,0.310006453568285
2018-11-10,0.309469740257394
2018-11-11,0.308574769459582
2018-11-12,0.30685112382214
2018-11-13,0.304830641231082
2018-11-14,0.226994598578643
2018-11-15,0.216262019581433
2018-11-16,0.207155121348628
2018-11-17,0.204326051051853
2018-11-18,0.213530625152715
2018-11-19,0.0978564882942506
2018-11-20,-0.000916208914458735
2018-11-21,0.0457572844847787
2018-11-22,-0.00715805624988459
2018-11-23,-0.0118163499423796
2018-11-24,-0.125939276340555
2018-11-25,-0.0933287441201142
2018-11-26,-0.162413772711893
2018-11-27,-0.147611474320161
2018-11-28,-0.0269514666104829
2018-11-29,-0.0213478488794997
2018-11-30,-0.0876992476935849
2018-12-01,-0.037394620004604
2018-12-02,-0.0548545750580441
2018-12-03,-0.121472894377252
2018-12-04,-0.0944240331328296
2018-12-05,-0.162739869676392
2018-12-06,-0.240010783187273
2018-12-07,-0.280720864683577
2018-12-08,-0.255226254515102
2018-12-09,-0.206542741770566
2018-12-10,-0.243781127905741
2018-12-11,-0.269567939218981
2018-12-12,-0.247326256180542
2018-12-13,-0.311535695175189
2018-12-14,-0.333059345031412
2018-12-15,-0.341238252380336
2018-12-16,-0.332054058601841
2018-12-17,-0.222615524049965
2018-12-18,-0.170821933119824
2018-12-19,-0.155361100604008
2018-12-20,-0.0490017787889107
2018-12-21,-0.107387239831131
2018-12-22,-0.076988825586594
2018-12-23,-0.0814128115806098
2018-12-24,-0.0522339678551467
2018-12-25,-0.133372600727382
2018-12-26,-0.121064399354775
2018-12-27,-0.185536955409113
2018-12-28,-0.0983277510046947
2018-12-29,-0.087844548875789
2018-12-30,-0.114339050096492
2018-12-31,-0.153667890456201
2019-01-01,-0.122734508253229
2019-01-02,-0.094603842694619
2019-01-03,-0.12472472667804
2019-01-04,-0.118342552211239
2019-01-05,-0.122310425651642
2019-01-06,-0.0569483762626486
2019-01-07,-0.0718374112372489
2019-01-08,-0.0687578863137544
2019-01-09,-0.0684676216831505
2019-01-10,-0.171105394399209
2019-01-11,-0.169139523493606
2019-01-12,-0.176257167957902
2019-01-13,-0.213794466422264
2019-01-14,-0.160442241080523
2019-01-15,-0.190530868469487
2019-01-16,-0.184738509415223
2019-01-17,-0.176373069534951
2019-01-18,-0.18462216235314
2019-01-19,-0.160264945131661
2019-01-20,-0.200337243856883
2019-01-21,-0.210634769634939
2019-01-22,-0.198047470220919
2019-01-23,-0.20467963500453
2019-01-24,-0.199522468213796
2019-01-25,-0.199329743117262
2019-01-26,-0.199202516634228
2019-01-27,-0.204841654409255
2019-01-28,-0.242290685162471
2019-01-29,-0.253428055374776
2019-01-30,-0.239000115614585
2019-01-31,-0.246193679638764
2019-02-01,-0.237134981492194
2019-02-02,-0.223844999156048
2019-02-03,-0.245953131462905
2019-02-04,-0.246576211531578
2019-02-05,-0.247178759743971
2019-02-06,-0.264523641383807
2019-02-07,-0.268812941949691
2019-02-08,-0.177772586526156
2019-02-09,-0.174532138812997
2019-02-10,-0.168237166154215
2019-02-11,-0.181494951078762
2019-02-12,-0.180262351822075
2019-02-13,-0.184598768593912
2019-02-14,-0.188687215622975
2019-02-15,-0.190507094258584
2019-02-16,-0.186179530825806
2019-02-17,-0.171732667637919
2019-02-18,-0.100011610426632
2019-02-19,-0.0907380307899876
2019-02-20,-0.0777752863657117
2019-02-21,-0.0898212354127285
2019-02-22,-0.0756247709920694
2019-02-23,-0.0390668493036273
2019-02-24,-0.123158168072097
2019-02-25,-0.106442852147822
2019-02-26,-0.115683599127625
2019-02-27,-0.117274748941114
2019-02-28,-0.11467879261557
2019-03-01,-0.111810300708244
2019-03-02,-0.111190326900006
2019-03-03,-0.11819057688551
2019-03-04,-0.142145348761192
2019-03-05,-0.103017107899587
2019-03-06,-0.100021952292717
2019-03-07,-0.0983403610342941
2019-03-08,-0.10138812277513
2019-03-09,-0.0836222858601583
2019-03-10,-0.0867469238509847
2019-03-11,-0.0973685594249717
2019-03-12,-0.097391599967301
2019-03-13,-0.0964021109511473
2019-03-14,-0.096075356543914
2019-03-15,-0.0831783748219608
2019-03-16,-0.0585752134292582
2019-03-17,-0.0640713537077173
2019-03-18,-0.0637313684963383
2019-03-19,-0.0526722408041258
2019-03-20,-0.0489827633947857
2019-03-21,-0.0635694997658458
2019-03-22,-0.063991621834127
2019-03-23,-0.0617323439777056
2019-03-24,-0.0667001610203833
2019-03-25,-0.0817579354380586
2019-03-26,-0.0768816415793401
2019-03-27,-0.0497200122959027
2019-03-28,-0.0537854818069367
2019-03-29,-0.0489816378585376
2019-03-30,-0.0486029754957367
2019-03-31,-0.044730772432827
2019-04-01,-0.0322501715876417
2019-04-02,0.118726002111138
2019-04-03,0.142689657568271
2019-04-04,0.128140273311312
2019-04-05,0.148879193808552
2019-04-06,0.154872609714893
2019-04-07,0.177501187569229
2019-04-08,0.190718975138606
2019-04-09,0.17721518711108
2019-04-10,0.196543964048151
2019-04-11,0.157177604360209
2019-04-12,0.160183560670924
2019-04-13,0.160959373943503
2019-04-14,0.174657066960131
2019-04-15,0.158025394532996
2019-04-16,0.184592110333973
2019-04-17,0.188282065988903
2019-04-18,0.19485561482212
2019-04-19,0.196589141521274
2019-04-20,0.201302615162588
2019-04-21,0.197702012600464
2019-04-22,0.209875910428999
2019-04-23,0.234387963213187
2019-04-24,0.221217585978728
2019-04-25,0.184144956500198
2019-04-26,0.19446484767221
2019-04-27,0.199135642746104
2019-04-28,0.197768209942581
2019-04-29,0.192397439142677
2019-04-30,0.20795087681747
2019-05-01,0.219095126065214
2019-05-02,0.235267863593177
2019-05-03,0.27031802137538
2019-05-04,0.278085728978758
2019-05-05,0.275045223184674
2019-05-06,0.268699785117321
2019-05-07,0.287570558897567
2019-05-08,0.296811574361341
2019-05-09,0.320488892880423
2019-05-10,0.342176298543068
2019-05-11,0.423924734581246
2019-05-12,0.398876511897655
2019-05-13,0.461427124311256
2019-05-14,0.473935852973812
2019-05-15,0.489787429403173
2019-05-16,0.46772655495007
2019-05-17,0.429622202445342
2019-05-18,0.425709266136848
2019-05-19,0.49319234295068
2019-05-20,0.475752879360154
2019-05-21,0.477228824308663
2019-05-22,0.461304161288231
2019-05-23,0.471510531238627
2019-05-24,0.478603355579276
2019-05-25,0.482779583751117
2019-05-26,0.519780700589722
2019-05-27,0.527581803586694
2019-05-28,0.522945693135082
2019-05-29,0.519515439994693
2019-05-30,0.500022555802799
2019-05-31,0.514947193400098
2019-06-01,0.515621899469813
2019-06-02,0.52496492049583
2019-06-03,0.493644672358295
2019-06-04,0.459232571235779
2019-06-05,0.468592836811076
2019-06-06,0.468465362497986
2019-06-07,0.483042129161113
2019-06-08,0.476443551863913
2019-06-09,0.458829013543881
2019-06-10,0.479772038979173
2019-06-11,0.47593208870598
2019-06-12,0.488446889707185
2019-06-13,0.49429042015066
2019-06-14,0.521638850572534
2019-06-15,0.529038574498247
2019-06-16,0.537305066306605
2019-06-17,0.55394304194388
2019-06-18,0.541014064991795
2019-06-19,0.552878956063085
2019-06-20,0.564684608905197
2019-06-21,0.590247524742174
2019-06-22,0.612561112957799
2019-06-23,0.61767982895163
2019-06-24,0.623687133702686
2019-06-25,0.648872217587445
2019-06-26,0.681565543716296
2019-06-27,0.627025121252438
2019-06-28,0.666076294721552
2019-06-29,0.654353661392407
2019-06-30,0.62071199824304
2019-07-01,0.608837690999829
2019-07-02,0.61685572193291
2019-07-03,0.653696195129783
2019-07-04,0.631084279064687
2019-07-05,0.623396773060149
2019-07-06,0.631106820384143
2019-07-07,0.638192881737962
2019-07-08,0.663990278915588
2019-07-09,0.670723076446411
2019-07-10,0.658826576876492
2019-07-11,0.634972375469497
2019-07-12,0.650302300863741
2019-07-13,0.636195968918054
2019-07-14,0.596526161712392
2019-07-15,0.621009373208729
2019-07-16,0.566719384130289
2019-07-17,0.574223903587744
2019-07-18,0.615273068992209
2019-07-19,0.607803640658293
2019-07-20,0.616439956639875
2019-07-21,0.610286770696526
2019-07-22,0.600571279875435
2019-07-23,0.582628223746391
2019-07-24,0.578203424255737
2019-07-25,0.581917335026558
2019-07-26,0.579466302821157
2019-07-27,0.560987418312545
2019-07-28,0.565590495806945
2019-07-29,0.561360726852939
2019-07-30,0.564497669682274
2019-07-31,0.585267488670714
2019-08-01,0.597747154289203
2019-08-02,0.602371039729141
2019-08-03,0.613386411097655
2019-08-04,0.618941012639923
2019-08-05,0.647284540186304
2019-08-06,0.636509350616943
2019-08-07,0.651199382004409
2019-08-08,0.651616949019719
2019-08-09,0.649146760875174
2019-08-10,0.633725649441426
2019-08-11,0.638566736502817
2019-08-12,0.634191182184058
2019-08-13,0.618217204296222
2019-08-14,0.585068584892979
2019-08-15,0.595909765535207
2019-08-16,0.598285355023475
2019-08-17,0.592190200150789
2019-08-18,0.597327160288144
2019-08-19,0.616643841351155
2019-08-20,0.613123799293216
2019-08-21,0.586693587110393
2019-08-22,0.588495727009623
2019-08-23,0.596613063737183
2019-08-24,0.586761524200132
2019-08-25,0.584729044310602
2019-08-26,0.595263918981083
2019-08-27,0.588021728124114
2019-08-28,0.56963808099318
2019-08-29,0.558601970130438
2019-08-30,0.562498866643912
2019-08-31,0.564008444193958
2019-09-01,0.569778589117072
2019-09-02,0.59377085350324
2019-09-03,0.605449888779484
2019-09-04,0.603421837179852
2019-09-05,0.603037733193325
2019-09-06,0.591777905073605
2019-09-07,0.597895361963723
2019-09-08,0.595449760242284
2019-09-09,0.5912318513682
2019-09-10,0.582058206868846
2019-09-11,0.584422012187389
2019-09-12,0.593090166819562
2019-09-13,0.591323248063499
2019-09-14,0.591131792028184
2019-09-15,0.590501859996183
2019-09-16,0.587419460215556
2019-09-17,0.586051641352758
2019-09-18,0.584443584627835
2019-09-19,0.586621854979693
2019-09-20,0.582940530207492
2019-09-21,0.576276153577021
2019-09-22,0.578152119414095
2019-09-23,0.563626803602702
2019-09-24,0.507278354845466
2019-09-25,0.499288452636401
2019-09-26,0.475651231007711
2019-09-27,0.48395218432674
2019-09-28,0.48344066307097
2019-09-29,0.474606594549239
2019-09-30,0.486061452868812
2019-10-01,0.489282385641037
2019-10-02,0.492207809170592
2019-10-03,0.4839335631916
2019-10-04,0.479900335242742
2019-10-05,0.476756129847516
2019-10-06,0.465473768682971
2019-10-07,0.482159400391321
2019-10-08,0.481445721984774
2019-10-09,0.503441903507873
2019-10-10,0.502511028091112
2019-10-11,0.484548294152508
2019-10-12,0.486017105899297
2019-10-13,0.482870173238047
2019-10-14,0.485325428181984
2019-10-15,0.475648767556924
2019-10-16,0.465127309986651
2019-10-17,0.467854928221694
2019-10-18,0.459446213951878
2019-10-19,0.459551845601396
2019-10-20,0.473343315774262
2019-10-21,0.474117329874767
2019-10-22,0.463456928932648
2019-10-23,0.421932064967135
2019-10-24,0.420626726651431
2019-10-25,0.497706418413091
2019-10-26,0.530193825781099
2019-10-27,0.544756473563021
2019-10-28,0.530312769139688
2019-10-29,0.538173266972956
2019-10-30,0.526447209302906
2019-10-31,0.524303833236505
2019-11-01,0.527331771171228
2019-11-02,0.530911417177676
2019-11-03,0.526417859158029
2019-11-04,0.534798538683381
2019-11-05,0.53270339511879
