t,indicators_mvrv_account_based
2010-07-18,1.27695344978303
2010-07-19,1.771708059215
2010-07-20,1.58161054025974
2010-07-21,1.41477540556728
2010-07-22,1.34205961765293
2010-07-23,1.26208659266286
2010-07-24,1.1050458902951
2010-07-25,1.10983067727953
2010-07-26,1.01163407675567
2010-07-27,1.16521709734352
2010-07-28,1.14698861261013
2010-07-29,1.17935365682369
2010-07-30,1.2782216715994
2010-07-31,1.26028066579557
2010-08-01,1.20861524710975
2010-08-02,1.20709309792864
2010-08-03,1.21008822881738
2010-08-04,1.16740481254194
2010-08-05,1.17849263252007
2010-08-06,1.21293947549326
2010-08-07,1.19233827534286
2010-08-08,1.16672746007221
2010-08-09,1.26011482672584
2010-08-10,1.3423361408626
2010-08-11,1.35129800140636
2010-08-12,1.27544717842854
2010-08-13,1.30434206228302
2010-08-14,1.27927188548406
2010-08-15,1.29722960008053
2010-08-16,1.26934635876196
2010-08-17,1.27159060239944
2010-08-18,1.36320708971951
2010-08-19,1.30164372696233
2010-08-20,1.2707800165168
2010-08-21,1.2587860966754
2010-08-22,1.21618128742184
2010-08-23,1.25157379701267
2010-08-24,1.25661489138731
2010-08-25,1.24313294992822
2010-08-26,1.23585755228595
2010-08-27,1.22879179026917
2010-08-28,1.2388540637465
2010-08-29,1.22784176338281
2010-08-30,1.19789857829543
2010-08-31,1.20971371801246
2010-09-01,1.16046240469688
2010-09-02,1.16597674624286
2010-09-03,1.17788433036564
2010-09-04,1.16610613143934
2010-09-05,1.18470299131553
2010-09-06,1.17457646293935
2010-09-07,1.16974866641913
2010-09-08,1.16479714774942
2010-09-09,1.16989500240208
2010-09-10,1.15805680114731
2010-09-11,1.18483052208527
2010-09-12,1.1708278275339
2010-09-13,1.17239019997606
2010-09-14,1.20400440507304
2010-09-15,1.16361430051617
2010-09-16,1.16825067345389
2010-09-17,1.15001058909374
2010-09-18,1.13664460556332
2010-09-19,1.16439981188847
2010-09-20,1.18176964802921
2010-09-21,1.19117905257701
2010-09-22,1.17820289918734
2010-09-23,1.17307064086653
2010-09-24,1.17540865726798
2010-09-25,1.16982717113734
2010-09-26,1.17060657413638
2010-09-27,1.17076003951959
2010-09-28,1.1651269601679
2010-09-29,1.16087964386781
2010-09-30,1.15918354625544
2010-10-01,1.16029692592005
2010-10-02,1.15225426726775
2010-10-03,1.14812859361535
2010-10-04,1.1449963554592
2010-10-05,1.14787792022952
2010-10-06,1.16408677247272
2010-10-07,1.18780470550538
2010-10-08,1.39546600177307
2010-10-09,1.56326083180056
2010-10-10,1.71674977747616
2010-10-11,1.70618614036223
2010-10-12,1.67768727581534
2010-10-13,1.70900203588905
2010-10-14,1.80764570187496
2010-10-15,1.81088594069198
2010-10-16,1.78852199712908
2010-10-17,1.78201116176219
2010-10-18,1.76639348260446
2010-10-19,1.72809199717049
2010-10-20,1.69916540302552
2010-10-21,1.72969991854801
2010-10-22,1.78169631243694
2010-10-23,1.8209114818398
2010-10-24,2.01472736493028
2010-10-25,1.90522826852377
2010-10-26,2.52324793871827
2010-10-27,2.78083125396489
2010-10-28,2.92656406293466
2010-10-29,2.80153028309868
2010-10-30,2.85584403610012
2010-10-31,2.91330971528176
2010-11-01,2.83007628845661
2010-11-02,2.83846699771803
2010-11-03,2.66507165848534
2010-11-04,2.93419298874964
2010-11-05,3.2126281550069
2010-11-06,3.66110832843337
2010-11-07,4.54023952058467
2010-11-08,3.84725595877985
2010-11-09,2.84637953317846
2010-11-10,2.08803863507601
2010-11-11,2.53254092360952
2010-11-12,2.61757035359651
2010-11-13,3.04839289068067
2010-11-14,3.04379546960894
2010-11-15,2.99838965150174
2010-11-16,2.73809478415923
2010-11-17,2.57680058590372
2010-11-18,2.61274487744638
2010-11-19,2.80400275075444
2010-11-20,2.85108180350606
2010-11-21,2.840528533064
2010-11-22,2.79672772547798
2010-11-23,2.85030529132377
2010-11-24,2.83015373365232
2010-11-25,2.80639348326066
2010-11-26,2.80648435514982
2010-11-27,2.80947467562299
2010-11-28,2.74793624028303
2010-11-29,2.5755599635449
2010-11-30,2.13264393938769
2010-12-01,2.11556037306704
2010-12-02,2.29129033899625
2010-12-03,2.4039286467203
2010-12-04,2.32662096313122
2010-12-05,2.018388310324
2010-12-06,1.90704609079698
2010-12-07,1.94643172763141
2010-12-08,2.23441105917413
2010-12-09,2.04044627915295
2010-12-10,1.86536875795212
2010-12-11,2.09597117464478
2010-12-12,2.02620431609421
2010-12-13,2.08474674050615
2010-12-14,2.1470545752288
2010-12-15,2.3153185656142
2010-12-16,2.26621966536129
2010-12-17,2.31603119087225
2010-12-18,2.28575396552466
2010-12-19,2.28895601732924
2010-12-20,2.36080011022503
2010-12-21,2.34248124687997
2010-12-22,2.2459167250101
2010-12-23,2.25783741374738
2010-12-24,2.25942045353864
2010-12-25,2.24835371768146
2010-12-26,2.30046867172546
2010-12-27,2.31324919635928
2010-12-28,2.40954795665006
2010-12-29,2.58111720749393
2010-12-30,2.5923021048734
2010-12-31,2.60123828920996
2011-01-01,2.61115029406459
2011-01-02,2.58320838014788
2011-01-03,2.52781714443148
2011-01-04,2.53885205206343
2011-01-05,2.54847679883397
2011-01-06,2.52118440405491
2011-01-07,2.67048431908336
2011-01-08,2.68329825098558
2011-01-09,2.72535672383178
2011-01-10,2.74116237624686
2011-01-11,2.70033860362687
2011-01-12,2.66831102805941
2011-01-13,2.99494609770742
2011-01-14,2.98891179278001
2011-01-15,3.08368485057707
2011-01-16,3.07744847232861
2011-01-17,2.94788937014214
2011-01-18,2.63310402788256
2011-01-19,2.39787625065946
2011-01-20,2.58603417972955
2011-01-21,2.92455765931303
2011-01-22,3.16122929049863
2011-01-23,3.28403502821092
2011-01-24,3.01844410534924
2011-01-25,3.03232967517198
2011-01-26,2.9627546699003
2011-01-27,2.71983935070071
2011-01-28,2.77958420591634
2011-01-29,2.83882214434898
2011-01-30,2.88988182558731
2011-01-31,3.15963502115968
2011-02-01,4.11515548351874
2011-02-02,4.31625370124107
2011-02-03,4.1489854364376
2011-02-04,4.33058485622897
2011-02-05,4.90750583406632
2011-02-06,4.89061130502273
2011-02-07,4.66875141746515
2011-02-08,4.59442532403708
2011-02-09,4.69717543224816
2011-02-10,5.0521048777778
2011-02-11,4.68834336388379
2011-02-12,4.92336354854139
2011-02-13,4.89771327458105
2011-02-14,4.83751805384885
2011-02-15,4.65484442707838
2011-02-16,4.56209881292546
2011-02-17,4.54103298122892
2011-02-18,4.32832335795407
2011-02-19,3.98096037281374
2011-02-20,3.67479836954439
2011-02-21,3.57494066484075
2011-02-22,3.57020978830677
2011-02-23,3.72436284519967
2011-02-24,3.84411530472801
2011-02-25,3.96572950624057
2011-02-26,3.78755266568505
2011-02-27,3.71049334990677
2011-02-28,3.4763073524577
2011-03-01,3.37157620286156
2011-03-02,3.17163128084741
2011-03-03,3.18486464118425
2011-03-04,3.10046259737122
2011-03-05,3.05335961977375
2011-03-06,2.85363014910984
2011-03-07,2.91479475113569
2011-03-08,2.90598132810065
2011-03-09,2.84562090361077
2011-03-10,2.8582989649098
2011-03-11,2.95089276435951
2011-03-12,2.94282199755994
2011-03-13,2.93993341225157
2011-03-14,2.87317276394184
2011-03-15,2.84302459837998
2011-03-16,2.73734759363394
2011-03-17,2.65467742202282
2011-03-18,2.52729551280916
2011-03-19,2.4198659946332
2011-03-20,2.42360787154073
2011-03-21,2.37464604343748
2011-03-22,2.44307203182916
2011-03-23,2.59460573338479
2011-03-24,2.6308439174866
2011-03-25,2.69373062428558
2011-03-26,2.66252375025757
2011-03-27,2.57879435225368
2011-03-28,2.45486720479663
2011-03-29,2.38244024768617
2011-03-30,2.37243918190322
2011-03-31,2.38169556764602
2011-04-01,2.34711001276744
2011-04-02,2.36698058744535
2011-04-03,2.33985205501297
2011-04-04,2.07291015984246
2011-04-05,1.93269059721974
2011-04-06,2.13957600875942
2011-04-07,2.23304032293496
2011-04-08,2.26619021134304
2011-04-09,2.22700168824463
2011-04-10,2.19695399225183
2011-04-11,2.22882312865548
2011-04-12,2.4821547386439
2011-04-13,2.67240289356135
2011-04-14,2.7122613742668
2011-04-15,2.92084144148387
2011-04-16,2.92226220502844
2011-04-17,2.97052475872838
2011-04-18,3.19368828921168
2011-04-19,3.24284335531722
2011-04-20,3.16682494796792
2011-04-21,3.14264708488764
2011-04-22,3.36970130572483
2011-04-23,3.81199946962482
2011-04-24,4.25651695629187
2011-04-25,3.97027967688283
2011-04-26,4.04275490205634
2011-04-27,4.4944384665303
2011-04-28,4.82789072916963
2011-04-29,4.88499697546478
2011-04-30,5.63741502809492
2011-05-01,5.33277299660838
2011-05-02,4.91977356633124
2011-05-03,4.94737493406435
2011-05-04,4.78929548079831
2011-05-05,4.74232920073683
2011-05-06,4.69517189956357
2011-05-07,4.61802719269706
2011-05-08,4.86934169992402
2011-05-09,4.83217021451009
2011-05-10,5.66438422558805
2011-05-11,6.32158702931177
2011-05-12,6.07742461921947
2011-05-13,6.90296505534655
2011-05-14,7.10495065191967
2011-05-15,5.19224553843111
2011-05-16,5.78869946212858
2011-05-17,5.34069992238181
2011-05-18,4.87960075284214
2011-05-19,4.64897516151392
2011-05-20,4.35977172062003
2011-05-21,3.84903357374067
2011-05-22,4.27063019375121
2011-05-23,4.60554807114093
2011-05-24,4.54551803757113
2011-05-25,4.64635077185777
2011-05-26,5.17709438651348
2011-05-27,4.94158371792379
2011-05-28,4.70911750231479
2011-05-29,4.56888942582328
2011-05-30,4.68445113430563
2011-05-31,4.75001579046043
2011-06-01,4.7658562564089
2011-06-02,5.14742601025823
2011-06-03,6.09639515956557
2011-06-04,7.24975897395346
2011-06-05,7.3173619954443
2011-06-06,6.91750635577158
2011-06-07,6.25556937102713
2011-06-08,8.05131651252765
2011-06-09,7.406717054844
2011-06-10,6.0674908875926
2011-06-11,4.20280044378724
2011-06-12,3.4573055397549
2011-06-13,3.99796113401761
2011-06-14,3.43785813166494
2011-06-15,3.32937597015878
2011-06-16,3.14949483531767
2011-06-17,2.47114229128625
2011-06-18,2.4915527808863
2011-06-19,2.73633364790644
2011-06-20,2.68549740563058
2011-06-21,2.72556763467892
2011-06-22,2.66154160570226
2011-06-23,2.71429607453687
2011-06-24,2.67574680284987
2011-06-25,2.70337845417391
2011-06-26,2.57242342445138
2011-06-27,2.48286793489312
2011-06-28,2.40670964088886
2011-06-29,2.39248409327992
2011-06-30,2.35192989412163
2011-07-01,2.252627098751
2011-07-02,2.17885333820117
2011-07-03,2.16218986440466
2011-07-04,2.08335207987829
2011-07-05,1.84319116192824
2011-07-06,2.00979780751219
2011-07-07,2.10270093343749
2011-07-08,2.00559873452213
2011-07-09,1.99310609289744
2011-07-10,2.04924759060894
2011-07-11,2.00626391317877
2011-07-12,1.95251326798114
2011-07-13,1.93156653971027
2011-07-14,1.91896410682795
2011-07-15,1.91886571914669
2011-07-16,1.87357704226393
2011-07-17,1.83029964397638
2011-07-18,1.82086140994446
2011-07-19,1.97158223676949
2011-07-20,1.98036337069224
2011-07-21,1.9640590809507
2011-07-22,1.96239288834569
2011-07-23,1.9626599147427
2011-07-24,1.9717778754393
2011-07-25,2.02452331774723
2011-07-26,1.99333390083786
2011-07-27,1.99479110326512
2011-07-28,1.94969019974574
2011-07-29,1.93200645581597
2011-07-30,1.92910395539162
2011-07-31,1.90306558181155
2011-08-01,1.89882549849254
2011-08-02,1.80970790599679
2011-08-03,1.59842981671209
2011-08-04,1.51948825991534
2011-08-05,1.52643380173893
2011-08-06,1.28039586541991
2011-08-07,1.13963542952835
2011-08-08,1.15872037324908
2011-08-09,1.40453099042827
2011-08-10,1.50046241590276
2011-08-11,1.46760837274024
2011-08-12,1.38979094148557
2011-08-13,1.42240249976286
2011-08-14,1.55803701409364
2011-08-15,1.6742923759188
2011-08-16,1.6432843207287
2011-08-17,1.61687327653817
2011-08-18,1.61340155882527
2011-08-19,1.66476688595509
2011-08-20,1.69370918689657
2011-08-21,1.67788883729411
2011-08-22,1.64305558432527
2011-08-23,1.62270024724853
2011-08-24,1.6093925643897
2011-08-25,1.51139073477802
2011-08-26,1.33615568953188
2011-08-27,1.3242547111477
2011-08-28,1.35449655732673
2011-08-29,1.37882854501986
2011-08-30,1.35466447795587
2011-08-31,1.31554659949287
2011-09-01,1.26727042323913
2011-09-02,1.29260480822672
2011-09-03,1.31641956697851
2011-09-04,1.27424085027346
2011-09-05,1.19973840725739
2011-09-06,1.04365227126904
2011-09-07,1.08100773177389
2011-09-08,1.07106470907462
2011-09-09,0.852362314790292
2011-09-10,0.788908990543949
2011-09-11,0.852859696218633
2011-09-12,1.00134369270646
2011-09-13,0.961951305699994
2011-09-14,0.925629662401614
2011-09-15,0.849275301228222
2011-09-16,0.791717153521247
2011-09-17,0.791108760778045
2011-09-18,0.802777294564503
2011-09-19,0.857936225846661
2011-09-20,0.979780367641612
2011-09-21,0.953454990207692
2011-09-22,0.909946670216998
2011-09-23,0.915810138070786
2011-09-24,0.906965735903381
2011-09-25,0.895879796107324
2011-09-26,0.844534182311966
2011-09-27,0.81774599458436
2011-09-28,0.80245730066117
2011-09-29,0.791813396673312
2011-09-30,0.828856953826061
2011-10-01,0.843755556120185
2011-10-02,0.839188648515091
2011-10-03,0.832807531337776
2011-10-04,0.834028530802773
2011-10-05,0.82386390448773
2011-10-06,0.796172746583681
2011-10-07,0.762363006796566
2011-10-08,0.689208230414152
2011-10-09,0.700955234964775
2011-10-10,0.69632511667124
2011-10-11,0.674479466877855
2011-10-12,0.68256562579508
2011-10-13,0.695715777636678
2011-10-14,0.686667590238831
2011-10-15,0.670706726592969
2011-10-16,0.645142616524155
2011-10-17,0.507782228557435
2011-10-18,0.458756730058448
2011-10-19,0.404506125697742
2011-10-20,0.401221117792235
2011-10-21,0.442136790820704
2011-10-22,0.507454369609462
2011-10-23,0.543914706242821
2011-10-24,0.510718884455042
2011-10-25,0.478821261344552
2011-10-26,0.483122629097414
2011-10-27,0.503012882631364
2011-10-28,0.547101593874999
2011-10-29,0.612288191454505
2011-10-30,0.609280852736842
2011-10-31,0.56162296635689
2011-11-01,0.56925287593173
2011-11-02,0.570640656839306
2011-11-03,0.570825861521954
2011-11-04,0.559598496161986
2011-11-05,0.541968756862075
2011-11-06,0.526262801834169
2011-11-07,0.530549338933873
2011-11-08,0.546438367960793
2011-11-09,0.546321963892538
2011-11-10,0.532112913370279
2011-11-11,0.535922449077251
2011-11-12,0.560278282150457
2011-11-13,0.550817784830812
2011-11-14,0.459009313441468
2011-11-15,0.426215884565119
2011-11-16,0.471240394142849
2011-11-17,0.450539454390091
2011-11-18,0.445152423385095
2011-11-19,0.438433471596554
2011-11-20,0.459836939751249
2011-11-21,0.444838633155313
2011-11-22,0.462018998130957
2011-11-23,0.469386158769185
2011-11-24,0.479078643560106
2011-11-25,0.495606159807602
2011-11-26,0.499584460949853
2011-11-27,0.497172785654841
2011-11-28,0.513748186793568
2011-11-29,0.56997290165292
2011-11-30,0.582212760120426
2011-12-01,0.62066726017557
2011-12-02,0.626637744186871
2011-12-03,0.6126226573597
2011-12-04,0.563917582075569
2011-12-05,0.58634468221987
2011-12-06,0.604588463309336
2011-12-07,0.609222618982542
2011-12-08,0.605662860708676
2011-12-09,0.610457273119894
2011-12-10,0.613313949536862
2011-12-11,0.659672879115222
2011-12-12,0.656439751910424
2011-12-13,0.656755531388438
2011-12-14,0.648019963390606
2011-12-15,0.649392777697286
2011-12-16,0.654653427953339
2011-12-17,0.656388016108207
2011-12-18,0.657455519638816
2011-12-19,0.689906603891357
2011-12-20,0.816011204080943
2011-12-21,0.808218206612972
2011-12-22,0.791279051431818
2011-12-23,0.800296265649252
2011-12-24,0.801419093670911
2011-12-25,0.84320087158553
2011-12-26,0.826449014317716
2011-12-27,0.818243508510643
2011-12-28,0.841189877969672
2011-12-29,0.858267840051195
2011-12-30,0.854760840473467
2011-12-31,0.90632789807757
2012-01-01,1.00460810146665
2012-01-02,1.07306297640101
2012-01-03,1.02312048865343
2012-01-04,1.0358093380856
2012-01-05,1.24385093384557
2012-01-06,1.36704366755747
2012-01-07,1.32597099157455
2012-01-08,1.38981159540338
2012-01-09,1.31770143423449
2012-01-10,1.25862923880411
2012-01-11,1.33449328824169
2012-01-12,1.3298502264459
2012-01-13,1.29451066820587
2012-01-14,1.26724488546702
2012-01-15,1.33182413742036
2012-01-16,1.34062093860412
2012-01-17,1.27869350156945
2012-01-18,1.14275808708452
2012-01-19,1.19197237282953
2012-01-20,1.24207478653407
2012-01-21,1.22457993329682
2012-01-22,1.2022730760399
2012-01-23,1.21238693952297
2012-01-24,1.21561209488622
2012-01-25,1.17957694401824
2012-01-26,1.09172770743373
2012-01-27,1.02360374605269
2012-01-28,1.0630192057652
2012-01-29,1.06799137841498
2012-01-30,1.06421040274076
2012-01-31,1.06875804761166
2012-02-01,1.08917342336495
2012-02-02,1.16425452043649
2012-02-03,1.15251513310412
2012-02-04,1.14489550164433
2012-02-05,1.1071430263587
2012-02-06,1.08590502891411
2012-02-07,1.07866499741953
2012-02-08,1.09255650158922
2012-02-09,1.10500082523439
2012-02-10,1.13683095562535
2012-02-11,1.12881184836689
2012-02-12,1.09503135888329
2012-02-13,1.04603444445598
2012-02-14,0.93596625801947
2012-02-15,0.916873501326249
2012-02-16,0.836119483339983
2012-02-17,0.875326828793507
2012-02-18,0.852229145202928
2012-02-19,0.852448417778375
2012-02-20,0.869105527132477
2012-02-21,0.863207445447226
2012-02-22,0.886621400645493
2012-02-23,0.947458030910128
2012-02-24,0.991417496929109
2012-02-25,0.980304581188798
2012-02-26,0.974541109993737
2012-02-27,0.984518267695423
2012-02-28,0.976397771981789
2012-02-29,0.96350676858138
2012-03-01,0.982252278829472
2012-03-02,0.945205756251816
2012-03-03,0.935056143754061
2012-03-04,0.942703517516306
2012-03-05,0.981812079764442
2012-03-06,0.988680110057871
2012-03-07,0.991314634389705
2012-03-08,0.977203000712318
2012-03-09,0.979443100754894
2012-03-10,0.967475771000356
2012-03-11,0.980097256306902
2012-03-12,0.974459523777449
2012-03-13,1.00828892703555
2012-03-14,1.0711111168318
2012-03-15,1.06622078474218
2012-03-16,1.06290267505513
2012-03-17,1.0666121556972
2012-03-18,1.04793744021187
2012-03-19,1.02280503935309
2012-03-20,0.960025772293279
2012-03-21,0.965394836244394
2012-03-22,0.965052298716648
2012-03-23,0.944449241715983
2012-03-24,0.938399123675791
2012-03-25,0.921569820159344
2012-03-26,0.932483935441919
2012-03-27,0.942352699719297
2012-03-28,0.966601020774297
2012-03-29,0.958960920959993
2012-03-30,0.977479581958843
2012-03-31,0.994720954440042
2012-04-01,0.98415516280918
2012-04-02,0.997435437813159
2012-04-03,1.01144138889344
2012-04-04,1.01458095181943
2012-04-05,1.00854157956319
2012-04-06,1.01408755251554
2012-04-07,0.988388858637677
2012-04-08,0.972467285637969
2012-04-09,0.979465670091902
2012-04-10,0.990927957911841
2012-04-11,0.9994601845443
2012-04-12,1.00328622768896
2012-04-13,0.999764429535806
2012-04-14,1.01896825805051
2012-04-15,1.00922314047825
2012-04-16,1.01134808957057
2012-04-17,1.01656064353113
2012-04-18,1.04580669210804
2012-04-19,1.05270605387391
2012-04-20,1.05770320528676
2012-04-21,1.08120654652774
2012-04-22,1.06306450535914
2012-04-23,1.05617238493291
2012-04-24,1.03531966542568
2012-04-25,1.04369675043279
2012-04-26,1.03711944511858
2012-04-27,1.03758752525419
2012-04-28,1.01691483685695
2012-04-29,1.00662518656483
2012-04-30,1.00845312174056
2012-05-01,1.01421616740577
2012-05-02,1.03985496958143
2012-05-03,1.0388563317135
2012-05-04,1.04340951075645
2012-05-05,1.03415565181058
2012-05-06,1.03068121402951
2012-05-07,1.03374371178938
2012-05-08,1.03049080308577
2012-05-09,1.03400861496786
2012-05-10,1.02977951715688
2012-05-11,1.00995901374338
2012-05-12,1.01409748768939
2012-05-13,1.01406392579536
2012-05-14,1.01513592146025
2012-05-15,1.02315324863894
2012-05-16,1.03569242702439
2012-05-17,1.04136977522668
2012-05-18,1.04547328980077
2012-05-19,1.04880507842664
2012-05-20,1.05001480055554
2012-05-21,1.04931684540158
2012-05-22,1.0511744275895
2012-05-23,1.05861187142474
2012-05-24,1.05883178645428
2012-05-25,1.06216937191399
2012-05-26,1.06054975323547
2012-05-27,1.06074118549805
2012-05-28,1.06259919873267
2012-05-29,1.06402673911403
2012-05-30,1.06806284179736
2012-05-31,1.07000188887816
2012-06-01,1.09106661910992
2012-06-02,1.08876977942208
2012-06-03,1.08673563729042
2012-06-04,1.08964067914706
2012-06-05,1.12180992521316
2012-06-06,1.13157992818937
2012-06-07,1.1409650852172
2012-06-08,1.16519142956202
2012-06-09,1.16202883196322
2012-06-10,1.13926802959148
2012-06-11,1.13570378115625
2012-06-12,1.15808899629123
2012-06-13,1.20372087645267
2012-06-14,1.21567667518052
2012-06-15,1.2388645932404
2012-06-16,1.32807808614199
2012-06-17,1.30817503282375
2012-06-18,1.28304075396882
2012-06-19,1.31377029612393
2012-06-20,1.34060989121296
2012-06-21,1.3627507427878
2012-06-22,1.34389929093492
2012-06-23,1.31366724267847
2012-06-24,1.2984576833895
2012-06-25,1.27862946542276
2012-06-26,1.29531469063435
2012-06-27,1.31358133646107
2012-06-28,1.33208667908623
2012-06-29,1.33927299965325
2012-06-30,1.34432676188409
2012-07-01,1.33851006919271
2012-07-02,1.34761132881742
2012-07-03,1.32322738642437
2012-07-04,1.3083898705793
2012-07-05,1.33285366423981
2012-07-06,1.33055697633398
2012-07-07,1.34461323065906
2012-07-08,1.35890438182107
2012-07-09,1.3687993500294
2012-07-10,1.4235819916237
2012-07-11,1.43667356644896
2012-07-12,1.4501700890967
2012-07-13,1.53569307586865
2012-07-14,1.53122392397605
2012-07-15,1.51856983499107
2012-07-16,1.57373814701315
2012-07-17,1.65838223566807
2012-07-18,1.77131613061875
2012-07-19,1.78869937979992
2012-07-20,1.61700694385248
2012-07-21,1.71369348990906
2012-07-22,1.70053869021793
2012-07-23,1.68607225432147
2012-07-24,1.67580094656943
2012-07-25,1.64719667648017
2012-07-26,1.69003395947411
2012-07-27,1.71203466134353
2012-07-28,1.70715783603486
2012-07-29,1.6839804675292
2012-07-30,1.69824319024691
2012-07-31,1.75790135797956
2012-08-01,1.78436731594012
2012-08-02,1.84573878603725
2012-08-03,1.98863859147347
2012-08-04,2.05030744374539
2012-08-05,1.94414061315695
2012-08-06,1.99810743402027
2012-08-07,1.97938546758212
2012-08-08,2.00446696754065
2012-08-09,2.03562778025385
2012-08-10,2.03885217015644
2012-08-11,2.06343327200596
2012-08-12,2.08195810785315
2012-08-13,2.09535256238747
2012-08-14,2.14222807593864
2012-08-15,2.21351727425288
2012-08-16,2.33128675311867
2012-08-17,2.43258785641125
2012-08-18,2.03407938738171
2012-08-19,1.59634496775863
2012-08-20,1.63773007117483
2012-08-21,1.72214857721403
2012-08-22,1.70041349857679
2012-08-23,1.7042841454511
2012-08-24,1.72624508081051
2012-08-25,1.77929099136841
2012-08-26,1.79579308875181
2012-08-27,1.88627611543958
2012-08-28,1.8317674223154
2012-08-29,1.81786886218797
2012-08-30,1.80010916364722
2012-08-31,1.71874081600472
2012-09-01,1.6491217493753
2012-09-02,1.65438373280056
2012-09-03,1.69902661040736
2012-09-04,1.70551043488075
2012-09-05,1.72581263952024
2012-09-06,1.79237962079188
2012-09-07,1.82077506675436
2012-09-08,1.79516763386096
2012-09-09,1.79817161843592
2012-09-10,1.78280962345225
2012-09-11,1.77982092175639
2012-09-12,1.79661027658734
2012-09-13,1.81142343877637
2012-09-14,1.83665941787861
2012-09-15,1.85976492010218
2012-09-16,1.88154886303545
2012-09-17,1.87974702515687
2012-09-18,1.8923267076103
2012-09-19,1.94298251112204
2012-09-20,1.95106347530429
2012-09-21,1.91114937822988
2012-09-22,1.89220307773332
2012-09-23,1.85783986866108
2012-09-24,1.86415553581698
2012-09-25,1.85340360990898
2012-09-26,1.86121428484885
2012-09-27,1.87834566482164
2012-09-28,1.87468788437702
2012-09-29,1.87910408225421
2012-09-30,1.86934438695051
2012-10-01,1.86172984128815
2012-10-02,1.8824914966087
2012-10-03,1.91258800062158
2012-10-04,1.92411533233287
2012-10-05,1.8996748998034
2012-10-06,1.88690797172667
2012-10-07,1.79402521915214
2012-10-08,1.69051337323782
2012-10-09,1.77928778319181
2012-10-10,1.78558180172197
2012-10-11,1.7867951241779
2012-10-12,1.78368920297854
2012-10-13,1.77373461219804
2012-10-14,1.75683536423479
2012-10-15,1.72978983130607
2012-10-16,1.75043635443785
2012-10-17,1.74626112467849
2012-10-18,1.74478975262461
2012-10-19,1.73160612193533
2012-10-20,1.71683508776368
2012-10-21,1.7103780083956
2012-10-22,1.70740643312988
2012-10-23,1.71228568796127
2012-10-24,1.70329565105832
2012-10-25,1.63327107196529
2012-10-26,1.5188514696105
2012-10-27,1.50824392942587
2012-10-28,1.53191316334048
2012-10-29,1.55596711948766
2012-10-30,1.56833914321397
2012-10-31,1.60492894601404
2012-11-01,1.60869508199412
2012-11-02,1.55471801673819
2012-11-03,1.54332177527942
2012-11-04,1.54959960592791
2012-11-05,1.56427240088215
2012-11-06,1.57645676068351
2012-11-07,1.59566514517243
2012-11-08,1.59088366834038
2012-11-09,1.58179823392388
2012-11-10,1.58033221733513
2012-11-11,1.57093471929965
2012-11-12,1.58702415709804
2012-11-13,1.5920203452399
2012-11-14,1.5920802878648
2012-11-15,1.59747660874067
2012-11-16,1.657085058878
2012-11-17,1.68610598642057
2012-11-18,1.68977872480515
2012-11-19,1.68692000529939
2012-11-20,1.68599297924512
2012-11-21,1.68297926074943
2012-11-22,1.72378649180771
2012-11-23,1.75151406585638
2012-11-24,1.76154781425414
2012-11-25,1.77302360280562
2012-11-26,1.76979540397273
2012-11-27,1.72180613647642
2012-11-28,1.73789229460435
2012-11-29,1.74770685800768
2012-11-30,1.76745243319208
2012-12-01,1.76593970401483
2012-12-02,1.7613482906552
2012-12-03,1.7633373910606
2012-12-04,1.79968555921969
2012-12-05,1.84840574133373
2012-12-06,1.86418252832658
2012-12-07,1.84938326872446
2012-12-08,1.85440454703694
2012-12-09,1.83193337457527
2012-12-10,1.83530727961764
2012-12-11,1.8471077202685
2012-12-12,1.86256623134585
2012-12-13,1.85897789858954
2012-12-14,1.85742386347757
2012-12-15,1.83491599315926
2012-12-16,1.82768397295566
2012-12-17,1.79084347805938
2012-12-18,1.79032382384835
2012-12-19,1.80306181440093
2012-12-20,1.81514888286812
2012-12-21,1.81719150033862
2012-12-22,1.79968275105717
2012-12-23,1.78234041191462
2012-12-24,1.79307714696141
2012-12-25,1.78906233559707
2012-12-26,1.7862850582506
2012-12-27,1.79386609605475
2012-12-28,1.79584595785396
2012-12-29,1.80042623123783
2012-12-30,1.79365127407261
2012-12-31,1.79899465124954
2013-01-01,1.76411845396545
2013-01-02,1.7588528449418
2013-01-03,1.75837908771588
2013-01-04,1.76199433813481
2013-01-05,1.75545329089149
2013-01-06,1.74968110186283
2013-01-07,1.75400707334265
2013-01-08,1.77253869150159
2013-01-09,1.79420586762765
2013-01-10,1.82295543675748
2013-01-11,1.84723854344231
2013-01-12,1.84947698083181
2013-01-13,1.83479895829796
2013-01-14,1.82554331396565
2013-01-15,1.86289135826051
2013-01-16,1.89162086227101
2013-01-17,1.95102666294623
2013-01-18,2.01723843589802
2013-01-19,2.00053140015532
2013-01-20,2.01045752966496
2013-01-21,2.07871988585787
2013-01-22,2.16599030983828
2013-01-23,2.18651406763682
2013-01-24,2.2730517347042
2013-01-25,2.12936100238094
2013-01-26,2.1187182135551
2013-01-27,2.15611177879565
2013-01-28,2.21926197787048
2013-01-29,2.32920122228995
2013-01-30,2.31539758675387
2013-01-31,2.3986700073551
2013-02-01,2.39628794268065
2013-02-02,2.2992823401048
2013-02-03,2.31025811534521
2013-02-04,2.33369490455621
2013-02-05,2.31838061308532
2013-02-06,2.35660989420657
2013-02-07,2.39671891642618
2013-02-08,2.48978293833757
2013-02-09,2.53247301051206
2013-02-10,2.56955989435079
2013-02-11,2.58713998103079
2013-02-12,2.69059331016566
2013-02-13,2.73690124990284
2013-02-14,2.76282007490026
2013-02-15,2.83620599773882
2013-02-16,2.81225845700991
2013-02-17,2.75191663541631
2013-02-18,2.71440450089414
2013-02-19,2.8096209444093
2013-02-20,2.93973806074148
2013-02-21,2.92844690567507
2013-02-22,2.96950860489629
2013-02-23,2.81066851602451
2013-02-24,2.84604864299161
2013-02-25,2.82782879088167
2013-02-26,2.85815046650933
2013-02-27,2.8666148627349
2013-02-28,3.00008861995185
2013-03-01,3.03718124696583
2013-03-02,3.01105298592614
2013-03-03,2.99310979951423
2013-03-04,3.07213385587815
2013-03-05,3.34621884275663
2013-03-06,3.74655824851267
2013-03-07,3.34015711090153
2013-03-08,3.35310886767189
2013-03-09,3.43210372622402
2013-03-10,3.51885462827804
2013-03-11,3.5394815703916
2013-03-12,3.31358577761972
2013-03-13,3.37999600587278
2013-03-14,3.42454541303346
2013-03-15,3.3761933896824
2013-03-16,3.31529560382081
2013-03-17,3.30651831070862
2013-03-18,3.31037803516706
2013-03-19,3.72046539090273
2013-03-20,4.07691275709539
2013-03-21,4.40316541889124
2013-03-22,4.35246174165938
2013-03-23,3.82673905352238
2013-03-24,3.94874190902411
2013-03-25,4.13343196502047
2013-03-26,4.30363879630677
2013-03-27,4.58579795938675
2013-03-28,4.76371826492069
2013-03-29,4.44914636795162
2013-03-30,4.42167664990786
2013-03-31,4.39353858473574
2013-04-01,4.53143378105403
2013-04-02,4.68100788804585
2013-04-03,5.25962855344129
2013-04-04,4.97486741790635
2013-04-05,4.8889162861987
2013-04-06,4.80911597042783
2013-04-07,4.97318820486931
2013-04-08,5.6976577807482
2013-04-09,5.89157413233434
2013-04-10,5.18174487570366
2013-04-11,3.01389677298069
2013-04-12,1.98825735129353
2013-04-13,2.71057420353698
2013-04-14,2.53324405395592
2013-04-15,2.4127214893864
2013-04-16,1.75458848127049
2013-04-17,2.19335689739865
2013-04-18,2.49205673117414
2013-04-19,3.09859144859961
2013-04-20,3.1554439162744
2013-04-21,3.14510837108616
2013-04-22,3.0792157187941
2013-04-23,3.24372985501957
2013-04-24,3.60538892669965
2013-04-25,3.52500573452937
2013-04-26,3.10122757884786
2013-04-27,3.05662963842046
2013-04-28,3.00274936191436
2013-04-29,3.13637869650146
2013-04-30,3.14174186719022
2013-05-01,2.82891334130927
2013-05-02,2.49036538258254
2013-05-03,2.09258263757452
2013-05-04,2.32354999377818
2013-05-05,2.54124996394666
2013-05-06,2.62578050684151
2013-05-07,2.38144956249599
2013-05-08,2.49234544069585
2013-05-09,2.455950233113
2013-05-10,2.52844249144372
2013-05-11,2.54198666531563
2013-05-12,2.51962624174963
2013-05-13,2.52656557629811
2013-05-14,2.51556002918855
2013-05-15,2.3811126577002
2013-05-16,2.40394174467808
2013-05-17,2.48873089617225
2013-05-18,2.53695408363068
2013-05-19,2.53348434439303
2013-05-20,2.52080500998521
2013-05-21,2.52477304946403
2013-05-22,2.52829784183558
2013-05-23,2.57051437166765
2013-05-24,2.67181750146134
2013-05-25,2.70650520581472
2013-05-26,2.70856590233087
2013-05-27,2.70088588574847
2013-05-28,2.62296892371277
2013-05-29,2.64791997064661
2013-05-30,2.66518741219001
2013-05-31,2.62986595122264
2013-06-01,2.6313371202845
2013-06-02,2.54037816707277
2013-06-03,2.45702887457709
2013-06-04,2.47561165017228
2013-06-05,2.45005054655571
2013-06-06,2.43264459553431
2013-06-07,2.29897521704609
2013-06-08,2.21096236310676
2013-06-09,2.02302276278283
2013-06-10,2.07219996083963
2013-06-11,2.14472804990908
2013-06-12,2.17558792636244
2013-06-13,2.15676698572105
2013-06-14,2.02170065388277
2013-06-15,2.01136416682686
2013-06-16,2.0169948294031
2013-06-17,2.0170129123791
2013-06-18,2.08774214147261
2013-06-19,2.12262719119452
2013-06-20,2.1335352482784
2013-06-21,2.04939597468043
2013-06-22,2.02317626890586
2013-06-23,2.01805591374913
2013-06-24,1.99573536543563
2013-06-25,1.99908451707943
2013-06-26,1.98218287583683
2013-06-27,1.96870775475726
2013-06-28,1.84525894464242
2013-06-29,1.80906343835429
2013-06-30,1.79148786412827
2013-07-01,1.76501308168299
2013-07-02,1.73099672343377
2013-07-03,1.70605567927045
2013-07-04,1.56953342036818
2013-07-05,1.48033493016002
2013-07-06,1.3649731719842
2013-07-07,1.37389542730133
2013-07-08,1.5165203734421
2013-07-09,1.50785821163689
2013-07-10,1.59620859509132
2013-07-11,1.75553369238459
2013-07-12,1.87014022432108
2013-07-13,1.81397021953844
2013-07-14,1.85696514521028
2013-07-15,1.86281778467255
2013-07-16,1.87245061944824
2013-07-17,1.84215161124791
2013-07-18,1.70145677400194
2013-07-19,1.71268941030858
2013-07-20,1.74565244534734
2013-07-21,1.72531445174606
2013-07-22,1.74280109343339
2013-07-23,1.75090261169861
2013-07-24,1.77021306311996
2013-07-25,1.80283361012787
2013-07-26,1.82173874101973
2013-07-27,1.79421759614936
2013-07-28,1.80678265888723
2013-07-29,1.87091131289294
2013-07-30,1.8995840354879
2013-07-31,1.98518818285292
2013-08-01,1.9561358809476
2013-08-02,1.94549610413387
2013-08-03,1.9181712511889
2013-08-04,1.9122221424628
2013-08-05,1.93360416924331
2013-08-06,1.94266632927275
2013-08-07,1.93206735436952
2013-08-08,1.88603442238334
2013-08-09,1.84818386344785
2013-08-10,1.84019502341082
2013-08-11,1.85257667919769
2013-08-12,1.85963965651777
2013-08-13,1.89068196132885
2013-08-14,1.9415163831463
2013-08-15,1.933429637339
2013-08-16,1.91615456469758
2013-08-17,1.92327365801353
2013-08-18,1.93187705221439
2013-08-19,1.9851547639648
2013-08-20,2.01636764820693
2013-08-21,2.08859941315788
2013-08-22,2.15399750531016
2013-08-23,2.09031030361786
2013-08-24,2.08406849842093
2013-08-25,2.13801566655551
2013-08-26,2.15538089051313
2013-08-27,2.23912273845342
2013-08-28,2.26195713943327
2013-08-29,2.2555766847966
2013-08-30,2.28989886247223
2013-08-31,2.42008806595973
2013-09-01,2.44286872041132
2013-09-02,2.44270838782272
2013-09-03,2.41226922920188
2013-09-04,2.36269676052351
2013-09-05,2.2514505732397
2013-09-06,2.23642321503845
2013-09-07,2.1882070730158
2013-09-08,2.18781378899894
2013-09-09,2.18583709800313
2013-09-10,2.24701966696087
2013-09-11,2.24628713045581
2013-09-12,2.30934307568515
2013-09-13,2.3095225552464
2013-09-14,2.27689685018042
2013-09-15,2.24400830770474
2013-09-16,2.26233400200064
2013-09-17,2.2720601088453
2013-09-18,2.28113898180262
2013-09-19,2.2466321784523
2013-09-20,2.2021375585667
2013-09-21,2.1871223298486
2013-09-22,2.17835354660767
2013-09-23,2.17797334213494
2013-09-24,2.16979442520106
2013-09-25,2.19157921858147
2013-09-26,2.18572560573135
2013-09-27,2.20579182517354
2013-09-28,2.21836063077609
2013-09-29,2.23224124970292
2013-09-30,2.20803866396059
2013-10-01,2.21852507838719
2013-10-02,2.10329024553133
2013-10-03,1.94855505659168
2013-10-04,2.10732286590243
2013-10-05,2.11905155360868
2013-10-06,2.11980017391543
2013-10-07,2.13670081178201
2013-10-08,2.13121006495239
2013-10-09,2.15023711200724
2013-10-10,2.16078562835391
2013-10-11,2.17084312306936
2013-10-12,2.1791863303593
2013-10-13,2.20538692642
2013-10-14,2.30220908455348
2013-10-15,2.32557658834971
2013-10-16,2.42584384450848
2013-10-17,2.38102559800635
2013-10-18,2.47507885557773
2013-10-19,2.68584198220148
2013-10-20,2.72836298399944
2013-10-21,2.84153916005377
2013-10-22,3.02361791607171
2013-10-23,3.08047090558259
2013-10-24,2.99640509586129
2013-10-25,2.74211137116788
2013-10-26,2.71290787810502
2013-10-27,2.74964769035132
2013-10-28,2.87972501798109
2013-10-29,2.91513422267597
2013-10-30,2.93981378516278
2013-10-31,2.89365325038681
2013-11-01,2.91239256332118
2013-11-02,2.91560248476992
2013-11-03,2.92232859682206
2013-11-04,3.0570344873453
2013-11-05,3.23350978384594
2013-11-06,3.43307339468224
2013-11-07,3.70773791815137
2013-11-08,3.97688952649324
2013-11-09,4.19786575282872
2013-11-10,3.64636691192411
2013-11-11,3.933752227218
2013-11-12,4.06244413827622
2013-11-13,4.26551882769653
2013-11-14,4.50229084336222
2013-11-15,4.46717574949936
2013-11-16,4.46616825575233
2013-11-17,4.67267830110403
2013-11-18,5.18772327943032
2013-11-19,5.58848864464177
2013-11-20,4.65677398666516
2013-11-21,5.53522178487461
2013-11-22,5.99342873230754
2013-11-23,6.36454998864297
2013-11-24,5.92466087749629
2013-11-25,5.81365890911205
2013-11-26,5.52805016966064
2013-11-27,5.67528282388531
2013-11-28,5.75089229242388
2013-11-29,5.66391574863352
2013-11-30,5.80329831858793
2013-12-01,5.09872146002332
2013-12-02,4.97417896667004
2013-12-03,5.01015089187277
2013-12-04,5.12770036005475
2013-12-05,4.79049354070703
2013-12-06,4.24685073823492
2013-12-07,3.25310934519496
2013-12-08,3.24957953858252
2013-12-09,3.81294302434706
2013-12-10,4.09954856424329
2013-12-11,3.90777468247239
2013-12-12,3.70303641811382
2013-12-13,3.73868822788553
2013-12-14,3.63269863510637
2013-12-15,3.52437071201331
2013-12-16,3.27738041888929
2013-12-17,2.86221394154087
2013-12-18,2.346656910334
2013-12-19,2.54339928914751
2013-12-20,2.82675113605527
2013-12-21,2.48947787334481
2013-12-22,2.54808976677358
2013-12-23,2.58305686555244
2013-12-24,2.63779979796341
2013-12-25,2.60954093949638
2013-12-26,2.83826306083805
2013-12-27,2.86265106940883
2013-12-28,2.8319732837773
2013-12-29,2.8063665319204
2013-12-30,2.86967731340581
2013-12-31,2.84692068360837
2014-01-01,2.90844602197069
2014-01-02,2.95446063797824
2014-01-03,3.08800990236301
2014-01-04,3.12197076384917
2014-01-05,3.29754881800553
2014-01-06,3.53820157181575
2014-01-07,3.34685139115334
2014-01-08,3.0356149730402
2014-01-09,3.06493004198168
2014-01-10,3.06378977530102
2014-01-11,3.24511315395765
2014-01-12,3.17119549110095
2014-01-13,2.97810328093007
2014-01-14,2.97625137002193
2014-01-15,2.98880273211629
2014-01-16,2.97237698171496
2014-01-17,2.84476502883467
2014-01-18,2.86342547989459
2014-01-19,2.88178552420351
2014-01-20,2.93672320221409
2014-01-21,2.89336927554545
2014-01-22,2.86897544487896
2014-01-23,2.85222234678917
2014-01-24,2.756741393635
2014-01-25,2.77640403409595
2014-01-26,2.82975292946759
2014-01-27,2.77739308463363
2014-01-28,2.69780263462475
2014-01-29,2.74574702143442
2014-01-30,2.733839101055
2014-01-31,2.75995545725352
2014-02-01,2.78784141435516
2014-02-02,2.8043172453909
2014-02-03,2.77002088986975
2014-02-04,2.74977249913072
2014-02-05,2.73015312531173
2014-02-06,2.57118325896224
2014-02-07,2.37628910988565
2014-02-08,2.31879643531321
2014-02-09,2.27678427820529
2014-02-10,2.20429793351053
2014-02-11,2.27173683070084
2014-02-12,2.1731322887261
2014-02-13,2.11103872604492
2014-02-14,2.07422218260498
2014-02-15,2.14419792336972
2014-02-16,2.09700977060529
2014-02-17,2.07555827952921
2014-02-18,2.07334266219411
2014-02-19,2.05897596215133
2014-02-20,1.967416426783
2014-02-21,1.86848934410125
2014-02-22,1.92244415485189
2014-02-23,2.04221337174027
2014-02-24,1.87189274762469
2014-02-25,1.65211797627943
2014-02-26,1.90966520191485
2014-02-27,1.94607075096893
2014-02-28,1.90441595445782
2014-03-01,1.87114766660591
2014-03-02,1.87977222377148
2014-03-03,2.02093310131474
2014-03-04,2.25536990873483
2014-03-05,2.20172049158634
2014-03-06,2.1975111166318
2014-03-07,2.07362121765845
2014-03-08,1.98308145217851
2014-03-09,2.00583035746856
2014-03-10,1.97535946183815
2014-03-11,1.95784451963414
2014-03-12,1.99046368313506
2014-03-13,1.99598720667338
2014-03-14,1.9724397433755
2014-03-15,1.96540292071418
2014-03-16,1.96942461893978
2014-03-17,1.94690594085067
2014-03-18,1.90600583061138
2014-03-19,1.90360288250976
2014-03-20,1.84849028355904
2014-03-21,1.80460659694578
2014-03-22,1.73898635859167
2014-03-23,1.74455608133295
2014-03-24,1.74254249968875
2014-03-25,1.78621347240889
2014-03-26,1.79296414985232
2014-03-27,1.65763678591965
2014-03-28,1.55884181521624
2014-03-29,1.54577736538288
2014-03-30,1.44742073847545
2014-03-31,1.41504676819686
2014-04-01,1.47755976021008
2014-04-02,1.44962078311351
2014-04-03,1.35932736761629
2014-04-04,1.39120089654469
2014-04-05,1.41284130087004
2014-04-06,1.43488673802611
2014-04-07,1.42422405273557
2014-04-08,1.41985264461816
2014-04-09,1.40665157916818
2014-04-10,1.28654935205665
2014-04-11,1.28550077020259
2014-04-12,1.34352600634403
2014-04-13,1.3202200983576
2014-04-14,1.41031887951286
2014-04-15,1.54164263466559
2014-04-16,1.6348814045818
2014-04-17,1.59342618870558
2014-04-18,1.53132892159337
2014-04-19,1.55411371446705
2014-04-20,1.58649543327631
2014-04-21,1.57759739066028
2014-04-22,1.5563205190826
2014-04-23,1.5402342742498
2014-04-24,1.53451983834101
2014-04-25,1.46542093408942
2014-04-26,1.43880973922866
2014-04-27,1.42224792989071
2014-04-28,1.37429957258932
2014-04-29,1.39839812119687
2014-04-30,1.40366180276866
2014-05-01,1.43511781472983
2014-05-02,1.41970521869566
2014-05-03,1.39235593467123
2014-05-04,1.37477496024688
2014-05-05,1.36472924380073
2014-05-06,1.35365786516535
2014-05-07,1.38297502641401
2014-05-08,1.40055374700648
2014-05-09,1.41333224047511
2014-05-10,1.43003170159452
2014-05-11,1.40527332969963
2014-05-12,1.38794759756542
2014-05-13,1.38401579156566
2014-05-14,1.40159097226117
2014-05-15,1.41735021073561
2014-05-16,1.41680512643066
2014-05-17,1.42033996126421
2014-05-18,1.41549826718795
2014-05-19,1.41274416486681
2014-05-20,1.4744705174493
2014-05-21,1.56258578424261
2014-05-22,1.61447780017587
2014-05-23,1.67289332353471
2014-05-24,1.64493763364052
2014-05-25,1.77048963701365
2014-05-26,1.82773344046449
2014-05-27,1.80452494529153
2014-05-28,1.78519420607072
2014-05-29,1.76887524661165
2014-05-30,1.8432516728526
2014-05-31,1.92365870028363
2014-06-01,1.99393740107991
2014-06-02,1.9643534776383
2014-06-03,2.04707542670379
2014-06-04,1.97214785595664
2014-06-05,2.00154569425419
2014-06-06,2.00851163109037
2014-06-07,1.99363188517698
2014-06-08,2.00034979393155
2014-06-09,1.97871092975516
2014-06-10,1.97382726428908
2014-06-11,1.93658849797781
2014-06-12,1.85971723644423
2014-06-13,1.7489965901027
2014-06-14,1.69786411954701
2014-06-15,1.6825293564605
2014-06-16,1.77403403512829
2014-06-17,1.7694560414338
2014-06-18,1.80603467114194
2014-06-19,1.79474270145024
2014-06-20,1.75688878168863
2014-06-21,1.74750717121592
2014-06-22,1.77434184913806
2014-06-23,1.74731651862869
2014-06-24,1.73130003676052
2014-06-25,1.68170052969896
2014-06-26,1.68252824423691
2014-06-27,1.72634426204736
2014-06-28,1.76040564132469
2014-06-29,1.75794500142522
2014-06-30,1.82943897883622
2014-07-01,1.90431911832434
2014-07-02,1.89927354974295
2014-07-03,1.89403111504496
2014-07-04,1.8632763866007
2014-07-05,1.84313121653642
2014-07-06,1.84848004052438
2014-07-07,1.83300396813986
2014-07-08,1.81754162600964
2014-07-09,1.81701507599737
2014-07-10,1.79556888660672
2014-07-11,1.81387312910775
2014-07-12,1.84344504262467
2014-07-13,1.83747334739401
2014-07-14,1.81129047616425
2014-07-15,1.80685919444096
2014-07-16,1.79838239258978
2014-07-17,1.79568036397525
2014-07-18,1.81263192987837
2014-07-19,1.82214859883606
2014-07-20,1.80955668716476
2014-07-21,1.79691457774779
2014-07-22,1.79909101940832
2014-07-23,1.79335168015704
2014-07-24,1.76527448794536
2014-07-25,1.73501624191759
2014-07-26,1.71677623140353
2014-07-27,1.71670534989543
2014-07-28,1.68524639060289
2014-07-29,1.68541175292659
2014-07-30,1.66262856956955
2014-07-31,1.65692487029745
2014-08-01,1.70892102170043
2014-08-02,1.70726511508251
2014-08-03,1.68615780564026
2014-08-04,1.69239291572641
2014-08-05,1.67494170669827
2014-08-06,1.66185991393584
2014-08-07,1.66946855497061
2014-08-08,1.68520449948269
2014-08-09,1.67831418730577
2014-08-10,1.68025039840669
2014-08-11,1.66578639787764
2014-08-12,1.62171803835507
2014-08-13,1.57484935770822
2014-08-14,1.48359807822641
2014-08-15,1.44980063097559
2014-08-16,1.43355036648976
2014-08-17,1.4446641309901
2014-08-18,1.36913810313641
2014-08-19,1.37370980714297
2014-08-20,1.41831284841323
2014-08-21,1.49616948378111
2014-08-22,1.47256331602429
2014-08-23,1.44365558511625
2014-08-24,1.44244470384916
2014-08-25,1.44199829692637
2014-08-26,1.45833674336442
2014-08-27,1.47731973986076
2014-08-28,1.46064819630313
2014-08-29,1.45441891997861
2014-08-30,1.44317962382789
2014-08-31,1.40201116026893
2014-09-01,1.37612751169231
2014-09-02,1.36849049377088
2014-09-03,1.36460432009612
2014-09-04,1.38019946724837
2014-09-05,1.38921266674532
2014-09-06,1.37811869833423
2014-09-07,1.37636828325663
2014-09-08,1.34436452402795
2014-09-09,1.34041301349363
2014-09-10,1.37895100636419
2014-09-11,1.36386998076967
2014-09-12,1.35637964527066
2014-09-13,1.36488295830911
2014-09-14,1.37016446299489
2014-09-15,1.36606164062771
2014-09-16,1.34663478445388
2014-09-17,1.31258653973051
2014-09-18,1.26274606087852
2014-09-19,1.17187146630942
2014-09-20,1.191273084663
2014-09-21,1.17019573584092
2014-09-22,1.1666040088998
2014-09-23,1.19520748203126
2014-09-24,1.24485935540319
2014-09-25,1.19725126250533
2014-09-26,1.17919385419633
2014-09-27,1.17273545435243
2014-09-28,1.14500974051412
2014-09-29,1.10337798102703
2014-09-30,1.1099305389539
2014-10-01,1.12867687222044
2014-10-02,1.11163955370297
2014-10-03,1.08077635581423
2014-10-04,1.01773830930462
2014-10-05,0.931476101772691
2014-10-06,0.944578980006642
2014-10-07,0.97149992171694
2014-10-08,1.00506438223929
2014-10-09,1.08938264336118
2014-10-10,1.07686400494888
2014-10-11,1.07032733556944
2014-10-12,1.08436225895295
2014-10-13,1.1332594825538
2014-10-14,1.20463601194622
2014-10-15,1.17737371468494
2014-10-16,1.15438669140132
2014-10-17,1.13522814033569
2014-10-18,1.15129260830834
2014-10-19,1.16430582410332
2014-10-20,1.14590549541893
2014-10-21,1.15195350354156
2014-10-22,1.15034247727754
2014-10-23,1.10072742094928
2014-10-24,1.07106713413637
2014-10-25,1.04853673635083
2014-10-26,1.05762488951353
2014-10-27,1.06420633490688
2014-10-28,1.06528824132228
2014-10-29,1.04105148177558
2014-10-30,1.02294370525368
2014-10-31,1.03301955361591
2014-11-01,0.9940272419498
2014-11-02,0.979977036954006
2014-11-03,0.992607980992411
2014-11-04,0.989238530136745
2014-11-05,1.02045681428552
2014-11-06,1.0369872964906
2014-11-07,1.04767611632226
2014-11-08,1.04115850417263
2014-11-09,1.06753889584441
2014-11-10,1.11260115505617
2014-11-11,1.11435166147875
2014-11-12,1.19844192604521
2014-11-13,1.29114089219283
2014-11-14,1.20243065328594
2014-11-15,1.17072762662212
2014-11-16,1.1638346709112
2014-11-17,1.2045263995523
2014-11-18,1.1593374449891
2014-11-19,1.14804827067263
2014-11-20,1.11033869378595
2014-11-21,1.07264399115227
2014-11-22,1.08788693784706
2014-11-23,1.0947166381608
2014-11-24,1.14307544665521
2014-11-25,1.16527959005652
2014-11-26,1.13179258242895
2014-11-27,1.12844238700311
2014-11-28,1.12741985288561
2014-11-29,1.16988783615762
2014-11-30,1.16654101292733
2014-12-01,1.16928163483809
2014-12-02,1.17159638375784
2014-12-03,1.17258137124158
2014-12-04,1.15994027131985
2014-12-05,1.15484659249451
2014-12-06,1.16454431717065
2014-12-07,1.16843490619435
2014-12-08,1.154301795997
2014-12-09,1.10636416707699
2014-12-10,1.09975192914009
2014-12-11,1.11446728497904
2014-12-12,1.11007149600242
2014-12-13,1.10102893854843
2014-12-14,1.10781334444776
2014-12-15,1.10721937310264
2014-12-16,1.06343993656961
2014-12-17,1.02457989611344
2014-12-18,0.994355043644675
2014-12-19,0.990332317600826
2014-12-20,1.02851539671183
2014-12-21,1.02906791068375
2014-12-22,1.04276145182042
2014-12-23,1.05815260369576
2014-12-24,1.04948995067449
2014-12-25,1.02065518036443
2014-12-26,1.03492111128656
2014-12-27,1.01964680364253
2014-12-28,1.00920938024025
2014-12-29,1.00847349116464
2014-12-30,1.00081806655012
2014-12-31,1.00795792093727
2015-01-01,1.01519222240248
2015-01-02,1.01212997431503
2015-01-03,0.976684622094613
2015-01-04,0.886883384176137
2015-01-05,0.888040599706849
2015-01-06,0.895024614421006
2015-01-07,0.895483308295818
2015-01-08,0.938088782058771
2015-01-09,0.925578696249117
2015-01-10,0.917974984052685
2015-01-11,0.89595826170389
2015-01-12,0.878232374448171
2015-01-13,0.786476239900647
2015-01-14,0.643943796521938
2015-01-15,0.680063435463951
2015-01-16,0.701503898521124
2015-01-17,0.668668295295498
2015-01-18,0.689435228409002
2015-01-19,0.707650579748081
2015-01-20,0.704882816394789
2015-01-21,0.719817802745257
2015-01-22,0.777544147947241
2015-01-23,0.77262794293506
2015-01-24,0.797061055683167
2015-01-25,0.835083330476099
2015-01-26,0.942051444702677
2015-01-27,0.873704738224163
2015-01-28,0.849562916495753
2015-01-29,0.783306593850211
2015-01-30,0.788592074693196
2015-01-31,0.773663132503623
2015-02-01,0.740197986586573
2015-02-02,0.767638461879875
2015-02-03,0.800813957990371
2015-02-04,0.765520708369007
2015-02-05,0.755813647907216
2015-02-06,0.748809396284065
2015-02-07,0.769503250552639
2015-02-08,0.766321856968489
2015-02-09,0.753361879549308
2015-02-10,0.744416535434468
2015-02-11,0.753756413393845
2015-02-12,0.750850620192186
2015-02-13,0.794050355445447
2015-02-14,0.839294339976293
2015-02-15,0.84804446347023
2015-02-16,0.800704642145628
2015-02-17,0.816089565480288
2015-02-18,0.821480844925047
2015-02-19,0.815802808846023
2015-02-20,0.836498494301564
2015-02-21,0.838853917338551
2015-02-22,0.827938323103753
2015-02-23,0.810870625532281
2015-02-24,0.817608997549506
2015-02-25,0.816134223001102
2015-02-26,0.811693582427511
2015-02-27,0.857581272085741
2015-02-28,0.866060431898752
2015-03-01,0.863401994850821
2015-03-02,0.901920361287489
2015-03-03,0.944952367312563
2015-03-04,0.955714048598241
2015-03-05,0.924582158874721
2015-03-06,0.935326319316353
2015-03-07,0.936076893490866
2015-03-08,0.94314357800351
2015-03-09,0.968962551513522
2015-03-10,1.00766513505471
2015-03-11,1.00613536849188
2015-03-12,1.01003059556964
2015-03-13,0.997737794122755
2015-03-14,0.975407099880003
2015-03-15,0.978472914584629
2015-03-16,1.00059370408688
2015-03-17,0.994669152177049
2015-03-18,0.943482508212382
2015-03-19,0.890457537731868
2015-03-20,0.902761373897841
2015-03-21,0.896210288313313
2015-03-22,0.904722896840774
2015-03-23,0.922603872153383
2015-03-24,0.887406435218154
2015-03-25,0.847406692264657
2015-03-26,0.861969375796715
2015-03-27,0.858182590164392
2015-03-28,0.869441012706182
2015-03-29,0.850106727665713
2015-03-30,0.850360512057876
2015-03-31,0.850951810165278
2015-04-01,0.84514368001682
2015-04-02,0.864532628719996
2015-04-03,0.883111888345966
2015-04-04,0.879567752439781
2015-04-05,0.886807983327354
2015-04-06,0.898236304998208
2015-04-07,0.885518802195828
2015-04-08,0.865571247777415
2015-04-09,0.850155613311146
2015-04-10,0.829879728080746
2015-04-11,0.826438335900883
2015-04-12,0.828800339705178
2015-04-13,0.814244979980805
2015-04-14,0.771799961676252
2015-04-15,0.775717301734443
2015-04-16,0.798726750599158
2015-04-17,0.789680243269945
2015-04-18,0.785456668210123
2015-04-19,0.790826688973386
2015-04-20,0.791428821098895
2015-04-21,0.799665422963889
2015-04-22,0.832528964882032
2015-04-23,0.828445203067207
2015-04-24,0.8191541228849
2015-04-25,0.808903947180629
2015-04-26,0.77679288618446
2015-04-27,0.783563209632835
2015-04-28,0.796706321379207
2015-04-29,0.795912832418129
2015-04-30,0.82065158308488
2015-05-01,0.834467534100062
2015-05-02,0.830918331196051
2015-05-03,0.846489156682075
2015-05-04,0.849388122915573
2015-05-05,0.833673983783109
2015-05-06,0.83033948662985
2015-05-07,0.822436798773757
2015-05-08,0.851179931645503
2015-05-09,0.86075490966052
2015-05-10,0.857280613177383
2015-05-11,0.856563902545174
2015-05-12,0.857356187692139
2015-05-13,0.862153521656354
2015-05-14,0.842014874882342
2015-05-15,0.844935899117224
2015-05-16,0.84218740834163
2015-05-17,0.84216068382712
2015-05-18,0.839535075758321
2015-05-19,0.829817858508699
2015-05-20,0.831987195993423
2015-05-21,0.838079624753946
2015-05-22,0.845388676486384
2015-05-23,0.853257508390021
2015-05-24,0.854180696878456
2015-05-25,0.849390494322885
2015-05-26,0.844364945806497
2015-05-27,0.844775911783901
2015-05-28,0.845183451577083
2015-05-29,0.843772211579658
2015-05-30,0.836172637324336
2015-05-31,0.83176896017592
2015-06-01,0.8145593083477
2015-06-02,0.805107086519063
2015-06-03,0.810377358971834
2015-06-04,0.809054440857077
2015-06-05,0.806285574695544
2015-06-06,0.808597134383112
2015-06-07,0.808158156450178
2015-06-08,0.814249537607828
2015-06-09,0.826804248313362
2015-06-10,0.824518990084852
2015-06-11,0.827003597989631
2015-06-12,0.829259813438472
2015-06-13,0.831936572102575
2015-06-14,0.840932325005633
2015-06-15,0.848944713637087
2015-06-16,0.870184386759416
2015-06-17,0.904576647537748
2015-06-18,0.89689414585674
2015-06-19,0.896146585060442
2015-06-20,0.879311006091019
2015-06-21,0.880890933540573
2015-06-22,0.887669569390607
2015-06-23,0.885133219510288
2015-06-24,0.8760493766377
2015-06-25,0.873463423654038
2015-06-26,0.874212788931496
2015-06-27,0.889301643578028
2015-06-28,0.902801899258643
2015-06-29,0.914637226241421
2015-06-30,0.947685311726863
2015-07-01,0.937176976636121
2015-07-02,0.927238792045953
2015-07-03,0.922112542942677
2015-07-04,0.930239994887001
2015-07-05,0.954156569510552
2015-07-06,0.983658965482553
2015-07-07,0.967850935715105
2015-07-08,0.970513841226812
2015-07-09,0.975421905555412
2015-07-10,1.01626404092278
2015-07-11,1.05309612276898
2015-07-12,1.10108600862185
2015-07-13,1.05563669333097
2015-07-14,1.04847445487861
2015-07-15,1.04976286373705
2015-07-16,1.01737486109581
2015-07-17,1.00073353098842
2015-07-18,1.00533331590232
2015-07-19,0.997671940886817
2015-07-20,0.999983248233171
2015-07-21,1.00807519730468
2015-07-22,0.997795613908665
2015-07-23,1.00013282083629
2015-07-24,1.02048811779138
2015-07-25,1.04180425599527
2015-07-26,1.04932564288184
2015-07-27,1.05008848885128
2015-07-28,1.06360588833782
2015-07-29,1.04842007511028
2015-07-30,1.03777868469234
2015-07-31,1.0269915959857
2015-08-01,1.01229869640069
2015-08-02,1.00761509652319
2015-08-03,1.01930607807497
2015-08-04,1.02200375522654
2015-08-05,1.01931087186945
2015-08-06,1.00678969281296
2015-08-07,1.00355909262587
2015-08-08,0.987539142254783
2015-08-09,0.955189428239134
2015-08-10,0.96086930206318
2015-08-11,0.965091823596087
2015-08-12,0.974572360680892
2015-08-13,0.961016436522478
2015-08-14,0.963091689010459
2015-08-15,0.963844610101209
2015-08-16,0.942406753055778
2015-08-17,0.937201104410513
2015-08-18,0.924040781714287
2015-08-19,0.846452288454946
2015-08-20,0.851377652503129
2015-08-21,0.8563840444281
2015-08-22,0.842234398867877
2015-08-23,0.841944417575354
2015-08-24,0.807731405558461
2015-08-25,0.791074695615606
2015-08-26,0.830473450723975
2015-08-27,0.831848055906769
2015-08-28,0.841423118423499
2015-08-29,0.84836523095804
2015-08-30,0.843116843658518
2015-08-31,0.843308364357249
2015-09-01,0.841705983983598
2015-09-02,0.842531786712301
2015-09-03,0.84046173671934
2015-09-04,0.847528872238614
2015-09-05,0.859693245135177
2015-09-06,0.886669448580663
2015-09-07,0.889069937045037
2015-09-08,0.899127287099336
2015-09-09,0.88802475954087
2015-09-10,0.882363125583557
2015-09-11,0.887866144582905
2015-09-12,0.881874900673279
2015-09-13,0.860732774795397
2015-09-14,0.851638868215058
2015-09-15,0.853706023518689
2015-09-16,0.848162613903043
2015-09-17,0.854277485008781
2015-09-18,0.864477458928098
2015-09-19,0.860563425044168
2015-09-20,0.857489876571526
2015-09-21,0.846063924253299
2015-09-22,0.848588798308088
2015-09-23,0.855380755646087
2015-09-24,0.862770765998278
2015-09-25,0.874607624339989
2015-09-26,0.871134028157692
2015-09-27,0.867247789060292
2015-09-28,0.883181357535779
2015-09-29,0.884724130589579
2015-09-30,0.881121343839389
2015-10-01,0.881987797293003
2015-10-02,0.884849383588707
2015-10-03,0.888186824263534
2015-10-04,0.889689457816749
2015-10-05,0.888650172464464
2015-10-06,0.905886076788636
2015-10-07,0.912508376722399
2015-10-08,0.907286923440966
2015-10-09,0.907250781056361
2015-10-10,0.911157712866863
2015-10-11,0.916453898292074
2015-10-12,0.919970400204135
2015-10-13,0.922617249943075
2015-10-14,0.936045050778522
2015-10-15,0.948141156330387
2015-10-16,0.967078470072625
2015-10-17,0.99970789358085
2015-10-18,0.991320564898938
2015-10-19,0.980263254675002
2015-10-20,0.994074163575672
2015-10-21,0.99734830109539
2015-10-22,1.01096431716722
2015-10-23,1.02938906157819
2015-10-24,1.03965418433396
2015-10-25,1.07431272539201
2015-10-26,1.05419176122391
2015-10-27,1.0825154690455
2015-10-28,1.11428255535003
2015-10-29,1.14548983288822
2015-10-30,1.19924239889066
2015-10-31,1.18557317261933
2015-11-01,1.16476004320558
2015-11-02,1.24026778774453
2015-11-03,1.39730993867443
2015-11-04,1.61565371640232
2015-11-05,1.42871092862643
2015-11-06,1.3321376811106
2015-11-07,1.372328607735
2015-11-08,1.36631319652813
2015-11-09,1.33835040622701
2015-11-10,1.30299708684786
2015-11-11,1.13219358489817
2015-11-12,1.17010411191759
2015-11-13,1.19431442690828
2015-11-14,1.19520869056151
2015-11-15,1.17758018825266
2015-11-16,1.15425603542282
2015-11-17,1.20080864456737
2015-11-18,1.19485262293582
2015-11-19,1.18447109796853
2015-11-20,1.14486706867199
2015-11-21,1.16022037350041
2015-11-22,1.16038031455662
2015-11-23,1.15599993535217
2015-11-24,1.1483177074126
2015-11-25,1.15449439979747
2015-11-26,1.22791919788308
2015-11-27,1.27040342797805
2015-11-28,1.26545058809416
2015-11-29,1.28295106680531
2015-11-30,1.33767556201685
2015-12-01,1.30934027465065
2015-12-02,1.26277771969974
2015-12-03,1.28689201326735
2015-12-04,1.27823050754294
2015-12-05,1.32877811446278
2015-12-06,1.38744608611438
2015-12-07,1.38446505723209
2015-12-08,1.3923274663962
2015-12-09,1.46292134190696
2015-12-10,1.45438724648677
2015-12-11,1.51698051897586
2015-12-12,1.50313525539695
2015-12-13,1.51804517812565
2015-12-14,1.5311214624353
2015-12-15,1.57819728794683
2015-12-16,1.57383914225128
2015-12-17,1.56557998518582
2015-12-18,1.58004794678266
2015-12-19,1.58792284588891
2015-12-20,1.55548103347622
2015-12-21,1.49727712177784
2015-12-22,1.49974222154469
2015-12-23,1.50411897176652
2015-12-24,1.55351522552144
2015-12-25,1.55475516891415
2015-12-26,1.47366488577943
2015-12-27,1.43359087672689
2015-12-28,1.4505782390274
2015-12-29,1.45120631203772
2015-12-30,1.46592445267322
2015-12-31,1.45420248085879
2016-01-01,1.47458568698234
2016-01-02,1.47782583591448
2016-01-03,1.46543133346176
2016-01-04,1.47153855257512
2016-01-05,1.47071428231835
2016-01-06,1.46419186929879
2016-01-07,1.52159536993329
2016-01-08,1.53894839037554
2016-01-09,1.52227175026831
2016-01-10,1.50270146157807
2016-01-11,1.5080119229328
2016-01-12,1.50253878371682
2016-01-13,1.44768397989083
2016-01-14,1.45016246966443
2016-01-15,1.34724614952964
2016-01-16,1.25096590200088
2016-01-17,1.29492552637436
2016-01-18,1.28480440472771
2016-01-19,1.29052304035933
2016-01-20,1.31538556623351
2016-01-21,1.3943766690462
2016-01-22,1.32627565297916
2016-01-23,1.31850520159795
2016-01-24,1.34658160982891
2016-01-25,1.33979651715082
2016-01-26,1.32965358591898
2016-01-27,1.33419945736563
2016-01-28,1.29987364197067
2016-01-29,1.27411236767017
2016-01-30,1.28282263981373
2016-01-31,1.28105935280486
2016-02-01,1.26469078147622
2016-02-02,1.26649541736528
2016-02-03,1.25932093331437
2016-02-04,1.27938322932073
2016-02-05,1.31220313958864
2016-02-06,1.27657118251307
2016-02-07,1.27755759616221
2016-02-08,1.27763625626479
2016-02-09,1.26525101981223
2016-02-10,1.27943079918054
2016-02-11,1.28010601356052
2016-02-12,1.29153640889594
2016-02-13,1.31792717086903
2016-02-14,1.35416597024916
2016-02-15,1.36352757733706
2016-02-16,1.36371394337235
2016-02-17,1.40100869753644
2016-02-18,1.41699582297067
2016-02-19,1.41480542637924
2016-02-20,1.44961063174733
2016-02-21,1.47423254883106
2016-02-22,1.46697251520062
2016-02-23,1.43206412971303
2016-02-24,1.41174607755632
2016-02-25,1.41737905581812
2016-02-26,1.41747289534943
2016-02-27,1.44552641357509
2016-02-28,1.43500279267557
2016-02-29,1.45754119882335
2016-03-01,1.44569332395302
2016-03-02,1.43340542457523
2016-03-03,1.39418477095011
2016-03-04,1.38964782530747
2016-03-05,1.33132121755525
2016-03-06,1.33786208391412
2016-03-07,1.35365602212919
2016-03-08,1.36816891359406
2016-03-09,1.36576778720519
2016-03-10,1.37278033290287
2016-03-11,1.38939840570558
2016-03-12,1.37189541948657
2016-03-13,1.36944964706683
2016-03-14,1.37122328292652
2016-03-15,1.37662907994825
2016-03-16,1.37539465942236
2016-03-17,1.38407224744315
2016-03-18,1.36673667150025
2016-03-19,1.35004148523754
2016-03-20,1.35898734277377
2016-03-21,1.35460674629212
2016-03-22,1.3732293540914
2016-03-23,1.37731946650061
2016-03-24,1.3736748917086
2016-03-25,1.36988628667337
2016-03-26,1.3733572004567
2016-03-27,1.38265013650455
2016-03-28,1.3928972374144
2016-03-29,1.37627492261689
2016-03-30,1.35940811644639
2016-03-31,1.36646001065503
2016-04-01,1.36867480918936
2016-04-02,1.37838829999578
2016-04-03,1.37722939152514
2016-04-04,1.37665781732395
2016-04-05,1.38288007870032
2016-04-06,1.38415310334539
2016-04-07,1.37931092066607
2016-04-08,1.37908601561692
2016-04-09,1.36594225126847
2016-04-10,1.37532639210583
2016-04-11,1.37754946461204
2016-04-12,1.39001230219719
2016-04-13,1.38875717983747
2016-04-14,1.38526530090774
2016-04-15,1.39443590761498
2016-04-16,1.40555456082038
2016-04-17,1.40440019916848
2016-04-18,1.39801454233181
2016-04-19,1.40031723206692
2016-04-20,1.42741375021278
2016-04-21,1.44641426341904
2016-04-22,1.45390249269209
2016-04-23,1.45666149881091
2016-04-24,1.4821104475093
2016-04-25,1.49704568956662
2016-04-26,1.50835018252068
2016-04-27,1.48919575591141
2016-04-28,1.43719329622831
2016-04-29,1.4557694999882
2016-04-30,1.46321178288736
2016-05-01,1.45843248564472
2016-05-02,1.4399860643495
2016-05-03,1.43985621273538
2016-05-04,1.44256829037092
2016-05-05,1.44086088228066
2016-05-06,1.45537101774267
2016-05-07,1.47608314309287
2016-05-08,1.47320687254877
2016-05-09,1.47565140482526
2016-05-10,1.46187684983084
2016-05-11,1.45461177547684
2016-05-12,1.44582010683
2016-05-13,1.45614174228841
2016-05-14,1.45952838759399
2016-05-15,1.46440286058179
2016-05-16,1.46104372824854
2016-05-17,1.45057806029736
2016-05-18,1.45122181373629
2016-05-19,1.43091487726381
2016-05-20,1.40711230102446
2016-05-21,1.41375434963514
2016-05-22,1.4096277960784
2016-05-23,1.40667639238461
2016-05-24,1.41586771596727
2016-05-25,1.42555970206386
2016-05-26,1.432271187568
2016-05-27,1.48926725717569
2016-05-28,1.55947929544408
2016-05-29,1.63124541135353
2016-05-30,1.65687350715741
2016-05-31,1.66717484452171
2016-06-01,1.66149684169193
2016-06-02,1.66285521368634
2016-06-03,1.71536519768978
2016-06-04,1.7726409899751
2016-06-05,1.77373535553587
2016-06-06,1.78890442252094
2016-06-07,1.7803241933528
2016-06-08,1.76801652177057
2016-06-09,1.76423232730894
2016-06-10,1.75840555508365
2016-06-11,1.77740875085682
2016-06-12,1.94400617649789
2016-06-13,2.07296271143358
2016-06-14,2.04259446076632
2016-06-15,2.02700972430942
2016-06-16,2.1688978349693
2016-06-17,2.18811189218076
2016-06-18,2.17973483064153
2016-06-19,2.17445493836621
2016-06-20,2.14988131163337
2016-06-21,1.94733855862827
2016-06-22,1.86643016350665
2016-06-23,1.69634041636793
2016-06-24,1.88255134533421
2016-06-25,1.92280142458114
2016-06-26,1.83428820965993
2016-06-27,1.82924242798978
2016-06-28,1.84468374190072
2016-06-29,1.80308627523793
2016-06-30,1.84892728110796
2016-07-01,1.91070667143308
2016-07-02,1.94102133567263
2016-07-03,1.90783002243368
2016-07-04,1.89000676462694
2016-07-05,1.88791959496095
2016-07-06,1.88824466047166
2016-07-07,1.80383266430862
2016-07-08,1.81542441973969
2016-07-09,1.82281419036807
2016-07-10,1.81154720359274
2016-07-11,1.81396197037617
2016-07-12,1.83329190082783
2016-07-13,1.84482296074752
2016-07-14,1.82990828345689
2016-07-15,1.84559673798525
2016-07-16,1.84473795513736
2016-07-17,1.86074622279165
2016-07-18,1.87458548782636
2016-07-19,1.85725269405463
2016-07-20,1.85044655526045
2016-07-21,1.83233236331581
2016-07-22,1.82317258147773
2016-07-23,1.80837017747447
2016-07-24,1.8109125444814
2016-07-25,1.80496290271746
2016-07-26,1.79476560069957
2016-07-27,1.79326828887598
2016-07-28,1.79803742753054
2016-07-29,1.79641152708765
2016-07-30,1.79536915772016
2016-07-31,1.74191975651735
2016-08-01,1.69500566408294
2016-08-02,1.6222567446736
2016-08-03,1.52066743551192
2016-08-04,1.58505772044899
2016-08-05,1.58093007098752
2016-08-06,1.58890443364461
2016-08-07,1.62809375124138
2016-08-08,1.625594747966
2016-08-09,1.61523844614476
2016-08-10,1.62281550989811
2016-08-11,1.62831188571145
2016-08-12,1.61256925013643
2016-08-13,1.61339182684519
2016-08-14,1.58287939133169
2016-08-15,1.56472032066728
2016-08-16,1.57073143608439
2016-08-17,1.57926116301531
2016-08-18,1.57684723206734
2016-08-19,1.57587709885735
2016-08-20,1.583551353577
2016-08-21,1.59266768577861
2016-08-22,1.59353223707222
2016-08-23,1.59744835847473
2016-08-24,1.58837916078709
2016-08-25,1.57665274641811
2016-08-26,1.58291019144314
2016-08-27,1.57042103076577
2016-08-28,1.56675532156564
2016-08-29,1.5728254910324
2016-08-30,1.57473287575299
2016-08-31,1.56688811401628
2016-09-01,1.56387789512671
2016-09-02,1.56688667750228
2016-09-03,1.58641476892979
2016-09-04,1.6513645445594
2016-09-05,1.65428033503352
2016-09-06,1.65993174532749
2016-09-07,1.66975556159752
2016-09-08,1.6962935819098
2016-09-09,1.69401067895835
2016-09-10,1.69530387294336
2016-09-11,1.6879101503735
2016-09-12,1.64853059213366
2016-09-13,1.65082487292104
2016-09-14,1.65341553075818
2016-09-15,1.64839506357537
2016-09-16,1.64599503542127
2016-09-17,1.64471807241592
2016-09-18,1.64707958527873
2016-09-19,1.64967848745093
2016-09-20,1.64652307386494
2016-09-21,1.6142366364085
2016-09-22,1.61314266592363
2016-09-23,1.61857026016843
2016-09-24,1.62934760519498
2016-09-25,1.62523008323868
2016-09-26,1.63034907466007
2016-09-27,1.63151478196617
2016-09-28,1.63036895518062
2016-09-29,1.63158880524671
2016-09-30,1.63395675924662
2016-10-01,1.65281411529917
2016-10-02,1.64881624117848
2016-10-03,1.64829041895343
2016-10-04,1.64039039111663
2016-10-05,1.64168388908201
2016-10-06,1.64343789637671
2016-10-07,1.65024619324616
2016-10-08,1.65803712281354
2016-10-09,1.65412053167069
2016-10-10,1.65427041807441
2016-10-11,1.69124687354963
2016-10-12,1.70742711116047
2016-10-13,1.70110259997582
2016-10-14,1.70030935925047
2016-10-15,1.70545506622061
2016-10-16,1.70889778232616
2016-10-17,1.70215505055286
2016-10-18,1.6952837308169
2016-10-19,1.68401742823455
2016-10-20,1.66982887839206
2016-10-21,1.67305042266042
2016-10-22,1.69679642630935
2016-10-23,1.72822056595665
2016-10-24,1.71916970181053
2016-10-25,1.72904984262795
2016-10-26,1.75389739775997
2016-10-27,1.79807726069454
2016-10-28,1.80727149669596
2016-10-29,1.85849635440606
2016-10-30,1.84994791532203
2016-10-31,1.83051268412555
2016-11-01,1.886207248295
2016-11-02,1.89232229606176
2016-11-03,1.891424604592
2016-11-04,1.82206971708638
2016-11-05,1.83091856934446
2016-11-06,1.8465390161298
2016-11-07,1.83375515522687
2016-11-08,1.8339223375228
2016-11-09,1.8780182768628
2016-11-10,1.8462334568052
2016-11-11,1.8448062799966
2016-11-12,1.82799158729102
2016-11-13,1.79193019838851
2016-11-14,1.80742849615094
2016-11-15,1.8287165914379
2016-11-16,1.85679593796893
2016-11-17,1.90257117909371
2016-11-18,1.89727309037733
2016-11-19,1.90911183365197
2016-11-20,1.88884134306959
2016-11-21,1.86909787089324
2016-11-22,1.88376717652235
2016-11-23,1.88398510799216
2016-11-24,1.86561448504304
2016-11-25,1.85441291664866
2016-11-26,1.85147968597401
2016-11-27,1.84532416664942
2016-11-28,1.83964299680825
2016-11-29,1.84036369787321
2016-11-30,1.8563248772455
2016-12-01,1.87753855578797
2016-12-02,1.92223883731137
2016-12-03,1.91025468527277
2016-12-04,1.90775618229892
2016-12-05,1.88303181663805
2016-12-06,1.88511144353842
2016-12-07,1.89687468290042
2016-12-08,1.90819204518196
2016-12-09,1.91082314022602
2016-12-10,1.91754552047366
2016-12-11,1.90290896458171
2016-12-12,1.91772640404118
2016-12-13,1.92474496979117
2016-12-14,1.91881228331118
2016-12-15,1.91458651566537
2016-12-16,1.91480377038561
2016-12-17,1.9346464712801
2016-12-18,1.9347406410338
2016-12-19,1.9383890443811
2016-12-20,1.93367516319873
2016-12-21,1.98466040379492
2016-12-22,2.07516718442361
2016-12-23,2.16572178412384
2016-12-24,2.15823251963436
2016-12-25,2.09434026862407
2016-12-26,2.14707420507889
2016-12-27,2.18429919244373
2016-12-28,2.25912051908405
2016-12-29,2.28598295561512
2016-12-30,2.23598977431252
2016-12-31,2.2391690264186
2017-01-01,2.27733956020362
2017-01-02,2.3505045217588
2017-01-03,2.35298988089206
2017-01-04,2.48623171058378
2017-01-05,2.39564039614935
2017-01-06,2.11024914819435
2017-01-07,1.97535523169831
2017-01-08,2.07477124576963
2017-01-09,2.0225776697079
2017-01-10,2.03587020561458
2017-01-11,1.90957598775158
2017-01-12,1.77381707106128
2017-01-13,1.82250512143029
2017-01-14,1.87195593954547
2017-01-15,1.85154864868612
2017-01-16,1.87106872394948
2017-01-17,1.97712011861711
2017-01-18,1.99002611797818
2017-01-19,2.00480342461572
2017-01-20,2.00467184241103
2017-01-21,2.05246635646058
2017-01-22,2.06132684381392
2017-01-23,2.05226599004226
2017-01-24,2.01556468922398
2017-01-25,1.98707606826976
2017-01-26,2.01101698396909
2017-01-27,2.03227679556144
2017-01-28,2.03796838383746
2017-01-29,2.02928927083336
2017-01-30,2.02390033632616
2017-01-31,2.07316361738164
2017-02-01,2.13518456719537
2017-02-02,2.17098518275718
2017-02-03,2.20656956272491
2017-02-04,2.21039546850054
2017-02-05,2.2154981932821
2017-02-06,2.20817742934721
2017-02-07,2.24747401763908
2017-02-08,2.26390725568574
2017-02-09,2.20012324748333
2017-02-10,2.09910647289141
2017-02-11,2.15998392350947
2017-02-12,2.14959954672779
2017-02-13,2.13516126716585
2017-02-14,2.14215236887297
2017-02-15,2.1486599678786
2017-02-16,2.1787296255861
2017-02-17,2.21804087330496
2017-02-18,2.24292986039186
2017-02-19,2.22337889120056
2017-02-20,2.22734884997172
2017-02-21,2.30984184189784
2017-02-22,2.34321628832402
2017-02-23,2.38538113160706
2017-02-24,2.44177195599241
2017-02-25,2.39712814564668
2017-02-26,2.38673829420195
2017-02-27,2.42394917074623
2017-02-28,2.42799495799685
2017-03-01,2.44996596391294
2017-03-02,2.50442353034223
2017-03-03,2.55690348874368
2017-03-04,2.54351884542913
2017-03-05,2.51016288021374
2017-03-06,2.52899960783185
2017-03-07,2.47339388664954
2017-03-08,2.35516783650454
2017-03-09,2.3056707738508
2017-03-10,2.35417798885315
2017-03-11,2.29381768025059
2017-03-12,2.3362235496168
2017-03-13,2.40058344242292
2017-03-14,2.4134876653228
2017-03-15,2.41560075182833
2017-03-16,2.34352937709792
2017-03-17,2.16827689153641
2017-03-18,1.99388555611826
2017-03-19,1.93657405950905
2017-03-20,1.9824164923407
2017-03-21,2.07496397171613
2017-03-22,1.99999981771137
2017-03-23,1.97399360002668
2017-03-24,1.88898882656619
2017-03-25,1.77338963665175
2017-03-26,1.850029233018
2017-03-27,1.90669971149709
2017-03-28,1.98764031801314
2017-03-29,1.96668946551666
2017-03-30,1.96918541540581
2017-03-31,2.00606289236227
2017-04-01,2.05107942466683
2017-04-02,2.05439969577326
2017-04-03,2.13638461636157
2017-04-04,2.1505689880577
2017-04-05,2.11782212590848
2017-04-06,2.1824775578433
2017-04-07,2.21523595363478
2017-04-08,2.20424715506662
2017-04-09,2.2091031167916
2017-04-10,2.23358570979836
2017-04-11,2.23579719717716
2017-04-12,2.23700761018286
2017-04-13,2.17908345398103
2017-04-14,2.15620920714119
2017-04-15,2.15483263427424
2017-04-16,2.14986173488266
2017-04-17,2.14550917827764
2017-04-18,2.18223488130417
2017-04-19,2.17897236018699
2017-04-20,2.21557464403584
2017-04-21,2.24794989592532
2017-04-22,2.23815725324495
2017-04-23,2.23802339596597
2017-04-24,2.2430060768271
2017-04-25,2.27670394541045
2017-04-26,2.30755839189843
2017-04-27,2.35157205509088
2017-04-28,2.36455459624252
2017-04-29,2.38013151317184
2017-04-30,2.37088017630975
2017-05-01,2.46842483836164
2017-05-02,2.52225728748631
2017-05-03,2.55814665907812
2017-05-04,2.6816890396696
2017-05-05,2.66808488815216
2017-05-06,2.63331896530244
2017-05-07,2.62853355278351
2017-05-08,2.68181205719213
2017-05-09,2.82743053047012
2017-05-10,2.85332442605633
2017-05-11,2.94653082881167
2017-05-12,2.83036561872937
2017-05-13,2.70668804907623
2017-05-14,2.82352755584691
2017-05-15,2.74228543485493
2017-05-16,2.6953740514479
2017-05-17,2.78667130997428
2017-05-18,2.80768907966005
2017-05-19,2.94527422434615
2017-05-20,3.00283710190098
2017-05-21,3.05775543502676
2017-05-22,3.16839011181614
2017-05-23,3.1897789864366
2017-05-24,3.37838680777875
2017-05-25,3.58762729189232
2017-05-26,3.28649195402577
2017-05-27,2.83512090263805
2017-05-28,2.96931904601017
2017-05-29,3.01374012756144
2017-05-30,3.01072018894957
2017-05-31,2.96376569682045
2017-06-01,3.12336304220863
2017-06-02,3.13551968429998
2017-06-03,3.23000856340913
2017-06-04,3.20871881401818
2017-06-05,3.2820967520497
2017-06-06,3.5242045491758
2017-06-07,3.46163096705882
2017-06-08,3.34401207866391
2017-06-09,3.39582610973372
2017-06-10,3.40450395535146
2017-06-11,3.44619474471726
2017-06-12,3.29474704941833
2017-06-13,3.11052224817409
2017-06-14,3.01444423565412
2017-06-15,2.66707102293038
2017-06-16,2.75756085465709
2017-06-17,2.86641360262992
2017-06-18,2.86165383011967
2017-06-19,2.8499991513367
2017-06-20,2.93691749033355
2017-06-21,2.95864075187621
2017-06-22,2.91788152179515
2017-06-23,2.93998028404694
2017-06-24,2.8567223118902
2017-06-25,2.75753555190037
2017-06-26,2.64599043447817
2017-06-27,2.5750608170254
2017-06-28,2.71346472051232
2017-06-29,2.72622262071442
2017-06-30,2.66501835390493
2017-07-01,2.59920332745533
2017-07-02,2.58674017878487
2017-07-03,2.65161276485503
2017-07-04,2.71776374180227
2017-07-05,2.68761118657632
2017-07-06,2.69861376774994
2017-07-07,2.63457936733071
2017-07-08,2.59633381816998
2017-07-09,2.6195094083514
2017-07-10,2.52712514095322
2017-07-11,2.41045751957628
2017-07-12,2.40376830535547
2017-07-13,2.43159429555289
2017-07-14,2.34082947778335
2017-07-15,2.1320572380752
2017-07-16,1.99765397730735
2017-07-17,2.12272435607411
2017-07-18,2.33902046467858
2017-07-19,2.36771537034308
2017-07-20,2.51689879820841
2017-07-21,2.75125737613714
2017-07-22,2.79493758002654
2017-07-23,2.77479220159063
2017-07-24,2.75043201825839
2017-07-25,2.59019762786857
2017-07-26,2.44915713872077
2017-07-27,2.50682380163126
2017-07-28,2.64515306612806
2017-07-29,2.58659936319542
2017-07-30,2.52612705153443
2017-07-31,2.55341380038633
2017-08-01,2.51638493424305
2017-08-02,2.43751794886003
2017-08-03,2.43480857853728
2017-08-04,2.47935113818816
2017-08-05,2.70318758922934
2017-08-06,2.7200776010065
2017-08-07,2.74825304423995
2017-08-08,2.79620622867379
2017-08-09,2.6949163603481
2017-08-10,2.71031838571055
2017-08-11,2.77489297716489
2017-08-12,2.95798277652168
2017-08-13,3.10904686110317
2017-08-14,3.17472705687743
2017-08-15,3.11740551161773
2017-08-16,3.09074126473937
2017-08-17,3.16662388326807
2017-08-18,3.03749510190032
2017-08-19,2.89842251227305
2017-08-20,2.87457395624027
2017-08-21,2.80815000906298
2017-08-22,2.73218660745861
2017-08-23,2.84182798976627
2017-08-24,2.850859570256
2017-08-25,2.94019760280248
2017-08-26,2.89326369398623
2017-08-27,2.89676754308844
2017-08-28,2.85800839776736
2017-08-29,2.93666201402575
2017-08-30,2.97064494716329
2017-08-31,3.00610278530044
2017-09-01,3.05396261013377
2017-09-02,2.95431911560105
2017-09-03,2.86927724692462
2017-09-04,2.74513029508981
2017-09-05,2.66837529839131
2017-09-06,2.79035630315692
2017-09-07,2.78009314465519
2017-09-08,2.70185507794711
2017-09-09,2.59465141352797
2017-09-10,2.52894767887966
2017-09-11,2.5199690739336
2017-09-12,2.53034712675798
2017-09-13,2.33640482162287
2017-09-14,2.15527369174231
2017-09-15,2.01746064947686
2017-09-16,2.23058571210986
2017-09-17,2.17715025394053
2017-09-18,2.34332776010509
2017-09-19,2.34594805123116
2017-09-20,2.33318896421571
2017-09-21,2.23555893854106
2017-09-22,2.14530711163772
2017-09-23,2.19540864233158
2017-09-24,2.17610754954514
2017-09-25,2.23744931139948
2017-09-26,2.27996316734796
2017-09-27,2.34210451201275
2017-09-28,2.42490797225221
2017-09-29,2.38839385775892
2017-09-30,2.44828376598197
2017-10-01,2.46184002087602
2017-10-02,2.50722198446547
2017-10-03,2.44740826937281
2017-10-04,2.40667723702304
2017-10-05,2.39826825533489
2017-10-06,2.44164057060793
2017-10-07,2.42657842351983
2017-10-08,2.5032111789209
2017-10-09,2.5681276761853
2017-10-10,2.63649212915015
2017-10-11,2.6092835006903
2017-10-12,2.76024230939922
2017-10-13,2.99295014841398
2017-10-14,2.9951771090977
2017-10-15,2.95405142069469
2017-10-16,2.96111613978671
2017-10-17,2.90668238796518
2017-10-18,2.77513098609085
2017-10-19,2.87732982289471
2017-10-20,2.91686555827963
2017-10-21,3.04869571986004
2017-10-22,2.94886502514173
2017-10-23,2.88890559569335
2017-10-24,2.73929384679861
2017-10-25,2.66914770346519
2017-10-26,2.78566160546211
2017-10-27,2.76888175393342
2017-10-28,2.73700585714941
2017-10-29,2.77880549618264
2017-10-30,2.87554974688237
2017-10-31,2.90694172654736
2017-11-01,3.01522292584992
2017-11-02,3.18006547669682
2017-11-03,3.24570626799357
2017-11-04,3.23532320724829
2017-11-05,3.28862140763168
2017-11-06,3.14611115247913
2017-11-07,3.05928843808488
2017-11-08,3.14641117710216
2017-11-09,3.04412761611307
2017-11-10,2.91014438198963
2017-11-11,2.71695567449108
2017-11-12,2.46117117017619
2017-11-13,2.56335980130358
2017-11-14,2.6318034613551
2017-11-15,2.79052531617794
2017-11-16,2.92481635550344
2017-11-17,3.00143854160424
2017-11-18,2.90868084717292
2017-11-19,2.93302551212518
2017-11-20,3.00783315015906
2017-11-21,2.98802001279539
2017-11-22,2.96067956753353
2017-11-23,2.92871101620315
2017-11-24,2.8950364971528
2017-11-25,2.96343524245823
2017-11-26,3.13706201695427
2017-11-27,3.26540307809467
2017-11-28,3.28912150714524
2017-11-29,3.40490378069165
2017-11-30,3.18545849207599
2017-12-01,3.21350840290549
2017-12-02,3.39372099628488
2017-12-03,3.47653008792796
2017-12-04,3.43924737415502
2017-12-05,3.4824944801972
2017-12-06,3.69242595673663
2017-12-07,4.29523620451146
2017-12-08,4.23632142407654
2017-12-09,3.95724556083753
2017-12-10,3.71832453864638
2017-12-11,4.13323372118402
2017-12-12,4.1247831468398
2017-12-13,3.93909328617164
2017-12-14,3.78702970212013
2017-12-15,3.91198747081421
2017-12-16,4.05122677529572
2017-12-17,4.17417679351774
2017-12-18,3.96811436950955
2017-12-19,3.78913915233826
2017-12-20,3.42624032462086
2017-12-21,3.27618229823705
2017-12-22,2.76159547106008
2017-12-23,2.96689232873848
2017-12-24,2.75856384400791
2017-12-25,2.77829224976266
2017-12-26,3.00461645133074
2017-12-27,3.03411483880396
2017-12-28,2.7412614242129
2017-12-29,2.77949863073982
2017-12-30,2.54238463714302
2017-12-31,2.52176689045267
2018-01-01,2.52214623165028
2018-01-02,2.60335046253954
2018-01-03,2.78219752798415
2018-01-04,2.73606259738297
2018-01-05,2.87878196227536
2018-01-06,3.00685813311734
2018-01-07,2.95017177955956
2018-01-08,2.70157974381034
2018-01-09,2.61649222773062
2018-01-10,2.4809290339785
2018-01-11,2.38841201164373
2018-01-12,2.3724546160255
2018-01-13,2.47204112804469
2018-01-14,2.37387206520836
2018-01-15,2.39106739031922
2018-01-16,2.09583577801952
2018-01-17,1.86337309533583
2018-01-18,2.00151153545187
2018-01-19,2.0092670803001
2018-01-20,2.17079700993906
2018-01-21,2.07091258986688
2018-01-22,1.94066837884799
2018-01-23,1.86480715801306
2018-01-24,1.92233560184804
2018-01-25,1.98020516566451
2018-01-26,1.92703343866583
2018-01-27,1.9587609291681
2018-01-28,2.0115644609786
2018-01-29,1.95088606853862
2018-01-30,1.85448453763308
2018-01-31,1.74763696204014
2018-02-01,1.65794282708152
2018-02-02,1.50478937121349
2018-02-03,1.57841052665403
2018-02-04,1.54233102175469
2018-02-05,1.35522437990292
2018-02-06,1.22299989738351
2018-02-07,1.43389640054109
2018-02-08,1.4780346954897
2018-02-09,1.49284566789332
2018-02-10,1.55632943022602
2018-02-11,1.48323401957447
2018-02-12,1.56412691345104
2018-02-13,1.5623559442642
2018-02-14,1.64127079944879
2018-02-15,1.78477200202676
2018-02-16,1.81805595552319
2018-02-17,1.93408917229481
2018-02-18,1.95183270001369
2018-02-19,1.97091760591304
2018-02-20,2.09224071571968
2018-02-21,1.96686565849414
2018-02-22,1.8686710230755
2018-02-23,1.80416609944836
2018-02-24,1.79093520852388
2018-02-25,1.72696166726483
2018-02-26,1.78341896846033
2018-02-27,1.89066791711764
2018-02-28,1.90107940928819
2018-03-01,1.89746968908846
2018-03-02,1.95063589704425
2018-03-03,2.00986547028933
2018-03-04,1.99204139782595
2018-03-05,2.03236376145631
2018-03-06,1.94848617318794
2018-03-07,1.84699959001656
2018-03-08,1.71951624794647
2018-03-09,1.59241884543286
2018-03-10,1.64635202258498
2018-03-11,1.62642486770727
2018-03-12,1.68531433210908
2018-03-13,1.63488113498698
2018-03-14,1.5707514773208
2018-03-15,1.45170048219861
2018-03-16,1.48952647538287
2018-03-17,1.45147256380997
2018-03-18,1.3790779623038
2018-03-19,1.50239141347729
2018-03-20,1.55918178526118
2018-03-21,1.61962442626711
2018-03-22,1.58491488454508
2018-03-23,1.54243962181974
2018-03-24,1.59945173496993
2018-03-25,1.54380363384361
2018-03-26,1.49094996958039
2018-03-27,1.44445375508601
2018-03-28,1.4380829395878
2018-03-29,1.37373094591723
2018-03-30,1.2644068982232
2018-03-31,1.28527273871414
2018-04-01,1.25393393685375
2018-04-02,1.28608748558877
2018-04-03,1.35217646334888
2018-04-04,1.30517353586826
2018-04-05,1.25176505558924
2018-04-06,1.23215174505
2018-04-07,1.27471668407492
2018-04-08,1.29652169840212
2018-04-09,1.28692299431025
2018-04-10,1.26100649009709
2018-04-11,1.27972420201927
2018-04-12,1.36153795867725
2018-04-13,1.48307988793536
2018-04-14,1.4879475649263
2018-04-15,1.5275556015471
2018-04-16,1.50311388503764
2018-04-17,1.49749305658042
2018-04-18,1.5000452577923
2018-04-19,1.52836132711525
2018-04-20,1.56586580909893
2018-04-21,1.63198154723081
2018-04-22,1.64763822154065
2018-04-23,1.64647313888801
2018-04-24,1.71935514307072
2018-04-25,1.70835529059539
2018-04-26,1.63974466784411
2018-04-27,1.70008354623946
2018-04-28,1.70851593805057
2018-04-29,1.72680030511641
2018-04-30,1.71170711918462
2018-05-01,1.65807414652786
2018-05-02,1.67904001312284
2018-05-03,1.71890677038797
2018-05-04,1.77157778402195
2018-05-05,1.80135600671207
2018-05-06,1.77030436126392
2018-05-07,1.71276253088579
2018-05-08,1.69548133727657
2018-05-09,1.68241023295637
2018-05-10,1.69627473855548
2018-05-11,1.58846667777183
2018-05-12,1.54289804094873
2018-05-13,1.56601023675621
2018-05-14,1.57589395655704
2018-05-15,1.57813832656244
2018-05-16,1.51380544097626
2018-05-17,1.51334696085995
2018-05-18,1.47479678251923
2018-05-19,1.49756144579541
2018-05-20,1.51716951255202
2018-05-21,1.53329384665777
2018-05-22,1.50053249304264
2018-05-23,1.41382104985463
2018-05-24,1.37371932699614
2018-05-25,1.36622757347865
2018-05-26,1.36559355700448
2018-05-27,1.33675010846339
2018-05-28,1.32565597935077
2018-05-29,1.33113284868016
2018-05-30,1.36218724390952
2018-05-31,1.37612208319311
2018-06-01,1.37048108650389
2018-06-02,1.39159102800158
2018-06-03,1.41019662760786
2018-06-04,1.38884991642161
2018-06-05,1.37430710834511
2018-06-06,1.39709240393276
2018-06-07,1.41322687635157
2018-06-08,1.40186119114884
2018-06-09,1.40337216928837
2018-06-10,1.31868618536917
2018-06-11,1.25160877235754
2018-06-12,1.25651463473808
2018-06-13,1.20128949617899
2018-06-14,1.21098363383363
2018-06-15,1.22394774702237
2018-06-16,1.21149577871188
2018-06-17,1.21995076995707
2018-06-18,1.22336149498198
2018-06-19,1.25911562701048
2018-06-20,1.2516471004263
2018-06-21,1.26115247841035
2018-06-22,1.19409850584315
2018-06-23,1.15142590749528
2018-06-24,1.12928263262744
2018-06-25,1.16737889017569
2018-06-26,1.16702426407379
2018-06-27,1.15214758280125
2018-06-28,1.16047098395427
2018-06-29,1.12961148577517
2018-06-30,1.21622367915999
2018-07-01,1.21600647708888
2018-07-02,1.23392779308332
2018-07-03,1.26413617586111
2018-07-04,1.26368174480615
2018-07-05,1.27592605460248
2018-07-06,1.27051074131928
2018-07-07,1.27344131664733
2018-07-08,1.31083269687151
2018-07-09,1.30300368033197
2018-07-10,1.25620259400771
2018-07-11,1.23029645167476
2018-07-12,1.20275034164149
2018-07-13,1.20692417684192
2018-07-14,1.20792526790167
2018-07-15,1.22411095711069
2018-07-16,1.25968408216617
2018-07-17,1.32960376269171
2018-07-18,1.43122716985124
2018-07-19,1.42714780670306
2018-07-20,1.43434320153285
2018-07-21,1.41817923973336
2018-07-22,1.43692259572779
2018-07-23,1.48040939346268
2018-07-24,1.54938605944308
2018-07-25,1.58251746078504
2018-07-26,1.5729728493574
2018-07-27,1.54660262590169
2018-07-28,1.57049789670806
2018-07-29,1.57456471124641
2018-07-30,1.56108230865993
2018-07-31,1.52001680691242
2018-08-01,1.45740783808371
2018-08-02,1.45936548073865
2018-08-03,1.42810983963487
2018-08-04,1.39579505457114
2018-08-05,1.34931123701134
2018-08-06,1.3479738100202
2018-08-07,1.34686080952676
2018-08-08,1.24624155840494
2018-08-09,1.23875999888666
2018-08-10,1.24094929133859
2018-08-11,1.19952137659475
2018-08-12,1.22404514299156
2018-08-13,1.23128463577904
2018-08-14,1.18093619819438
2018-08-15,1.23861010011511
2018-08-16,1.23428985308925
2018-08-17,1.25929533415868
2018-08-18,1.25832760516567
2018-08-19,1.2466600545465
2018-08-20,1.25503070010252
2018-08-21,1.24682778398132
2018-08-22,1.28119674615928
2018-08-23,1.25352189471756
2018-08-24,1.27687893967532
2018-08-25,1.30747434375018
2018-08-26,1.30097567052722
2018-08-27,1.30711189093674
2018-08-28,1.3570842892015
2018-08-29,1.36941031465613
2018-08-30,1.34763600734065
2018-08-31,1.35490760560492
2018-09-01,1.37726832866369
2018-09-02,1.4017936795403
2018-09-03,1.40642614695013
2018-09-04,1.41806289880558
2018-09-05,1.38364534934806
2018-09-06,1.25368311390871
2018-09-07,1.25918169864384
2018-09-08,1.24652810687112
2018-09-09,1.22954191984808
2018-09-10,1.2295437446888
2018-09-11,1.23302433428441
2018-09-12,1.22873679018113
2018-09-13,1.25995872932155
2018-09-14,1.27262169926159
2018-09-15,1.27443388105872
2018-09-16,1.26885439723633
2018-09-17,1.25064605612516
2018-09-18,1.23463018459582
2018-09-19,1.2425242544941
2018-09-20,1.25681662645592
2018-09-21,1.3064109340139
2018-09-22,1.31294783328845
2018-09-23,1.31389880832757
2018-09-24,1.30062441563662
2018-09-25,1.26197140787166
2018-09-26,1.27074829943473
2018-09-27,1.28313388591553
2018-09-28,1.30995460763673
2018-09-29,1.28825402440834
2018-09-30,1.29562583775466
2018-10-01,1.29554072860395
2018-10-02,1.29116384657193
2018-10-03,1.2767383365131
2018-10-04,1.29281516096282
2018-10-05,1.29295277211266
2018-10-06,1.29720681787861
2018-10-07,1.29389939927118
2018-10-08,1.30138508562117
2018-10-09,1.30351599972822
2018-10-10,1.29416681938441
2018-10-11,1.24383862156614
2018-10-12,1.24231247179154
2018-10-13,1.24082022449066
2018-10-14,1.24802797335802
2018-10-15,1.29610930254386
2018-10-16,1.3037762896305
2018-10-17,1.29602135595729
2018-10-18,1.29119315801382
2018-10-19,1.27895404655763
2018-10-20,1.28087001037481
2018-10-21,1.29079159009028
2018-10-22,1.28401650139776
2018-10-23,1.28184858846404
2018-10-24,1.28690909334302
2018-10-25,1.28326063474264
2018-10-26,1.28322631983408
2018-10-27,1.28551911179941
2018-10-28,1.28486483053229
2018-10-29,1.27278983642351
2018-10-30,1.25787091614345
2018-10-31,1.25704839290909
2018-11-01,1.26811772295585
2018-11-02,1.26584345625763
2018-11-03,1.26643290835984
2018-11-04,1.26251686141466
2018-11-05,1.27939410924256
2018-11-06,1.2800124864296
2018-11-07,1.29944327346365
2018-11-08,1.28984115413956
2018-11-09,1.27656892037738
2018-11-10,1.27589028257464
2018-11-11,1.27246757863915
2018-11-12,1.27407295518645
2018-11-13,1.26760051022142
2018-11-14,1.22354822242883
2018-11-15,1.11853429616549
2018-11-16,1.11811537824108
2018-11-17,1.11010177700604
2018-11-18,1.12157800186773
2018-11-19,1.06252262330861
2018-11-20,0.930249858056837
2018-11-21,0.915331392609043
2018-11-22,0.919598871565406
2018-11-23,0.877031098144983
2018-11-24,0.872942645020347
2018-11-25,0.785944055746297
2018-11-26,0.800492634623608
2018-11-27,0.773861928230335
2018-11-28,0.842959605414216
2018-11-29,0.884496559387564
2018-11-30,0.85461569299931
2018-12-01,0.859372509225583
2018-12-02,0.8717725183209
2018-12-03,0.834221442107875
2018-12-04,0.831812488303378
2018-12-05,0.823478294683477
2018-12-06,0.790497473668936
2018-12-07,0.72074093935291
2018-12-08,0.729224641789675
2018-12-09,0.756115822065858
2018-12-10,0.75481736628144
2018-12-11,0.737163227812435
2018-12-12,0.742578586082325
2018-12-13,0.731696253143629
2018-12-14,0.707707318492491
2018-12-15,0.697137861257141
2018-12-16,0.70693871914429
2018-12-17,0.734874502090036
2018-12-18,0.770455949634382
2018-12-19,0.823217633965315
2018-12-20,0.867772532677175
2018-12-21,0.876723195313513
2018-12-22,0.854213031178432
2018-12-23,0.880039619175926
2018-12-24,0.911340846647014
2018-12-25,0.837904275278198
2018-12-26,0.839301856274215
2018-12-27,0.827246487280687
2018-12-28,0.827226096846583
2018-12-29,0.864797910405642
2018-12-30,0.849973820170027
2018-12-31,0.84031846861963
2019-01-01,0.828984766049725
2019-01-02,0.854851577853312
2019-01-03,0.858334576406302
2019-01-04,0.847633123943253
2019-01-05,0.859507842854065
2019-01-06,0.868693927409935
2019-01-07,0.899717750357858
2019-01-08,0.896996076465199
2019-01-09,0.900284206549146
2019-01-10,0.856019260998087
2019-01-11,0.822693515554407
2019-01-12,0.820301917346773
2019-01-13,0.811023165107356
2019-01-14,0.812357466475734
2019-01-15,0.825780830854943
2019-01-16,0.816581071999697
2019-01-17,0.816694269588579
2019-01-18,0.820235564733643
2019-01-19,0.833433762687917
2019-01-20,0.824243241594982
2019-01-21,0.805407480948789
2019-01-22,0.807642676938953
2019-01-23,0.812065644992672
2019-01-24,0.810118340975631
2019-01-25,0.811813376733915
2019-01-26,0.81720737241123
2019-01-27,0.813095804917948
2019-01-28,0.790021994606809
2019-01-29,0.780954855224496
2019-01-30,0.787716870877078
2019-01-31,0.789571770136989
2019-02-01,0.790048997019362
2019-02-02,0.794110020399915
2019-02-03,0.793752466996923
2019-02-04,0.790372274181209
2019-02-05,0.791431745982689
2019-02-06,0.781441130663069
2019-02-07,0.781446730132674
2019-02-08,0.801586204338359
2019-02-09,0.840549987849868
2019-02-10,0.839930200959195
2019-02-11,0.839552572395953
2019-02-12,0.836052099514042
2019-02-13,0.837057839709073
2019-02-14,0.835959984134151
2019-02-15,0.836672373690629
2019-02-16,0.839814535798538
2019-02-17,0.840118868556391
2019-02-18,0.878323390593716
2019-02-19,0.913908633699038
2019-02-20,0.91755320884841
2019-02-21,0.917316245359505
2019-02-22,0.921462064086857
2019-02-23,0.929586762661686
2019-02-24,0.939584978201249
2019-02-25,0.892511116762262
2019-02-26,0.895323892392763
2019-02-27,0.893779610763714
2019-02-28,0.897755774030991
2019-03-01,0.899837917736126
2019-03-02,0.8976276265427
2019-03-03,0.898030008900269
2019-03-04,0.882494203539514
2019-03-05,0.890684019190219
2019-03-06,0.9078976219133
2019-03-07,0.914206298245561
2019-03-08,0.915569052308527
2019-03-09,0.920486926097482
2019-03-10,0.921164558040001
2019-03-11,0.916725615577769
2019-03-12,0.912643584314536
2019-03-13,0.914522083923572
2019-03-14,0.917118884301659
2019-03-15,0.923423056544556
2019-03-16,0.946939429079939
2019-03-17,0.944288929260558
2019-03-18,0.945138870214881
2019-03-19,0.950109564007008
2019-03-20,0.951252581551035
2019-03-21,0.951248236154293
2019-03-22,0.946498314395986
2019-03-23,0.946301592698623
2019-03-24,0.9445089503057
2019-03-25,0.940946968298578
2019-03-26,0.931166604222562
2019-03-27,0.952992898593276
2019-03-28,0.958437300477165
2019-03-29,0.959673390280445
2019-03-30,0.966383407958245
2019-03-31,0.964785889671673
2019-04-01,0.971634508822647
2019-04-02,1.09135196904109
2019-04-03,1.18198054437286
2019-04-04,1.16771392715067
2019-04-05,1.16935632699299
2019-04-06,1.18166368190906
2019-04-07,1.20534704052113
2019-04-08,1.22694633245234
2019-04-09,1.22049265557891
2019-04-10,1.23268469495237
2019-04-11,1.20013917384538
2019-04-12,1.17945445235385
2019-04-13,1.18787376614226
2019-04-14,1.18895592876393
2019-04-15,1.19924246959296
2019-04-16,1.195793877728
2019-04-17,1.22134114229037
2019-04-18,1.23037556252201
2019-04-19,1.22862539835561
2019-04-20,1.23997372960545
2019-04-21,1.23544307706121
2019-04-22,1.23977071899702
2019-04-23,1.28896727459437
2019-04-24,1.28013536685726
2019-04-25,1.26648133143117
2019-04-26,1.22366309096286
2019-04-27,1.22076024318255
2019-04-28,1.22580059894815
2019-04-29,1.22015044856059
2019-04-30,1.22648760936445
2019-05-01,1.24832736606462
2019-05-02,1.26713017724159
2019-05-03,1.32674712171045
2019-05-04,1.3403230163844
2019-05-05,1.33929070489441
2019-05-06,1.3238336065589
2019-05-07,1.36988458910696
2019-05-08,1.36138383909697
2019-05-09,1.40518520411557
2019-05-10,1.45451370995386
2019-05-11,1.56294309066081
2019-05-12,1.62835355821318
2019-05-13,1.68246580070031
2019-05-14,1.80249587754594
2019-05-15,1.80724239733209
2019-05-16,1.78873321865136
2019-05-17,1.6302220204251
2019-05-18,1.6297968219039
2019-05-19,1.75786238224143
2019-05-20,1.75439777063001
2019-05-21,1.75658762507764
2019-05-22,1.74227836010134
2019-05-23,1.69981817466351
2019-05-24,1.75570471224653
2019-05-25,1.76144173969295
2019-05-26,1.77684470308834
2019-05-27,1.91024026883112
2019-05-28,1.89815650068438
2019-05-29,1.87693899333313
2019-05-30,1.86930929051361
2019-05-31,1.80965277166497
2019-06-01,1.84207260546028
2019-06-02,1.8666077332342
2019-06-03,1.83790280827568
2019-06-04,1.68717829860289
2019-06-05,1.66617757649972
2019-06-06,1.6599670599104
2019-06-07,1.69580599560116
2019-06-08,1.69335250776184
2019-06-09,1.66569436191458
2019-06-10,1.66423620165758
2019-06-11,1.67740053265879
2019-06-12,1.7035765675053
2019-06-13,1.72466125936587
2019-06-14,1.76587493240219
2019-06-15,1.83249176821518
2019-06-16,1.90693571768607
2019-06-17,1.93041977582555
2019-06-18,1.91193836001628
2019-06-19,1.90460435508216
2019-06-20,1.94216687140072
2019-06-21,2.02927982944998
2019-06-22,2.2061490904465
2019-06-23,2.20578151421972
2019-06-24,2.21760679350112
2019-06-25,2.29902588328655
2019-06-26,2.55292451437425
2019-06-27,2.35774218508881
2019-06-28,2.31688438909179
2019-06-29,2.32990635598727
2019-06-30,2.25954291973755
2019-07-01,2.08949904687205
2019-07-02,2.00770136282503
2019-07-03,2.18740231933562
2019-07-04,2.26459792117357
2019-07-05,2.13712897919936
2019-07-06,2.18097511820542
2019-07-07,2.1635487737792
2019-07-08,2.24618707452798
2019-07-09,2.37575655384698
2019-07-10,2.38527178527905
2019-07-11,2.18654845535957
2019-07-12,2.17593124601021
2019-07-13,2.14178534055259
2019-07-14,2.0422548144058
2019-07-15,1.95505146741749
2019-07-16,1.93697612251656
2019-07-17,1.78941713270171
2019-07-18,1.88262523680963
2019-07-19,1.94824967632749
2019-07-20,1.97664106057197
2019-07-21,1.96163838262002
2019-07-22,1.93958859625589
2019-07-23,1.85919924119131
2019-07-24,1.79248036718846
2019-07-25,1.84148086690424
2019-07-26,1.79910047476147
2019-07-27,1.78868669397216
2019-07-28,1.7434208918169
2019-07-29,1.74221398882756
2019-07-30,1.72267082999532
2019-07-31,1.78223102798115
2019-08-01,1.81109232089478
2019-08-02,1.88373632600951
2019-08-03,1.93584039768377
2019-08-04,1.93904615777688
2019-08-05,2.08518683495772
2019-08-06,2.09006790930349
2019-08-07,2.06886923190736
2019-08-08,2.08134848515355
2019-08-09,2.08520422674989
2019-08-10,2.03666590696882
2019-08-11,2.0046218370144
2019-08-12,2.00341105666764
2019-08-13,1.96039547248979
2019-08-14,1.83426830559429
2019-08-15,1.75872220360314
2019-08-16,1.79829928492675
2019-08-17,1.8029117232949
2019-08-18,1.80231265608187
2019-08-19,1.85102195685352
2019-08-20,1.88087907466699
2019-08-21,1.78676347471135
2019-08-22,1.75684702494834
2019-08-23,1.78683802094169
2019-08-24,1.76626802919087
2019-08-25,1.75643547739435
2019-08-26,1.79510475904105
2019-08-27,1.76776177021765
2019-08-28,1.74317416399115
2019-08-29,1.65501274422055
2019-08-30,1.65574802435337
2019-08-31,1.66626735148146
2019-09-01,1.66925028569289
2019-09-02,1.72250046301323
2019-09-03,1.81651775455645
2019-09-04,1.82559672786605
2019-09-05,1.8241349699246
2019-09-06,1.82426916763061
2019-09-07,1.78330660502497
2019-09-08,1.78942473200258
2019-09-09,1.76234713259873
2019-09-10,1.74788542536717
2019-09-11,1.72098629367888
2019-09-12,1.74484839354805
2019-09-13,1.75761230816177
2019-09-14,1.75940853555409
2019-09-15,1.7577426861649
2019-09-16,1.74971468903738
2019-09-17,1.74064061622008
2019-09-18,1.73567004025591
2019-09-19,1.69940676760061
2019-09-20,1.72723970963882
2019-09-21,1.7068098004804
2019-09-22,1.69681901452984
2019-09-23,1.67973416073712
2019-09-24,1.59528114102802
2019-09-25,1.43755943053423
2019-09-26,1.4117191467441
2019-09-27,1.37538180278523
2019-09-28,1.39677167941192
2019-09-29,1.38264558935648
2019-09-30,1.37995332867181
2019-10-01,1.42795456277748
2019-10-02,1.41307490455578
2019-10-03,1.41119493556451
2019-10-04,1.39934976220082
2019-10-05,1.39120053041716
2019-10-06,1.37547582537651
2019-10-07,1.38209169818976
2019-10-08,1.40882999275308
2019-10-09,1.43001209266713
2019-10-10,1.46231553287198
2019-10-11,1.44162543723638
2019-10-12,1.42945349970581
2019-10-13,1.43217853964286
2019-10-14,1.42636013742184
2019-10-15,1.42033347095066
2019-10-16,1.38591155466524
2019-10-17,1.38228192709932
2019-10-18,1.37085667744345
2019-10-19,1.37129285598192
2019-10-20,1.38298594702685
2019-10-21,1.41306672062511
2019-10-22,1.40929653706454
2019-10-23,1.3362273552056
2019-10-24,1.28691391359087
2019-10-25,1.36250388976629
2019-10-26,1.59897494132433
2019-10-27,1.613849116859
2019-10-28,1.62134624389717
2019-10-29,1.6050579155098
2019-10-30,1.57440836668621
2019-10-31,1.5715682429681
2019-11-01,1.56752236733717
2019-11-02,1.58606373985894
2019-11-03,1.57782390889331
2019-11-04,1.58148162997006
2019-11-05,1.59301348869311
