t,transactions_entity_adjusted_count
2010-01-01,134
2010-01-02,126
2010-01-03,186
2010-01-04,183
2010-01-05,198
2010-01-06,163
2010-01-07,154
2010-01-08,153
2010-01-09,151
2010-01-10,190
2010-01-11,159
2010-01-12,161
2010-01-13,166
2010-01-14,145
2010-01-15,142
2010-01-16,126
2010-01-17,131
2010-01-18,126
2010-01-19,124
2010-01-20,158
2010-01-21,177
2010-01-22,136
2010-01-23,162
2010-01-24,155
2010-01-25,214
2010-01-26,199
2010-01-27,166
2010-01-28,179
2010-01-29,201
2010-01-30,214
2010-01-31,167
2010-02-01,191
2010-02-02,146
2010-02-03,272
2010-02-04,234
2010-02-05,227
2010-02-06,206
2010-02-07,222
2010-02-08,207
2010-02-09,210
2010-02-10,173
2010-02-11,174
2010-02-12,187
2010-02-13,235
2010-02-14,217
2010-02-15,185
2010-02-16,201
2010-02-17,248
2010-02-18,215
2010-02-19,195
2010-02-20,210
2010-02-21,227
2010-02-22,265
2010-02-23,251
2010-02-24,177
2010-02-25,157
2010-02-26,176
2010-02-27,174
2010-02-28,159
2010-03-01,199
2010-03-02,193
2010-03-03,157
2010-03-04,188
2010-03-05,173
2010-03-06,183
2010-03-07,182
2010-03-08,130
2010-03-09,148
2010-03-10,169
2010-03-11,136
2010-03-12,123
2010-03-13,154
2010-03-14,127
2010-03-15,140
2010-03-16,129
2010-03-17,139
2010-03-18,149
2010-03-19,162
2010-03-20,204
2010-03-21,190
2010-03-22,185
2010-03-23,220
2010-03-24,181
2010-03-25,200
2010-03-26,213
2010-03-27,184
2010-03-28,192
2010-03-29,207
2010-03-30,221
2010-03-31,214
2010-04-01,179
2010-04-02,161
2010-04-03,166
2010-04-04,183
2010-04-05,177
2010-04-06,174
2010-04-07,203
2010-04-08,194
2010-04-09,219
2010-04-10,295
2010-04-11,261
2010-04-12,244
2010-04-13,209
2010-04-14,216
2010-04-15,285
2010-04-16,232
2010-04-17,247
2010-04-18,3270
2010-04-19,271
2010-04-20,237
2010-04-21,245
2010-04-22,188
2010-04-23,200
2010-04-24,193
2010-04-25,194
2010-04-26,208
2010-04-27,216
2010-04-28,224
2010-04-29,174
2010-04-30,167
2010-05-01,210
2010-05-02,179
2010-05-03,184
2010-05-04,166
2010-05-05,160
2010-05-06,169
2010-05-07,155
2010-05-08,177
2010-05-09,173
2010-05-10,155
2010-05-11,127
2010-05-12,150
2010-05-13,157
2010-05-14,149
2010-05-15,107
2010-05-16,132
2010-05-17,175
2010-05-18,205
2010-05-19,196
2010-05-20,232
2010-05-21,221
2010-05-22,223
2010-05-23,307
2010-05-24,246
2010-05-25,250
2010-05-26,281
2010-05-27,256
2010-05-28,273
2010-05-29,232
2010-05-30,198
2010-05-31,192
2010-06-01,179
2010-06-02,193
2010-06-03,228
2010-06-04,172
2010-06-05,186
2010-06-06,196
2010-06-07,204
2010-06-08,223
2010-06-09,217
2010-06-10,213
2010-06-11,231
2010-06-12,197
2010-06-13,233
2010-06-14,244
2010-06-15,260
2010-06-16,187
2010-06-17,203
2010-06-18,184
2010-06-19,207
2010-06-20,225
2010-06-21,224
2010-06-22,223
2010-06-23,250
2010-06-24,239
2010-06-25,203
2010-06-26,198
2010-06-27,234
2010-06-28,225
2010-06-29,246
2010-06-30,270
2010-07-01,278
2010-07-02,225
2010-07-03,282
2010-07-04,219
2010-07-05,241
2010-07-06,207
2010-07-07,210
2010-07-08,220
2010-07-09,265
2010-07-10,238
2010-07-11,344
2010-07-12,2073
2010-07-13,1362
2010-07-14,5782
2010-07-15,1226
2010-07-16,1115
2010-07-17,394
2010-07-18,383
2010-07-19,470
2010-07-20,576
2010-07-21,432
2010-07-22,366
2010-07-23,391
2010-07-24,663
2010-07-25,1782
2010-07-26,443
2010-07-27,386
2010-07-28,327
2010-07-29,329
2010-07-30,320
2010-07-31,295
2010-08-01,355
2010-08-02,389
2010-08-03,625
2010-08-04,431
2010-08-05,489
2010-08-06,342
2010-08-07,261
2010-08-08,376
2010-08-09,388
2010-08-10,334
2010-08-11,397
2010-08-12,374
2010-08-13,406
2010-08-14,427
2010-08-15,307
2010-08-16,410
2010-08-17,290
2010-08-18,335
2010-08-19,282
2010-08-20,374
2010-08-21,309
2010-08-22,341
2010-08-23,352
2010-08-24,360
2010-08-25,349
2010-08-26,347
2010-08-27,285
2010-08-28,300
2010-08-29,248
2010-08-30,296
2010-08-31,421
2010-09-01,347
2010-09-02,300
2010-09-03,295
2010-09-04,268
2010-09-05,286
2010-09-06,272
2010-09-07,266
2010-09-08,300
2010-09-09,270
2010-09-10,305
2010-09-11,279
2010-09-12,356
2010-09-13,369
2010-09-14,392
2010-09-15,402
2010-09-16,412
2010-09-17,339
2010-09-18,368
2010-09-19,346
2010-09-20,403
2010-09-21,520
2010-09-22,506
2010-09-23,552
2010-09-24,462
2010-09-25,395
2010-09-26,365
2010-09-27,499
2010-09-28,408
2010-09-29,769
2010-09-30,332
2010-10-01,506
2010-10-02,418
2010-10-03,344
2010-10-04,378
2010-10-05,334
2010-10-06,360
2010-10-07,304
2010-10-08,326
2010-10-09,364
2010-10-10,334
2010-10-11,304
2010-10-12,312
2010-10-13,341
2010-10-14,332
2010-10-15,310
2010-10-16,424
2010-10-17,438
2010-10-18,511
2010-10-19,682
2010-10-20,533
2010-10-21,433
2010-10-22,426
2010-10-23,403
2010-10-24,460
2010-10-25,380
2010-10-26,454
2010-10-27,465
2010-10-28,431
2010-10-29,430
2010-10-30,383
2010-10-31,295
2010-11-01,322
2010-11-02,279
2010-11-03,319
2010-11-04,323
2010-11-05,382
2010-11-06,362
2010-11-07,418
2010-11-08,489
2010-11-09,375
2010-11-10,380
2010-11-11,362
2010-11-12,280
2010-11-13,334
2010-11-14,407
2010-11-15,1346
2010-11-16,3593
2010-11-17,422
2010-11-18,404
2010-11-19,318
2010-11-20,476
2010-11-21,412
2010-11-22,332
2010-11-23,319
2010-11-24,3770
2010-11-25,1911
2010-11-26,821
2010-11-27,423
2010-11-28,453
2010-11-29,439
2010-11-30,435
2010-12-01,496
2010-12-02,446
2010-12-03,370
2010-12-04,408
2010-12-05,420
2010-12-06,446
2010-12-07,537
2010-12-08,500
2010-12-09,467
2010-12-10,358
2010-12-11,519
2010-12-12,620
2010-12-13,614
2010-12-14,578
2010-12-15,595
2010-12-16,500
2010-12-17,435
2010-12-18,473
2010-12-19,509
2010-12-20,904
2010-12-21,591
2010-12-22,620
2010-12-23,506
2010-12-24,517
2010-12-25,624
2010-12-26,562
2010-12-27,500
2010-12-28,637
2010-12-29,499
2010-12-30,573
2010-12-31,537
2011-01-01,622
2011-01-02,553
2011-01-03,1023
2011-01-04,926
2011-01-05,1297
2011-01-06,673
2011-01-07,983
2011-01-08,1356
2011-01-09,1183
2011-01-10,1242
2011-01-11,1320
2011-01-12,1126
2011-01-13,1248
2011-01-14,1241
2011-01-15,886
2011-01-16,857
2011-01-17,801
2011-01-18,756
2011-01-19,860
2011-01-20,890
2011-01-21,1092
2011-01-22,1283
2011-01-23,1026
2011-01-24,1249
2011-01-25,862
2011-01-26,979
2011-01-27,818
2011-01-28,1035
2011-01-29,1267
2011-01-30,2119
2011-01-31,1346
2011-02-01,994
2011-02-02,874
2011-02-03,763
2011-02-04,919
2011-02-05,822
2011-02-06,895
2011-02-07,875
2011-02-08,824
2011-02-09,1190
2011-02-10,1974
2011-02-11,2254
2011-02-12,1816
2011-02-13,1763
2011-02-14,1925
2011-02-15,2062
2011-02-16,1599
2011-02-17,2092
2011-02-18,1958
2011-02-19,1520
2011-02-20,1868
2011-02-21,1909
2011-02-22,2111
2011-02-23,2149
2011-02-24,2009
2011-02-25,1960
2011-02-26,1865
2011-02-27,2072
2011-02-28,1646
2011-03-01,2571
2011-03-02,1918
2011-03-03,3097
2011-03-04,1871
2011-03-05,1929
2011-03-06,1839
2011-03-07,1835
2011-03-08,2130
2011-03-09,1544
2011-03-10,1383
2011-03-11,1501
2011-03-12,1976
2011-03-13,2070
2011-03-14,1911
2011-03-15,2205
2011-03-16,2354
2011-03-17,2382
2011-03-18,1884
2011-03-19,2350
2011-03-20,2658
2011-03-21,4268
2011-03-22,2008
2011-03-23,4114
2011-03-24,1885
2011-03-25,1719
2011-03-26,3073
2011-03-27,2143
2011-03-28,2471
2011-03-29,2443
2011-03-30,1471
2011-03-31,1784
2011-04-01,1378
2011-04-02,1555
2011-04-03,1646
2011-04-04,2123
2011-04-05,1920
2011-04-06,1697
2011-04-07,1480
2011-04-08,1597
2011-04-09,1555
2011-04-10,1551
2011-04-11,1769
2011-04-12,1898
2011-04-13,2150
2011-04-14,2717
2011-04-15,1870
2011-04-16,1917
2011-04-17,2003
2011-04-18,2929
2011-04-19,3188
2011-04-20,2732
2011-04-21,1749
2011-04-22,1861
2011-04-23,2073
2011-04-24,2037
2011-04-25,2352
2011-04-26,3135
2011-04-27,4222
2011-04-28,2668
2011-04-29,3117
2011-04-30,3952
2011-05-01,3532
2011-05-02,2788
2011-05-03,2576
2011-05-04,2402
2011-05-05,3042
2011-05-06,2856
2011-05-07,3520
2011-05-08,2503
2011-05-09,3087
2011-05-10,2863
2011-05-11,2839
2011-05-12,3039
2011-05-13,3487
2011-05-14,3754
2011-05-15,3320
2011-05-16,3885
2011-05-17,3899
2011-05-18,4938
2011-05-19,4254
2011-05-20,4292
2011-05-21,4485
2011-05-22,4632
2011-05-23,5195
2011-05-24,5127
2011-05-25,5581
2011-05-26,6369
2011-05-27,4586
2011-05-28,4798
2011-05-29,4336
2011-05-30,4878
2011-05-31,5643
2011-06-01,5812
2011-06-02,6262
2011-06-03,7356
2011-06-04,7653
2011-06-05,7637
2011-06-06,8779
2011-06-07,7984
2011-06-08,10366
2011-06-09,9932
2011-06-10,9583
2011-06-11,9229
2011-06-12,10583
2011-06-13,9700
2011-06-14,12648
2011-06-15,10518
2011-06-16,11297
2011-06-17,10146
2011-06-18,10207
2011-06-19,10420
2011-06-20,10594
2011-06-21,9019
2011-06-22,10818
2011-06-23,9673
2011-06-24,10139
2011-06-25,8782
2011-06-26,8641
2011-06-27,10455
2011-06-28,9453
2011-06-29,9006
2011-06-30,8594
2011-07-01,9310
2011-07-02,7248
2011-07-03,7327
2011-07-04,8422
2011-07-05,8333
2011-07-06,9863
2011-07-07,8811
2011-07-08,7998
2011-07-09,7414
2011-07-10,7971
2011-07-11,9869
2011-07-12,7815
2011-07-13,8716
2011-07-14,8315
2011-07-15,7688
2011-07-16,8392
2011-07-17,7634
2011-07-18,8253
2011-07-19,8782
2011-07-20,8477
2011-07-21,7673
2011-07-22,7740
2011-07-23,6832
2011-07-24,7620
2011-07-25,9039
2011-07-26,7751
2011-07-27,7381
2011-07-28,7112
2011-07-29,6601
2011-07-30,5828
2011-07-31,7300
2011-08-01,7565
2011-08-02,8062
2011-08-03,7102
2011-08-04,7592
2011-08-05,6725
2011-08-06,6372
2011-08-07,6277
2011-08-08,6725
2011-08-09,8532
2011-08-10,7854
2011-08-11,7241
2011-08-12,6796
2011-08-13,6796
2011-08-14,6952
2011-08-15,7823
2011-08-16,8542
2011-08-17,7266
2011-08-18,6826
2011-08-19,6945
2011-08-20,6843
2011-08-21,7220
2011-08-22,7369
2011-08-23,6939
2011-08-24,6971
2011-08-25,6878
2011-08-26,7009
2011-08-27,5975
2011-08-28,5216
2011-08-29,7045
2011-08-30,7060
2011-08-31,6722
2011-09-01,6287
2011-09-02,6414
2011-09-03,5434
2011-09-04,6720
2011-09-05,6321
2011-09-06,6718
2011-09-07,6437
2011-09-08,5772
2011-09-09,6744
2011-09-10,5501
2011-09-11,5961
2011-09-12,6134
2011-09-13,5959
2011-09-14,5687
2011-09-15,5913
2011-09-16,5654
2011-09-17,4972
2011-09-18,5428
2011-09-19,6066
2011-09-20,7502
2011-09-21,7304
2011-09-22,5759
2011-09-23,5917
2011-09-24,5262
2011-09-25,5262
2011-09-26,5267
2011-09-27,5664
2011-09-28,5495
2011-09-29,5201
2011-09-30,5516
2011-10-01,5013
2011-10-02,4774
2011-10-03,6063
2011-10-04,5549
2011-10-05,5310
2011-10-06,5450
2011-10-07,5246
2011-10-08,5015
2011-10-09,4923
2011-10-10,5391
2011-10-11,5425
2011-10-12,5566
2011-10-13,4675
2011-10-14,5676
2011-10-15,5174
2011-10-16,4697
2011-10-17,5575
2011-10-18,4668
2011-10-19,4928
2011-10-20,4464
2011-10-21,5052
2011-10-22,4941
2011-10-23,5410
2011-10-24,5649
2011-10-25,5000
2011-10-26,5023
2011-10-27,4454
2011-10-28,4857
2011-10-29,5323
2011-10-30,4796
2011-10-31,4958
2011-11-01,5508
2011-11-02,5675
2011-11-03,5979
2011-11-04,6221
2011-11-05,5675
2011-11-06,4821
2011-11-07,5279
2011-11-08,5619
2011-11-09,6075
2011-11-10,6155
2011-11-11,4876
2011-11-12,4889
2011-11-13,5156
2011-11-14,5631
2011-11-15,5818
2011-11-16,5790
2011-11-17,4686
2011-11-18,4919
2011-11-19,4512
2011-11-20,4901
2011-11-21,4564
2011-11-22,5172
2011-11-23,5383
2011-11-24,4801
2011-11-25,5262
2011-11-26,4569
2011-11-27,4929
2011-11-28,5627
2011-11-29,6090
2011-11-30,6533
2011-12-01,5934
2011-12-02,5975
2011-12-03,5371
2011-12-04,5116
2011-12-05,5911
2011-12-06,7171
2011-12-07,5886
2011-12-08,5526
2011-12-09,5285
2011-12-10,5135
2011-12-11,4986
2011-12-12,4616
2011-12-13,5104
2011-12-14,5400
2011-12-15,4635
2011-12-16,4871
2011-12-17,4721
2011-12-18,4353
2011-12-19,5505
2011-12-20,5896
2011-12-21,5245
2011-12-22,5485
2011-12-23,5393
2011-12-24,4460
2011-12-25,4984
2011-12-26,5400
2011-12-27,5003
2011-12-28,4703
2011-12-29,4940
2011-12-30,4799
2011-12-31,4883
2012-01-01,4759
2012-01-02,5129
2012-01-03,5489
2012-01-04,5444
2012-01-05,6591
2012-01-06,6196
2012-01-07,5586
2012-01-08,5991
2012-01-09,5784
2012-01-10,6316
2012-01-11,6660
2012-01-12,6310
2012-01-13,6517
2012-01-14,6347
2012-01-15,5853
2012-01-16,6560
2012-01-17,6369
2012-01-18,6398
2012-01-19,6534
2012-01-20,6395
2012-01-21,6038
2012-01-22,5056
2012-01-23,5767
2012-01-24,6757
2012-01-25,7486
2012-01-26,6216
2012-01-27,6039
2012-01-28,5578
2012-01-29,6004
2012-01-30,5773
2012-01-31,6610
2012-02-01,6166
2012-02-02,6737
2012-02-03,6706
2012-02-04,6751
2012-02-05,6326
2012-02-06,5740
2012-02-07,6446
2012-02-08,6291
2012-02-09,6580
2012-02-10,6778
2012-02-11,6134
2012-02-12,6029
2012-02-13,6882
2012-02-14,7770
2012-02-15,7321
2012-02-16,6991
2012-02-17,6337
2012-02-18,6100
2012-02-19,5570
2012-02-20,5976
2012-02-21,6171
2012-02-22,6787
2012-02-23,7250
2012-02-24,6532
2012-02-25,5964
2012-02-26,5592
2012-02-27,6334
2012-02-28,6311
2012-02-29,6391
2012-03-01,6413
2012-03-02,7333
2012-03-03,4899
2012-03-04,6321
2012-03-05,6608
2012-03-06,6090
2012-03-07,6279
2012-03-08,6279
2012-03-09,6186
2012-03-10,5060
2012-03-11,4950
2012-03-12,5759
2012-03-13,6984
2012-03-14,6597
2012-03-15,6062
2012-03-16,6611
2012-03-17,6564
2012-03-18,5751
2012-03-19,6331
2012-03-20,6508
2012-03-21,6639
2012-03-22,6300
2012-03-23,5888
2012-03-24,6005
2012-03-25,5979
2012-03-26,6286
2012-03-27,6301
2012-03-28,6829
2012-03-29,7089
2012-03-30,6395
2012-03-31,5897
2012-04-01,5252
2012-04-02,6130
2012-04-03,7306
2012-04-04,6811
2012-04-05,6743
2012-04-06,6412
2012-04-07,5831
2012-04-08,5607
2012-04-09,6252
2012-04-10,7610
2012-04-11,7456
2012-04-12,7665
2012-04-13,6670
2012-04-14,7437
2012-04-15,6761
2012-04-16,7637
2012-04-17,7258
2012-04-18,7984
2012-04-19,7176
2012-04-20,7774
2012-04-21,6741
2012-04-22,5951
2012-04-23,6669
2012-04-24,7140
2012-04-25,6670
2012-04-26,8942
2012-04-27,6722
2012-04-28,6712
2012-04-29,6600
2012-04-30,7358
2012-05-01,7599
2012-05-02,8118
2012-05-03,9379
2012-05-04,9535
2012-05-05,8139
2012-05-06,7986
2012-05-07,10496
2012-05-08,9884
2012-05-09,10339
2012-05-10,8629
2012-05-11,10133
2012-05-12,8581
2012-05-13,8494
2012-05-14,10730
2012-05-15,9676
2012-05-16,9346
2012-05-17,9306
2012-05-18,10316
2012-05-19,12615
2012-05-20,11963
2012-05-21,12503
2012-05-22,12416
2012-05-23,12859
2012-05-24,12672
2012-05-25,13137
2012-05-26,11328
2012-05-27,10724
2012-05-28,12470
2012-05-29,13658
2012-05-30,12814
2012-05-31,11164
2012-06-01,11743
2012-06-02,8742
2012-06-03,14408
2012-06-04,17904
2012-06-05,18592
2012-06-06,11065
2012-06-07,16892
2012-06-08,14686
2012-06-09,16329
2012-06-10,17816
2012-06-11,16579
2012-06-12,14698
2012-06-13,33078
2012-06-14,35084
2012-06-15,26175
2012-06-16,21760
2012-06-17,24777
2012-06-18,19373
2012-06-19,18196
2012-06-20,19932
2012-06-21,16233
2012-06-22,15086
2012-06-23,14300
2012-06-24,12927
2012-06-25,16640
2012-06-26,19330
2012-06-27,21426
2012-06-28,17451
2012-06-29,17259
2012-06-30,16693
2012-07-01,15063
2012-07-02,18402
2012-07-03,16642
2012-07-04,15674
2012-07-05,13782
2012-07-06,14599
2012-07-07,16248
2012-07-08,14209
2012-07-09,17026
2012-07-10,20662
2012-07-11,18943
2012-07-12,16948
2012-07-13,15775
2012-07-14,15504
2012-07-15,14876
2012-07-16,17427
2012-07-17,19347
2012-07-18,16001
2012-07-19,16718
2012-07-20,20948
2012-07-21,20150
2012-07-22,20753
2012-07-23,20634
2012-07-24,19441
2012-07-25,19373
2012-07-26,17382
2012-07-27,15670
2012-07-28,20469
2012-07-29,17488
2012-07-30,17402
2012-07-31,28468
2012-08-01,20982
2012-08-02,21141
2012-08-03,18566
2012-08-04,18453
2012-08-05,20321
2012-08-06,22312
2012-08-07,19941
2012-08-08,23990
2012-08-09,19876
2012-08-10,19529
2012-08-11,19506
2012-08-12,21010
2012-08-13,30026
2012-08-14,20191
2012-08-15,28924
2012-08-16,30117
2012-08-17,27816
2012-08-18,25251
2012-08-19,21558
2012-08-20,21017
2012-08-21,25927
2012-08-22,24854
2012-08-23,21732
2012-08-24,21343
2012-08-25,18828
2012-08-26,17813
2012-08-27,19347
2012-08-28,18235
2012-08-29,21447
2012-08-30,17964
2012-08-31,25139
2012-09-01,21701
2012-09-02,18548
2012-09-03,17702
2012-09-04,21765
2012-09-05,21814
2012-09-06,23132
2012-09-07,21722
2012-09-08,18037
2012-09-09,20045
2012-09-10,19743
2012-09-11,22489
2012-09-12,17868
2012-09-13,17789
2012-09-14,18372
2012-09-15,16074
2012-09-16,16200
2012-09-17,16308
2012-09-18,19896
2012-09-19,20956
2012-09-20,22080
2012-09-21,17050
2012-09-22,13565
2012-09-23,15079
2012-09-24,16353
2012-09-25,19239
2012-09-26,22076
2012-09-27,19500
2012-09-28,23012
2012-09-29,17104
2012-09-30,14118
2012-10-01,16209
2012-10-02,22627
2012-10-03,18997
2012-10-04,19660
2012-10-05,19618
2012-10-06,16724
2012-10-07,17763
2012-10-08,19788
2012-10-09,20472
2012-10-10,18531
2012-10-11,18114
2012-10-12,17598
2012-10-13,17200
2012-10-14,16521
2012-10-15,19076
2012-10-16,19757
2012-10-17,20326
2012-10-18,19872
2012-10-19,16819
2012-10-20,17616
2012-10-21,18602
2012-10-22,19693
2012-10-23,17918
2012-10-24,19414
2012-10-25,18010
2012-10-26,16603
2012-10-27,12571
2012-10-28,12768
2012-10-29,13363
2012-10-30,16657
2012-10-31,16006
2012-11-01,14352
2012-11-02,14490
2012-11-03,14882
2012-11-04,14801
2012-11-05,17802
2012-11-06,17904
2012-11-07,18725
2012-11-08,16301
2012-11-09,15459
2012-11-10,15329
2012-11-11,13873
2012-11-12,14482
2012-11-13,15587
2012-11-14,16727
2012-11-15,20154
2012-11-16,21422
2012-11-17,18520
2012-11-18,18377
2012-11-19,18601
2012-11-20,19950
2012-11-21,19557
2012-11-22,18790
2012-11-23,20231
2012-11-24,19556
2012-11-25,19840
2012-11-26,20193
2012-11-27,17027
2012-11-28,21620
2012-11-29,17672
2012-11-30,17228
2012-12-01,18494
2012-12-02,13017
2012-12-03,13822
2012-12-04,18358
2012-12-05,18294
2012-12-06,20442
2012-12-07,16754
2012-12-08,16665
2012-12-09,15402
2012-12-10,24515
2012-12-11,18676
2012-12-12,20156
2012-12-13,21048
2012-12-14,21074
2012-12-15,17602
2012-12-16,18706
2012-12-17,21119
2012-12-18,24232
2012-12-19,19815
2012-12-20,18455
2012-12-21,20664
2012-12-22,25693
2012-12-23,18521
2012-12-24,18473
2012-12-25,15167
2012-12-26,15036
2012-12-27,19130
2012-12-28,23573
2012-12-29,19794
2012-12-30,25068
2012-12-31,17667
2013-01-01,17240
2013-01-02,21639
2013-01-03,22559
2013-01-04,21798
2013-01-05,23319
2013-01-06,19282
2013-01-07,23004
2013-01-08,22460
2013-01-09,23972
2013-01-10,25608
2013-01-11,26866
2013-01-12,23323
2013-01-13,23968
2013-01-14,20141
2013-01-15,25980
2013-01-16,27201
2013-01-17,26678
2013-01-18,26052
2013-01-19,28403
2013-01-20,22390
2013-01-21,21617
2013-01-22,23165
2013-01-23,24712
2013-01-24,25040
2013-01-25,25423
2013-01-26,26346
2013-01-27,27072
2013-01-28,26105
2013-01-29,25820
2013-01-30,22729
2013-01-31,25281
2013-02-01,32576
2013-02-02,28104
2013-02-03,27418
2013-02-04,27216
2013-02-05,28676
2013-02-06,23807
2013-02-07,29339
2013-02-08,30747
2013-02-09,30133
2013-02-10,28288
2013-02-11,26714
2013-02-12,27989
2013-02-13,25750
2013-02-14,22569
2013-02-15,27265
2013-02-16,20925
2013-02-17,23613
2013-02-18,23972
2013-02-19,26186
2013-02-20,26119
2013-02-21,24763
2013-02-22,30246
2013-02-23,27107
2013-02-24,26552
2013-02-25,28366
2013-02-26,30275
2013-02-27,27820
2013-02-28,29675
2013-03-01,34078
2013-03-02,27039
2013-03-03,24798
2013-03-04,27879
2013-03-05,29101
2013-03-06,34672
2013-03-07,34135
2013-03-08,25077
2013-03-09,25780
2013-03-10,28996
2013-03-11,23131
2013-03-12,25254
2013-03-13,28035
2013-03-14,28956
2013-03-15,33069
2013-03-16,24191
2013-03-17,21506
2013-03-18,25992
2013-03-19,29737
2013-03-20,27539
2013-03-21,31049
2013-03-22,37235
2013-03-23,29917
2013-03-24,28555
2013-03-25,30052
2013-03-26,31405
2013-03-27,34944
2013-03-28,39250
2013-03-29,38519
2013-03-30,35106
2013-03-31,27116
2013-04-01,30988
2013-04-02,39473
2013-04-03,42709
2013-04-04,47712
2013-04-05,41185
2013-04-06,32882
2013-04-07,40586
2013-04-08,41111
2013-04-09,49250
2013-04-10,54631
2013-04-11,52771
2013-04-12,42630
2013-04-13,35056
2013-04-14,36407
2013-04-15,35837
2013-04-16,39493
2013-04-17,35080
2013-04-18,29870
2013-04-19,37651
2013-04-20,30037
2013-04-21,26023
2013-04-22,29736
2013-04-23,36413
2013-04-24,38586
2013-04-25,37977
2013-04-26,33893
2013-04-27,27263
2013-04-28,26602
2013-04-29,28565
2013-04-30,29674
2013-05-01,34921
2013-05-02,33304
2013-05-03,32985
2013-05-04,27469
2013-05-05,28976
2013-05-06,29042
2013-05-07,31434
2013-05-08,30068
2013-05-09,32771
2013-05-10,31325
2013-05-11,27964
2013-05-12,27533
2013-05-13,30566
2013-05-14,33026
2013-05-15,32018
2013-05-16,32221
2013-05-17,31060
2013-05-18,27871
2013-05-19,23726
2013-05-20,27605
2013-05-21,30167
2013-05-22,28998
2013-05-23,31711
2013-05-24,31628
2013-05-25,25332
2013-05-26,24419
2013-05-27,27596
2013-05-28,31258
2013-05-29,32862
2013-05-30,31458
2013-05-31,30905
2013-06-01,27209
2013-06-02,26120
2013-06-03,28951
2013-06-04,30762
2013-06-05,29243
2013-06-06,30983
2013-06-07,29430
2013-06-08,22461
2013-06-09,23528
2013-06-10,23957
2013-06-11,26884
2013-06-12,25628
2013-06-13,26776
2013-06-14,29260
2013-06-15,21792
2013-06-16,21095
2013-06-17,25273
2013-06-18,28711
2013-06-19,28309
2013-06-20,28608
2013-06-21,28603
2013-06-22,23009
2013-06-23,20757
2013-06-24,26879
2013-06-25,26649
2013-06-26,26690
2013-06-27,27299
2013-06-28,29202
2013-06-29,22435
2013-06-30,19914
2013-07-01,26046
2013-07-02,25781
2013-07-03,25094
2013-07-04,24471
2013-07-05,24115
2013-07-06,20418
2013-07-07,18017
2013-07-08,24953
2013-07-09,25216
2013-07-10,25346
2013-07-11,29748
2013-07-12,31774
2013-07-13,23179
2013-07-14,19470
2013-07-15,24048
2013-07-16,26893
2013-07-17,25475
2013-07-18,26067
2013-07-19,23790
2013-07-20,19790
2013-07-21,19714
2013-07-22,24296
2013-07-23,25804
2013-07-24,28478
2013-07-25,27171
2013-07-26,24541
2013-07-27,21414
2013-07-28,23166
2013-07-29,27097
2013-07-30,27398
2013-07-31,30170
2013-08-01,31131
2013-08-02,29368
2013-08-03,25584
2013-08-04,22042
2013-08-05,27649
2013-08-06,27118
2013-08-07,30700
2013-08-08,29360
2013-08-09,25390
2013-08-10,25685
2013-08-11,20194
2013-08-12,28864
2013-08-13,33899
2013-08-14,33433
2013-08-15,36533
2013-08-16,35848
2013-08-17,25431
2013-08-18,25294
2013-08-19,39069
2013-08-20,31492
2013-08-21,32401
2013-08-22,37575
2013-08-23,29904
2013-08-24,27843
2013-08-25,26113
2013-08-26,30642
2013-08-27,31063
2013-08-28,29002
2013-08-29,25345
2013-08-30,32192
2013-08-31,29011
2013-09-01,23096
2013-09-02,24641
2013-09-03,26482
2013-09-04,29150
2013-09-05,29335
2013-09-06,27715
2013-09-07,25714
2013-09-08,25237
2013-09-09,34811
2013-09-10,30583
2013-09-11,30093
2013-09-12,30643
2013-09-13,28984
2013-09-14,23523
2013-09-15,24423
2013-09-16,28877
2013-09-17,33623
2013-09-18,34373
2013-09-19,31191
2013-09-20,28934
2013-09-21,25514
2013-09-22,25090
2013-09-23,31507
2013-09-24,30971
2013-09-25,31958
2013-09-26,33457
2013-09-27,30160
2013-09-28,26633
2013-09-29,26362
2013-09-30,31668
2013-10-01,37708
2013-10-02,39016
2013-10-03,34525
2013-10-04,32955
2013-10-05,26167
2013-10-06,25375
2013-10-07,31060
2013-10-08,32312
2013-10-09,35018
2013-10-10,34866
2013-10-11,33383
2013-10-12,28606
2013-10-13,28877
2013-10-14,34516
2013-10-15,35821
2013-10-16,36432
2013-10-17,32607
2013-10-18,35454
2013-10-19,34211
2013-10-20,30450
2013-10-21,38465
2013-10-22,41241
2013-10-23,38217
2013-10-24,43566
2013-10-25,38325
2013-10-26,31040
2013-10-27,27163
2013-10-28,35224
2013-10-29,35684
2013-10-30,34027
2013-10-31,36637
2013-11-01,30165
2013-11-02,26748
2013-11-03,26973
2013-11-04,35520
2013-11-05,39694
2013-11-06,42162
2013-11-07,47443
2013-11-08,47673
2013-11-09,44879
2013-11-10,39135
2013-11-11,40526
2013-11-12,41354
2013-11-13,47183
2013-11-14,49352
2013-11-15,42860
2013-11-16,36588
2013-11-17,37041
2013-11-18,60833
2013-11-19,75995
2013-11-20,62085
2013-11-21,58288
2013-11-22,58585
2013-11-23,53544
2013-11-24,44790
2013-11-25,53810
2013-11-26,65691
2013-11-27,77158
2013-11-28,79613
2013-11-29,73205
2013-11-30,60322
2013-12-01,57613
2013-12-02,62272
2013-12-03,62271
2013-12-04,63731
2013-12-05,67285
2013-12-06,57084
2013-12-07,54650
2013-12-08,38393
2013-12-09,52705
2013-12-10,52804
2013-12-11,52909
2013-12-12,45789
2013-12-13,46953
2013-12-14,41782
2013-12-15,41599
2013-12-16,52363
2013-12-17,51046
2013-12-18,62309
2013-12-19,51977
2013-12-20,48180
2013-12-21,39629
2013-12-22,36623
2013-12-23,39553
2013-12-24,39739
2013-12-25,39562
2013-12-26,39214
2013-12-27,39904
2013-12-28,35195
2013-12-29,37430
2013-12-30,42336
2013-12-31,36231
2014-01-01,31188
2014-01-02,44681
2014-01-03,47533
2014-01-04,41212
2014-01-05,43059
2014-01-06,52846
2014-01-07,48598
2014-01-08,46212
2014-01-09,44512
2014-01-10,40760
2014-01-11,40841
2014-01-12,36539
2014-01-13,41521
2014-01-14,44925
2014-01-15,46771
2014-01-16,42934
2014-01-17,44947
2014-01-18,38723
2014-01-19,36371
2014-01-20,46392
2014-01-21,52712
2014-01-22,49805
2014-01-23,48756
2014-01-24,50176
2014-01-25,42110
2014-01-26,42842
2014-01-27,50490
2014-01-28,53791
2014-01-29,48835
2014-01-30,48255
2014-01-31,47504
2014-02-01,41825
2014-02-02,39812
2014-02-03,44550
2014-02-04,54482
2014-02-05,53298
2014-02-06,53486
2014-02-07,54575
2014-02-08,47715
2014-02-09,43756
2014-02-10,52025
2014-02-11,52409
2014-02-12,49152
2014-02-13,52507
2014-02-14,55838
2014-02-15,46497
2014-02-16,42538
2014-02-17,46851
2014-02-18,49401
2014-02-19,52318
2014-02-20,55654
2014-02-21,52943
2014-02-22,45091
2014-02-23,46193
2014-02-24,56978
2014-02-25,61600
2014-02-26,58792
2014-02-27,55187
2014-02-28,54581
2014-03-01,50631
2014-03-02,44254
2014-03-03,66017
2014-03-04,67749
2014-03-05,55501
2014-03-06,54861
2014-03-07,55284
2014-03-08,51323
2014-03-09,49158
2014-03-10,54701
2014-03-11,57495
2014-03-12,58686
2014-03-13,58745
2014-03-14,57955
2014-03-15,48672
2014-03-16,45730
2014-03-17,52965
2014-03-18,44899
2014-03-19,57778
2014-03-20,56120
2014-03-21,55116
2014-03-22,51677
2014-03-23,42291
2014-03-24,53195
2014-03-25,53525
2014-03-26,50923
2014-03-27,54242
2014-03-28,51714
2014-03-29,39704
2014-03-30,43115
2014-03-31,48467
2014-04-01,50294
2014-04-02,50201
2014-04-03,50402
2014-04-04,47008
2014-04-05,40752
2014-04-06,37932
2014-04-07,48520
2014-04-08,51175
2014-04-09,49512
2014-04-10,52692
2014-04-11,49211
2014-04-12,36510
2014-04-13,36747
2014-04-14,50479
2014-04-15,55501
2014-04-16,54507
2014-04-17,48725
2014-04-18,45481
2014-04-19,41577
2014-04-20,37745
2014-04-21,41803
2014-04-22,56416
2014-04-23,47850
2014-04-24,52055
2014-04-25,53145
2014-04-26,40722
2014-04-27,36713
2014-04-28,47724
2014-04-29,45345
2014-04-30,47267
2014-05-01,44259
2014-05-02,42658
2014-05-03,39550
2014-05-04,37060
2014-05-05,48270
2014-05-06,54175
2014-05-07,51937
2014-05-08,50750
2014-05-09,48117
2014-05-10,40460
2014-05-11,38192
2014-05-12,52398
2014-05-13,49051
2014-05-14,49603
2014-05-15,53655
2014-05-16,48043
2014-05-17,39502
2014-05-18,37150
2014-05-19,48024
2014-05-20,53839
2014-05-21,50601
2014-05-22,53517
2014-05-23,53985
2014-05-24,40290
2014-05-25,42757
2014-05-26,49787
2014-05-27,52786
2014-05-28,53334
2014-05-29,49288
2014-05-30,50274
2014-05-31,41081
2014-06-01,43271
2014-06-02,50465
2014-06-03,54545
2014-06-04,52433
2014-06-05,51869
2014-06-06,48512
2014-06-07,40777
2014-06-08,38471
2014-06-09,46353
2014-06-10,48749
2014-06-11,50135
2014-06-12,50203
2014-06-13,49955
2014-06-14,39138
2014-06-15,37682
2014-06-16,48100
2014-06-17,52235
2014-06-18,48554
2014-06-19,46345
2014-06-20,43670
2014-06-21,39953
2014-06-22,38555
2014-06-23,47673
2014-06-24,48968
2014-06-25,46904
2014-06-26,45572
2014-06-27,47152
2014-06-28,39910
2014-06-29,36023
2014-06-30,54131
2014-07-01,53276
2014-07-02,52573
2014-07-03,49782
2014-07-04,44742
2014-07-05,39056
2014-07-06,40917
2014-07-07,51596
2014-07-08,55561
2014-07-09,52419
2014-07-10,48321
2014-07-11,46349
2014-07-12,40970
2014-07-13,37919
2014-07-14,47711
2014-07-15,52618
2014-07-16,49673
2014-07-17,49597
2014-07-18,48303
2014-07-19,45448
2014-07-20,39656
2014-07-21,49093
2014-07-22,51704
2014-07-23,51178
2014-07-24,51886
2014-07-25,47305
2014-07-26,40801
2014-07-27,39490
2014-07-28,50105
2014-07-29,46259
2014-07-30,49891
2014-07-31,51052
2014-08-01,50319
2014-08-02,41509
2014-08-03,41158
2014-08-04,52632
2014-08-05,57545
2014-08-06,58199
2014-08-07,52491
2014-08-08,50797
2014-08-09,44606
2014-08-10,42504
2014-08-11,55537
2014-08-12,56626
2014-08-13,57372
2014-08-14,58650
2014-08-15,56519
2014-08-16,52493
2014-08-17,45885
2014-08-18,54567
2014-08-19,56094
2014-08-20,56165
2014-08-21,56464
2014-08-22,52258
2014-08-23,45222
2014-08-24,44040
2014-08-25,53755
2014-08-26,55816
2014-08-27,54939
2014-08-28,50938
2014-08-29,52041
2014-08-30,46528
2014-08-31,43827
2014-09-01,52555
2014-09-02,55328
2014-09-03,54152
2014-09-04,54839
2014-09-05,52785
2014-09-06,46605
2014-09-07,45419
2014-09-08,57918
2014-09-09,61575
2014-09-10,54750
2014-09-11,50282
2014-09-12,54097
2014-09-13,48389
2014-09-14,50401
2014-09-15,59649
2014-09-16,67751
2014-09-17,60360
2014-09-18,59312
2014-09-19,54339
2014-09-20,49362
2014-09-21,45413
2014-09-22,56010
2014-09-23,58710
2014-09-24,56776
2014-09-25,59223
2014-09-26,56354
2014-09-27,47331
2014-09-28,47605
2014-09-29,60525
2014-09-30,60539
2014-10-01,59437
2014-10-02,56275
2014-10-03,55713
2014-10-04,49188
2014-10-05,52006
2014-10-06,59303
2014-10-07,61496
2014-10-08,59384
2014-10-09,63326
2014-10-10,58394
2014-10-11,51450
2014-10-12,49963
2014-10-13,58476
2014-10-14,61371
2014-10-15,58541
2014-10-16,57614
2014-10-17,54775
2014-10-18,49792
2014-10-19,47526
2014-10-20,61700
2014-10-21,60989
2014-10-22,56873
2014-10-23,57792
2014-10-24,58184
2014-10-25,55583
2014-10-26,56207
2014-10-27,63510
2014-10-28,65078
2014-10-29,66002
2014-10-30,64807
2014-10-31,63048
2014-11-01,51962
2014-11-02,56047
2014-11-03,62208
2014-11-04,60695
2014-11-05,66326
2014-11-06,65720
2014-11-07,60542
2014-11-08,52128
2014-11-09,52494
2014-11-10,65792
2014-11-11,64416
2014-11-12,71967
2014-11-13,69544
2014-11-14,62329
2014-11-15,55760
2014-11-16,57615
2014-11-17,65552
2014-11-18,64567
2014-11-19,64677
2014-11-20,65731
2014-11-21,62713
2014-11-22,55640
2014-11-23,57495
2014-11-24,61844
2014-11-25,66890
2014-11-26,65647
2014-11-27,62991
2014-11-28,67005
2014-11-29,60670
2014-11-30,61848
2014-12-01,76152
2014-12-02,76461
2014-12-03,75137
2014-12-04,69920
2014-12-05,68061
2014-12-06,61352
2014-12-07,60000
2014-12-08,68968
2014-12-09,70879
2014-12-10,69285
2014-12-11,64828
2014-12-12,62931
2014-12-13,59848
2014-12-14,62743
2014-12-15,70628
2014-12-16,76152
2014-12-17,73899
2014-12-18,75273
2014-12-19,72719
2014-12-20,64608
2014-12-21,58835
2014-12-22,71626
2014-12-23,69307
2014-12-24,60013
2014-12-25,50043
2014-12-26,57224
2014-12-27,56384
2014-12-28,55152
2014-12-29,63514
2014-12-30,64605
2014-12-31,57663
2015-01-01,44491
2015-01-02,59651
2015-01-03,63187
2015-01-04,63959
2015-01-05,66955
2015-01-06,66433
2015-01-07,67516
2015-01-08,78149
2015-01-09,76177
2015-01-10,78101
2015-01-11,67059
2015-01-12,75797
2015-01-13,79576
2015-01-14,77401
2015-01-15,87603
2015-01-16,78800
2015-01-17,65566
2015-01-18,63914
2015-01-19,70329
2015-01-20,73371
2015-01-21,73091
2015-01-22,70075
2015-01-23,70069
2015-01-24,60176
2015-01-25,65582
2015-01-26,81618
2015-01-27,74824
2015-01-28,67671
2015-01-29,71188
2015-01-30,64751
2015-01-31,69512
2015-02-01,64731
2015-02-02,68398
2015-02-03,74288
2015-02-04,70108
2015-02-05,67836
2015-02-06,66953
2015-02-07,61324
2015-02-08,61878
2015-02-09,71996
2015-02-10,70563
2015-02-11,69164
2015-02-12,69046
2015-02-13,82120
2015-02-14,70842
2015-02-15,67879
2015-02-16,73411
2015-02-17,78111
2015-02-18,78711
2015-02-19,68127
2015-02-20,73219
2015-02-21,65942
2015-02-22,64541
2015-02-23,77613
2015-02-24,80233
2015-02-25,76865
2015-02-26,73571
2015-02-27,75319
2015-02-28,68151
2015-03-01,68180
2015-03-02,78032
2015-03-03,82614
2015-03-04,75462
2015-03-05,78196
2015-03-06,72506
2015-03-07,70624
2015-03-08,66581
2015-03-09,78370
2015-03-10,78782
2015-03-11,76849
2015-03-12,75625
2015-03-13,71988
2015-03-14,66611
2015-03-15,62935
2015-03-16,81133
2015-03-17,75519
2015-03-18,73868
2015-03-19,75945
2015-03-20,75337
2015-03-21,67953
2015-03-22,68367
2015-03-23,77755
2015-03-24,70674
2015-03-25,74678
2015-03-26,76088
2015-03-27,75294
2015-03-28,66825
2015-03-29,67795
2015-03-30,81657
2015-03-31,87956
2015-04-01,91175
2015-04-02,85128
2015-04-03,79957
2015-04-04,69227
2015-04-05,68784
2015-04-06,81467
2015-04-07,84168
2015-04-08,84454
2015-04-09,85957
2015-04-10,86990
2015-04-11,78971
2015-04-12,71033
2015-04-13,87007
2015-04-14,81295
2015-04-15,80875
2015-04-16,76817
2015-04-17,77906
2015-04-18,72201
2015-04-19,68802
2015-04-20,84005
2015-04-21,85840
2015-04-22,85222
2015-04-23,83438
2015-04-24,83175
2015-04-25,72477
2015-04-26,71201
2015-04-27,86773
2015-04-28,85484
2015-04-29,87853
2015-04-30,85907
2015-05-01,75242
2015-05-02,71210
2015-05-03,65464
2015-05-04,84735
2015-05-05,88881
2015-05-06,85050
2015-05-07,85076
2015-05-08,84350
2015-05-09,73149
2015-05-10,70743
2015-05-11,85263
2015-05-12,85659
2015-05-13,81761
2015-05-14,77630
2015-05-15,79104
2015-05-16,69281
2015-05-17,63525
2015-05-18,77337
2015-05-19,84227
2015-05-20,79736
2015-05-21,76671
2015-05-22,77145
2015-05-23,68555
2015-05-24,69504
2015-05-25,79044
2015-05-26,82065
2015-05-27,82618
2015-05-28,83289
2015-05-29,91955
2015-05-30,92213
2015-05-31,76620
2015-06-01,100775
2015-06-02,98693
2015-06-03,94390
2015-06-04,93456
2015-06-05,83479
2015-06-06,72141
2015-06-07,66188
2015-06-08,85572
2015-06-09,97523
2015-06-10,100675
2015-06-11,94674
2015-06-12,94074
2015-06-13,78258
2015-06-14,74896
2015-06-15,95323
2015-06-16,93529
2015-06-17,96477
2015-06-18,89549
2015-06-19,91516
2015-06-20,74331
2015-06-21,71620
2015-06-22,95919
2015-06-23,94158
2015-06-24,86648
2015-06-25,83697
2015-06-26,85008
2015-06-27,76969
2015-06-28,75898
2015-06-29,94231
2015-06-30,129277
2015-07-01,109513
2015-07-02,109809
2015-07-03,93684
2015-07-04,77968
2015-07-05,92897
2015-07-06,141946
2015-07-07,171545
2015-07-08,183977
2015-07-09,137922
2015-07-10,124601
2015-07-11,115050
2015-07-12,109116
2015-07-13,102229
2015-07-14,95433
2015-07-15,86143
2015-07-16,85375
2015-07-17,81138
2015-07-18,92192
2015-07-19,76564
2015-07-20,93615
2015-07-21,101320
2015-07-22,98782
2015-07-23,86012
2015-07-24,82608
2015-07-25,75776
2015-07-26,73849
2015-07-27,91740
2015-07-28,96117
2015-07-29,119803
2015-07-30,103604
2015-07-31,115750
2015-08-01,103203
2015-08-02,76573
2015-08-03,91228
2015-08-04,110696
2015-08-05,112521
2015-08-06,113669
2015-08-07,91089
2015-08-08,79826
2015-08-09,71384
2015-08-10,89572
2015-08-11,87009
2015-08-12,93172
2015-08-13,91544
2015-08-14,88628
2015-08-15,78075
2015-08-16,74759
2015-08-17,91442
2015-08-18,95459
2015-08-19,95132
2015-08-20,94756
2015-08-21,89051
2015-08-22,82219
2015-08-23,76786
2015-08-24,97806
2015-08-25,96481
2015-08-26,96888
2015-08-27,93659
2015-08-28,93733
2015-08-29,86482
2015-08-30,77243
2015-08-31,100668
2015-09-01,99702
2015-09-02,131338
2015-09-03,103813
2015-09-04,83909
2015-09-05,98626
2015-09-06,84663
2015-09-07,96671
2015-09-08,101368
2015-09-09,101653
2015-09-10,100258
2015-09-11,114281
2015-09-12,100926
2015-09-13,88264
2015-09-14,103032
2015-09-15,105686
2015-09-16,108612
2015-09-17,119143
2015-09-18,107142
2015-09-19,93354
2015-09-20,87213
2015-09-21,102410
2015-09-22,105065
2015-09-23,100196
2015-09-24,96902
2015-09-25,98686
2015-09-26,89893
2015-09-27,85052
2015-09-28,106485
2015-09-29,108233
2015-09-30,109638
2015-10-01,107617
2015-10-02,109112
2015-10-03,97939
2015-10-04,86725
2015-10-05,104155
2015-10-06,117006
2015-10-07,109455
2015-10-08,113994
2015-10-09,98885
2015-10-10,108049
2015-10-11,87346
2015-10-12,110814
2015-10-13,109778
2015-10-14,111847
2015-10-15,117879
2015-10-16,115030
2015-10-17,111537
2015-10-18,97299
2015-10-19,115208
2015-10-20,121410
2015-10-21,118197
2015-10-22,115546
2015-10-23,113486
2015-10-24,115820
2015-10-25,104838
2015-10-26,93989
2015-10-27,121564
2015-10-28,130278
2015-10-29,129076
2015-10-30,127355
2015-10-31,125779
2015-11-01,120613
2015-11-02,130731
2015-11-03,146501
2015-11-04,159487
2015-11-05,142623
2015-11-06,132435
2015-11-07,119178
2015-11-08,102605
2015-11-09,123323
2015-11-10,126729
2015-11-11,120470
2015-11-12,119923
2015-11-13,119456
2015-11-14,116588
2015-11-15,110264
2015-11-16,120132
2015-11-17,125073
2015-11-18,127968
2015-11-19,120629
2015-11-20,117310
2015-11-21,118145
2015-11-22,100676
2015-11-23,112364
2015-11-24,118701
2015-11-25,118340
2015-11-26,124079
2015-11-27,124249
2015-11-28,122871
2015-11-29,101235
2015-11-30,142083
2015-12-01,134753
2015-12-02,136119
2015-12-03,127989
2015-12-04,140796
2015-12-05,142644
2015-12-06,129941
2015-12-07,142579
2015-12-08,144045
2015-12-09,160575
2015-12-10,154035
2015-12-11,162633
2015-12-12,159684
2015-12-13,143133
2015-12-14,174227
2015-12-15,164140
2015-12-16,162150
2015-12-17,157614
2015-12-18,157220
2015-12-19,164239
2015-12-20,144857
2015-12-21,172408
2015-12-22,167580
2015-12-23,167535
2015-12-24,156882
2015-12-25,131545
2015-12-26,132081
2015-12-27,121445
2015-12-28,136627
2015-12-29,144216
2015-12-30,138252
2015-12-31,125719
2016-01-01,99593
2016-01-02,121652
2016-01-03,115757
2016-01-04,142554
2016-01-05,145926
2016-01-06,138507
2016-01-07,156732
2016-01-08,143696
2016-01-09,140693
2016-01-10,125609
2016-01-11,144423
2016-01-12,150254
2016-01-13,147550
2016-01-14,142742
2016-01-15,151688
2016-01-16,158481
2016-01-17,160552
2016-01-18,162472
2016-01-19,149278
2016-01-20,168254
2016-01-21,179164
2016-01-22,167835
2016-01-23,151149
2016-01-24,162815
2016-01-25,172865
2016-01-26,179366
2016-01-27,178855
2016-01-28,176809
2016-01-29,179393
2016-01-30,144680
2016-01-31,135216
2016-02-01,172539
2016-02-02,191780
2016-02-03,146987
2016-02-04,155240
2016-02-05,170966
2016-02-06,173379
2016-02-07,171884
2016-02-08,185302
2016-02-09,188639
2016-02-10,184970
2016-02-11,172707
2016-02-12,159781
2016-02-13,146214
2016-02-14,141678
2016-02-15,169538
2016-02-16,173686
2016-02-17,176039
2016-02-18,164055
2016-02-19,172742
2016-02-20,165263
2016-02-21,163159
2016-02-22,187469
2016-02-23,182760
2016-02-24,167294
2016-02-25,163567
2016-02-26,154522
2016-02-27,142393
2016-02-28,185843
2016-02-29,201582
2016-03-01,215138
2016-03-02,203052
2016-03-03,166505
2016-03-04,160695
2016-03-05,173001
2016-03-06,123205
2016-03-07,139939
2016-03-08,151562
2016-03-09,145283
2016-03-10,145965
2016-03-11,142343
2016-03-12,126903
2016-03-13,121602
2016-03-14,147815
2016-03-15,153439
2016-03-16,164332
2016-03-17,163269
2016-03-18,163774
2016-03-19,142272
2016-03-20,141043
2016-03-21,155634
2016-03-22,157774
2016-03-23,147083
2016-03-24,147909
2016-03-25,136172
2016-03-26,123815
2016-03-27,125605
2016-03-28,151017
2016-03-29,157083
2016-03-30,156805
2016-03-31,158761
2016-04-01,160702
2016-04-02,144519
2016-04-03,138894
2016-04-04,162327
2016-04-05,172754
2016-04-06,169812
2016-04-07,168408
2016-04-08,167790
2016-04-09,152569
2016-04-10,150316
2016-04-11,182754
2016-04-12,187700
2016-04-13,180204
2016-04-14,180136
2016-04-15,169457
2016-04-16,142508
2016-04-17,146530
2016-04-18,174886
2016-04-19,180291
2016-04-20,170124
2016-04-21,168611
2016-04-22,167465
2016-04-23,147559
2016-04-24,149852
2016-04-25,174293
2016-04-26,197077
2016-04-27,194843
2016-04-28,199856
2016-04-29,207027
2016-04-30,173363
2016-05-01,157468
2016-05-02,180347
2016-05-03,183731
2016-05-04,185136
2016-05-05,177630
2016-05-06,179038
2016-05-07,163006
2016-05-08,151766
2016-05-09,177807
2016-05-10,192030
2016-05-11,188835
2016-05-12,187549
2016-05-13,185247
2016-05-14,176334
2016-05-15,166638
2016-05-16,198344
2016-05-17,190655
2016-05-18,190933
2016-05-19,180432
2016-05-20,168890
2016-05-21,153947
2016-05-22,146599
2016-05-23,178406
2016-05-24,198998
2016-05-25,197684
2016-05-26,177962
2016-05-27,174239
2016-05-28,155310
2016-05-29,144199
2016-05-30,169773
2016-05-31,172912
2016-06-01,190748
2016-06-02,188217
2016-06-03,193293
2016-06-04,164257
2016-06-05,153902
2016-06-06,177464
2016-06-07,190361
2016-06-08,186346
2016-06-09,192315
2016-06-10,187705
2016-06-11,175904
2016-06-12,168444
2016-06-13,202574
2016-06-14,207441
2016-06-15,216529
2016-06-16,218886
2016-06-17,207258
2016-06-18,191103
2016-06-19,177947
2016-06-20,203741
2016-06-21,203459
2016-06-22,197758
2016-06-23,198538
2016-06-24,201118
2016-06-25,170863
2016-06-26,147399
2016-06-27,178741
2016-06-28,173474
2016-06-29,184764
2016-06-30,189881
2016-07-01,167782
2016-07-02,162571
2016-07-03,145941
2016-07-04,173679
2016-07-05,172250
2016-07-06,178180
2016-07-07,174243
2016-07-08,172971
2016-07-09,152158
2016-07-10,131239
2016-07-11,174686
2016-07-12,178352
2016-07-13,176059
2016-07-14,176518
2016-07-15,174944
2016-07-16,145739
2016-07-17,137444
2016-07-18,177848
2016-07-19,181922
2016-07-20,184255
2016-07-21,177510
2016-07-22,181470
2016-07-23,161863
2016-07-24,150076
2016-07-25,196449
2016-07-26,194564
2016-07-27,193235
2016-07-28,190711
2016-07-29,190328
2016-07-30,169807
2016-07-31,156862
2016-08-01,180794
2016-08-02,200240
2016-08-03,190700
2016-08-04,183582
2016-08-05,182941
2016-08-06,158307
2016-08-07,158455
2016-08-08,196440
2016-08-09,193595
2016-08-10,199931
2016-08-11,210667
2016-08-12,189102
2016-08-13,175480
2016-08-14,161260
2016-08-15,161922
2016-08-16,208617
2016-08-17,196493
2016-08-18,191891
2016-08-19,195704
2016-08-20,167284
2016-08-21,147669
2016-08-22,178754
2016-08-23,190577
2016-08-24,184560
2016-08-25,191390
2016-08-26,183536
2016-08-27,155869
2016-08-28,139365
2016-08-29,181442
2016-08-30,204367
2016-08-31,182130
2016-09-01,193108
2016-09-02,183120
2016-09-03,150678
2016-09-04,144475
2016-09-05,188097
2016-09-06,185087
2016-09-07,197577
2016-09-08,182191
2016-09-09,176459
2016-09-10,154360
2016-09-11,143374
2016-09-12,165673
2016-09-13,192440
2016-09-14,182659
2016-09-15,189011
2016-09-16,170160
2016-09-17,172374
2016-09-18,153323
2016-09-19,183050
2016-09-20,198340
2016-09-21,191563
2016-09-22,188436
2016-09-23,182054
2016-09-24,169436
2016-09-25,157558
2016-09-26,184022
2016-09-27,192238
2016-09-28,185611
2016-09-29,197368
2016-09-30,203699
2016-10-01,172865
2016-10-02,158495
2016-10-03,208328
2016-10-04,212631
2016-10-05,215950
2016-10-06,221523
2016-10-07,212427
2016-10-08,195452
2016-10-09,168839
2016-10-10,185230
2016-10-11,217394
2016-10-12,186530
2016-10-13,187318
2016-10-14,198201
2016-10-15,170645
2016-10-16,163068
2016-10-17,197120
2016-10-18,202655
2016-10-19,162282
2016-10-20,224575
2016-10-21,210096
2016-10-22,176284
2016-10-23,155376
2016-10-24,181058
2016-10-25,192112
2016-10-26,186904
2016-10-27,262210
2016-10-28,202914
2016-10-29,188686
2016-10-30,168406
2016-10-31,196543
2016-11-01,200482
2016-11-02,218938
2016-11-03,221050
2016-11-04,205375
2016-11-05,196778
2016-11-06,183092
2016-11-07,225852
2016-11-08,238187
2016-11-09,220408
2016-11-10,217989
2016-11-11,206553
2016-11-12,186693
2016-11-13,181789
2016-11-14,218927
2016-11-15,227118
2016-11-16,232358
2016-11-17,227389
2016-11-18,226422
2016-11-19,204820
2016-11-20,204879
2016-11-21,242307
2016-11-22,246485
2016-11-23,233658
2016-11-24,270697
2016-11-25,265642
2016-11-26,227514
2016-11-27,197121
2016-11-28,245163
2016-11-29,236703
2016-11-30,243737
2016-12-01,199099
2016-12-02,268372
2016-12-03,233563
2016-12-04,201395
2016-12-05,227141
2016-12-06,267658
2016-12-07,252280
2016-12-08,228873
2016-12-09,222849
2016-12-10,205830
2016-12-11,182141
2016-12-12,221463
2016-12-13,237938
2016-12-14,239859
2016-12-15,236628
2016-12-16,231065
2016-12-17,197613
2016-12-18,191509
2016-12-19,229514
2016-12-20,242145
2016-12-21,260414
2016-12-22,252147
2016-12-23,245741
2016-12-24,198898
2016-12-25,160435
2016-12-26,200587
2016-12-27,237058
2016-12-28,246127
2016-12-29,249902
2016-12-30,233331
2016-12-31,202873
2017-01-01,146707
2017-01-02,240022
2017-01-03,247772
2017-01-04,270398
2017-01-05,240525
2017-01-06,285087
2017-01-07,234822
2017-01-08,211253
2017-01-09,228202
2017-01-10,266699
2017-01-11,249022
2017-01-12,238552
2017-01-13,225211
2017-01-14,200475
2017-01-15,194652
2017-01-16,219974
2017-01-17,239968
2017-01-18,246795
2017-01-19,245125
2017-01-20,243635
2017-01-21,215208
2017-01-22,194099
2017-01-23,195864
2017-01-24,236336
2017-01-25,254603
2017-01-26,260867
2017-01-27,214000
2017-01-28,205900
2017-01-29,199378
2017-01-30,208645
2017-01-31,264350
2017-02-01,287409
2017-02-02,215318
2017-02-03,276230
2017-02-04,240431
2017-02-05,241660
2017-02-06,194101
2017-02-07,275053
2017-02-08,259069
2017-02-09,289461
2017-02-10,253404
2017-02-11,220363
2017-02-12,198938
2017-02-13,239722
2017-02-14,261137
2017-02-15,247269
2017-02-16,237206
2017-02-17,268475
2017-02-18,237161
2017-02-19,210572
2017-02-20,239024
2017-02-21,239283
2017-02-22,243091
2017-02-23,275267
2017-02-24,292473
2017-02-25,267087
2017-02-26,217038
2017-02-27,245067
2017-02-28,270150
2017-03-01,262785
2017-03-02,279213
2017-03-03,288566
2017-03-04,228170
2017-03-05,238725
2017-03-06,243074
2017-03-07,270946
2017-03-08,251482
2017-03-09,255793
2017-03-10,260907
2017-03-11,239133
2017-03-12,186226
2017-03-13,229561
2017-03-14,259062
2017-03-15,242242
2017-03-16,267198
2017-03-17,237177
2017-03-18,220876
2017-03-19,224609
2017-03-20,231409
2017-03-21,238772
2017-03-22,257186
2017-03-23,235369
2017-03-24,224321
2017-03-25,201442
2017-03-26,181600
2017-03-27,195548
2017-03-28,245807
2017-03-29,238416
2017-03-30,229153
2017-03-31,218247
2017-04-01,213371
2017-04-02,194596
2017-04-03,230587
2017-04-04,214967
2017-04-05,261232
2017-04-06,239197
2017-04-07,235588
2017-04-08,187514
2017-04-09,195158
2017-04-10,226604
2017-04-11,249613
2017-04-12,230671
2017-04-13,191660
2017-04-14,245784
2017-04-15,222698
2017-04-16,175867
2017-04-17,207624
2017-04-18,253867
2017-04-19,261295
2017-04-20,225953
2017-04-21,277953
2017-04-22,221304
2017-04-23,205725
2017-04-24,190594
2017-04-25,278660
2017-04-26,283086
2017-04-27,256121
2017-04-28,263246
2017-04-29,283128
2017-04-30,228943
2017-05-01,242944
2017-05-02,278960
2017-05-03,253530
2017-05-04,303612
2017-05-05,230080
2017-05-06,309580
2017-05-07,266499
2017-05-08,307721
2017-05-09,276697
2017-05-10,256233
2017-05-11,249185
2017-05-12,269011
2017-05-13,279452
2017-05-14,313825
2017-05-15,277526
2017-05-16,194099
2017-05-17,261854
2017-05-18,245752
2017-05-19,266357
2017-05-20,295799
2017-05-21,278625
2017-05-22,280147
2017-05-23,312637
2017-05-24,283923
2017-05-25,301411
2017-05-26,293859
2017-05-27,287417
2017-05-28,264949
2017-05-29,275732
2017-05-30,296637
2017-05-31,272623
2017-06-01,270206
2017-06-02,229739
2017-06-03,251794
2017-06-04,221919
2017-06-05,235792
2017-06-06,246761
2017-06-07,283649
2017-06-08,258597
2017-06-09,237225
2017-06-10,214230
2017-06-11,186861
2017-06-12,223429
2017-06-13,245257
2017-06-14,239602
2017-06-15,244620
2017-06-16,224528
2017-06-17,196991
2017-06-18,174118
2017-06-19,215937
2017-06-20,221392
2017-06-21,231792
2017-06-22,220644
2017-06-23,211530
2017-06-24,185627
2017-06-25,147328
2017-06-26,211662
2017-06-27,216805
2017-06-28,226904
2017-06-29,192894
2017-06-30,222026
2017-07-01,178357
2017-07-02,153403
2017-07-03,202477
2017-07-04,211786
2017-07-05,197251
2017-07-06,189211
2017-07-07,204692
2017-07-08,180762
2017-07-09,158044
2017-07-10,206351
2017-07-11,219545
2017-07-12,213393
2017-07-13,206589
2017-07-14,191234
2017-07-15,186329
2017-07-16,166423
2017-07-17,191498
2017-07-18,216171
2017-07-19,212465
2017-07-20,189182
2017-07-21,225646
2017-07-22,176182
2017-07-23,147240
2017-07-24,194540
2017-07-25,204678
2017-07-26,199495
2017-07-27,184821
2017-07-28,202666
2017-07-29,174592
2017-07-30,152613
2017-07-31,200257
2017-08-01,113273
2017-08-02,178004
2017-08-03,179229
2017-08-04,188920
2017-08-05,193652
2017-08-06,162714
2017-08-07,202119
2017-08-08,226250
2017-08-09,221703
2017-08-10,215912
2017-08-11,231312
2017-08-12,218708
2017-08-13,214607
2017-08-14,215075
2017-08-15,263569
2017-08-16,234717
2017-08-17,278763
2017-08-18,233649
2017-08-19,218963
2017-08-20,177681
2017-08-21,199100
2017-08-22,169832
2017-08-23,269831
2017-08-24,170877
2017-08-25,179147
2017-08-26,193599
2017-08-27,207231
2017-08-28,190851
2017-08-29,231355
2017-08-30,219018
2017-08-31,230476
2017-09-01,227747
2017-09-02,195409
2017-09-03,159354
2017-09-04,218458
2017-09-05,225776
2017-09-06,230152
2017-09-07,210786
2017-09-08,229131
2017-09-09,180858
2017-09-10,163371
2017-09-11,207689
2017-09-12,207514
2017-09-13,215526
2017-09-14,221420
2017-09-15,240291
2017-09-16,190763
2017-09-17,164306
2017-09-18,186260
2017-09-19,237970
2017-09-20,199909
2017-09-21,208450
2017-09-22,190861
2017-09-23,170938
2017-09-24,157567
2017-09-25,190864
2017-09-26,221662
2017-09-27,212876
2017-09-28,224773
2017-09-29,209503
2017-09-30,179013
2017-10-01,173217
2017-10-02,249394
2017-10-03,235162
2017-10-04,197754
2017-10-05,233611
2017-10-06,240683
2017-10-07,195012
2017-10-08,197975
2017-10-09,247145
2017-10-10,255474
2017-10-11,246029
2017-10-12,244166
2017-10-13,261528
2017-10-14,250595
2017-10-15,238867
2017-10-16,262784
2017-10-17,279886
2017-10-18,276180
2017-10-19,294123
2017-10-20,256459
2017-10-21,259464
2017-10-22,234489
2017-10-23,266946
2017-10-24,289082
2017-10-25,260624
2017-10-26,220725
2017-10-27,214517
2017-10-28,181671
2017-10-29,281675
2017-10-30,270848
2017-10-31,238067
2017-11-01,297509
2017-11-02,291537
2017-11-03,243497
2017-11-04,254856
2017-11-05,216491
2017-11-06,235283
2017-11-07,288674
2017-11-08,258002
2017-11-09,293451
2017-11-10,234799
2017-11-11,171781
2017-11-12,169117
2017-11-13,269476
2017-11-14,240018
2017-11-15,277974
2017-11-16,265450
2017-11-17,254210
2017-11-18,233854
2017-11-19,227056
2017-11-20,280494
2017-11-21,292602
2017-11-22,260873
2017-11-23,296429
2017-11-24,257225
2017-11-25,280965
2017-11-26,281710
2017-11-27,323403
2017-11-28,312731
2017-11-29,336635
2017-11-30,330796
2017-12-01,327810
2017-12-02,260275
2017-12-03,290812
2017-12-04,338630
2017-12-05,337243
2017-12-06,373812
2017-12-07,325896
2017-12-08,341532
2017-12-09,354216
2017-12-10,300352
2017-12-11,320014
2017-12-12,325097
2017-12-13,367590
2017-12-14,421868
2017-12-15,350601
2017-12-16,309644
2017-12-17,332460
2017-12-18,331598
2017-12-19,330989
2017-12-20,322786
2017-12-21,293296
2017-12-22,327905
2017-12-23,263172
2017-12-24,240485
2017-12-25,194021
2017-12-26,206528
2017-12-27,257044
2017-12-28,257110
2017-12-29,292624
2017-12-30,294715
2017-12-31,244083
2018-01-01,207081
2018-01-02,283305
2018-01-03,338277
2018-01-04,369577
2018-01-05,294732
2018-01-06,305307
2018-01-07,318045
2018-01-08,291603
2018-01-09,304171
2018-01-10,288375
2018-01-11,274428
2018-01-12,243567
2018-01-13,217904
2018-01-14,195608
2018-01-15,226894
2018-01-16,247916
2018-01-17,256185
2018-01-18,247962
2018-01-19,203311
2018-01-20,199255
2018-01-21,181825
2018-01-22,199739
2018-01-23,199903
2018-01-24,205204
2018-01-25,196891
2018-01-26,181915
2018-01-27,160871
2018-01-28,176939
2018-01-29,197270
2018-01-30,197295
2018-01-31,176149
2018-02-01,215505
2018-02-02,191024
2018-02-03,160352
2018-02-04,144184
2018-02-05,175924
2018-02-06,198644
2018-02-07,179280
2018-02-08,148654
2018-02-09,149545
2018-02-10,154367
2018-02-11,125173
2018-02-12,158060
2018-02-13,153895
2018-02-14,164431
2018-02-15,171416
2018-02-16,158130
2018-02-17,148737
2018-02-18,136475
2018-02-19,161471
2018-02-20,171385
2018-02-21,169716
2018-02-22,158947
2018-02-23,158737
2018-02-24,130577
2018-02-25,119846
2018-02-26,156699
2018-02-27,182873
2018-02-28,160290
2018-03-01,195777
2018-03-02,165529
2018-03-03,149364
2018-03-04,139416
2018-03-05,174634
2018-03-06,178164
2018-03-07,183220
2018-03-08,167742
2018-03-09,167974
2018-03-10,135773
2018-03-11,129950
2018-03-12,163003
2018-03-13,171080
2018-03-14,163563
2018-03-15,175750
2018-03-16,160121
2018-03-17,134238
2018-03-18,139446
2018-03-19,161951
2018-03-20,167968
2018-03-21,165413
2018-03-22,158389
2018-03-23,153294
2018-03-24,133436
2018-03-25,117251
2018-03-26,159060
2018-03-27,155790
2018-03-28,152712
2018-03-29,162819
2018-03-30,157068
2018-03-31,127501
2018-04-01,114994
2018-04-02,141453
2018-04-03,166349
2018-04-04,157052
2018-04-05,153220
2018-04-06,149527
2018-04-07,131155
2018-04-08,115805
2018-04-09,149359
2018-04-10,154118
2018-04-11,155688
2018-04-12,174622
2018-04-13,178349
2018-04-14,138463
2018-04-15,148070
2018-04-16,167148
2018-04-17,170840
2018-04-18,167332
2018-04-19,176414
2018-04-20,174463
2018-04-21,164913
2018-04-22,144128
2018-04-23,185747
2018-04-24,211532
2018-04-25,181895
2018-04-26,183224
2018-04-27,180008
2018-04-28,175112
2018-04-29,148195
2018-04-30,177673
2018-05-01,167315
2018-05-02,179342
2018-05-03,191907
2018-05-04,187061
2018-05-05,171776
2018-05-06,147305
2018-05-07,173721
2018-05-08,186641
2018-05-09,173469
2018-05-10,175354
2018-05-11,178712
2018-05-12,151301
2018-05-13,132628
2018-05-14,176175
2018-05-15,180198
2018-05-16,171361
2018-05-17,164268
2018-05-18,176726
2018-05-19,144736
2018-05-20,133546
2018-05-21,167827
2018-05-22,168744
2018-05-23,179044
2018-05-24,170054
2018-05-25,162408
2018-05-26,134853
2018-05-27,122414
2018-05-28,160461
2018-05-29,172492
2018-05-30,169994
2018-05-31,173140
2018-06-01,172108
2018-06-02,148372
2018-06-03,134780
2018-06-04,170432
2018-06-05,178965
2018-06-06,173806
2018-06-07,170167
2018-06-08,168197
2018-06-09,144762
2018-06-10,149811
2018-06-11,175215
2018-06-12,175098
2018-06-13,170955
2018-06-14,171031
2018-06-15,168788
2018-06-16,131191
2018-06-17,120163
2018-06-18,161238
2018-06-19,158871
2018-06-20,167243
2018-06-21,160336
2018-06-22,167265
2018-06-23,135768
2018-06-24,127442
2018-06-25,163663
2018-06-26,157211
2018-06-27,158723
2018-06-28,155227
2018-06-29,164011
2018-06-30,147483
2018-07-01,128103
2018-07-02,162359
2018-07-03,184422
2018-07-04,171171
2018-07-05,165934
2018-07-06,167243
2018-07-07,141553
2018-07-08,129979
2018-07-09,170735
2018-07-10,179686
2018-07-11,166819
2018-07-12,168630
2018-07-13,174476
2018-07-14,146292
2018-07-15,133195
2018-07-16,173785
2018-07-17,191186
2018-07-18,192971
2018-07-19,185186
2018-07-20,187435
2018-07-21,155694
2018-07-22,138831
2018-07-23,189671
2018-07-24,216123
2018-07-25,206776
2018-07-26,191846
2018-07-27,189433
2018-07-28,160319
2018-07-29,143144
2018-07-30,194347
2018-07-31,202282
2018-08-01,200872
2018-08-02,186730
2018-08-03,191273
2018-08-04,159135
2018-08-05,144615
2018-08-06,184365
2018-08-07,192165
2018-08-08,193020
2018-08-09,184167
2018-08-10,184246
2018-08-11,157395
2018-08-12,136220
2018-08-13,182266
2018-08-14,205227
2018-08-15,202364
2018-08-16,192267
2018-08-17,191386
2018-08-18,155595
2018-08-19,140161
2018-08-20,177787
2018-08-21,181203
2018-08-22,189141
2018-08-23,178393
2018-08-24,180651
2018-08-25,162643
2018-08-26,140878
2018-08-27,180749
2018-08-28,198426
2018-08-29,198114
2018-08-30,193968
2018-08-31,196711
2018-09-01,176470
2018-09-02,158472
2018-09-03,187906
2018-09-04,197210
2018-09-05,208503
2018-09-06,213660
2018-09-07,193824
2018-09-08,170016
2018-09-09,159285
2018-09-10,188044
2018-09-11,199721
2018-09-12,191302
2018-09-13,195280
2018-09-14,188165
2018-09-15,177676
2018-09-16,150701
2018-09-17,201038
2018-09-18,201289
2018-09-19,199711
2018-09-20,200180
2018-09-21,220577
2018-09-22,183504
2018-09-23,161757
2018-09-24,189762
2018-09-25,202568
2018-09-26,199843
2018-09-27,202957
2018-09-28,204742
2018-09-29,175022
2018-09-30,166659
2018-10-01,195584
2018-10-02,204224
2018-10-03,199953
2018-10-04,195734
2018-10-05,201676
2018-10-06,178522
2018-10-07,179744
2018-10-08,202440
2018-10-09,191231
2018-10-10,198763
2018-10-11,211450
2018-10-12,200589
2018-10-13,168240
2018-10-14,159188
2018-10-15,212271
2018-10-16,208124
2018-10-17,209717
2018-10-18,201508
2018-10-19,203317
2018-10-20,178091
2018-10-21,162331
2018-10-22,202068
2018-10-23,203776
2018-10-24,210702
2018-10-25,205660
2018-10-26,207177
2018-10-27,178450
2018-10-28,165655
2018-10-29,211751
2018-10-30,218424
2018-10-31,216342
2018-11-01,213936
2018-11-02,228850
2018-11-03,187159
2018-11-04,171386
2018-11-05,226592
2018-11-06,223159
2018-11-07,230410
2018-11-08,219108
2018-11-09,225246
2018-11-10,195458
2018-11-11,178157
2018-11-12,225056
2018-11-13,220005
2018-11-14,233710
2018-11-15,238718
2018-11-16,230264
2018-11-17,192707
2018-11-18,173260
2018-11-19,206993
2018-11-20,240826
2018-11-21,214623
2018-11-22,213115
2018-11-23,215732
2018-11-24,175284
2018-11-25,178623
2018-11-26,205192
2018-11-27,200068
2018-11-28,202334
2018-11-29,201503
2018-11-30,200644
2018-12-01,174481
2018-12-02,150570
2018-12-03,180304
2018-12-04,201700
2018-12-05,183396
2018-12-06,202754
2018-12-07,199056
2018-12-08,160017
2018-12-09,153300
2018-12-10,186890
2018-12-11,184900
2018-12-12,191090
2018-12-13,188468
2018-12-14,193934
2018-12-15,166985
2018-12-16,151850
2018-12-17,199420
2018-12-18,202145
2018-12-19,216333
2018-12-20,207515
2018-12-21,206813
2018-12-22,164060
2018-12-23,152965
2018-12-24,183428
2018-12-25,155217
2018-12-26,169978
2018-12-27,186077
2018-12-28,197985
2018-12-29,179886
2018-12-30,160357
2018-12-31,163439
2019-01-01,134555
2019-01-02,179793
2019-01-03,195143
2019-01-04,191299
2019-01-05,166946
2019-01-06,165760
2019-01-07,197753
2019-01-08,203575
2019-01-09,200847
2019-01-10,212944
2019-01-11,203059
2019-01-12,175161
2019-01-13,159938
2019-01-14,198801
2019-01-15,207539
2019-01-16,212057
2019-01-17,204812
2019-01-18,206502
2019-01-19,174152
2019-01-20,164900
2019-01-21,195621
2019-01-22,202382
2019-01-23,200831
2019-01-24,209133
2019-01-25,210757
2019-01-26,182645
2019-01-27,169287
2019-01-28,215604
2019-01-29,211806
2019-01-30,208268
2019-01-31,219784
2019-02-01,215699
2019-02-02,181315
2019-02-03,169656
2019-02-04,198577
2019-02-05,221453
2019-02-06,214684
2019-02-07,211028
2019-02-08,217179
2019-02-09,188062
2019-02-10,164606
2019-02-11,205128
2019-02-12,216400
2019-02-13,254325
2019-02-14,211306
2019-02-15,202651
2019-02-16,193347
2019-02-17,168437
2019-02-18,216849
2019-02-19,233531
2019-02-20,230697
2019-02-21,215611
2019-02-22,238068
2019-02-23,195516
2019-02-24,193545
2019-02-25,221608
2019-02-26,233214
2019-02-27,229887
2019-02-28,231343
2019-03-01,229604
2019-03-02,200610
2019-03-03,185400
2019-03-04,224068
2019-03-05,234414
2019-03-06,231878
2019-03-07,235072
2019-03-08,238818
2019-03-09,200556
2019-03-10,178824
2019-03-11,244928
2019-03-12,236178
2019-03-13,236264
2019-03-14,241913
2019-03-15,243108
2019-03-16,214094
2019-03-17,187392
2019-03-18,236505
2019-03-19,249556
2019-03-20,250053
2019-03-21,250414
2019-03-22,246822
2019-03-23,208482
2019-03-24,190193
2019-03-25,244555
2019-03-26,236873
2019-03-27,270844
2019-03-28,259908
2019-03-29,245371
2019-03-30,232158
2019-03-31,209352
2019-04-01,232710
2019-04-02,306125
2019-04-03,284571
2019-04-04,283386
2019-04-05,282109
2019-04-06,217313
2019-04-07,204182
2019-04-08,271944
2019-04-09,258736
2019-04-10,263792
2019-04-11,257744
2019-04-12,248290
2019-04-13,203252
2019-04-14,194034
2019-04-15,262653
2019-04-16,251857
2019-04-17,253855
2019-04-18,258921
2019-04-19,235715
2019-04-20,198002
2019-04-21,195483
2019-04-22,232239
2019-04-23,245307
2019-04-24,300258
2019-04-25,258670
2019-04-26,258834
2019-04-27,209432
2019-04-28,202078
2019-04-29,258513
2019-04-30,268297
2019-05-01,256347
2019-05-02,258915
2019-05-03,272428
2019-05-04,225360
2019-05-05,216371
2019-05-06,266412
2019-05-07,265399
2019-05-08,311122
2019-05-09,290119
2019-05-10,267141
2019-05-11,282824
2019-05-12,260950
2019-05-13,297808
2019-05-14,297493
2019-05-15,302460
2019-05-16,312969
2019-05-17,298383
2019-05-18,291345
2019-05-19,241585
2019-05-20,288487
2019-05-21,309060
2019-05-22,307185
2019-05-23,291896
2019-05-24,292757
2019-05-25,244747
2019-05-26,216466
2019-05-27,299222
2019-05-28,304788
2019-05-29,306679
2019-05-30,289137
2019-05-31,252884
2019-06-01,267760
2019-06-02,223330
2019-06-03,242658
2019-06-04,303134
2019-06-05,275754
2019-06-06,264425
2019-06-07,253746
2019-06-08,203249
2019-06-09,183687
2019-06-10,262758
2019-06-11,262711
2019-06-12,257457
2019-06-13,285864
2019-06-14,287066
2019-06-15,243268
2019-06-16,221736
2019-06-17,257660
2019-06-18,306063
2019-06-19,284332
2019-06-20,264378
2019-06-21,277874
2019-06-22,288613
2019-06-23,256024
2019-06-24,274812
2019-06-25,287578
2019-06-26,330092
2019-06-27,299635
2019-06-28,333403
2019-06-29,247036
2019-06-30,217214
2019-07-01,264272
2019-07-02,298466
2019-07-03,290074
2019-07-04,261745
2019-07-05,248743
2019-07-06,212065
2019-07-07,191480
2019-07-08,267634
2019-07-09,282298
2019-07-10,262918
2019-07-11,266782
2019-07-12,268930
2019-07-13,206375
2019-07-14,192383
2019-07-15,253922
2019-07-16,258054
2019-07-17,256642
2019-07-18,258312
2019-07-19,247097
2019-07-20,224007
2019-07-21,175424
2019-07-22,229141
2019-07-23,239198
2019-07-24,219013
2019-07-25,253131
2019-07-26,231382
2019-07-27,191161
2019-07-28,165366
2019-07-29,226321
2019-07-30,249661
2019-07-31,257509
2019-08-01,249947
2019-08-02,244021
2019-08-03,205773
2019-08-04,183194
2019-08-05,266516
2019-08-06,279867
2019-08-07,238631
2019-08-08,261171
2019-08-09,248583
2019-08-10,201260
2019-08-11,176844
2019-08-12,201804
2019-08-13,259015
2019-08-14,251426
2019-08-15,240706
2019-08-16,231962
2019-08-17,194983
2019-08-18,178403
2019-08-19,232924
2019-08-20,240438
2019-08-21,236752
2019-08-22,247350
2019-08-23,239134
2019-08-24,200399
2019-08-25,172817
2019-08-26,234592
2019-08-27,238884
2019-08-28,236775
2019-08-29,241925
2019-08-30,234839
2019-08-31,207567
2019-09-01,186794
2019-09-02,229906
2019-09-03,265730
2019-09-04,244898
2019-09-05,241251
2019-09-06,256787
2019-09-07,204055
2019-09-08,183902
2019-09-09,234352
2019-09-10,246411
2019-09-11,241205
2019-09-12,242388
2019-09-13,228401
2019-09-14,206961
2019-09-15,182870
2019-09-16,247220
2019-09-17,251119
2019-09-18,252477
2019-09-19,244917
2019-09-20,243193
2019-09-21,209326
2019-09-22,186580
2019-09-23,230439
2019-09-24,263093
2019-09-25,255032
2019-09-26,244813
2019-09-27,225919
2019-09-28,202037
2019-09-29,184947
2019-09-30,240215
2019-10-01,261066
2019-10-02,236549
2019-10-03,230330
2019-10-04,227875
2019-10-05,202616
2019-10-06,180831
2019-10-07,233284
2019-10-08,236363
2019-10-09,235964
2019-10-10,245803
2019-10-11,238532
2019-10-12,195306
2019-10-13,178082
2019-10-14,223617
2019-10-15,239985
2019-10-16,244594
2019-10-17,232443
2019-10-18,226157
2019-10-19,199048
2019-10-20,187252
2019-10-21,239053
2019-10-22,236201
2019-10-23,233504
2019-10-24,226983
2019-10-25,254160
2019-10-26,240868
2019-10-27,190476
2019-10-28,240939
2019-10-29,237882
2019-10-30,239757
2019-10-31,224783
2019-11-01,251384
2019-11-02,199813
2019-11-03,207685
2019-11-04,242251
2019-11-05,252208
2019-11-06,245328
2019-11-07,249016
2019-11-08,241503
2019-11-09,222573
2019-11-10,188295
2019-11-11,226233
2019-11-12,220598
2019-11-13,250690
2019-11-14,237781
2019-11-15,247640
2019-11-16,211023
2019-11-17,184499
