t,indicators_net_unrealized_profit_loss_account_based
2010-07-18,0.421777234006699
2010-07-19,0.380630887677207
2010-07-20,0.328545267553084
2010-07-21,0.365129740511423
2010-07-22,0.209535558687045
2010-07-23,0.191533453937073
2010-07-24,0.0762578553373183
2010-07-25,0.00154955665036754
2010-07-26,0.0987442116182296
2010-07-27,0.156029224065678
2010-07-28,0.141600575416491
2010-07-29,0.268872005543305
2010-07-30,0.211658930847896
2010-07-31,0.252323396401058
2010-08-01,0.168706505075555
2010-08-02,0.152637605998588
2010-08-03,0.151838780981434
2010-08-04,0.121205514314248
2010-08-05,0.164631543656373
2010-08-06,0.178729966745232
2010-08-07,0.13495223902977
2010-08-08,0.161445632670064
2010-08-09,0.278719135203664
2010-08-10,0.23577848922719
2010-08-11,0.232811037307682
2010-08-12,0.264957035801576
2010-08-13,0.200806542804356
2010-08-14,0.229763827054324
2010-08-15,0.20873831405477
2010-08-16,0.210023323808325
2010-08-17,0.260036966613189
2010-08-18,0.236894831600806
2010-08-19,0.221485543070427
2010-08-20,0.206630771516108
2010-08-21,0.216798023949275
2010-08-22,0.211347197092586
2010-08-23,0.197465422325451
2010-08-24,0.197872822319561
2010-08-25,0.194751660813512
2010-08-26,0.18408580085686
2010-08-27,0.195982347017898
2010-08-28,0.190525262834623
2010-08-29,0.182492642107117
2010-08-30,0.19445452885416
2010-08-31,0.127075940886487
2010-09-01,0.146999802899655
2010-09-02,0.169843411896567
2010-09-03,0.138929507995246
2010-09-04,0.159808589547014
2010-09-05,0.148303581314643
2010-09-06,0.148221893938137
2010-09-07,0.146657693192353
2010-09-08,0.146228380739644
2010-09-09,0.140111278555928
2010-09-10,0.149443735692274
2010-09-11,0.174084475292242
2010-09-12,0.144689107008806
2010-09-13,0.153663785550729
2010-09-14,0.150597162851268
2010-09-15,0.127620105207476
2010-09-16,0.146617252513384
2010-09-17,0.110480332303064
2010-09-18,0.13390482848487
2010-09-19,0.156932547839777
2010-09-20,0.148412670065144
2010-09-21,0.155460952145245
2010-09-22,0.146724175923313
2010-09-23,0.149864164906504
2010-09-24,0.147934732709956
2010-09-25,0.145106488317688
2010-09-26,0.147077665609372
2010-09-27,0.145997829048297
2010-09-28,0.139240972960755
2010-09-29,0.137921647740454
2010-09-30,0.138738504091252
2010-10-01,0.138445967570625
2010-10-02,0.130346315703823
2010-10-03,0.125986256666446
2010-10-04,0.128271791402885
2010-10-05,0.128456525027652
2010-10-06,0.149708316803307
2010-10-07,0.199685626632971
2010-10-08,0.372540729539742
2010-10-09,0.417219828138659
2010-10-10,0.428177527432899
2010-10-11,0.415828827135287
2010-10-12,0.413437751123725
2010-10-13,0.466614444159185
2010-10-14,0.44799900558864
2010-10-15,0.457093005399873
2010-10-16,0.431601420863467
2010-10-17,0.435329251261858
2010-10-18,0.435701517992358
2010-10-19,0.403581610823362
2010-10-20,0.411836196552961
2010-10-21,0.449830159511152
2010-10-22,0.443245664744747
2010-10-23,0.435971606500031
2010-10-24,0.479976051901772
2010-10-25,0.542788110592865
2010-10-26,0.591695744994178
2010-10-27,0.665393311436282
2010-10-28,0.623986953219242
2010-10-29,0.653620985688047
2010-10-30,0.665414649487463
2010-10-31,0.64938045319583
2010-11-01,0.652677389985395
2010-11-02,0.646038946237784
2010-11-03,0.641691127828263
2010-11-04,0.657811083320512
2010-11-05,0.723541372531168
2010-11-06,0.796219885749257
2010-11-07,0.766727484844697
2010-11-08,0.633427419879042
2010-11-09,0.572271626301675
2010-11-10,0.620084829287194
2010-11-11,0.595444164221493
2010-11-12,0.662298172234329
2010-11-13,0.668243542060525
2010-11-14,0.668377391631083
2010-11-15,0.647019139728683
2010-11-16,0.576985151143595
2010-11-17,0.613055641521988
2010-11-18,0.64017383921986
2010-11-19,0.646954308883589
2010-11-20,0.655393414449772
2010-11-21,0.644752306569541
2010-11-22,0.652752864433757
2010-11-23,0.649498760367523
2010-11-24,0.647221817846038
2010-11-25,0.640442855822245
2010-11-26,0.646405040727445
2010-11-27,0.642725518909117
2010-11-28,0.625832196316779
2010-11-29,0.563311193380507
2010-11-30,0.509759028260233
2010-12-01,0.551037119143915
2010-12-02,0.595462854495886
2010-12-03,0.587854331449624
2010-12-04,0.496291695175765
2010-12-05,0.466013527244191
2010-12-06,0.494464884477173
2010-12-07,0.561506674915126
2010-12-08,0.56378196397941
2010-12-09,0.456845364234431
2010-12-10,0.4873135139115
2010-12-11,0.540915891713909
2010-12-12,0.523400376006264
2010-12-13,0.542287404433113
2010-12-14,0.572076775171606
2010-12-15,0.557231819661343
2010-12-16,0.573607887720192
2010-12-17,0.554654354496513
2010-12-18,0.554887784519183
2010-12-19,0.551782865662461
2010-12-20,0.594042853707078
2010-12-21,0.542234364088934
2010-12-22,0.559479258404428
2010-12-23,0.5561284117584
2010-12-24,0.553989494595213
2010-12-25,0.556028636533216
2010-12-26,0.580053972289892
2010-12-27,0.579091636702555
2010-12-28,0.60161053854908
2010-12-29,0.621806819122438
2010-12-30,0.620150294375394
2010-12-31,0.61874878636687
2011-01-01,0.617287545771564
2011-01-02,0.614998918579345
2011-01-03,0.606721237857653
2011-01-04,0.61083905663567
2011-01-05,0.609422524599851
2011-01-06,0.607085931345797
2011-01-07,0.63244651987712
2011-01-08,0.633810019137337
2011-01-09,0.632351985061843
2011-01-10,0.632289668946987
2011-01-11,0.625284938117704
2011-01-12,0.614495690687146
2011-01-13,0.605375114190177
2011-01-14,0.683128660996777
2011-01-15,0.669746676757287
2011-01-16,0.667480563369104
2011-01-17,0.629022294699554
2011-01-18,0.585139065102401
2011-01-19,0.582348076844811
2011-01-20,0.662989494928228
2011-01-21,0.684905972892334
2011-01-22,0.699317734680241
2011-01-23,0.693450486444585
2011-01-24,0.674517998434725
2011-01-25,0.664724327971587
2011-01-26,0.663676678010024
2011-01-27,0.636338239390745
2011-01-28,0.645519951258146
2011-01-29,0.644835102862017
2011-01-30,0.673122384954822
2011-01-31,0.709158657735109
2011-02-01,0.766346183478541
2011-02-02,0.760852226195065
2011-02-03,0.751257279191825
2011-02-04,0.782764965429396
2011-02-05,0.801578961995044
2011-02-06,0.793452766478335
2011-02-07,0.783576254475407
2011-02-08,0.787698589383957
2011-02-09,0.81400488892814
2011-02-10,0.788881534416459
2011-02-11,0.803151278733111
2011-02-12,0.802145437066163
2011-02-13,0.793585825548541
2011-02-14,0.791338330386413
2011-02-15,0.783600942630863
2011-02-16,0.776829142195515
2011-02-17,0.777350440017411
2011-02-18,0.739067884724165
2011-02-19,0.751249152707777
2011-02-20,0.719801895765907
2011-02-21,0.713263479375269
2011-02-22,0.73195390648262
2011-02-23,0.729467345236578
2011-02-24,0.753111873313933
2011-02-25,0.728393520876682
2011-02-26,0.736879053751926
2011-02-27,0.710827094143676
2011-02-28,0.701229214181835
2011-03-01,0.683319247330559
2011-03-02,0.68845694887959
2011-03-03,0.686972212428085
2011-03-04,0.671424478092614
2011-03-05,0.672130281271007
2011-03-06,0.662775348268222
2011-03-07,0.661029030535363
2011-03-08,0.653409182357888
2011-03-09,0.65039615120187
2011-03-10,0.676720105203683
2011-03-11,0.654338057152579
2011-03-12,0.665507079259
2011-03-13,0.653731246697898
2011-03-14,0.65305335815966
2011-03-15,0.641413511565258
2011-03-16,0.633192988118754
2011-03-17,0.616276909830244
2011-03-18,0.611588770198022
2011-03-19,0.584590063236857
2011-03-20,0.570540085371376
2011-03-21,0.579302853065338
2011-03-22,0.605088821274892
2011-03-23,0.622443653318608
2011-03-24,0.625741470832078
2011-03-25,0.631710179248374
2011-03-26,0.615383391211487
2011-03-27,0.601314300638774
2011-03-28,0.586185405276067
2011-03-29,0.582084761945874
2011-03-30,0.580231200176506
2011-03-31,0.576402041501705
2011-04-01,0.569762753796239
2011-04-02,0.573559674701369
2011-04-03,0.571151126942119
2011-04-04,0.506559885990325
2011-04-05,0.527460514036098
2011-04-06,0.545951104593915
2011-04-07,0.553372456025076
2011-04-08,0.550051011008156
2011-04-09,0.547284417563522
2011-04-10,0.54076512777024
2011-04-11,0.559519906943446
2011-04-12,0.603481235622568
2011-04-13,0.634741522080235
2011-04-14,0.653803341531401
2011-04-15,0.64636420775216
2011-04-16,0.664023515470395
2011-04-17,0.68558261635195
2011-04-18,0.686120001192329
2011-04-19,0.693684672702074
2011-04-20,0.676674953069225
2011-04-21,0.691169750835058
2011-04-22,0.730744495610913
2011-04-23,0.766144483232525
2011-04-24,0.756341314929244
2011-04-25,0.747270941983899
2011-04-26,0.771786458862607
2011-04-27,0.781355593268662
2011-04-28,0.806366730813307
2011-04-29,0.812910322605265
2011-04-30,0.822034530993631
2011-05-01,0.7898483257408
2011-05-02,0.797221657400612
2011-05-03,0.803018079310885
2011-05-04,0.789955917031609
2011-05-05,0.782222926335489
2011-05-06,0.780452860606948
2011-05-07,0.789027228882634
2011-05-08,0.798198267918246
2011-05-09,0.790643534693562
2011-05-10,0.852322966990082
2011-05-11,0.83645924291207
2011-05-12,0.847648648714203
2011-05-13,0.863316967611175
2011-05-14,0.824548698566738
2011-05-15,0.814228147595645
2011-05-16,0.822903885169007
2011-05-17,0.79878973236573
2011-05-18,0.779845338771234
2011-05-19,0.781003285227798
2011-05-20,0.724133828106926
2011-05-21,0.760711311645472
2011-05-22,0.774655632134385
2011-05-23,0.782439535191484
2011-05-24,0.787417183974781
2011-05-25,0.808346540094736
2011-05-26,0.811382383337455
2011-05-27,0.78962367366136
2011-05-28,0.783571165657278
2011-05-29,0.782013390489219
2011-05-30,0.788389005657122
2011-05-31,0.783471004927575
2011-06-01,0.800248875554377
2011-06-02,0.816394973403692
2011-06-03,0.847717176329353
2011-06-04,0.876341545663233
2011-06-05,0.852362291978364
2011-06-06,0.834684318072306
2011-06-07,0.866195690892288
2011-06-08,0.872542476695584
2011-06-09,0.853528718736107
2011-06-10,0.805991359575659
2011-06-11,0.682023930025458
2011-06-12,0.724754150123084
2011-06-13,0.723960294170839
2011-06-14,0.699444419086586
2011-06-15,0.69591812114251
2011-06-16,0.642748890976105
2011-06-17,0.599039618194678
2011-06-18,0.619933409505592
2011-06-19,0.628496332880405
2011-06-20,0.627431949144662
2011-06-21,0.629523660978221
2011-06-22,0.630083660204121
2011-06-23,0.629998363660368
2011-06-24,0.63582074994366
2011-06-25,0.624432860596779
2011-06-26,0.582286443156945
2011-06-27,0.586957157161265
2011-06-28,0.591375426457205
2011-06-29,0.582019546462398
2011-06-30,0.559358937422551
2011-07-01,0.535690302640458
2011-07-02,0.535369527429235
2011-07-03,0.536105978947647
2011-07-04,0.483456812303083
2011-07-05,0.43779113073649
2011-07-06,0.513101771961973
2011-07-07,0.516504561048087
2011-07-08,0.496363515709167
2011-07-09,0.499229227905698
2011-07-10,0.503727394707593
2011-07-11,0.489751358085424
2011-07-12,0.482045967814752
2011-07-13,0.478759765402931
2011-07-14,0.480909253124079
2011-07-15,0.471871542403559
2011-07-16,0.468592609822506
2011-07-17,0.4453311393019
2011-07-18,0.491584883950973
2011-07-19,0.49368358917732
2011-07-20,0.493125025747749
2011-07-21,0.490219065806629
2011-07-22,0.493091835899315
2011-07-23,0.493483267257807
2011-07-24,0.502373792778951
2011-07-25,0.503144548672274
2011-07-26,0.496193268880378
2011-07-27,0.496337496758498
2011-07-28,0.480665432255963
2011-07-29,0.482178884394968
2011-07-30,0.481747084811084
2011-07-31,0.475844236907419
2011-08-01,0.458868277180415
2011-08-02,0.427530079941239
2011-08-03,0.248075775194032
2011-08-04,0.351751707817395
2011-08-05,0.282180783553243
2011-08-06,-0.0813661564373295
2011-08-07,0.15977211236068
2011-08-08,0.144153742806293
2011-08-09,0.286122024609596
2011-08-10,0.329924035266485
2011-08-11,0.290310592340917
2011-08-12,0.290471960831116
2011-08-13,0.335479153766694
2011-08-14,0.377809748754831
2011-08-15,0.396175561589427
2011-08-16,0.384646301636809
2011-08-17,0.385427727403141
2011-08-18,0.375815926112882
2011-08-19,0.42227548929705
2011-08-20,0.40788883999428
2011-08-21,0.400716875243795
2011-08-22,0.381970269247829
2011-08-23,0.378113414239663
2011-08-24,0.373630786690683
2011-08-25,0.277253005845186
2011-08-26,0.153796463076352
2011-08-27,0.241159483999284
2011-08-28,0.282508761171441
2011-08-29,0.275164743585068
2011-08-30,0.260628057207411
2011-08-31,0.207646019274242
2011-09-01,0.211701856944617
2011-09-02,0.248715159864066
2011-09-03,0.230521898870583
2011-09-04,0.207661811320825
2011-09-05,0.150363328144518
2011-09-06,0.0593896619839776
2011-09-07,0.100174819602655
2011-09-08,0.0170967001381041
2011-09-09,-0.257040242157696
2011-09-10,-0.344107140196998
2011-09-11,-0.0548042849747941
2011-09-12,-0.0114169456750683
2011-09-13,-0.0515526375229621
2011-09-14,-0.102909583742093
2011-09-15,-0.267034789445256
2011-09-16,-0.262832447044292
2011-09-17,-0.272978611684025
2011-09-18,-0.156860046203478
2011-09-19,-0.0975588459597696
2011-09-20,0.0106933203245114
2011-09-21,-0.0687320791447222
2011-09-22,-0.102657596912644
2011-09-23,-0.0857620211409349
2011-09-24,-0.102932965198181
2011-09-25,-0.130588141931689
2011-09-26,-0.229746917970004
2011-09-27,-0.270297401667361
2011-09-28,-0.268712585457637
2011-09-29,-0.247760647445542
2011-09-30,-0.161092324269945
2011-10-01,-0.187553286551834
2011-10-02,-0.190053257350127
2011-10-03,-0.182708094338857
2011-10-04,-0.197293848830479
2011-10-05,-0.215659703471129
2011-10-06,-0.250558869723697
2011-10-07,-0.384345960150599
2011-10-08,-0.474806926075465
2011-10-09,-0.433965023982142
2011-10-10,-0.451196229913127
2011-10-11,-0.455905625868114
2011-10-12,-0.401758092969091
2011-10-13,-0.447130846668301
2011-10-14,-0.465021994773291
2011-10-15,-0.5187988484387
2011-10-16,-0.619340889303211
2011-10-17,-1.20199681083072
2011-10-18,-1.40738093672457
2011-10-19,-1.56504203638316
2011-10-20,-1.43485185877626
2011-10-21,-1.22368653608619
2011-10-22,-0.758259985400792
2011-10-23,-0.80106026497406
2011-10-24,-1.24188044669782
2011-10-25,-1.04925918461874
2011-10-26,-1.03490776521238
2011-10-27,-0.900126404256787
2011-10-28,-0.778190378837702
2011-10-29,-0.56900414126916
2011-10-30,-0.733794603963725
2011-10-31,-0.744197221841921
2011-11-01,-0.802304489448347
2011-11-02,-0.733572866178722
2011-11-03,-0.774855432544267
2011-11-04,-0.804627716036206
2011-11-05,-0.892878652024972
2011-11-06,-0.8938731695571
2011-11-07,-0.86881379105619
2011-11-08,-0.846914669676991
2011-11-09,-0.844321210959777
2011-11-10,-0.902012772642676
2011-11-11,-0.765593546489427
2011-11-12,-0.789176410852292
2011-11-13,-0.815488576318147
2011-11-14,-1.52333472852729
2011-11-15,-1.33654554525131
2011-11-16,-0.987336463233397
2011-11-17,-1.22321061852926
2011-11-18,-1.32072906575061
2011-11-19,-1.2653908995747
2011-11-20,-1.26040664068863
2011-11-21,-1.16868139737404
2011-11-22,-1.13648809273315
2011-11-23,-1.12267258386923
2011-11-24,-1.04241375914597
2011-11-25,-0.990216105477751
2011-11-26,-0.998735534044278
2011-11-27,-0.994973385515482
2011-11-28,-0.920323540972902
2011-11-29,-0.763392752715761
2011-11-30,-0.668057429749311
2011-12-01,-0.592978091331145
2011-12-02,-0.586776719862979
2011-12-03,-0.745711669996336
2011-12-04,-0.726292349069241
2011-12-05,-0.71250039237137
2011-12-06,-0.650376826996692
2011-12-07,-0.625955498700873
2011-12-08,-0.626013980474006
2011-12-09,-0.647295178575101
2011-12-10,-0.592414704694935
2011-12-11,-0.499768520903704
2011-12-12,-0.530629262301136
2011-12-13,-0.49709844799098
2011-12-14,-0.556591358778634
2011-12-15,-0.515111925335821
2011-12-16,-0.517701806692309
2011-12-17,-0.517194017289478
2011-12-18,-0.520765089729812
2011-12-19,-0.378398258075333
2011-12-20,-0.225191472652628
2011-12-21,-0.257617607416325
2011-12-22,-0.250539650067232
2011-12-23,-0.242133445811879
2011-12-24,-0.242015534150773
2011-12-25,-0.158051832243923
2011-12-26,-0.226461980893556
2011-12-27,-0.192171929179049
2011-12-28,-0.17120083267334
2011-12-29,-0.17186840992067
2011-12-30,-0.154375138685195
2011-12-31,-0.039733047364449
2012-01-01,0.0681314766729321
2012-01-02,0.0581356563521471
2012-01-03,-0.0106035538547492
2012-01-04,0.117814449933651
2012-01-05,0.28747190008084
2012-01-06,0.251420376411541
2012-01-07,0.262690499190692
2012-01-08,0.293457929032836
2012-01-09,0.183803895311761
2012-01-10,0.213405917724433
2012-01-11,0.262965104897551
2012-01-12,0.232818060783886
2012-01-13,0.203533965912826
2012-01-14,0.240430236198402
2012-01-15,0.268411873074288
2012-01-16,0.225086181437504
2012-01-17,0.080890889587489
2012-01-18,0.129677358076429
2012-01-19,0.184184047781404
2012-01-20,0.189093228877437
2012-01-21,0.15274570090337
2012-01-22,0.169511462029832
2012-01-23,0.186495318910586
2012-01-24,0.171210401587273
2012-01-25,0.10853207618044
2012-01-26,0.0323423621281495
2012-01-27,0.0246616318092865
2012-01-28,0.0919522457930292
2012-01-29,0.046655066586711
2012-01-30,0.0642565532491863
2012-01-31,0.0634676478819785
2012-02-01,0.153467610778008
2012-02-02,0.157547316433973
2012-02-03,0.135035958589067
2012-02-04,0.122689760066481
2012-02-05,0.0880013465017903
2012-02-06,0.0554803783026621
2012-02-07,0.0929660971560323
2012-02-08,0.0909676284618963
2012-02-09,0.118126116109632
2012-02-10,0.131504387411176
2012-02-11,0.0794363871600241
2012-02-12,0.0643654295957993
2012-02-13,0.0444185639004038
2012-02-14,-0.147675070391009
2012-02-15,-0.156969414743217
2012-02-16,-0.192897471216413
2012-02-17,-0.162411277068845
2012-02-18,-0.176260172348191
2012-02-19,-0.149188776990826
2012-02-20,-0.14695671302026
2012-02-21,-0.165071148666467
2012-02-22,-0.12624615588324
2012-02-23,0.00207235048291248
2012-02-24,0.00370121742561824
2012-02-25,-0.0507775733581328
2012-02-26,-0.0177897801276518
2012-02-27,-0.0112839695656176
2012-02-28,-0.0314926683841403
2012-02-29,-0.026736474942057
2012-03-01,-0.0144399440807544
2012-03-02,-0.0571383340453363
2012-03-03,-0.0735413508270163
2012-03-04,-0.0318550244985901
2012-03-05,-0.0355628200048992
2012-03-06,0.00275152965752664
2012-03-07,-0.0116955130676353
2012-03-08,-0.0098744201950429
2012-03-09,-0.0237500065225818
2012-03-10,-0.0286815372044874
2012-03-11,-0.016365515087591
2012-03-12,-0.0149170079365047
2012-03-13,0.0565539270159574
2012-03-14,0.0746721718545686
2012-03-15,0.0673513082439879
2012-03-16,0.0646709537686092
2012-03-17,0.0356808379750341
2012-03-18,0.0499985693675725
2012-03-19,-0.0680277556412185
2012-03-20,-0.0307715194923635
2012-03-21,-0.0348720467538754
2012-03-22,-0.0449348006103243
2012-03-23,-0.064510090109739
2012-03-24,-0.0627966554394645
2012-03-25,-0.0889427202120867
2012-03-26,-0.0628439542157756
2012-03-27,-0.0288329394661341
2012-03-28,-0.0288355474754889
2012-03-29,-0.0368782877323801
2012-03-30,-0.00266156175336017
2012-03-31,0.00446159777517432
2012-04-01,-0.0148398312888414
2012-04-02,0.021799052770796
2012-04-03,0.0199516179944664
2012-04-04,0.00376466982058594
2012-04-05,0.0133845921840703
2012-04-06,0.0143182862707239
2012-04-07,-0.0307775155942811
2012-04-08,-0.0147124242314704
2012-04-09,-0.00861650981605411
2012-04-10,-0.00538335649167482
2012-04-11,0.00731821041838418
2012-04-12,0.00745652364910895
2012-04-13,0.00926443625749189
2012-04-14,0.0137161749456828
2012-04-15,0.0207577157669041
2012-04-16,0.015083059287338
2012-04-17,0.0202392771363801
2012-04-18,0.0507564993402774
2012-04-19,0.0442365304637784
2012-04-20,0.0898672063687043
2012-04-21,0.0663510919672208
2012-04-22,0.0585282550890952
2012-04-23,0.0472139020338792
2012-04-24,0.0335541455333859
2012-04-25,0.0495559820382358
2012-04-26,0.038354902176837
2012-04-27,0.0396087211654511
2012-04-28,0.0145490206206933
2012-04-29,-0.00258823625853116
2012-04-30,0.0101948472994382
2012-05-01,0.0223818555032925
2012-05-02,0.0286799642468109
2012-05-03,0.0424459462284722
2012-05-04,0.0404221458638365
2012-05-05,0.0305707893924068
2012-05-06,0.0344648767530468
2012-05-07,0.0339343057841139
2012-05-08,0.0338089834012888
2012-05-09,0.0213686891816604
2012-05-10,0.0181213443988783
2012-05-11,0.0164961878271372
2012-05-12,0.0126732458052862
2012-05-13,0.010043166432278
2012-05-14,0.0258866073850817
2012-05-15,0.0256897616100336
2012-05-16,0.0354392282177497
2012-05-17,0.0434663773223637
2012-05-18,0.0512742545267198
2012-05-19,0.0490377585920443
2012-05-20,0.0503837883688854
2012-05-21,0.0516578849843615
2012-05-22,0.0519943228827963
2012-05-23,0.0594736424301283
2012-05-24,0.0590694933224246
2012-05-25,0.0617729290447246
2012-05-26,0.0583417358081441
2012-05-27,0.0582727502209957
2012-05-28,0.0641993669793984
2012-05-29,0.0665839606968329
2012-05-30,0.0639912579424857
2012-05-31,0.0758098894617728
2012-06-01,0.0884811804889064
2012-06-02,0.0638303114653745
2012-06-03,0.0809505555232651
2012-06-04,0.0885040878962456
2012-06-05,0.112243482992721
2012-06-06,0.113620482171802
2012-06-07,0.140249042692229
2012-06-08,0.145187885083806
2012-06-09,0.133244421915565
2012-06-10,0.118162323118852
2012-06-11,0.137086070029645
2012-06-12,0.15739317823905
2012-06-13,0.18132590091994
2012-06-14,0.186618879273182
2012-06-15,0.258732390104362
2012-06-16,0.244280446131016
2012-06-17,0.207615538712686
2012-06-18,0.22389859767274
2012-06-19,0.246780903842986
2012-06-20,0.268165323660888
2012-06-21,0.265774770291348
2012-06-22,0.246859653070423
2012-06-23,0.236055931686249
2012-06-24,0.225039001712059
2012-06-25,0.219317577901423
2012-06-26,0.235338959521213
2012-06-27,0.256205514898646
2012-06-28,0.249238153581008
2012-06-29,0.258361005302668
2012-06-30,0.259978989922231
2012-07-01,0.251634618067921
2012-07-02,0.26601543456949
2012-07-03,0.230673439274165
2012-07-04,0.237488160492342
2012-07-05,0.253692242005277
2012-07-06,0.256089114458158
2012-07-07,0.272354805216741
2012-07-08,0.268131261683182
2012-07-09,0.282913920993337
2012-07-10,0.31359463669355
2012-07-11,0.310214979023526
2012-07-12,0.358378609900636
2012-07-13,0.34851370101429
2012-07-14,0.346034750504508
2012-07-15,0.349535763714085
2012-07-16,0.408857516559186
2012-07-17,0.423679389383558
2012-07-18,0.443707823618178
2012-07-19,0.425925127700692
2012-07-20,0.40276117005549
2012-07-21,0.421627412477472
2012-07-22,0.398144680887581
2012-07-23,0.402645731218683
2012-07-24,0.398643911247278
2012-07-25,0.412442613048572
2012-07-26,0.411303245276236
2012-07-27,0.413973602567011
2012-07-28,0.412389746730349
2012-07-29,0.396826186614996
2012-07-30,0.424676332557144
2012-07-31,0.43878995383883
2012-08-01,0.446206045352328
2012-08-02,0.486359867967114
2012-08-03,0.505726835871402
2012-08-04,0.501212341489992
2012-08-05,0.498228866897862
2012-08-06,0.500832879109124
2012-08-07,0.497183655756724
2012-08-08,0.502853079122897
2012-08-09,0.501877472927893
2012-08-10,0.514856432658469
2012-08-11,0.51697330719551
2012-08-12,0.520060602723699
2012-08-13,0.531397262381617
2012-08-14,0.537139235164968
2012-08-15,0.569808428607789
2012-08-16,0.574915162078937
2012-08-17,0.494670796085056
2012-08-18,0.493975709376412
2012-08-19,0.274614219178484
2012-08-20,0.413018909771564
2012-08-21,0.413737256608047
2012-08-22,0.402893648937716
2012-08-23,0.421762395631939
2012-08-24,0.4482403572891
2012-08-25,0.443910352804769
2012-08-26,0.444320708223751
2012-08-27,0.448816770486029
2012-08-28,0.452691581391893
2012-08-29,0.445659678771504
2012-08-30,0.439042639336083
2012-08-31,0.401662862970032
2012-09-01,0.396531066877208
2012-09-02,0.408493124474825
2012-09-03,0.42430804538146
2012-09-04,0.416750917795528
2012-09-05,0.449052102265322
2012-09-06,0.454256523231584
2012-09-07,0.446271954679573
2012-09-08,0.446102395408212
2012-09-09,0.442401456938457
2012-09-10,0.441799569734737
2012-09-11,0.44479239076709
2012-09-12,0.447414415144735
2012-09-13,0.447234292382977
2012-09-14,0.464949195829104
2012-09-15,0.46319323807499
2012-09-16,0.469448019723004
2012-09-17,0.470640246119995
2012-09-18,0.48552067859182
2012-09-19,0.490933885808884
2012-09-20,0.479023818622756
2012-09-21,0.478358070829877
2012-09-22,0.471808399046965
2012-09-23,0.467627398290458
2012-09-24,0.462339985329864
2012-09-25,0.462120210186406
2012-09-26,0.471224392286657
2012-09-27,0.468872150145108
2012-09-28,0.459099349253337
2012-09-29,0.470803022112026
2012-09-30,0.468245794213336
2012-10-01,0.467761340556721
2012-10-02,0.481749326617102
2012-10-03,0.471941396013591
2012-10-04,0.475996139650019
2012-10-05,0.473191077551536
2012-10-06,0.465496716135464
2012-10-07,0.433177822798961
2012-10-08,0.426853675476431
2012-10-09,0.435488384652024
2012-10-10,0.443887595446297
2012-10-11,0.444274014888766
2012-10-12,0.435658416791467
2012-10-13,0.432552619733067
2012-10-14,0.421385521208105
2012-10-15,0.428113501323947
2012-10-16,0.432286626554092
2012-10-17,0.430735710193337
2012-10-18,0.432423023726575
2012-10-19,0.423248651807814
2012-10-20,0.418066521117647
2012-10-21,0.416380098478843
2012-10-22,0.4196446189959
2012-10-23,0.417918446788693
2012-10-24,0.411544306883696
2012-10-25,0.365280338556419
2012-10-26,0.324940853354105
2012-10-27,0.344562339910036
2012-10-28,0.363645659844028
2012-10-29,0.355144353447433
2012-10-30,0.36954730623792
2012-10-31,0.383309169555093
2012-11-01,0.35664100119942
2012-11-02,0.355354026459592
2012-11-03,0.358530253305446
2012-11-04,0.370323127647379
2012-11-05,0.363950556772685
2012-11-06,0.370668352805639
2012-11-07,0.372476358414224
2012-11-08,0.367300631088967
2012-11-09,0.368130243132986
2012-11-10,0.371070924261559
2012-11-11,0.350448313470481
2012-11-12,0.376296733382714
2012-11-13,0.370268075695886
2012-11-14,0.373382067785908
2012-11-15,0.385964099890279
2012-11-16,0.413279970609593
2012-11-17,0.411056989175763
2012-11-18,0.404949737596972
2012-11-19,0.408680841159016
2012-11-20,0.40917603028315
2012-11-21,0.4053483615123
2012-11-22,0.435199983341714
2012-11-23,0.432446088092813
2012-11-24,0.434446101480258
2012-11-25,0.438565666805021
2012-11-26,0.423532147361454
2012-11-27,0.41759013068298
2012-11-28,0.426727228517242
2012-11-29,0.432450163826001
2012-11-30,0.434575150743109
2012-12-01,0.433198956670183
2012-12-02,0.429772524775978
2012-12-03,0.438657714096846
2012-12-04,0.466340450322098
2012-12-05,0.456131467593151
2012-12-06,0.460976523115359
2012-12-07,0.461570982122403
2012-12-08,0.465164296626336
2012-12-09,0.455177587957501
2012-12-10,0.460165453416272
2012-12-11,0.46344896488659
2012-12-12,0.463157825091008
2012-12-13,0.465719100676833
2012-12-14,0.459616290975313
2012-12-15,0.45532239492373
2012-12-16,0.450278018512741
2012-12-17,0.4434770595274
2012-12-18,0.443168264937342
2012-12-19,0.454086343846189
2012-12-20,0.451798082436502
2012-12-21,0.448857691039731
2012-12-22,0.444952937890635
2012-12-23,0.443367616285809
2012-12-24,0.446370998125698
2012-12-25,0.444244818096071
2012-12-26,0.446780443811519
2012-12-27,0.445187913391841
2012-12-28,0.446075765027548
2012-12-29,0.444633854919573
2012-12-30,0.446419943462688
2012-12-31,0.447635990723024
2013-01-01,0.435046429446954
2013-01-02,0.425752655560168
2013-01-03,0.433169312326885
2013-01-04,0.430908105858097
2013-01-05,0.430335353294405
2013-01-06,0.430503939525551
2013-01-07,0.432263192053657
2013-01-08,0.443574266795379
2013-01-09,0.44630276040141
2013-01-10,0.460981782552742
2013-01-11,0.459817935054551
2013-01-12,0.454565692522465
2013-01-13,0.443780488332169
2013-01-14,0.456913259512507
2013-01-15,0.465004736583942
2013-01-16,0.47108603484638
2013-01-17,0.503046979306482
2013-01-18,0.504479232772998
2013-01-19,0.501052380403177
2013-01-20,0.500361893442269
2013-01-21,0.529959863491351
2013-01-22,0.545247530813854
2013-01-23,0.546548589989492
2013-01-24,0.536328014762074
2013-01-25,0.540837068346675
2013-01-26,0.535891501758757
2013-01-27,0.53641744472146
2013-01-28,0.563139855080825
2013-01-29,0.573607440198435
2013-01-30,0.570232303868325
2013-01-31,0.585451386178663
2013-02-01,0.577058559214336
2013-02-02,0.56167927297801
2013-02-03,0.570252688866332
2013-02-04,0.568671780401538
2013-02-05,0.571531886407618
2013-02-06,0.576466880169061
2013-02-07,0.589964144079581
2013-02-08,0.599237941246014
2013-02-09,0.607644495663116
2013-02-10,0.613983854988807
2013-02-11,0.615994921003889
2013-02-12,0.631732349683058
2013-02-13,0.623856873513311
2013-02-14,0.653220094020054
2013-02-15,0.642680150316033
2013-02-16,0.644923487167539
2013-02-17,0.635918931288906
2013-02-18,0.63200958970045
2013-02-19,0.659187746905236
2013-02-20,0.662243536092203
2013-02-21,0.658312920546805
2013-02-22,0.659174043780142
2013-02-23,0.649933617130149
2013-02-24,0.647751308012628
2013-02-25,0.646397466245162
2013-02-26,0.65089613756432
2013-02-27,0.651856658822563
2013-02-28,0.666583549621755
2013-03-01,0.673054078336299
2013-03-02,0.666429649185224
2013-03-03,0.666372390057346
2013-03-04,0.683412081463995
2013-03-05,0.708583392044466
2013-03-06,0.703776510109991
2013-03-07,0.694121877656337
2013-03-08,0.7057592342907
2013-03-09,0.715831990779372
2013-03-10,0.708043374531866
2013-03-11,0.722359516546485
2013-03-12,0.696813364303592
2013-03-13,0.707601773029264
2013-03-14,0.703993281215869
2013-03-15,0.701656123441184
2013-03-16,0.696821786171894
2013-03-17,0.697537027118418
2013-03-18,0.71498745234833
2013-03-19,0.748928258100343
2013-03-20,0.764703795691645
2013-03-21,0.776684123389047
2013-03-22,0.759612530035845
2013-03-23,0.734575442759534
2013-03-24,0.754480291344618
2013-03-25,0.760817672637474
2013-03-26,0.768891541438531
2013-03-27,0.785256338312027
2013-03-28,0.774929636481022
2013-03-29,0.771802194171333
2013-03-30,0.770354550984832
2013-03-31,0.776060780670844
2013-04-01,0.782303424801545
2013-04-02,0.795413464220854
2013-04-03,0.802730773853637
2013-04-04,0.7986332575504
2013-04-05,0.793360407873439
2013-04-06,0.78897223977472
2013-04-07,0.81253845103943
2013-04-08,0.820852209979317
2013-04-09,0.832718706914251
2013-04-10,0.736779296443279
2013-04-11,0.505417933349489
2013-04-12,0.641113448727497
2013-04-13,0.608367744931295
2013-04-14,0.584023158449083
2013-04-15,0.490181501661511
2013-04-16,0.453119794042527
2013-04-17,0.585216206162271
2013-04-18,0.647177087105667
2013-04-19,0.676498518891385
2013-04-20,0.694459543809123
2013-04-21,0.667931999869598
2013-04-22,0.681219053189844
2013-04-23,0.707540661666834
2013-04-24,0.722028423111045
2013-04-25,0.693317760731063
2013-04-26,0.681698858088912
2013-04-27,0.656874297592929
2013-04-28,0.671365325084235
2013-04-29,0.685410491527749
2013-04-30,0.675492419654184
2013-05-01,0.613407979958934
2013-05-02,0.570782940801466
2013-05-03,0.541677466338088
2013-05-04,0.597459190526658
2013-05-05,0.614455670895354
2013-05-06,0.596199102360711
2013-05-07,0.59347154715835
2013-05-08,0.59956922859988
2013-05-09,0.591583240846
2013-05-10,0.614833731297473
2013-05-11,0.604672588654948
2013-05-12,0.599261817975531
2013-05-13,0.604355663818216
2013-05-14,0.570948012377714
2013-05-15,0.576086906096423
2013-05-16,0.593477053037307
2013-05-17,0.60673490297364
2013-05-18,0.607565576025635
2013-05-19,0.600188377623771
2013-05-20,0.603637175776272
2013-05-21,0.601649900864669
2013-05-22,0.606788001361446
2013-05-23,0.621003145576808
2013-05-24,0.63352435861931
2013-05-25,0.629400345410094
2013-05-26,0.63201110720905
2013-05-27,0.620067331239121
2013-05-28,0.618404097036611
2013-05-29,0.629165837021072
2013-05-30,0.616133164941376
2013-05-31,0.619545432425864
2013-06-01,0.620771576228129
2013-06-02,0.600319957519423
2013-06-03,0.60225037263865
2013-06-04,0.591959438638924
2013-06-05,0.591013686925656
2013-06-06,0.584442487295384
2013-06-07,0.55000241940685
2013-06-08,0.546018406204214
2013-06-09,0.504315508413312
2013-06-10,0.526104406796993
2013-06-11,0.538376283779197
2013-06-12,0.535253951359179
2013-06-13,0.514340235033599
2013-06-14,0.500705090692169
2013-06-15,0.503159207030853
2013-06-16,0.499375030179552
2013-06-17,0.504537156877395
2013-06-18,0.524295718327981
2013-06-19,0.528613037589231
2013-06-20,0.517797472707031
2013-06-21,0.510982295197967
2013-06-22,0.503758208759675
2013-06-23,0.50535817388767
2013-06-24,0.498991982614659
2013-06-25,0.491652515380449
2013-06-26,0.495042142035668
2013-06-27,0.486064971221584
2013-06-28,0.444575075598424
2013-06-29,0.441148813921325
2013-06-30,0.445229268148429
2013-07-01,0.407489916868261
2013-07-02,0.432912849346279
2013-07-03,0.362474836637805
2013-07-04,0.37355096557028
2013-07-05,0.267734749003633
2013-07-06,0.260898318698528
2013-07-07,0.321096765054595
2013-07-08,0.341171841639775
2013-07-09,0.349287281464512
2013-07-10,0.429716782798427
2013-07-11,0.438920339770393
2013-07-12,0.44456342866066
2013-07-13,0.461051129610987
2013-07-14,0.45111556254983
2013-07-15,0.472401818093018
2013-07-16,0.459310681862879
2013-07-17,0.455308483284676
2013-07-18,0.419476498581585
2013-07-19,0.426257529426803
2013-07-20,0.417728934815364
2013-07-21,0.424355779688328
2013-07-22,0.422631147608253
2013-07-23,0.431021763395261
2013-07-24,0.440200868668939
2013-07-25,0.450975816125325
2013-07-26,0.449770576985535
2013-07-27,0.438044868450579
2013-07-28,0.463531094861266
2013-07-29,0.469576397700754
2013-07-30,0.48784242359483
2013-07-31,0.491584327165243
2013-08-01,0.48424684186095
2013-08-02,0.479388225813683
2013-08-03,0.473500575712254
2013-08-04,0.477825723335696
2013-08-05,0.484012666223457
2013-08-06,0.483063686948053
2013-08-07,0.478837496016021
2013-08-08,0.463317258359116
2013-08-09,0.454271091657015
2013-08-10,0.458140734643145
2013-08-11,0.462012976947647
2013-08-12,0.468882965396658
2013-08-13,0.480159041798786
2013-08-14,0.48568872087096
2013-08-15,0.478841185797077
2013-08-16,0.479059550257878
2013-08-17,0.48591267262519
2013-08-18,0.483469375071342
2013-08-19,0.500176652609613
2013-08-20,0.507771100933165
2013-08-21,0.534619204538051
2013-08-22,0.52719981338349
2013-08-23,0.518150500251341
2013-08-24,0.523425092566712
2013-08-25,0.540234883238942
2013-08-26,0.533822102569308
2013-08-27,0.5554749923697
2013-08-28,0.555093698680861
2013-08-29,0.556174485905353
2013-08-30,0.576203570299888
2013-08-31,0.586243170772153
2013-09-01,0.591133209247681
2013-09-02,0.586226881177304
2013-09-03,0.581779328187035
2013-09-04,0.5569464689632
2013-09-05,0.55802263205133
2013-09-06,0.538202988767616
2013-09-07,0.546916960553884
2013-09-08,0.540510410718063
2013-09-09,0.550401488447166
2013-09-10,0.551636154427844
2013-09-11,0.569227362150524
2013-09-12,0.564800802592333
2013-09-13,0.566635795565793
2013-09-14,0.552386012257958
2013-09-15,0.555749509679256
2013-09-16,0.558693803751483
2013-09-17,0.56031846872892
2013-09-18,0.559890586392845
2013-09-19,0.546492377963411
2013-09-20,0.54161620471713
2013-09-21,0.542644346820806
2013-09-22,0.540115513644839
2013-09-23,0.539020941248813
2013-09-24,0.541858711775356
2013-09-25,0.541705934532874
2013-09-26,0.543537170711629
2013-09-27,0.550969054597147
2013-09-28,0.55009164333537
2013-09-29,0.550138385108517
2013-09-30,0.546805682451717
2013-10-01,0.550080160278943
2013-10-02,0.446375182228627
2013-10-03,0.51307075694911
2013-10-04,0.529616508011203
2013-10-05,0.526205388489022
2013-10-06,0.530364057194533
2013-10-07,0.530120861656765
2013-10-08,0.533042011060432
2013-10-09,0.537292152673836
2013-10-10,0.539685859528576
2013-10-11,0.541189380867841
2013-10-12,0.541564501588715
2013-10-13,0.557692154557953
2013-10-14,0.565148866606153
2013-10-15,0.589673167187813
2013-10-16,0.568120843569213
2013-10-17,0.58545513670093
2013-10-18,0.60789202344579
2013-10-19,0.634925010031298
2013-10-20,0.634929038299784
2013-10-21,0.655806100108101
2013-10-22,0.667851007100403
2013-10-23,0.685225750092374
2013-10-24,0.667055613295517
2013-10-25,0.642541463706793
2013-10-26,0.625589646658701
2013-10-27,0.652332676230631
2013-10-28,0.654621433047438
2013-10-29,0.663813198120732
2013-10-30,0.651706992894749
2013-10-31,0.658169340990242
2013-11-01,0.655401793238614
2013-11-02,0.657329886812155
2013-11-03,0.664204985255228
2013-11-04,0.682545862126076
2013-11-05,0.696311121891366
2013-11-06,0.713711232820493
2013-11-07,0.731115376517879
2013-11-08,0.758653071285626
2013-11-09,0.752905350729438
2013-11-10,0.743069005501713
2013-11-11,0.751976149256123
2013-11-12,0.75443256987867
2013-11-13,0.771701161707443
2013-11-14,0.776989530060889
2013-11-15,0.769871554227529
2013-11-16,0.77681598120145
2013-11-17,0.791326533175423
2013-11-18,0.837378246911116
2013-11-19,0.792576261843435
2013-11-20,0.804311706847504
2013-11-21,0.831248285000812
2013-11-22,0.841514742531462
2013-11-23,0.837679554014523
2013-11-24,0.828615897678127
2013-11-25,0.825676712302216
2013-11-26,0.826461978972674
2013-11-27,0.826077122559313
2013-11-28,0.823819709197297
2013-11-29,0.830669545165651
2013-11-30,0.821972050828017
2013-12-01,0.78824208966866
2013-12-02,0.801204715255758
2013-12-03,0.799759127418296
2013-12-04,0.810063662872665
2013-12-05,0.785521554204782
2013-12-06,0.719884293799308
2013-12-07,0.676742607877844
2013-12-08,0.713758701637592
2013-12-09,0.746394635029338
2013-12-10,0.764986443602984
2013-12-11,0.734140634833414
2013-12-12,0.732053537528799
2013-12-13,0.732696711738051
2013-12-14,0.720851293726079
2013-12-15,0.722680242003889
2013-12-16,0.649866548978981
2013-12-17,0.64740556351279
2013-12-18,0.539517412038009
2013-12-19,0.651595680609756
2013-12-20,0.606558834857779
2013-12-21,0.589409845533618
2013-12-22,0.59928871665772
2013-12-23,0.625361803939176
2013-12-24,0.6196242900901
2013-12-25,0.628906971436277
2013-12-26,0.661496371890845
2013-12-27,0.646053139629714
2013-12-28,0.644384575323558
2013-12-29,0.649420085343107
2013-12-30,0.652587179623744
2013-12-31,0.649800072439881
2014-01-01,0.659860875616865
2014-01-02,0.672187801045925
2014-01-03,0.67992547948917
2014-01-04,0.685118121143517
2014-01-05,0.708995003535112
2014-01-06,0.708027312232987
2014-01-07,0.670487619493789
2014-01-08,0.673745102881122
2014-01-09,0.674755919610254
2014-01-10,0.68314076627941
2014-01-11,0.693510212817624
2014-01-12,0.67402246636003
2014-01-13,0.666490836278477
2014-01-14,0.658693501907341
2014-01-15,0.666625231790661
2014-01-16,0.654793331892308
2014-01-17,0.645179746055549
2014-01-18,0.651960988380555
2014-01-19,0.663724818300659
2014-01-20,0.657746486530959
2014-01-21,0.654863429458696
2014-01-22,0.651719726593619
2014-01-23,0.647295264411132
2014-01-24,0.634088164833568
2014-01-25,0.641596136958878
2014-01-26,0.646588622006859
2014-01-27,0.616240898682718
2014-01-28,0.632474319488645
2014-01-29,0.635072641493322
2014-01-30,0.636734098725926
2014-01-31,0.637961609425346
2014-02-01,0.641780562666899
2014-02-02,0.641499173452366
2014-02-03,0.637288193667166
2014-02-04,0.633787630275652
2014-02-05,0.616928240246503
2014-02-06,0.602400795282358
2014-02-07,0.572257973741639
2014-02-08,0.551714590999427
2014-02-09,0.555332524324632
2014-02-10,0.55791347725984
2014-02-11,0.553694616638307
2014-02-12,0.533262673437905
2014-02-13,0.498831968621398
2014-02-14,0.545574707043726
2014-02-15,0.535425184642706
2014-02-16,0.511450415866573
2014-02-17,0.517811889358923
2014-02-18,0.51426798033106
2014-02-19,0.512670312401794
2014-02-20,0.459131860022671
2014-02-21,0.471310586702223
2014-02-22,0.502969770508225
2014-02-23,0.50022399280092
2014-02-24,0.44448611704887
2014-02-25,0.442800683832461
2014-02-26,0.487541637294464
2014-02-27,0.487776310707663
2014-02-28,0.453723080246146
2014-03-01,0.47034755236539
2014-03-02,0.458417026804565
2014-03-03,0.555448106599571
2014-03-04,0.552005910663526
2014-03-05,0.548867720752664
2014-03-06,0.547194397691958
2014-03-07,0.504667874961751
2014-03-08,0.494766462443367
2014-03-09,0.500883519140041
2014-03-10,0.490991834076306
2014-03-11,0.494149069606715
2014-03-12,0.492713904448107
2014-03-13,0.498269181416734
2014-03-14,0.488858218071453
2014-03-15,0.49325333350831
2014-03-16,0.492829729472034
2014-03-17,0.483603454167613
2014-03-18,0.47282131197154
2014-03-19,0.471996300359654
2014-03-20,0.44899426319464
2014-03-21,0.435020080184259
2014-03-22,0.42627623232254
2014-03-23,0.422962282363863
2014-03-24,0.446691516745215
2014-03-25,0.446926246533815
2014-03-26,0.44157260631548
2014-03-27,0.314823884060824
2014-03-28,0.355849575345849
2014-03-29,0.344075082377493
2014-03-30,0.298098480761105
2014-03-31,0.297399200476076
2014-04-01,0.330472121116731
2014-04-02,0.271085066653824
2014-04-03,0.287778508621834
2014-04-04,0.291733880850722
2014-04-05,0.31102228484965
2014-04-06,0.302147405696515
2014-04-07,0.288824556456384
2014-04-08,0.29610542295057
2014-04-09,0.278242804951714
2014-04-10,0.133727657925048
2014-04-11,0.252160769842409
2014-04-12,0.251806516463924
2014-04-13,0.240760617964697
2014-04-14,0.310488209490867
2014-04-15,0.394088538483054
2014-04-16,0.397116157567498
2014-04-17,0.361409811098024
2014-04-18,0.340433090901767
2014-04-19,0.36982302283768
2014-04-20,0.364953174978413
2014-04-21,0.358761623177949
2014-04-22,0.350703382297411
2014-04-23,0.349905488221831
2014-04-24,0.36591007219489
2014-04-25,0.31730866649965
2014-04-26,0.307402699703519
2014-04-27,0.273901876145285
2014-04-28,0.278298861840249
2014-04-29,0.290189021399506
2014-04-30,0.291782964362336
2014-05-01,0.308990875506442
2014-05-02,0.298532380617535
2014-05-03,0.277325021538718
2014-05-04,0.274856732006708
2014-05-05,0.264232175411899
2014-05-06,0.258940805162287
2014-05-07,0.284597020692363
2014-05-08,0.279317473297812
2014-05-09,0.297852300691481
2014-05-10,0.305557669509418
2014-05-11,0.27656577611074
2014-05-12,0.283702960424407
2014-05-13,0.278564818836746
2014-05-14,0.289706003315375
2014-05-15,0.29125890206828
2014-05-16,0.292887799697264
2014-05-17,0.297170868360058
2014-05-18,0.292096477176296
2014-05-19,0.294265092300058
2014-05-20,0.35378464411341
2014-05-21,0.35885652211697
2014-05-22,0.40149307829502
2014-05-23,0.393586016997051
2014-05-24,0.397648647266869
2014-05-25,0.442522941614025
2014-05-26,0.454317418764952
2014-05-27,0.438491510109525
2014-05-28,0.445695208636916
2014-05-29,0.4345507784658
2014-05-30,0.479639441811385
2014-05-31,0.484529433448843
2014-06-01,0.483571539492717
2014-06-02,0.509267498705475
2014-06-03,0.515315661828789
2014-06-04,0.492160258566442
2014-06-05,0.505865604654368
2014-06-06,0.495696218794243
2014-06-07,0.500733982012809
2014-06-08,0.501510730886497
2014-06-09,0.492888459053304
2014-06-10,0.491611817490035
2014-06-11,0.469950837540863
2014-06-12,0.411542017875838
2014-06-13,0.431797373900881
2014-06-14,0.408116182785476
2014-06-15,0.423883547048315
2014-06-16,0.429656996434032
2014-06-17,0.444650662129709
2014-06-18,0.445254492514609
2014-06-19,0.431404444028091
2014-06-20,0.428321489671752
2014-06-21,0.427617293557863
2014-06-22,0.437070071749238
2014-06-23,0.426046705392457
2014-06-24,0.410034001471968
2014-06-25,0.396267478837669
2014-06-26,0.415301750303208
2014-06-27,0.434687284429411
2014-06-28,0.425818922602285
2014-06-29,0.433827696441667
2014-06-30,0.466798910168542
2014-07-01,0.471600036277719
2014-07-02,0.475467201200465
2014-07-03,0.472792042357017
2014-07-04,0.456259059538191
2014-07-05,0.457503674654062
2014-07-06,0.45641043190582
2014-07-07,0.452258259029675
2014-07-08,0.450559563137444
2014-07-09,0.447699428676407
2014-07-10,0.44277403825798
2014-07-11,0.457718510493528
2014-07-12,0.459404869052518
2014-07-13,0.453955839131496
2014-07-14,0.444492053162644
2014-07-15,0.447282502391332
2014-07-16,0.441077111908602
2014-07-17,0.448875619239578
2014-07-18,0.453127790885413
2014-07-19,0.451529841150812
2014-07-20,0.447842689410523
2014-07-21,0.443922535780823
2014-07-22,0.441854043755292
2014-07-23,0.441030199198129
2014-07-24,0.425838723906198
2014-07-25,0.42475045060094
2014-07-26,0.417713116114462
2014-07-27,0.413347775027705
2014-07-28,0.411210041890638
2014-07-29,0.405987376109745
2014-07-30,0.383915939034354
2014-07-31,0.403545721711962
2014-08-01,0.41960136465235
2014-08-02,0.410474023793227
2014-08-03,0.407766390140886
2014-08-04,0.409172973776739
2014-08-05,0.397053426743708
2014-08-06,0.399066247424769
2014-08-07,0.402288278582963
2014-08-08,0.405023267589822
2014-08-09,0.404255112796216
2014-08-10,0.405274371664535
2014-08-11,0.388877914539895
2014-08-12,0.382105547950403
2014-08-13,0.362018295030884
2014-08-14,0.307357209277288
2014-08-15,0.301619470944271
2014-08-16,0.332383230104025
2014-08-17,0.297755746011952
2014-08-18,0.262111482396821
2014-08-19,0.287733665177842
2014-08-20,0.326286646347551
2014-08-21,0.329172770689532
2014-08-22,0.321818504190916
2014-08-23,0.296583881378317
2014-08-24,0.312716132979124
2014-08-25,0.306145383044117
2014-08-26,0.318459500327155
2014-08-27,0.317401200801988
2014-08-28,0.310071682749185
2014-08-29,0.31353711580436
2014-08-30,0.303073700754304
2014-08-31,0.270186680010547
2014-09-01,0.266359852671703
2014-09-02,0.264042552965661
2014-09-03,0.264925690907453
2014-09-04,0.285368280652744
2014-09-05,0.269561727355152
2014-09-06,0.272487442952712
2014-09-07,0.26819701772796
2014-09-08,0.254350853401557
2014-09-09,0.263945913912868
2014-09-10,0.270352270586221
2014-09-11,0.270411320201272
2014-09-12,0.265749340707749
2014-09-13,0.270508257530624
2014-09-14,0.267510707483408
2014-09-15,0.258621253281216
2014-09-16,0.248631595199796
2014-09-17,0.229998964330822
2014-09-18,0.184261525021698
2014-09-19,0.124264853396921
2014-09-20,0.161496607172875
2014-09-21,0.137229021937051
2014-09-22,0.135695136605758
2014-09-23,0.215559689410109
2014-09-24,0.186476028594805
2014-09-25,0.159316902160308
2014-09-26,0.149915045927077
2014-09-27,0.142107360019457
2014-09-28,0.0846985014582272
2014-09-29,0.081608902096258
2014-09-30,0.125962170560316
2014-10-01,0.1092825709644
2014-10-02,0.0907112253852043
2014-10-03,0.0470354976677928
2014-10-04,-0.0342110195259286
2014-10-05,-0.049617682897193
2014-10-06,-0.0306014196380275
2014-10-07,-0.00890167150181458
2014-10-08,0.0578275523260608
2014-10-09,0.0765856576555867
2014-10-10,0.0664978880024361
2014-10-11,0.0706085219429723
2014-10-12,0.115683491234419
2014-10-13,0.141117136786936
2014-10-14,0.16853908486377
2014-10-15,0.151051819172614
2014-10-16,0.125727148960936
2014-10-17,0.125585070818839
2014-10-18,0.14490428525049
2014-10-19,0.137037462332725
2014-10-20,0.120897162281138
2014-10-21,0.130626902095197
2014-10-22,0.125391405758924
2014-10-23,0.063096712163827
2014-10-24,0.0695111954828722
2014-10-25,0.0382139749326313
2014-10-26,0.0590615115832348
2014-10-27,0.0505572205840525
2014-10-28,0.0650327869507882
2014-10-29,0.00821668464554946
2014-10-30,0.0401270294865044
2014-10-31,0.0181676338066211
2014-11-01,-0.0235583526242583
2014-11-02,-0.0210438193792955
2014-11-03,-0.014999493031134
2014-11-04,-0.00612477196087352
2014-11-05,0.0245854187170117
2014-11-06,0.0555647237591466
2014-11-07,0.0348196347555016
2014-11-08,0.0453157629253438
2014-11-09,0.0959023077668606
2014-11-10,0.0971753464566562
2014-11-11,0.106055710842832
2014-11-12,0.222038526444988
2014-11-13,0.208033819803594
2014-11-14,0.169158128194727
2014-11-15,0.123213135880713
2014-11-16,0.152013648278139
2014-11-17,0.148168721369525
2014-11-18,0.119907481191387
2014-11-19,0.128910725391083
2014-11-20,0.0760712347470774
2014-11-21,0.0630484509301264
2014-11-22,0.0681447450800987
2014-11-23,0.105415707047524
2014-11-24,0.126081265654528
2014-11-25,0.124997992875651
2014-11-26,0.103739649061318
2014-11-27,0.110737590871834
2014-11-28,0.14292403525734
2014-11-29,0.14001912525063
2014-11-30,0.142496490715389
2014-12-01,0.143281754493678
2014-12-02,0.148190248218624
2014-12-03,0.141532470195624
2014-12-04,0.124469631492446
2014-12-05,0.145212502153415
2014-12-06,0.140095677030463
2014-12-07,0.145787554884653
2014-12-08,0.118437108610472
2014-12-09,0.0940373800511445
2014-12-10,0.0818219839428845
2014-12-11,0.0869256196510522
2014-12-12,0.0984874864522901
2014-12-13,0.0951117339179038
2014-12-14,0.111644950471023
2014-12-15,0.0850308335352461
2014-12-16,0.0342046468343009
2014-12-17,0.0120787746034034
2014-12-18,-0.0142691564707826
2014-12-19,0.00696231568210828
2014-12-20,0.0463416281609393
2014-12-21,0.0171050706852795
2014-12-22,0.0492919611208672
2014-12-23,0.0628943677336939
2014-12-24,0.0307649426772131
2014-12-25,0.0196058129209953
2014-12-26,0.0489209833832603
2014-12-27,0.00841129160201011
2014-12-28,0.0137477881754185
2014-12-29,-0.00159498361187019
2014-12-30,-0.00256347227696144
2014-12-31,0.0294127411662387
2015-01-01,0.00802004954515138
2015-01-02,0.0135113722533558
2015-01-03,-0.0765736613131763
2015-01-04,-0.175392362357811
2015-01-05,-0.117891619813427
2015-01-06,-0.117116745879557
2015-01-07,-0.115805129713429
2015-01-08,-0.083446363066242
2015-01-09,-0.0464011353884654
2015-01-10,-0.113840154485085
2015-01-11,-0.136690406141418
2015-01-12,-0.145919530401308
2015-01-13,-0.348282996055516
2015-01-14,-0.818225695286865
2015-01-15,-0.415844740296302
2015-01-16,-0.441161584248542
2015-01-17,-0.505600920821641
2015-01-18,-0.427559553548963
2015-01-19,-0.382040907986683
2015-01-20,-0.418039198586202
2015-01-21,-0.312766237615053
2015-01-22,-0.284113943294973
2015-01-23,-0.278532006482349
2015-01-24,-0.195248660788789
2015-01-25,-0.171682313941657
2015-01-26,-0.086474359403049
2015-01-27,-0.12858811645928
2015-01-28,-0.253338930175361
2015-01-29,-0.262304453316111
2015-01-30,-0.298781045035929
2015-01-31,-0.350057839119434
2015-02-01,-0.297445776109261
2015-02-02,-0.242465493927962
2015-02-03,-0.297744969105383
2015-02-04,-0.301560069159337
2015-02-05,-0.354656921125329
2015-02-06,-0.322527955143347
2015-02-07,-0.285946370614377
2015-02-08,-0.314090032833732
2015-02-09,-0.330017496791177
2015-02-10,-0.329665993729118
2015-02-11,-0.335840377637385
2015-02-12,-0.316321859477413
2015-02-13,-0.237828900326365
2015-02-14,-0.134977753110114
2015-02-15,-0.247745144634852
2015-02-16,-0.238298553439466
2015-02-17,-0.204601692191257
2015-02-18,-0.233409082157984
2015-02-19,-0.206415990274102
2015-02-20,-0.193415853062276
2015-02-21,-0.192209375909045
2015-02-22,-0.234911413354942
2015-02-23,-0.225364250221123
2015-02-24,-0.218658332558498
2015-02-25,-0.226230590738507
2015-02-26,-0.231136206365757
2015-02-27,-0.147971453569655
2015-02-28,-0.146017119029504
2015-03-01,-0.128906846443067
2015-03-02,-0.0578083130677507
2015-03-03,-0.0343979039413541
2015-03-04,-0.0695996240774547
2015-03-05,-0.0598188941103863
2015-03-06,-0.0708406127166911
2015-03-07,-0.0572976398031076
2015-03-08,-0.0586010263577931
2015-03-09,-0.00526753719271696
2015-03-10,0.00254848586959696
2015-03-11,0.0157130645509064
2015-03-12,0.0128223832926637
2015-03-13,-0.0184195121981404
2015-03-14,-0.0280465948807017
2015-03-15,-0.0137456191790973
2015-03-16,-0.000332342596326222
2015-03-17,-0.0182241475787211
2015-03-18,-0.126164371263007
2015-03-19,-0.109059543044156
2015-03-20,-0.105165531192991
2015-03-21,-0.113366895130845
2015-03-22,-0.083142353566156
2015-03-23,-0.090926193183401
2015-03-24,-0.181136553428084
2015-03-25,-0.174067503630094
2015-03-26,-0.160703806461581
2015-03-27,-0.167952511327431
2015-03-28,-0.142844004145584
2015-03-29,-0.191724880309638
2015-03-30,-0.163884322800218
2015-03-31,-0.181604725364366
2015-04-01,-0.16474718141778
2015-04-02,-0.134143491051182
2015-04-03,-0.131099471979567
2015-04-04,-0.134373529874137
2015-04-05,-0.102906598993443
2015-04-06,-0.123435022227179
2015-04-07,-0.13386392594746
2015-04-08,-0.169104064143625
2015-04-09,-0.17602619003102
2015-04-10,-0.210510997308256
2015-04-11,-0.208701736582014
2015-04-12,-0.209538511621404
2015-04-13,-0.271015714318158
2015-04-14,-0.299463017231922
2015-04-15,-0.270526483144196
2015-04-16,-0.247351033669543
2015-04-17,-0.273083691508587
2015-04-18,-0.269722069748248
2015-04-19,-0.270458402370585
2015-04-20,-0.259795026075936
2015-04-21,-0.206561393342308
2015-04-22,-0.212231328461373
2015-04-23,-0.1996859131651
2015-04-24,-0.225664093810136
2015-04-25,-0.249236753914424
2015-04-26,-0.283012967862385
2015-04-27,-0.242810577766134
2015-04-28,-0.253944336167961
2015-04-29,-0.251133533210199
2015-04-30,-0.194977435997271
2015-05-01,-0.212910373328948
2015-05-02,-0.199852483301598
2015-05-03,-0.179077927079593
2015-05-04,-0.181129321124638
2015-05-05,-0.194391677564177
2015-05-06,-0.228178751262338
2015-05-07,-0.192664570079855
2015-05-08,-0.153664484735738
2015-05-09,-0.16228200713979
2015-05-10,-0.173579642273413
2015-05-11,-0.165336895720636
2015-05-12,-0.164183116650858
2015-05-13,-0.188567403871269
2015-05-14,-0.186350913814635
2015-05-15,-0.182083454518569
2015-05-16,-0.189302024783603
2015-05-17,-0.18838329478221
2015-05-18,-0.206770260759282
2015-05-19,-0.211047903382309
2015-05-20,-0.198918670501791
2015-05-21,-0.192819074737081
2015-05-22,-0.170088977322112
2015-05-23,-0.175680736963659
2015-05-24,-0.16800424817032
2015-05-25,-0.183880166844339
2015-05-26,-0.183614230720515
2015-05-27,-0.183099267509126
2015-05-28,-0.182165028049084
2015-05-29,-0.185794398031923
2015-05-30,-0.200645972330245
2015-05-31,-0.213688087248157
2015-06-01,-0.246579870753597
2015-06-02,-0.23396594466609
2015-06-03,-0.233266039327669
2015-06-04,-0.240459787208534
2015-06-05,-0.23657340682845
2015-06-06,-0.234950003138657
2015-06-07,-0.242363226244154
2015-06-08,-0.212678074673369
2015-06-09,-0.212062453839159
2015-06-10,-0.213759241751893
2015-06-11,-0.208429270740301
2015-06-12,-0.206637507124552
2015-06-13,-0.188930302544146
2015-06-14,-0.193688700009876
2015-06-15,-0.170832785251451
2015-06-16,-0.103214422806413
2015-06-17,-0.112659946106948
2015-06-18,-0.112303381244797
2015-06-19,-0.126133114343452
2015-06-20,-0.127097234586443
2015-06-21,-0.13286671791506
2015-06-22,-0.121209220989091
2015-06-23,-0.133495409134421
2015-06-24,-0.152107874545906
2015-06-25,-0.140926005659032
2015-06-26,-0.138283142194798
2015-06-27,-0.0998643647722764
2015-06-28,-0.111391436758541
2015-06-29,-0.0767513005377903
2015-06-30,-0.0490093561299072
2015-07-01,-0.0719102225392117
2015-07-02,-0.0864677828007976
2015-07-03,-0.0782572481641932
2015-07-04,-0.0607215362197506
2015-07-05,-0.0175432403288229
2015-07-06,-0.0276858596483756
2015-07-07,-0.0398780420726161
2015-07-08,-0.0218307864557548
2015-07-09,-0.0261302983904102
2015-07-10,0.0354529943571475
2015-07-11,0.0583795464912341
2015-07-12,0.109295437257313
2015-07-13,0.0536505299450053
2015-07-14,0.0375832068716241
2015-07-15,0.0300692688256739
2015-07-16,0.00574597246471575
2015-07-17,0.00865443362946382
2015-07-18,-0.00110662131334848
2015-07-19,-0.00777272826323151
2015-07-20,0.00521606721873167
2015-07-21,-0.000953724775057953
2015-07-22,0.00115456041369163
2015-07-23,-0.000429426647640203
2015-07-24,0.0413969548902728
2015-07-25,0.0401230062074924
2015-07-26,0.0528515652233847
2015-07-27,0.0554463681347768
2015-07-28,0.0588080639146538
2015-07-29,0.0423368876359861
2015-07-30,0.0368392818093262
2015-07-31,0.0229097951505176
2015-08-01,0.015837674928858
2015-08-02,0.0161837463607068
2015-08-03,0.0146002415529078
2015-08-04,0.0260471490002
2015-08-05,0.0141877852101991
2015-08-06,0.00221312108058063
2015-08-07,0.00605732099134331
2015-08-08,-0.0616612548895282
2015-08-09,-0.0318397988801
2015-08-10,-0.0419284625528695
2015-08-11,-0.017233793522686
2015-08-12,-0.0305275638904547
2015-08-13,-0.0419099427113213
2015-08-14,-0.0355437247808562
2015-08-15,-0.0505110555901409
2015-08-16,-0.0644035595886159
2015-08-17,-0.071414028129488
2015-08-18,-0.2360858895178
2015-08-19,-0.20217292928329
2015-08-20,-0.162240985504189
2015-08-21,-0.173226236088073
2015-08-22,-0.182045699944685
2015-08-23,-0.19349503171605
2015-08-24,-0.290848716284011
2015-08-25,-0.225442256473216
2015-08-26,-0.20274651276539
2015-08-27,-0.205894810860524
2015-08-28,-0.17432311012562
2015-08-29,-0.182542178727204
2015-08-30,-0.186931832404633
2015-08-31,-0.177015500154412
2015-09-01,-0.191547868615509
2015-09-02,-0.185601116968321
2015-09-03,-0.192650378368914
2015-09-04,-0.171505767555019
2015-09-05,-0.148851139181306
2015-09-06,-0.125572244986716
2015-09-07,-0.126126395619761
2015-09-08,-0.109010035818267
2015-09-09,-0.136156700814158
2015-09-10,-0.133730493693159
2015-09-11,-0.123744095314709
2015-09-12,-0.148328016284296
2015-09-13,-0.175497487527969
2015-09-14,-0.172412404898128
2015-09-15,-0.171753349511398
2015-09-16,-0.181564054619519
2015-09-17,-0.158180977557948
2015-09-18,-0.157655744799234
2015-09-19,-0.16662228012682
2015-09-20,-0.169309479958551
2015-09-21,-0.189880040546639
2015-09-22,-0.168997056418248
2015-09-23,-0.172517264298224
2015-09-24,-0.148735296724817
2015-09-25,-0.144648797735084
2015-09-26,-0.148420511304718
2015-09-27,-0.154687386797373
2015-09-28,-0.123995726651919
2015-09-29,-0.135315360843229
2015-09-30,-0.136308130367589
2015-10-01,-0.131499904185966
2015-10-02,-0.129548597451499
2015-10-03,-0.122960324621711
2015-10-04,-0.123861434504283
2015-10-05,-0.117266073236135
2015-10-06,-0.089916193278151
2015-10-07,-0.104892933314965
2015-10-08,-0.106654008399676
2015-10-09,-0.0996615085879277
2015-10-10,-0.0931763516445296
2015-10-11,-0.0819091172957477
2015-10-12,-0.0936761528070948
2015-10-13,-0.0753135105191212
2015-10-14,-0.0612466282448611
2015-10-15,-0.0547777264764409
2015-10-16,-0.0229145522260187
2015-10-17,0.0132871837502465
2015-10-18,-0.0189063433752523
2015-10-19,-0.0174257698806174
2015-10-20,0.00586629163867574
2015-10-21,-0.00446763346230892
2015-10-22,0.021914041368489
2015-10-23,0.0322973850221071
2015-10-24,0.0489310695300884
2015-10-25,0.0597581062492651
2015-10-26,0.0581831510879719
2015-10-27,0.0838443928877661
2015-10-28,0.109354272703686
2015-10-29,0.141378320189877
2015-10-30,0.171220133694191
2015-10-31,0.124632551463638
2015-11-01,0.168408076934476
2015-11-02,0.245135898466179
2015-11-03,0.316526416967967
2015-11-04,0.315609974968911
2015-11-05,0.274510422843128
2015-11-06,0.252592971476028
2015-11-07,0.27552007958597
2015-11-08,0.245224324957342
2015-11-09,0.262032743916638
2015-11-10,0.163353847054092
2015-11-11,0.0930540115551568
2015-11-12,0.174764748428583
2015-11-13,0.16787257070853
2015-11-14,0.160883196138388
2015-11-15,0.128046016129946
2015-11-16,0.157691641945002
2015-11-17,0.16810606673104
2015-11-18,0.164114950341812
2015-11-19,0.143278048743439
2015-11-20,0.131413158472885
2015-11-21,0.14290980327656
2015-11-22,0.136014508484816
2015-11-23,0.133831192779426
2015-11-24,0.126686793554046
2015-11-25,0.149715808518773
2015-11-26,0.206517208160576
2015-11-27,0.216450948153774
2015-11-28,0.212551009576406
2015-11-29,0.238525632417007
2015-11-30,0.253198943584057
2015-12-01,0.22324958709026
2015-12-02,0.215312638587709
2015-12-03,0.219573940914143
2015-12-04,0.224664157476594
2015-12-05,0.271027026911701
2015-12-06,0.269788233233191
2015-12-07,0.281778433495286
2015-12-08,0.319185295128628
2015-12-09,0.317067625857226
2015-12-10,0.312135311302043
2015-12-11,0.367355260777209
2015-12-12,0.341024962987187
2015-12-13,0.337351841112076
2015-12-14,0.349602166223765
2015-12-15,0.376012143241835
2015-12-16,0.361192612103822
2015-12-17,0.363188976835715
2015-12-18,0.371154009055258
2015-12-19,0.368429264269908
2015-12-20,0.34083770281068
2015-12-21,0.332706363531248
2015-12-22,0.328411711367761
2015-12-23,0.339482170375806
2015-12-24,0.357266129577759
2015-12-25,0.356680023641787
2015-12-26,0.299720956623892
2015-12-27,0.305985206712586
2015-12-28,0.304835091559016
2015-12-29,0.322982281840859
2015-12-30,0.314525250876841
2015-12-31,0.316627255637929
2016-01-01,0.324639086826131
2016-01-02,0.324354376613079
2016-01-03,0.318109576572442
2016-01-04,0.321727668262408
2016-01-05,0.320026433170729
2016-01-06,0.314579766632156
2016-01-07,0.35629643626009
2016-01-08,0.346134986445151
2016-01-09,0.340861472463585
2016-01-10,0.338936482709451
2016-01-11,0.337635472080827
2016-01-12,0.323343793798981
2016-01-13,0.312628659137675
2016-01-14,0.308215197075527
2016-01-15,0.180733102946072
2016-01-16,0.236271726131748
2016-01-17,0.218063231866748
2016-01-18,0.230353823756321
2016-01-19,0.214227501553018
2016-01-20,0.293548824583032
2016-01-21,0.275027491784493
2016-01-22,0.228934659548674
2016-01-23,0.234220271428943
2016-01-24,0.266315750575581
2016-01-25,0.245705145260062
2016-01-26,0.246772644228244
2016-01-27,0.250554355110379
2016-01-28,0.222303337478134
2016-01-29,0.220887562067593
2016-01-30,0.217632875112109
2016-01-31,0.197677417202226
2016-02-01,0.205923615991206
2016-02-02,0.21022989035003
2016-02-03,0.201150525613281
2016-02-04,0.241382564956776
2016-02-05,0.232716505004181
2016-02-06,0.215422333068836
2016-02-07,0.217677250980507
2016-02-08,0.206815348254648
2016-02-09,0.211540567560919
2016-02-10,0.222195800833725
2016-02-11,0.221568870111658
2016-02-12,0.230216929633541
2016-02-13,0.242658606759821
2016-02-14,0.274382787998924
2016-02-15,0.260222177663156
2016-02-16,0.273650310202427
2016-02-17,0.286276939786099
2016-02-18,0.296326951194255
2016-02-19,0.294293555976908
2016-02-20,0.316175690405278
2016-02-21,0.321173703965113
2016-02-22,0.31913075762363
2016-02-23,0.289760293456848
2016-02-24,0.296602759159494
2016-02-25,0.295517814187502
2016-02-26,0.304499573971475
2016-02-27,0.30977032142227
2016-02-28,0.306886265513255
2016-02-29,0.313038916469752
2016-03-01,0.305762635257883
2016-03-02,0.284308806454712
2016-03-03,0.282332790713636
2016-03-04,0.26438172277709
2016-03-05,0.243717943997503
2016-03-06,0.256243629211103
2016-03-07,0.275626174286254
2016-03-08,0.267838139734391
2016-03-09,0.270093146178343
2016-03-10,0.276523259616711
2016-03-11,0.280034109295571
2016-03-12,0.265309825275194
2016-03-13,0.268817127661284
2016-03-14,0.272213203744642
2016-03-15,0.273375927092071
2016-03-16,0.274460075546141
2016-03-17,0.278184991471353
2016-03-18,0.262695616459466
2016-03-19,0.263052246624839
2016-03-20,0.266297451616717
2016-03-21,0.265061850132759
2016-03-22,0.273653251508791
2016-03-23,0.274988652102793
2016-03-24,0.266083334107021
2016-03-25,0.272101832968312
2016-03-26,0.272203448361514
2016-03-27,0.286032398787724
2016-03-28,0.281527904953543
2016-03-29,0.270015396220677
2016-03-30,0.26343796100384
2016-03-31,0.268994731056261
2016-04-01,0.271708029499742
2016-04-02,0.275319461856761
2016-04-03,0.275050813161365
2016-04-04,0.274209793204729
2016-04-05,0.278083287583772
2016-04-06,0.276112410866983
2016-04-07,0.274360559403447
2016-04-08,0.268246543169459
2016-04-09,0.269407544794728
2016-04-10,0.274407807175575
2016-04-11,0.27650125683477
2016-04-12,0.281034830421585
2016-04-13,0.278950890861805
2016-04-14,0.279142334719606
2016-04-15,0.287111380405977
2016-04-16,0.290491773913288
2016-04-17,0.285959821882532
2016-04-18,0.2850503185
2016-04-19,0.295787729510896
2016-04-20,0.303890016190457
2016-04-21,0.318909802970001
2016-04-22,0.311832828098133
2016-04-23,0.320057907116505
2016-04-24,0.331904980159525
2016-04-25,0.33613502415377
2016-04-26,0.339385279805532
2016-04-27,0.305629347705946
2016-04-28,0.310683160528606
2016-04-29,0.320835531130021
2016-04-30,0.312624140285265
2016-05-01,0.317714731147254
2016-05-02,0.301992534559228
2016-05-03,0.31063405502835
2016-05-04,0.304826841446387
2016-05-05,0.307277237446565
2016-05-06,0.323946793744218
2016-05-07,0.32284751494017
2016-05-08,0.323600946866395
2016-05-09,0.326442818838569
2016-05-10,0.309029510238673
2016-05-11,0.311702371258455
2016-05-12,0.31307490766551
2016-05-13,0.315735602338945
2016-05-14,0.316163827133968
2016-05-15,0.32019508745066
2016-05-16,0.310562534550334
2016-05-17,0.307974595326453
2016-05-18,0.309470043245494
2016-05-19,0.288052180122884
2016-05-20,0.290391440142554
2016-05-21,0.294567477430165
2016-05-22,0.286903393693389
2016-05-23,0.291758960927175
2016-05-24,0.294624821002516
2016-05-25,0.300676365767317
2016-05-26,0.30565641062896
2016-05-27,0.328384828114496
2016-05-28,0.39308860589299
2016-05-29,0.389864945140535
2016-05-30,0.398089652423739
2016-05-31,0.396074977721505
2016-06-01,0.400122271811164
2016-06-02,0.400213855843659
2016-06-03,0.431046427164808
2016-06-04,0.435111066877357
2016-06-05,0.433959021560915
2016-06-06,0.442414954691679
2016-06-07,0.434410403992437
2016-06-08,0.438255645933697
2016-06-09,0.430867274661829
2016-06-10,0.432664889223675
2016-06-11,0.456319998709522
2016-06-12,0.505485734920271
2016-06-13,0.523711573822974
2016-06-14,0.507495869353859
2016-06-15,0.511417015458288
2016-06-16,0.551940949701832
2016-06-17,0.539707295186942
2016-06-18,0.54101292226876
2016-06-19,0.545754247679861
2016-06-20,0.510938784743592
2016-06-21,0.475072263642169
2016-06-22,0.399423435112693
2016-06-23,0.442759798468581
2016-06-24,0.474076485952802
2016-06-25,0.471486540602172
2016-06-26,0.446405376450326
2016-06-27,0.458693338170402
2016-06-28,0.454330108898852
2016-06-29,0.446417189811906
2016-06-30,0.47405348329248
2016-07-01,0.477713403056912
2016-07-02,0.494630442366486
2016-07-03,0.466814133662627
2016-07-04,0.477453071613883
2016-07-05,0.467070124700043
2016-07-06,0.472471003213221
2016-07-07,0.442479002653247
2016-07-08,0.462815387738309
2016-07-09,0.455272275662577
2016-07-10,0.448794644456612
2016-07-11,0.448660782187825
2016-07-12,0.459069488526335
2016-07-13,0.450662069262467
2016-07-14,0.454654734586593
2016-07-15,0.459938086395292
2016-07-16,0.456794725968166
2016-07-17,0.467053879459088
2016-07-18,0.463858981534126
2016-07-19,0.462407570861838
2016-07-20,0.456616058908396
2016-07-21,0.455782456896763
2016-07-22,0.443066540338772
2016-07-23,0.447473139150604
2016-07-24,0.448244526931685
2016-07-25,0.445708480525561
2016-07-26,0.443413638260191
2016-07-27,0.44363021694831
2016-07-28,0.442185060770604
2016-07-29,0.443383679265574
2016-07-30,0.441695019229123
2016-07-31,0.416571329547727
2016-08-01,0.394026105048015
2016-08-02,0.326578558569767
2016-08-03,0.361856636283854
2016-08-04,0.377057423872807
2016-08-05,0.372425189349393
2016-08-06,0.383756985300095
2016-08-07,0.387888882494736
2016-08-08,0.384447552634632
2016-08-09,0.378882318532933
2016-08-10,0.385709643271378
2016-08-11,0.379444697643423
2016-08-12,0.380347743002841
2016-08-13,0.378324818957601
2016-08-14,0.362930090514242
2016-08-15,0.359140630469738
2016-08-16,0.370764375141217
2016-08-17,0.365871461923127
2016-08-18,0.365431845385454
2016-08-19,0.366131760595196
2016-08-20,0.371556134091461
2016-08-21,0.371413112013404
2016-08-22,0.376172628270366
2016-08-23,0.373110795568574
2016-08-24,0.369364476283241
2016-08-25,0.366178966370971
2016-08-26,0.369520772068993
2016-08-27,0.359103820552683
2016-08-28,0.365234357928701
2016-08-29,0.363029214322153
2016-08-30,0.365244910165241
2016-08-31,0.360502557428359
2016-09-01,0.361927756660201
2016-09-02,0.363614938684872
2016-09-03,0.386454566659514
2016-09-04,0.401573882095125
2016-09-05,0.395951416107267
2016-09-06,0.401735324546182
2016-09-07,0.403863311629975
2016-09-08,0.415441295105133
2016-09-09,0.409544528804311
2016-09-10,0.410060261239412
2016-09-11,0.393381752063932
2016-09-12,0.393993882446609
2016-09-13,0.394262268903506
2016-09-14,0.394570700719593
2016-09-15,0.390912225666673
2016-09-16,0.392998528322884
2016-09-17,0.389464300944881
2016-09-18,0.395486635269387
2016-09-19,0.39352425479703
2016-09-20,0.390631672768533
2016-09-21,0.380193667335244
2016-09-22,0.378910479679137
2016-09-23,0.385123192468068
2016-09-24,0.386072639586256
2016-09-25,0.383419043125065
2016-09-26,0.389197456703411
2016-09-27,0.387373950956531
2016-09-28,0.38664319726153
2016-09-29,0.387867552590182
2016-09-30,0.390814992955656
2016-10-01,0.39671892829446
2016-10-02,0.39055444359038
2016-10-03,0.392937229816989
2016-10-04,0.389532946642455
2016-10-05,0.391175941571063
2016-10-06,0.391396871367426
2016-10-07,0.396046537897826
2016-10-08,0.39834577219025
2016-10-09,0.394867157595611
2016-10-10,0.397173620206929
2016-10-11,0.418488160515504
2016-10-12,0.412186236033189
2016-10-13,0.411458841033578
2016-10-14,0.413239150630144
2016-10-15,0.411772798508244
2016-10-16,0.414854799117949
2016-10-17,0.412391306173863
2016-10-18,0.408153671605481
2016-10-19,0.402066791561606
2016-10-20,0.4012323795433
2016-10-21,0.402765075302518
2016-10-22,0.422403963500322
2016-10-23,0.420659856092788
2016-10-24,0.417632993918713
2016-10-25,0.421858381954037
2016-10-26,0.438404925630964
2016-10-27,0.443905163592573
2016-10-28,0.446896843678895
2016-10-29,0.466331314037631
2016-10-30,0.453289975200215
2016-10-31,0.452048755810833
2016-11-01,0.474987862396405
2016-11-02,0.477482131523459
2016-11-03,0.442484315096791
2016-11-04,0.454148468785172
2016-11-05,0.455171492629177
2016-11-06,0.460600960712715
2016-11-07,0.451585972144702
2016-11-08,0.456637384058017
2016-11-09,0.462988934325979
2016-11-10,0.456725619923042
2016-11-11,0.45809383751438
2016-11-12,0.447805293768314
2016-11-13,0.448156567031827
2016-11-14,0.448461698996717
2016-11-15,0.453904442436876
2016-11-16,0.471765227559882
2016-11-17,0.464230770339004
2016-11-18,0.476354829685746
2016-11-19,0.477377642422707
2016-11-20,0.460688792186595
2016-11-21,0.465740424289643
2016-11-22,0.474012573933155
2016-11-23,0.468147127436132
2016-11-24,0.462770772890336
2016-11-25,0.46451209567787
2016-11-26,0.459140821624546
2016-11-27,0.45604095786149
2016-11-28,0.455959865733457
2016-11-29,0.45710875320382
2016-11-30,0.463681018807629
2016-12-01,0.470017846765345
2016-12-02,0.480978442435485
2016-12-03,0.477840123488511
2016-12-04,0.477457690040929
2016-12-05,0.466964379490128
2016-12-06,0.471304480416679
2016-12-07,0.474492947760204
2016-12-08,0.475749199669626
2016-12-09,0.476245024329802
2016-12-10,0.478945362164639
2016-12-11,0.474479525434746
2016-12-12,0.479745581643787
2016-12-13,0.479367139707179
2016-12-14,0.47696888497629
2016-12-15,0.475853717179075
2016-12-16,0.480728033692238
2016-12-17,0.48296080886625
2016-12-18,0.482996764869892
2016-12-19,0.482337657072113
2016-12-20,0.487655072134452
2016-12-21,0.502282571923028
2016-12-22,0.517648744619712
2016-12-23,0.545407787333012
2016-12-24,0.531720431717315
2016-12-25,0.532458628781042
2016-12-26,0.534148096430946
2016-12-27,0.544550782716877
2016-12-28,0.567908311357915
2016-12-29,0.561192328176155
2016-12-30,0.554708945206826
2016-12-31,0.556715272764967
2017-01-01,0.568038639670187
2017-01-02,0.5737682650233
2017-01-03,0.577351022855992
2017-01-04,0.610869543513907
2017-01-05,0.558666035219088
2017-01-06,0.503770539385944
2017-01-07,0.508539440369554
2017-01-08,0.517666000004406
2017-01-09,0.507227628910838
2017-01-10,0.508414206594808
2017-01-11,0.43693737890511
2017-01-12,0.452135613787403
2017-01-13,0.463315461027219
2017-01-14,0.462007334266688
2017-01-15,0.463886687733769
2017-01-16,0.466244269113275
2017-01-17,0.508372968481445
2017-01-18,0.497431849511602
2017-01-19,0.504938125092019
2017-01-20,0.500144380297941
2017-01-21,0.51495119971883
2017-01-22,0.512879830910704
2017-01-23,0.511034907136878
2017-01-24,0.49077481314597
2017-01-25,0.496892454722126
2017-01-26,0.507142849373322
2017-01-27,0.509802040787441
2017-01-28,0.509877904748026
2017-01-29,0.503864798858765
2017-01-30,0.506976166836206
2017-01-31,0.529867136157475
2017-02-01,0.538702656666003
2017-02-02,0.545808254356322
2017-02-03,0.54696544496717
2017-02-04,0.554257517542852
2017-02-05,0.545075415574815
2017-02-06,0.546898398140367
2017-02-07,0.558739819821147
2017-02-08,0.557377646946315
2017-02-09,0.52763144940579
2017-02-10,0.531976726844842
2017-02-11,0.539291967871419
2017-02-12,0.533974376163394
2017-02-13,0.531528425183566
2017-02-14,0.533942557413504
2017-02-15,0.534865120502
2017-02-16,0.544307393521986
2017-02-17,0.550170567927665
2017-02-18,0.552750294475789
2017-02-19,0.550415968660284
2017-02-20,0.562191322294125
2017-02-21,0.575329377837417
2017-02-22,0.575275298096909
2017-02-23,0.594963622690652
2017-02-24,0.588455440066404
2017-02-25,0.57706327499291
2017-02-26,0.585801650080404
2017-02-27,0.58887245976559
2017-02-28,0.588030978948641
2017-03-01,0.59689961582193
2017-03-02,0.607146766034672
2017-03-03,0.611680385928133
2017-03-04,0.602856217304275
2017-03-05,0.604599800224812
2017-03-06,0.605142773703227
2017-03-07,0.588246277120475
2017-03-08,0.557827141734502
2017-03-09,0.570862576538611
2017-03-10,0.539182940283737
2017-03-11,0.567067297857966
2017-03-12,0.583831657060967
2017-03-13,0.585554638633167
2017-03-14,0.585229811529842
2017-03-15,0.588464771143911
2017-03-16,0.558129882480191
2017-03-17,0.514598746691336
2017-03-18,0.460928617741205
2017-03-19,0.487130621156924
2017-03-20,0.499399025993786
2017-03-21,0.529359148528936
2017-03-22,0.49425818146762
2017-03-23,0.488752946591294
2017-03-24,0.438979533821674
2017-03-25,0.454872224199876
2017-03-26,0.45810298362277
2017-03-27,0.495499561696905
2017-03-28,0.496552408096144
2017-03-29,0.493348912421169
2017-03-30,0.489791551749548
2017-03-31,0.510725174011749
2017-04-01,0.514243890508156
2017-04-02,0.518881560003983
2017-04-03,0.534410175665144
2017-04-04,0.533154233342946
2017-04-05,0.528076864606866
2017-04-06,0.550108787100704
2017-04-07,0.548400923339799
2017-04-08,0.543304198108383
2017-04-09,0.552728144468083
2017-04-10,0.551788244530388
2017-04-11,0.554422842854311
2017-04-12,0.550955193136792
2017-04-13,0.533052492533809
2017-04-14,0.533317971567336
2017-04-15,0.534619589842619
2017-04-16,0.53199670637302
2017-04-17,0.539335421284197
2017-04-18,0.541519838541665
2017-04-19,0.544900532818564
2017-04-20,0.552262139283333
2017-04-21,0.55594243286979
2017-04-22,0.552884686684536
2017-04-23,0.555108061706951
2017-04-24,0.55686236916521
2017-04-25,0.562641616251071
2017-04-26,0.566544626720935
2017-04-27,0.581471146517102
2017-04-28,0.581007076822501
2017-04-29,0.583958647808926
2017-04-30,0.58922552232339
2017-05-01,0.601011773705353
2017-05-02,0.605307852709991
2017-05-03,0.617727738989476
2017-05-04,0.621680886722651
2017-05-05,0.61117786197575
2017-05-06,0.622690698050683
2017-05-07,0.624863165189144
2017-05-08,0.641652400614735
2017-05-09,0.643999536053195
2017-05-10,0.653161633450731
2017-05-11,0.658800395825154
2017-05-12,0.628386514043588
2017-05-13,0.645780271254014
2017-05-14,0.64391428131879
2017-05-15,0.62934171709834
2017-05-16,0.632572028995873
2017-05-17,0.640105124354887
2017-05-18,0.654138880431055
2017-05-19,0.663774683201362
2017-05-20,0.675209305371718
2017-05-21,0.669923576167892
2017-05-22,0.668706881637533
2017-05-23,0.69177267425176
2017-05-24,0.706589869635413
2017-05-25,0.685579439486358
2017-05-26,0.678882525614529
2017-05-27,0.642522172421275
2017-05-28,0.664474726235325
2017-05-29,0.671497271165668
2017-05-30,0.653968748295168
2017-05-31,0.667414270587125
2017-06-01,0.680146965599655
2017-06-02,0.686410634918032
2017-06-03,0.691710355501979
2017-06-04,0.686261215305926
2017-06-05,0.702696342045819
2017-06-06,0.718080275589972
2017-06-07,0.696501305535002
2017-06-08,0.704931429208141
2017-06-09,0.702459578649377
2017-06-10,0.710864056549661
2017-06-11,0.714268132869993
2017-06-12,0.677898217885032
2017-06-13,0.675795972439956
2017-06-14,0.63928918498869
2017-06-15,0.633906066097709
2017-06-16,0.641429799017073
2017-06-17,0.663444319235323
2017-06-18,0.643523792117645
2017-06-19,0.653589769137734
2017-06-20,0.669093546723723
2017-06-21,0.655599520474078
2017-06-22,0.658445916678562
2017-06-23,0.657226520334732
2017-06-24,0.638469941226312
2017-06-25,0.628418138444185
2017-06-26,0.61717313716141
2017-06-27,0.63437594451673
2017-06-28,0.63369090176067
2017-06-29,0.629066976388509
2017-06-30,0.61570106663865
2017-07-01,0.609496613211662
2017-07-02,0.623546746037252
2017-07-03,0.624978187846038
2017-07-04,0.631561465098313
2017-07-05,0.631166411548522
2017-07-06,0.629136106933793
2017-07-07,0.608612939263729
2017-07-08,0.619485655615136
2017-07-09,0.611597522266601
2017-07-10,0.584541279000349
2017-07-11,0.580545545103792
2017-07-12,0.590359986279552
2017-07-13,0.583320520349234
2017-07-14,0.560279372068322
2017-07-15,0.511968962258259
2017-07-16,0.490792846806024
2017-07-17,0.562908076617175
2017-07-18,0.577306651874475
2017-07-19,0.568545324414045
2017-07-20,0.652969418054006
2017-07-21,0.628110851687589
2017-07-22,0.647463041622739
2017-07-23,0.636486600084451
2017-07-24,0.635020112135085
2017-07-25,0.60329172931026
2017-07-26,0.593907686360466
2017-07-27,0.611831866766987
2017-07-28,0.624218143894472
2017-07-29,0.608162249299063
2017-07-30,0.606776356820318
2017-07-31,0.615519199699327
2017-08-01,0.593643014132406
2017-08-02,0.585631966605923
2017-08-03,0.594110179082591
2017-08-04,0.594814692814202
2017-08-05,0.638130305507669
2017-08-06,0.628365891975856
2017-08-07,0.640603783102587
2017-08-08,0.638510971430512
2017-08-09,0.626825772092285
2017-08-10,0.632802950763509
2017-08-11,0.651608435775295
2017-08-12,0.667422263567089
2017-08-13,0.678217804094931
2017-08-14,0.692797400887104
2017-08-15,0.676366714776912
2017-08-16,0.688986800077015
2017-08-17,0.678237387820386
2017-08-18,0.659390334119379
2017-08-19,0.657762513923339
2017-08-20,0.651129470202755
2017-08-21,0.638596553864579
2017-08-22,0.644774915253076
2017-08-23,0.645629012152447
2017-08-24,0.658472748047125
2017-08-25,0.657558585507351
2017-08-26,0.656067649518496
2017-08-27,0.653754632224659
2017-08-28,0.653645489852677
2017-08-29,0.665967349709626
2017-08-30,0.662930389676479
2017-08-31,0.669118464684389
2017-09-01,0.678307745851643
2017-09-02,0.651107623893924
2017-09-03,0.651724419671202
2017-09-04,0.626867119668214
2017-09-05,0.630951111061832
2017-09-06,0.644595534637701
2017-09-07,0.641514707313149
2017-09-08,0.616198722548602
2017-09-09,0.615048925811223
2017-09-10,0.60609203821472
2017-09-11,0.601144039871573
2017-09-12,0.596576654026057
2017-09-13,0.564746469145822
2017-09-14,0.481551159990009
2017-09-15,0.548059433260882
2017-09-16,0.547266901693247
2017-09-17,0.545969757390703
2017-09-18,0.5850365769301
2017-09-19,0.568511412385093
2017-09-20,0.566369556847206
2017-09-21,0.531644686963869
2017-09-22,0.530898568814855
2017-09-23,0.550951734652562
2017-09-24,0.537018246254719
2017-09-25,0.562462702342683
2017-09-26,0.557431040507578
2017-09-27,0.58982510192257
2017-09-28,0.586219548635513
2017-09-29,0.581914640653773
2017-09-30,0.596746766159617
2017-10-01,0.599516332475201
2017-10-02,0.59863336505298
2017-10-03,0.589164406624815
2017-10-04,0.579714974957735
2017-10-05,0.586697239615607
2017-10-06,0.589934052317622
2017-10-07,0.594459172226413
2017-10-08,0.608246598852827
2017-10-09,0.61869000791677
2017-10-10,0.613534073786129
2017-10-11,0.617153277278137
2017-10-12,0.657498552942459
2017-10-13,0.664317681840285
2017-10-14,0.67295225744087
2017-10-15,0.663891031081331
2017-10-16,0.664232591132977
2017-10-17,0.651934026242513
2017-10-18,0.648455370035997
2017-10-19,0.653650942608
2017-10-20,0.668840495174729
2017-10-21,0.666981586826633
2017-10-22,0.662991221322765
2017-10-23,0.650308137954546
2017-10-24,0.623607587440778
2017-10-25,0.63681247436855
2017-10-26,0.644849673568563
2017-10-27,0.635831647572137
2017-10-28,0.632937041190517
2017-10-29,0.656759196920851
2017-10-30,0.651087843067926
2017-10-31,0.665254617460102
2017-11-01,0.676905293691062
2017-11-02,0.686254235030824
2017-11-03,0.688359961821806
2017-11-04,0.695365882029876
2017-11-05,0.690039565985988
2017-11-06,0.669323714138411
2017-11-07,0.672459667184258
2017-11-08,0.684521412064883
2017-11-09,0.665372570525503
2017-11-10,0.636331372650397
2017-11-11,0.616266924704474
2017-11-12,0.579414545426181
2017-11-13,0.617565109207295
2017-11-14,0.619222972047448
2017-11-15,0.651418848239649
2017-11-16,0.669688047455793
2017-11-17,0.658916138940799
2017-11-18,0.65915480152506
2017-11-19,0.665308373979423
2017-11-20,0.670539844870789
2017-11-21,0.657319315872064
2017-11-22,0.662585050837836
2017-11-23,0.652966929514748
2017-11-24,0.655184156974704
2017-11-25,0.672038987542548
2017-11-26,0.687242956658222
2017-11-27,0.694632485945694
2017-11-28,0.694304391396804
2017-11-29,0.684257873361642
2017-11-30,0.684821543845562
2017-12-01,0.70510871872748
2017-12-02,0.703158476390007
2017-12-03,0.708698950405215
2017-12-04,0.713295372899216
2017-12-05,0.711256313845469
2017-12-06,0.750304877360084
2017-12-07,0.78480170274643
2017-12-08,0.76429682099266
2017-12-09,0.736553209815028
2017-12-10,0.736298741547042
2017-12-11,0.757354491295347
2017-12-12,0.754798103795363
2017-12-13,0.737466567193656
2017-12-14,0.734435621643034
2017-12-15,0.744261442408597
2017-12-16,0.764858576943204
2017-12-17,0.755651304762793
2017-12-18,0.747403395195414
2017-12-19,0.726657151752901
2017-12-20,0.699588194126548
2017-12-21,0.67997443371609
2017-12-22,0.642829076426594
2017-12-23,0.656953066266181
2017-12-24,0.638161572736643
2017-12-25,0.63846996958774
2017-12-26,0.67304111392641
2017-12-27,0.66338451054598
2017-12-28,0.633588857058439
2017-12-29,0.640074323869428
2017-12-30,0.584129678652699
2017-12-31,0.618204492635294
2018-01-01,0.603995545155847
2018-01-02,0.638729198499745
2018-01-03,0.642092515654541
2018-01-04,0.64074433877064
2018-01-05,0.674393682220903
2018-01-06,0.675344390508915
2018-01-07,0.650434616177403
2018-01-08,0.621773560455936
2018-01-09,0.603789570430489
2018-01-10,0.614174202586695
2018-01-11,0.569307961746329
2018-01-12,0.583265527810629
2018-01-13,0.593605290128343
2018-01-14,0.579133646582108
2018-01-15,0.573016474118268
2018-01-16,0.496955030090693
2018-01-17,0.48491894002449
2018-01-18,0.491914152896154
2018-01-19,0.50195802816697
2018-01-20,0.550276948117512
2018-01-21,0.496631351382734
2018-01-22,0.463452766671034
2018-01-23,0.470928754079306
2018-01-24,0.491844654091757
2018-01-25,0.48590673258486
2018-01-26,0.484392875224968
2018-01-27,0.496310039494894
2018-01-28,0.504779871103958
2018-01-29,0.484825770893911
2018-01-30,0.423196687117954
2018-01-31,0.4325270085677
2018-02-01,0.368291690372352
2018-02-02,0.357445578538644
2018-02-03,0.380320066191986
2018-02-04,0.312365092968757
2018-02-05,0.186546227013261
2018-02-06,0.290479760021142
2018-02-07,0.271800738205161
2018-02-08,0.322924220753664
2018-02-09,0.362388141247569
2018-02-10,0.353097616515515
2018-02-11,0.316007998409695
2018-02-12,0.378962825206881
2018-02-13,0.351718545975273
2018-02-14,0.418753768277735
2018-02-15,0.450906254156586
2018-02-16,0.459850743391749
2018-02-17,0.501661639930095
2018-02-18,0.475593086256255
2018-02-19,0.5050178229759
2018-02-20,0.511692409937459
2018-02-21,0.477340452208024
2018-02-22,0.441454003187054
2018-02-23,0.456406041910529
2018-02-24,0.428446242740957
2018-02-25,0.419881118550184
2018-02-26,0.459386929655197
2018-02-27,0.476501509634306
2018-02-28,0.457598774707947
2018-03-01,0.484298567694887
2018-03-02,0.488951349920412
2018-03-03,0.506872490002622
2018-03-04,0.50728002715728
2018-03-05,0.508381712800265
2018-03-06,0.471756742223883
2018-03-07,0.42994077568277
2018-03-08,0.396643374745629
2018-03-09,0.397773083129676
2018-03-10,0.362601829786133
2018-03-11,0.411595091791637
2018-03-12,0.389091122444086
2018-03-13,0.389704401634804
2018-03-14,0.321456114793434
2018-03-15,0.324258396055156
2018-03-16,0.33174878938067
2018-03-17,0.293617816201551
2018-03-18,0.321207396887941
2018-03-19,0.350376680325119
2018-03-20,0.374900709247452
2018-03-21,0.37668126282858
2018-03-22,0.361843382567263
2018-03-23,0.369575538930545
2018-03-24,0.359700572714367
2018-03-25,0.34519586401312
2018-03-26,0.325059541169832
2018-03-27,0.294366350423579
2018-03-28,0.309930825052109
2018-03-29,0.237178085185562
2018-03-30,0.205738118862071
2018-03-31,0.214888462467657
2018-04-01,0.201808926879242
2018-04-02,0.227726894241243
2018-04-03,0.26999890749831
2018-04-04,0.207124505618167
2018-04-05,0.204510194032909
2018-04-06,0.183856793383178
2018-04-07,0.217074838783571
2018-04-08,0.231112496496474
2018-04-09,0.202071402207293
2018-04-10,0.212867449711951
2018-04-11,0.224904087104628
2018-04-12,0.323726108239369
2018-04-13,0.320997830740583
2018-04-14,0.330825582317288
2018-04-15,0.356624571159166
2018-04-16,0.332725114050199
2018-04-17,0.318786721647001
2018-04-18,0.343096945916124
2018-04-19,0.34990201835275
2018-04-20,0.389829941801457
2018-04-21,0.390112995395422
2018-04-22,0.386884414165765
2018-04-23,0.394912355305371
2018-04-24,0.440545370341801
2018-04-25,0.397113511599173
2018-04-26,0.412612205604732
2018-04-27,0.397601535619633
2018-04-28,0.419020434246295
2018-04-29,0.422763949602307
2018-04-30,0.410446759624693
2018-05-01,0.402179596687494
2018-05-02,0.409986742255369
2018-05-03,0.44057193083813
2018-05-04,0.437681145412301
2018-05-05,0.444115006447434
2018-05-06,0.433009697799359
2018-05-07,0.415631087906164
2018-05-08,0.408825861121709
2018-05-09,0.412283820112294
2018-05-10,0.396318252748005
2018-05-11,0.352459965395449
2018-05-12,0.358192203190101
2018-05-13,0.373411173418091
2018-05-14,0.369877563282999
2018-05-15,0.354679535133618
2018-05-16,0.341310989090925
2018-05-17,0.315670408404044
2018-05-18,0.330502293518374
2018-05-19,0.330600174132218
2018-05-20,0.352153081569845
2018-05-21,0.344444820343214
2018-05-22,0.315028330273319
2018-05-23,0.270276666154807
2018-05-24,0.276311793486907
2018-05-25,0.259196124111803
2018-05-26,0.253630868364816
2018-05-27,0.25437495588684
2018-05-28,0.23308379809072
2018-05-29,0.266965590171032
2018-05-30,0.260453534171048
2018-05-31,0.270560176032694
2018-06-01,0.275435506507549
2018-06-02,0.285620553599452
2018-06-03,0.292675855326895
2018-06-04,0.272382327751719
2018-06-05,0.284904795677278
2018-06-06,0.287627496828555
2018-06-07,0.290513270971594
2018-06-08,0.286935543914664
2018-06-09,0.285182106168329
2018-06-10,0.197469038097052
2018-06-11,0.210099804619567
2018-06-12,0.176627639872047
2018-06-13,0.151924763421367
2018-06-14,0.190017201755608
2018-06-15,0.16677964866586
2018-06-16,0.178495391162536
2018-06-17,0.174248891071597
2018-06-18,0.203803073361386
2018-06-19,0.207483827171661
2018-06-20,0.210358663523265
2018-06-21,0.20545766602341
2018-06-22,0.12232076515811
2018-06-23,0.135219535053457
2018-06-24,0.134002770449476
2018-06-25,0.150620494228643
2018-06-26,0.128645195643552
2018-06-27,0.144657302998445
2018-06-28,0.108819722315184
2018-06-29,0.158446364849335
2018-06-30,0.181659036375748
2018-07-01,0.181096492977525
2018-07-02,0.210055893733361
2018-07-03,0.197463959141115
2018-07-04,0.208809130339114
2018-07-05,0.214534080459082
2018-07-06,0.21731953685879
2018-07-07,0.24034074322062
2018-07-08,0.229706303740494
2018-07-09,0.227986128670613
2018-07-10,0.178380084307821
2018-07-11,0.187579384843963
2018-07-12,0.158633230498295
2018-07-13,0.168359539442734
2018-07-14,0.174632239868482
2018-07-15,0.186985576922911
2018-07-16,0.228718735484564
2018-07-17,0.29279205279055
2018-07-18,0.29806679078615
2018-07-19,0.306161650174394
2018-07-20,0.295251072779265
2018-07-21,0.300886483514324
2018-07-22,0.300630790447772
2018-07-23,0.326994208645837
2018-07-24,0.377927369349804
2018-07-25,0.365852246349308
2018-07-26,0.345270893255715
2018-07-27,0.361991504848385
2018-07-28,0.363398350378992
2018-07-29,0.367646089407752
2018-07-30,0.361595073704154
2018-07-31,0.329433357686831
2018-08-01,0.315300354252451
2018-08-02,0.310606922907247
2018-08-03,0.299397746139202
2018-08-04,0.259595541189939
2018-08-05,0.262471543840479
2018-08-06,0.251331863293118
2018-08-07,0.230480476719271
2018-08-08,0.177016359724893
2018-08-09,0.211603512389471
2018-08-10,0.161982607777621
2018-08-11,0.188022164948575
2018-08-12,0.183029823737846
2018-08-13,0.179453958283789
2018-08-14,0.170267255287869
2018-08-15,0.180908089347733
2018-08-16,0.185039394519317
2018-08-17,0.216729362625529
2018-08-18,0.199729081484345
2018-08-19,0.207635902573623
2018-08-20,0.184202542322549
2018-08-21,0.206772438751251
2018-08-22,0.192613674456415
2018-08-23,0.212118023342031
2018-08-24,0.232051775806992
2018-08-25,0.239037859135269
2018-08-26,0.232669483106336
2018-08-27,0.250596541833936
2018-08-28,0.27380387674848
2018-08-29,0.267749502505673
2018-08-30,0.260499102765066
2018-08-31,0.266442850219049
2018-09-01,0.281627151293467
2018-09-02,0.289643580789699
2018-09-03,0.288849736606396
2018-09-04,0.297135772265254
2018-09-05,0.243429158203668
2018-09-06,0.211183711760194
2018-09-07,0.203254061871527
2018-09-08,0.171560268151418
2018-09-09,0.183703917055992
2018-09-10,0.186849176747497
2018-09-11,0.187459188659804
2018-09-12,0.192057981531489
2018-09-13,0.214048958058616
2018-09-14,0.213839134687265
2018-09-15,0.215884321168363
2018-09-16,0.21216437780637
2018-09-17,0.185202225440248
2018-09-18,0.196499781983357
2018-09-19,0.200340025640335
2018-09-20,0.216804595306385
2018-09-21,0.240802591006912
2018-09-22,0.23927096180356
2018-09-23,0.238203297350911
2018-09-24,0.224681507712396
2018-09-25,0.208537486299516
2018-09-26,0.214573017360082
2018-09-27,0.237430965933931
2018-09-28,0.232818832846373
2018-09-29,0.230264326207375
2018-09-30,0.230502416380121
2018-10-01,0.226536479354811
2018-10-02,0.222822522364039
2018-10-03,0.21733109697575
2018-10-04,0.226198624873148
2018-10-05,0.23119967904719
2018-10-06,0.227721602364166
2018-10-07,0.232137606982663
2018-10-08,0.23532794580866
2018-10-09,0.233835893844184
2018-10-10,0.227975601671343
2018-10-11,0.189794976583695
2018-10-12,0.19287686714224
2018-10-13,0.195134156850781
2018-10-14,0.195342868894272
2018-10-15,0.233245896858565
2018-10-16,0.233282364548181
2018-10-17,0.227386227102821
2018-10-18,0.219533598414372
2018-10-19,0.217983442776226
2018-10-20,0.2203758984309
2018-10-21,0.220482832866738
2018-10-22,0.220656871972836
2018-10-23,0.219163815043549
2018-10-24,0.222400963930037
2018-10-25,0.220621395358
2018-10-26,0.22147644912551
2018-10-27,0.221428259480196
2018-10-28,0.22315955003791
2018-10-29,0.204451942809231
2018-10-30,0.205690666976722
2018-10-31,0.203411382252091
2018-11-01,0.211737705546454
2018-11-02,0.21214353482717
2018-11-03,0.209491056085922
2018-11-04,0.203600507431586
2018-11-05,0.216968445477335
2018-11-06,0.221371993831942
2018-11-07,0.229740296163162
2018-11-08,0.22127099839742
2018-11-09,0.213273181659821
2018-11-10,0.214321011727214
2018-11-11,0.213711440571145
2018-11-12,0.212281639956542
2018-11-13,0.209930600932152
2018-11-14,0.12362164810099
2018-11-15,0.113011766057824
2018-11-16,0.103470408215176
2018-11-17,0.100966528814144
2018-11-18,0.111812832174619
2018-11-19,-0.0166386655942711
2018-11-20,-0.124055696411972
2018-11-21,-0.0694293754921519
2018-11-22,-0.126530345000145
2018-11-23,-0.12939101280248
2018-11-24,-0.254391730690025
2018-11-25,-0.214597343208902
2018-11-26,-0.288239355778665
2018-11-27,-0.268736194797264
2018-11-28,-0.132945663657954
2018-11-29,-0.123514705691798
2018-11-30,-0.195393994557021
2018-12-01,-0.139237324820829
2018-12-02,-0.157265297886752
2018-12-03,-0.224054801895197
2018-12-04,-0.192278844414694
2018-12-05,-0.26473381808106
2018-12-06,-0.346095287765841
2018-12-07,-0.386011698960882
2018-12-08,-0.35542170518567
2018-12-09,-0.301501440469519
2018-12-10,-0.339348424489405
2018-12-11,-0.365696732428697
2018-12-12,-0.339040423719578
2018-12-13,-0.405012218193045
2018-12-14,-0.425323788528465
2018-12-15,-0.432414850731818
2018-12-16,-0.420953047171817
2018-12-17,-0.302200940795477
2018-12-18,-0.244794571523977
2018-12-19,-0.226721968649818
2018-12-20,-0.113285112351832
2018-12-21,-0.174810533840148
2018-12-22,-0.141578238956158
2018-12-23,-0.144559918893743
2018-12-24,-0.113087908691603
2018-12-25,-0.197367599332279
2018-12-26,-0.183085702063675
2018-12-27,-0.24949005085044
2018-12-28,-0.156544694447439
2018-12-29,-0.144903726624798
2018-12-30,-0.171780095996482
2018-12-31,-0.209335320198431
2019-01-01,-0.176060710937312
2019-01-02,-0.145754591457946
2019-01-03,-0.176396494638901
2019-01-04,-0.168747915079088
2019-01-05,-0.172048332954512
2019-01-06,-0.103359034444809
2019-01-07,-0.118392782227926
2019-01-08,-0.114683948718884
2019-01-09,-0.113811703101521
2019-01-10,-0.219359657538451
2019-01-11,-0.215156891435878
2019-01-12,-0.221376270611301
2019-01-13,-0.259267170162658
2019-01-14,-0.203093761666358
2019-01-15,-0.22988713483094
2019-01-16,-0.222436147064839
2019-01-17,-0.213006166431591
2019-01-18,-0.220610323732393
2019-01-19,-0.194550040546565
2019-01-20,-0.235190796000159
2019-01-21,-0.243727925519297
2019-01-22,-0.230415497372277
2019-01-23,-0.236310076882624
2019-01-24,-0.229734293408017
2019-01-25,-0.228482275487518
2019-01-26,-0.227726451609466
2019-01-27,-0.23225962918415
2019-01-28,-0.268949901211867
2019-01-29,-0.27845295235079
2019-01-30,-0.262348232930075
2019-01-31,-0.268005245487609
2019-02-01,-0.257587838613746
2019-02-02,-0.243318598670239
2019-02-03,-0.264773219336611
2019-02-04,-0.264656395627868
2019-02-05,-0.264066846737517
2019-02-06,-0.280321501905232
2019-02-07,-0.283247691176385
2019-02-08,-0.190546696891704
2019-02-09,-0.18680033033441
2019-02-10,-0.180058510737802
2019-02-11,-0.193154983891321
2019-02-12,-0.191416505639896
2019-02-13,-0.19490614641456
2019-02-14,-0.198263888884504
2019-02-15,-0.196705678379982
2019-02-16,-0.192013910018737
2019-02-17,-0.176943947425528
2019-02-18,-0.104934003102418
2019-02-19,-0.0955391313867124
2019-02-20,-0.0821365261951162
2019-02-21,-0.0943694399697794
2019-02-22,-0.0798040672157643
2019-02-23,-0.0430760544593459
2019-02-24,-0.126982037560627
2019-02-25,-0.109611326846844
2019-02-26,-0.11843336377616
2019-02-27,-0.119015255444258
2019-02-28,-0.116319936903677
2019-03-01,-0.113068980135614
2019-03-02,-0.11236056427621
2019-03-03,-0.1189017145726
2019-03-04,-0.141359194851373
2019-03-05,-0.101302529779866
2019-03-06,-0.0979678513523005
2019-03-07,-0.0960713033193209
2019-03-08,-0.0989061672711245
2019-03-09,-0.0809615176404006
2019-03-10,-0.0836930473458759
2019-03-11,-0.0940831401611524
2019-03-12,-0.0937043915874756
2019-03-13,-0.0924191498117952
2019-03-14,-0.0914616859374313
2019-03-15,-0.0781919150896574
2019-03-16,-0.0536105002663595
2019-03-17,-0.0589951623078109
2019-03-18,-0.05863685532277
2019-03-19,-0.0473528938177334
2019-03-20,-0.0434057082383524
2019-03-21,-0.0575371182319234
2019-03-22,-0.0576014477485102
2019-03-23,-0.0550599840084666
2019-03-24,-0.0599500318716195
2019-03-25,-0.0746653099236903
2019-03-26,-0.069469686355812
2019-03-27,-0.0419801244144817
2019-03-28,-0.04569310604674
2019-03-29,-0.0404006543848007
2019-03-30,-0.0385232861682794
2019-03-31,-0.0350890840179828
2019-04-01,-0.0227373668068254
2019-04-02,0.124815667757419
2019-04-03,0.146727532689488
2019-04-04,0.132266447887543
2019-04-05,0.151771160885008
2019-04-06,0.157312071697543
2019-04-07,0.179164316859936
2019-04-08,0.190988606172509
2019-04-09,0.176773478343517
2019-04-10,0.194972460031725
2019-04-11,0.154225528861208
2019-04-12,0.15687621823658
2019-04-13,0.157684330272377
2019-04-14,0.170371408742366
2019-04-15,0.153204500834723
2019-04-16,0.179409285627366
2019-04-17,0.182228942469784
2019-04-18,0.188404576346622
2019-04-19,0.189757759581954
2019-04-20,0.194252800152211
2019-04-21,0.190171792637622
2019-04-22,0.20188206213076
2019-04-23,0.225896068636929
2019-04-24,0.209831060188944
2019-04-25,0.171314264309373
2019-04-26,0.180835533799617
2019-04-27,0.185152644374204
2019-04-28,0.183356717679438
2019-04-29,0.177325217611007
2019-04-30,0.19252344562329
2019-05-01,0.201312216547937
2019-05-02,0.216930588379785
2019-05-03,0.251770554635632
2019-05-04,0.25910535251211
2019-05-05,0.255271493664129
2019-05-06,0.248001444297697
2019-05-07,0.26634294481691
2019-05-08,0.27488191475504
2019-05-09,0.297404387646625
2019-05-10,0.318236461915563
2019-05-11,0.399547914136714
2019-05-12,0.37105911126094
2019-05-13,0.433162545043863
2019-05-14,0.442419762365434
2019-05-15,0.455519454016894
2019-05-16,0.4292448015116
2019-05-17,0.387196165297774
2019-05-18,0.382104476994486
2019-05-19,0.453278077943125
2019-05-20,0.432579804513886
2019-05-21,0.431730801522736
2019-05-22,0.413212580064844
2019-05-23,0.423429189713559
2019-05-24,0.429237855868166
2019-05-25,0.433022442179114
2019-05-26,0.472497872019344
2019-05-27,0.478962538157993
2019-05-28,0.471854227627922
2019-05-29,0.466191454099327
2019-05-30,0.443080786449459
2019-05-31,0.458247711251029
2019-06-01,0.45793563017369
2019-06-02,0.46740996036276
2019-06-03,0.430696886914581
2019-06-04,0.391198552607374
2019-06-05,0.4011157604351
2019-06-06,0.400117704317292
2019-06-07,0.415958970233402
2019-06-08,0.407924636510349
2019-06-09,0.387536220061649
2019-06-10,0.410510271012079
2019-06-11,0.405299252058215
2019-06-12,0.418156094835399
2019-06-13,0.423914768868499
2019-06-14,0.453856148074644
2019-06-15,0.461286219887854
2019-06-16,0.469150318393054
2019-06-17,0.486338981425672
2019-06-18,0.469821050318289
2019-06-19,0.480840237878482
2019-06-20,0.49326446778083
2019-06-21,0.520928413070767
2019-06-22,0.544038938199124
2019-06-23,0.548241881131284
2019-06-24,0.553287355805384
2019-06-25,0.580206700806418
2019-06-26,0.614247016603535
2019-06-27,0.544746122475342
2019-06-28,0.588443684415317
2019-06-29,0.572498763157191
2019-06-30,0.529110195218757
2019-07-01,0.513478902193549
2019-07-02,0.521768623539401
2019-07-03,0.565712340238844
2019-07-04,0.535426922173184
2019-07-05,0.524412612639455
2019-07-06,0.533648193500074
2019-07-07,0.541800772793237
2019-07-08,0.572719825723032
2019-07-09,0.579470512040158
2019-07-10,0.562357919934584
2019-07-11,0.529476635532122
2019-07-12,0.548395304274694
2019-07-13,0.529438385210088
2019-07-14,0.477725815630397
2019-07-15,0.509171212892227
2019-07-16,0.438379731957906
2019-07-17,0.445882683446371
2019-07-18,0.498588858828688
2019-07-19,0.487588695812369
2019-07-20,0.498032734338294
2019-07-21,0.489317360981635
2019-07-22,0.475728082438358
2019-07-23,0.452153456744478
2019-07-24,0.446026807604036
2019-07-25,0.450092131979801
2019-07-26,0.44750344553056
2019-07-27,0.423088181592732
2019-07-28,0.428933199787911
2019-07-29,0.417705276230719
2019-07-30,0.421507345234034
2019-07-31,0.448673196123062
2019-08-01,0.464710337613377
2019-08-02,0.470079172725153
2019-08-03,0.484305122496921
2019-08-04,0.490768785434107
2019-08-05,0.524206899892916
2019-08-06,0.506929599359384
2019-08-07,0.525581120381366
2019-08-08,0.525230641415586
2019-08-09,0.52109714529999
2019-08-10,0.499657416007111
2019-08-11,0.506107035874155
2019-08-12,0.499344894904234
2019-08-13,0.476613158081288
2019-08-14,0.431107706348511
2019-08-15,0.446011953005243
2019-08-16,0.449219783307044
2019-08-17,0.440814116686067
2019-08-18,0.447629099435363
2019-08-19,0.473552170542366
2019-08-20,0.46802489488894
2019-08-21,0.431487322695856
2019-08-22,0.433885807416519
2019-08-23,0.446759978176572
2019-08-24,0.433055594413282
2019-08-25,0.430030734303231
2019-08-26,0.444016123740802
2019-08-27,0.433334694189471
2019-08-28,0.407750655165693
2019-08-29,0.392873545719389
2019-08-30,0.398266657896333
2019-08-31,0.400437243653504
2019-09-01,0.408103586548145
2019-09-02,0.440881086433093
2019-09-03,0.456241336772489
2019-09-04,0.452975492928356
2019-09-05,0.452052184801519
2019-09-06,0.434288049642107
2019-09-07,0.44262233760597
2019-09-08,0.438738069032994
2019-09-09,0.432727972600503
2019-09-10,0.419887887305244
2019-09-11,0.423207805671894
2019-09-12,0.435041040773554
2019-09-13,0.432308971998649
2019-09-14,0.431895081259139
2019-09-15,0.430949637927527
2019-09-16,0.426865329673285
2019-09-17,0.424537203164925
2019-09-18,0.421943179281802
2019-09-19,0.425183891073411
2019-09-20,0.419785361292295
2019-09-21,0.410614793285565
2019-09-22,0.413254686224978
2019-09-23,0.392915367491015
2019-09-24,0.315365416933942
2019-09-25,0.305865159842917
2019-09-26,0.275095443972119
2019-09-27,0.287483442784052
2019-09-28,0.287234155566139
2019-09-29,0.275323913482294
2019-09-30,0.291769222868764
2019-10-01,0.296913123038422
2019-10-02,0.301330592631406
2019-10-03,0.291239185508438
2019-10-04,0.286176765106806
2019-10-05,0.282194198678759
2019-10-06,0.266946042823633
2019-10-07,0.290109521430883
2019-10-08,0.288712987393105
2019-10-09,0.319265500749842
2019-10-10,0.31837890992648
2019-10-11,0.297025083641191
2019-10-12,0.299247423222818
2019-10-13,0.297276703075772
2019-10-14,0.301491828296829
2019-10-15,0.287992722695509
2019-10-16,0.275204038025164
2019-10-17,0.279719921059585
2019-10-18,0.268867524747374
2019-10-19,0.269801736090268
2019-10-20,0.289876718033205
2019-10-21,0.291604193714722
2019-10-22,0.27798460804881
2019-10-23,0.223575232054571
2019-10-24,0.223243163771089
2019-10-25,0.326657819357761
2019-10-26,0.370093362958582
2019-10-27,0.389598289342917
2019-10-28,0.369075052885879
2019-10-29,0.379328900874597
2019-10-30,0.364066173513395
2019-10-31,0.362296038220692
2019-11-01,0.365970144911206
2019-11-02,0.370960735164416
2019-11-03,0.365142526778864
2019-11-04,0.376545321226174
2019-11-05,0.37273717322446
2019-11-06,0.372631852800181
2019-11-07,0.365931865247642
2019-11-08,0.335288136905476
2019-11-09,0.333564046546052
2019-11-10,0.351521821588322
2019-11-11,0.328176151303585
2019-11-12,0.333055441092456
2019-11-13,0.332890197317993
2019-11-14,0.325377469619404
2019-11-15,0.307064927081339
2019-11-16,0.3116552624003
2019-11-17,0.313732131004388
