t,indicators_sopr_account_based
2010-07-18,1.21647219374303
2010-07-19,1.40772939832191
2010-07-20,1.21270052534855
2010-07-21,1.11473748121907
2010-07-22,0.950417568962762
2010-07-23,1.06386539072777
2010-07-24,1.02099801406828
2010-07-25,1.04489918606988
2010-07-26,1.04337026429596
2010-07-27,1.0635749078449
2010-07-28,1.03187537528289
2010-07-29,1.04318885766549
2010-07-30,1.14957262920318
2010-07-31,1.06727778681423
2010-08-01,1.02422609825584
2010-08-02,1.01340497302626
2010-08-03,1.03233444471385
2010-08-04,1.03035457975243
2010-08-05,1.0088013681599
2010-08-06,1.0832821414715
2010-08-07,1.06310991587297
2010-08-08,1.04849056507318
2010-08-09,1.09552210886697
2010-08-10,1.07105764084652
2010-08-11,1.06966423901646
2010-08-12,1.04493544491461
2010-08-13,1.12095082008572
2010-08-14,1.01885639512596
2010-08-15,1.06309400686867
2010-08-16,1.07921720285823
2010-08-17,1.04577037307892
2010-08-18,1.12591119056941
2010-08-19,1.02584522256728
2010-08-20,1.00727979269706
2010-08-21,1.01797126185277
2010-08-22,1.06990732074393
2010-08-23,1.01972945495376
2010-08-24,1.0316515680874
2010-08-25,1.03057313756294
2010-08-26,1.01929148094666
2010-08-27,1.03860475910752
2010-08-28,1.0136125601605
2010-08-29,1.02732145532026
2010-08-30,0.980566695442653
2010-08-31,1.02255493461337
2010-09-01,0.954804140321875
2010-09-02,0.977014085681909
2010-09-03,0.980801040181873
2010-09-04,0.986060540512641
2010-09-05,1.0281740017812
2010-09-06,0.988491420229329
2010-09-07,0.989229816434447
2010-09-08,0.998799468815754
2010-09-09,1.07360954516806
2010-09-10,0.987093271170479
2010-09-11,0.949661694153525
2010-09-12,1.01344561631146
2010-09-13,1.00381385014069
2010-09-14,1.00512591851845
2010-09-15,1.03713037092546
2010-09-16,1.06052248456961
2010-09-17,1.1001361255432
2010-09-18,0.979081299580616
2010-09-19,1.00987445334247
2010-09-20,0.998712593287779
2010-09-21,1.01894071068778
2010-09-22,1.00876012606635
2010-09-23,1.00571221434792
2010-09-24,1.0020313094483
2010-09-25,0.998550663677598
2010-09-26,1.00023764381086
2010-09-27,1.12757255020754
2010-09-28,1.14929739736176
2010-09-29,1.00262981973605
2010-09-30,0.987859709165529
2010-10-01,1.09536428182427
2010-10-02,1.00013204795287
2010-10-03,0.997375645058859
2010-10-04,1.00303737447176
2010-10-05,1.03654293325274
2010-10-06,1.01346342958956
2010-10-07,1.03676890236828
2010-10-08,1.1523708292975
2010-10-09,1.32006783299315
2010-10-10,1.24580866701932
2010-10-11,1.30761305938263
2010-10-12,1.07489107520264
2010-10-13,1.31438022253584
2010-10-14,1.09357777093033
2010-10-15,1.45364120027542
2010-10-16,1.14258663992308
2010-10-17,1.08565441101288
2010-10-18,1.05189494531658
2010-10-19,1.03952147273575
2010-10-20,1.18068521563663
2010-10-21,1.30263502797625
2010-10-22,1.04831338441063
2010-10-23,1.17837596172824
2010-10-24,1.23340928647323
2010-10-25,1.31655327601385
2010-10-26,1.41518881608837
2010-10-27,1.50439584946544
2010-10-28,2.04019220777068
2010-10-29,1.28122206563342
2010-10-30,1.33905427600293
2010-10-31,1.43284153471963
2010-11-01,1.12845270959933
2010-11-02,1.27495407809757
2010-11-03,1.32303416689205
2010-11-04,1.57227597460973
2010-11-05,1.55659876297746
2010-11-06,2.40695737452669
2010-11-07,1.31616718656796
2010-11-08,1.40918886602558
2010-11-09,1.24705613330382
2010-11-10,0.82971635279934
2010-11-11,1.2266445796245
2010-11-12,1.0651181653497
2010-11-13,1.50367129138643
2010-11-14,1.28374673100342
2010-11-15,1.99854607332318
2010-11-16,1.11418419152615
2010-11-17,1.06711534605853
2010-11-18,1.1892868272245
2010-11-19,1.43171035306563
2010-11-20,1.1983285337627
2010-11-21,1.09070692615878
2010-11-22,1.09693873269815
2010-11-23,1.08759329904983
2010-11-24,1.18972191822949
2010-11-25,1.2259941993088
2010-11-26,0.9048126759586
2010-11-27,1.16498726312725
2010-11-28,0.998668421367179
2010-11-29,0.992366707518924
2010-11-30,1.02446360482154
2010-12-01,0.929272137867147
2010-12-02,1.49375598433926
2010-12-03,1.01814591294022
2010-12-04,0.987145067961147
2010-12-05,1.12903530193374
2010-12-06,0.753708104012161
2010-12-07,1.13418839090064
2010-12-08,1.0939963519988
2010-12-09,0.949641242806445
2010-12-10,1.04123396320205
2010-12-11,0.979022660121163
2010-12-12,1.00614990267845
2010-12-13,1.09440517718577
2010-12-14,1.00764608017996
2010-12-15,1.37439337725216
2010-12-16,1.06634869344591
2010-12-17,1.05668288348103
2010-12-18,1.1147098142486
2010-12-19,1.03275032772092
2010-12-20,1.47054811827733
2010-12-21,1.88823852152502
2010-12-22,1.0403947346829
2010-12-23,1.18469783993835
2010-12-24,0.967089843271815
2010-12-25,1.10066764398328
2010-12-26,1.15169034972747
2010-12-27,1.00425527788427
2010-12-28,1.10786172625773
2010-12-29,1.27535679386651
2010-12-30,1.15559071385029
2010-12-31,1.06679981700502
2011-01-01,1.09490900524679
2011-01-02,1.27799077026228
2011-01-03,1.16605182463128
2011-01-04,1.08421235015601
2011-01-05,1.11787224417615
2011-01-06,1.08592567094605
2011-01-07,1.15476141181329
2011-01-08,1.14538429390054
2011-01-09,1.15189409210993
2011-01-10,1.49656054904453
2011-01-11,1.6916033501821
2011-01-12,1.08773890033755
2011-01-13,1.51529688631503
2011-01-14,1.23189276854882
2011-01-15,1.15131293980878
2011-01-16,1.32112674911405
2011-01-17,1.23804552655909
2011-01-18,0.98107361792814
2011-01-19,1.29080700478338
2011-01-20,1.13858528886888
2011-01-21,1.16301442535799
2011-01-22,1.2354859919006
2011-01-23,1.44021799917436
2011-01-24,1.18828947847122
2011-01-25,1.16343367273659
2011-01-26,1.46669739621051
2011-01-27,1.20658481493818
2011-01-28,1.26153635156637
2011-01-29,1.45036711170663
2011-01-30,1.18539262041807
2011-01-31,1.43331614895701
2011-02-01,1.62611909829021
2011-02-02,1.62192855250575
2011-02-03,1.17223191553811
2011-02-04,1.41538935717687
2011-02-05,1.36564192450375
2011-02-06,1.62102783753768
2011-02-07,1.3289509883668
2011-02-08,1.13157594986467
2011-02-09,1.55693887565171
2011-02-10,1.16928102212704
2011-02-11,1.2664547869914
2011-02-12,1.19374577210458
2011-02-13,1.20318031275681
2011-02-14,1.74192592540847
2011-02-15,1.09464230110015
2011-02-16,1.09154887129631
2011-02-17,1.07113622152152
2011-02-18,1.13479680466328
2011-02-19,1.07957224464075
2011-02-20,1.09457332373684
2011-02-21,1.03290985286358
2011-02-22,1.09723699311457
2011-02-23,1.06636227238073
2011-02-24,1.07972482980616
2011-02-25,1.05809052653681
2011-02-26,1.2975635801016
2011-02-27,1.22966918481556
2011-02-28,1.20893163156926
2011-03-01,1.5396394030919
2011-03-02,1.00493355114003
2011-03-03,1.00243503300077
2011-03-04,1.0246941720239
2011-03-05,1.08377766837569
2011-03-06,0.951707701548109
2011-03-07,0.996597225056771
2011-03-08,1.05420568724912
2011-03-09,0.995702077608095
2011-03-10,1.01538385649425
2011-03-11,1.03803264829452
2011-03-12,1.20088144633344
2011-03-13,1.05047964682593
2011-03-14,1.04403230111727
2011-03-15,1.11222878765966
2011-03-16,1.21686065480419
2011-03-17,1.06574127247766
2011-03-18,0.991144302618104
2011-03-19,1.01659007544292
2011-03-20,0.990244953061773
2011-03-21,1.03734296662116
2011-03-22,0.981861985495571
2011-03-23,1.08109922906144
2011-03-24,1.18953289367199
2011-03-25,1.03753199258509
2011-03-26,1.16302367420555
2011-03-27,1.04231142025879
2011-03-28,0.995470299675593
2011-03-29,0.98204216575081
2011-03-30,0.970888443659873
2011-03-31,0.998713574869228
2011-04-01,1.00983565958289
2011-04-02,0.963487095986158
2011-04-03,0.991598401559466
2011-04-04,1.10413066315527
2011-04-05,0.938168114662077
2011-04-06,0.99495609488857
2011-04-07,1.02455291690884
2011-04-08,1.01615508629809
2011-04-09,1.00033974231564
2011-04-10,0.972279018950067
2011-04-11,1.02407835404676
2011-04-12,1.11422439397128
2011-04-13,1.12732033237754
2011-04-14,1.12511449779677
2011-04-15,1.22014076561725
2011-04-16,1.13583000008042
2011-04-17,1.05948272659608
2011-04-18,1.32845282033741
2011-04-19,1.0352337034129
2011-04-20,1.05920173282947
2011-04-21,1.11475202548491
2011-04-22,1.26874073609912
2011-04-23,1.43760766223517
2011-04-24,1.40075875385898
2011-04-25,1.17255390503573
2011-04-26,1.16871858103411
2011-04-27,1.3093038204469
2011-04-28,1.44127526948725
2011-04-29,3.00990868242175
2011-04-30,1.8738415296942
2011-05-01,1.26505858827382
2011-05-02,1.23749528353236
2011-05-03,1.44168760145627
2011-05-04,1.77767658227824
2011-05-05,1.20036398933829
2011-05-06,1.625123381505
2011-05-07,1.12551007289866
2011-05-08,1.02161992099972
2011-05-09,1.20703979023993
2011-05-10,1.18543100891231
2011-05-11,1.57215421302899
2011-05-12,1.65937208607706
2011-05-13,1.44417588089628
2011-05-14,1.27932788674682
2011-05-15,1.51698820385875
2011-05-16,1.59448850846343
2011-05-17,1.26128916305398
2011-05-18,1.18291871617759
2011-05-19,1.20754986097494
2011-05-20,1.29241530947989
2011-05-21,0.820643146338928
2011-05-22,1.1178771634394
2011-05-23,1.11285919754677
2011-05-24,1.25988478288913
2011-05-25,1.24697439600741
2011-05-26,1.29483491944195
2011-05-27,1.31606947569452
2011-05-28,1.12614058891583
2011-05-29,1.10855639249905
2011-05-30,1.33219266502847
2011-05-31,1.23328624800969
2011-06-01,1.20961411029489
2011-06-02,1.47404985904321
2011-06-03,1.75203487715518
2011-06-04,1.54424839224789
2011-06-05,1.39894780384257
2011-06-06,2.36892720261557
2011-06-07,1.27641957482429
2011-06-08,2.18027656371158
2011-06-09,1.56238757121398
2011-06-10,1.29903845420224
2011-06-11,1.04098334574163
2011-06-12,1.32399827892504
2011-06-13,1.16780198492231
2011-06-14,1.6822842225709
2011-06-15,1.24511073253514
2011-06-16,1.18877083894078
2011-06-17,0.982948829909685
2011-06-18,1.05459029926652
2011-06-19,1.00831776541264
2011-06-20,1.04056052637053
2011-06-21,1.09926987850744
2011-06-22,1.00107265569146
2011-06-23,1.04710159392222
2011-06-24,1.05405161653247
2011-06-25,1.01655846840916
2011-06-26,1.03787094833303
2011-06-27,1.05931374923091
2011-06-28,1.05269921473025
2011-06-29,1.05228268868725
2011-06-30,1.04110670094199
2011-07-01,0.984383300841073
2011-07-02,0.978646195158831
2011-07-03,1.00413571983381
2011-07-04,0.983651546496006
2011-07-05,1.01646559907847
2011-07-06,1.00692087067239
2011-07-07,0.9986490087171
2011-07-08,0.96505368145192
2011-07-09,0.989848346261677
2011-07-10,1.10207458655752
2011-07-11,1.01924734804349
2011-07-12,1.00145998455237
2011-07-13,1.00564376042292
2011-07-14,0.998309310936371
2011-07-15,1.00980226075937
2011-07-16,0.989491054551612
2011-07-17,1.0161545494533
2011-07-18,0.808769888054936
2011-07-19,1.01439254422445
2011-07-20,0.876876012021791
2011-07-21,0.99054182176303
2011-07-22,0.985643143392208
2011-07-23,1.00266387559848
2011-07-24,1.00881205319719
2011-07-25,1.02032230609951
2011-07-26,1.00509553153387
2011-07-27,1.00942960476935
2011-07-28,0.967769529660457
2011-07-29,0.984304669707468
2011-07-30,1.02619029706352
2011-07-31,0.981786587009279
2011-08-01,0.988532898057711
2011-08-02,0.984363547864688
2011-08-03,0.863360855665441
2011-08-04,0.937962367118408
2011-08-05,0.954547454240057
2011-08-06,0.789546307651498
2011-08-07,0.758599265456124
2011-08-08,0.850110061385216
2011-08-09,1.02793458127742
2011-08-10,0.981063098859761
2011-08-11,0.96836798704519
2011-08-12,0.972168094597006
2011-08-13,0.986153551134618
2011-08-14,1.00454396431063
2011-08-15,1.04279834179749
2011-08-16,1.04435356417189
2011-08-17,1.04114313749024
2011-08-18,1.0230424403718
2011-08-19,1.01294100955178
2011-08-20,1.03273323157885
2011-08-21,0.997364755746003
2011-08-22,1.00592567611468
2011-08-23,0.976977988111609
2011-08-24,0.989247314245804
2011-08-25,1.37708060067429
2011-08-26,1.0590306292785
2011-08-27,0.704357230791989
2011-08-28,0.997980878217357
2011-08-29,0.988566951645289
2011-08-30,0.957521977515978
2011-08-31,0.952090483735011
2011-09-01,0.932192010648831
2011-09-02,1.01377392302122
2011-09-03,0.947965182423506
2011-09-04,0.94275802529549
2011-09-05,0.925945099924142
2011-09-06,0.88956890512181
2011-09-07,0.90509508880162
2011-09-08,0.803384885872492
2011-09-09,0.842080318386434
2011-09-10,0.879646397961564
2011-09-11,0.723337269838357
2011-09-12,0.953791784132556
2011-09-13,0.867513577894645
2011-09-14,0.931860712055294
2011-09-15,0.900629315069473
2011-09-16,0.914383780080042
2011-09-17,0.954298273637352
2011-09-18,0.957016268773547
2011-09-19,0.917399815575281
2011-09-20,0.985119455584196
2011-09-21,1.00902867185176
2011-09-22,0.899341362754109
2011-09-23,0.962425047093375
2011-09-24,0.971804803017157
2011-09-25,0.716851011071304
2011-09-26,0.921543276474409
2011-09-27,0.947298220838506
2011-09-28,0.93384255162577
2011-09-29,0.958469044430631
2011-09-30,0.994364124450216
2011-10-01,0.903059375340138
2011-10-02,0.892145808429085
2011-10-03,0.933031853358894
2011-10-04,0.957120846284004
2011-10-05,0.951796348037572
2011-10-06,0.968329646601439
2011-10-07,0.915150816024241
2011-10-08,0.914979765202606
2011-10-09,0.879538745995424
2011-10-10,0.945024316184775
2011-10-11,0.851186832245065
2011-10-12,0.907365447229205
2011-10-13,0.958776874577543
2011-10-14,0.861258945029774
2011-10-15,0.935439881493938
2011-10-16,0.91471715098875
2011-10-17,0.715998238794014
2011-10-18,0.787568256106886
2011-10-19,0.60854263787548
2011-10-20,0.893072702747264
2011-10-21,0.915469135701289
2011-10-22,0.928293879314007
2011-10-23,0.971940102611599
2011-10-24,0.937542420278119
2011-10-25,0.943844104431961
2011-10-26,0.820208687590523
2011-10-27,0.97397175273297
2011-10-28,1.00794859813011
2011-10-29,1.00937014828199
2011-10-30,0.992955442788808
2011-10-31,0.959323037061593
2011-11-01,0.972359925302151
2011-11-02,0.983847692185317
2011-11-03,0.991040833840994
2011-11-04,0.971555560482064
2011-11-05,0.957262634270801
2011-11-06,0.965552549036606
2011-11-07,0.961237140478645
2011-11-08,0.962910684141099
2011-11-09,0.591715130665685
2011-11-10,0.974457031476326
2011-11-11,0.925237515266913
2011-11-12,0.998257767478372
2011-11-13,0.978518530130946
2011-11-14,0.856927830084019
2011-11-15,0.927666935407217
2011-11-16,0.537416048160472
2011-11-17,0.99188902976161
2011-11-18,0.968872305291982
2011-11-19,0.98873959904823
2011-11-20,0.998346999966799
2011-11-21,0.980483663644567
2011-11-22,0.995477434858423
2011-11-23,0.968206522705968
2011-11-24,1.02062293356594
2011-11-25,1.0291646477785
2011-11-26,0.952386063899221
2011-11-27,0.995413238026027
2011-11-28,0.95363407599637
2011-11-29,1.01565048606349
2011-11-30,1.01043637979714
2011-12-01,0.99210679231236
2011-12-02,1.00665179372854
2011-12-03,0.991929828780944
2011-12-04,0.946409763390121
2011-12-05,1.00674178582522
2011-12-06,1.00451251273813
2011-12-07,0.978434828009444
2011-12-08,0.99860220579251
2011-12-09,1.00491558761528
2011-12-10,0.996514071910045
2011-12-11,1.04247084591114
2011-12-12,1.0116303229646
2011-12-13,0.998974804445874
2011-12-14,0.928286110691602
2011-12-15,1.0065988188474
2011-12-16,1.01375908867778
2011-12-17,0.996965804848957
2011-12-18,0.989975996346668
2011-12-19,1.04805862568692
2011-12-20,1.12578805636138
2011-12-21,1.04453959063233
2011-12-22,1.03448119099129
2011-12-23,1.05704667747916
2011-12-24,1.00345625936313
2011-12-25,1.06286290004631
2011-12-26,1.03277319342514
2011-12-27,1.01688953431578
2011-12-28,1.05016649472147
2011-12-29,1.00908066428982
2011-12-30,1.03891721544023
2011-12-31,1.0717087804315
2012-01-01,1.08731938452001
2012-01-02,0.950674964077256
2012-01-03,1.04418436322365
2012-01-04,1.09580136510807
2012-01-05,1.18608262393304
2012-01-06,1.17512708421952
2012-01-07,1.11197187897119
2012-01-08,1.13355878398129
2012-01-09,1.09063698722644
2012-01-10,1.02380689209115
2012-01-11,1.095245205982
2012-01-12,1.21337058219998
2012-01-13,1.06811664214422
2012-01-14,1.04935691571502
2012-01-15,1.04358225289378
2012-01-16,1.05983747965263
2012-01-17,1.04056450424082
2012-01-18,0.954927298181453
2012-01-19,1.06951762123487
2012-01-20,1.01188754237287
2012-01-21,1.0146408414032
2012-01-22,1.013052505713
2012-01-23,1.01361649899167
2012-01-24,1.02406132334653
2012-01-25,0.998793005294283
2012-01-26,0.932546833229307
2012-01-27,0.937000726947561
2012-01-28,0.963213629465122
2012-01-29,0.964542243062938
2012-01-30,0.97044750929021
2012-01-31,0.953329574416898
2012-02-01,1.00678411680665
2012-02-02,1.03002649770959
2012-02-03,1.00957643280296
2012-02-04,1.00720593336162
2012-02-05,0.987496718006565
2012-02-06,0.961174696720016
2012-02-07,0.989047011270314
2012-02-08,0.988547061587201
2012-02-09,0.997043662919964
2012-02-10,0.9802953669241
2012-02-11,1.09351522493872
2012-02-12,0.992135459695988
2012-02-13,0.774856969692828
2012-02-14,0.947503689098919
2012-02-15,0.978635879350799
2012-02-16,0.948909524345565
2012-02-17,0.957280693107423
2012-02-18,0.935867968442997
2012-02-19,0.939133349114066
2012-02-20,0.970138590951254
2012-02-21,0.952297205577452
2012-02-22,0.966045466133944
2012-02-23,1.01865563188519
2012-02-24,1.01120384256315
2012-02-25,1.02891333282349
2012-02-26,0.999413621791835
2012-02-27,1.01010508574874
2012-02-28,1.01262023232535
2012-02-29,0.796605198866477
2012-03-01,1.01610184366819
2012-03-02,0.964823604860257
2012-03-03,0.955920249626098
2012-03-04,0.988852018583741
2012-03-05,1.00423647513843
2012-03-06,1.00690199723998
2012-03-07,0.995409827337741
2012-03-08,0.989520361756978
2012-03-09,0.988426589683155
2012-03-10,0.978257316902259
2012-03-11,1.01183870673663
2012-03-12,0.994920311319242
2012-03-13,1.00628205656764
2012-03-14,1.05096258129102
2012-03-15,1.02872050953647
2012-03-16,1.04791223206834
2012-03-17,1.0101447471197
2012-03-18,0.963593711899299
2012-03-19,0.961994142523687
2012-03-20,0.963906973529037
2012-03-21,0.917446255306791
2012-03-22,0.976146820373592
2012-03-23,1.00391992153181
2012-03-24,0.941299859518569
2012-03-25,0.948736568861282
2012-03-26,0.979963484582457
2012-03-27,0.978977936886174
2012-03-28,1.00090220664373
2012-03-29,0.970012877347528
2012-03-30,0.647300339008165
2012-03-31,1.00436198715472
2012-04-01,0.987266456244926
2012-04-02,1.00359244752014
2012-04-03,0.883976424257777
2012-04-04,1.00727170713441
2012-04-05,1.0084538248678
2012-04-06,1.02305764545428
2012-04-07,0.979232308402599
2012-04-08,0.986086585865975
2012-04-09,1.00348884278597
2012-04-10,0.994898254309528
2012-04-11,1.00417790644591
2012-04-12,1.02016787372239
2012-04-13,1.00477813519582
2012-04-14,1.01582768609991
2012-04-15,1.02234615841562
2012-04-16,1.01133467141449
2012-04-17,1.0072512276513
2012-04-18,1.02739126227191
2012-04-19,1.02146892070132
2012-04-20,1.02772424736641
2012-04-21,1.01309731912811
2012-04-22,1.02277489988176
2012-04-23,0.96575757051571
2012-04-24,0.99696472940374
2012-04-25,1.11085017072916
2012-04-26,0.962699258302794
2012-04-27,1.00023745061929
2012-04-28,0.985672427393537
2012-04-29,0.991613358359781
2012-04-30,0.884441842030928
2012-05-01,0.994390014816251
2012-05-02,1.00821480700286
2012-05-03,1.00005309176284
2012-05-04,1.00298946423302
2012-05-05,0.998453882134259
2012-05-06,0.925116362096739
2012-05-07,0.999423924455339
2012-05-08,0.991378368301857
2012-05-09,1.00385688952298
2012-05-10,1.00076823023889
2012-05-11,0.981252651672174
2012-05-12,1.1078464559825
2012-05-13,0.953816730174061
2012-05-14,0.989445159262346
2012-05-15,0.990036148604324
2012-05-16,0.97846304160768
2012-05-17,0.961428149791425
2012-05-18,0.953474094457283
2012-05-19,1.00131839976309
2012-05-20,0.896692722403156
2012-05-21,0.921137831316616
2012-05-22,0.991985679791678
2012-05-23,1.00880870283057
2012-05-24,0.924798736531341
2012-05-25,1.00455169774749
2012-05-26,0.907688691952646
2012-05-27,1.00897257582779
2012-05-28,0.998956219765113
2012-05-29,0.995100453969021
2012-05-30,0.999379796470948
2012-05-31,0.95253109057861
2012-06-01,1.00717851650089
2012-06-02,1.00723334946255
2012-06-03,1.00343101872746
2012-06-04,0.999688197807983
2012-06-05,1.02364889942722
2012-06-06,1.01802509795107
2012-06-07,1.02010590756963
2012-06-08,1.02565447783764
2012-06-09,1.02121318077221
2012-06-10,1.00131172230066
2012-06-11,1.01702292709385
2012-06-12,1.0200432530451
2012-06-13,1.03124470565521
2012-06-14,1.01038317573153
2012-06-15,1.06043318690003
2012-06-16,1.05735451107352
2012-06-17,1.04230225789613
2012-06-18,1.02216559286029
2012-06-19,1.0337707639977
2012-06-20,1.00118220678468
2012-06-21,1.04093976473082
2012-06-22,1.03185947247476
2012-06-23,1.01586930063879
2012-06-24,1.00567828864312
2012-06-25,0.997437044521325
2012-06-26,1.01709729828564
2012-06-27,1.01664783593996
2012-06-28,1.02013122526312
2012-06-29,1.01838735664176
2012-06-30,1.02126062447934
2012-07-01,1.01425173752063
2012-07-02,1.02519106845037
2012-07-03,1.00074642425814
2012-07-04,1.00337946383023
2012-07-05,1.01599545148261
2012-07-06,1.01219588656048
2012-07-07,0.968703774718362
2012-07-08,1.0346135939717
2012-07-09,1.01905885958278
2012-07-10,0.880951509045823
2012-07-11,1.04023350208285
2012-07-12,1.02381819658859
2012-07-13,1.06216104830987
2012-07-14,0.890761530089542
2012-07-15,1.02000628180849
2012-07-16,1.07656912083733
2012-07-17,1.12801371337801
2012-07-18,1.09050466349626
2012-07-19,1.05765765169075
2012-07-20,0.996063157671108
2012-07-21,1.05592016105548
2012-07-22,1.03107177128197
2012-07-23,1.02502720379947
2012-07-24,1.02007287076804
2012-07-25,1.01910290178639
2012-07-26,1.0595396058265
2012-07-27,1.04833488091146
2012-07-28,1.03746390500774
2012-07-29,1.05111074884224
2012-07-30,1.03484943759602
2012-07-31,1.02926431521274
2012-08-01,1.03398737999069
2012-08-02,1.08985743413915
2012-08-03,1.09281838831454
2012-08-04,1.08771901777358
2012-08-05,1.06577268547779
2012-08-06,1.05418536397346
2012-08-07,1.0287095494919
2012-08-08,1.07220934376836
2012-08-09,1.04763479453137
2012-08-10,1.04097084798731
2012-08-11,1.02828674893835
2012-08-12,1.03512142938358
2012-08-13,1.03618400699961
2012-08-14,1.06191425822237
2012-08-15,1.0768643075951
2012-08-16,1.09855216037446
2012-08-17,1.14016014719201
2012-08-18,0.996025227459194
2012-08-19,0.948646045227403
2012-08-20,1.01626236318357
2012-08-21,0.999219611537175
2012-08-22,1.02725792551969
2012-08-23,1.00171485375151
2012-08-24,1.01480263016904
2012-08-25,1.02614102472543
2012-08-26,1.0179878482029
2012-08-27,1.11582349164081
2012-08-28,1.02957617657061
2012-08-29,1.00894849675272
2012-08-30,1.002301825169
2012-08-31,1.07183741720168
2012-09-01,0.963603390518153
2012-09-02,0.996735007343913
2012-09-03,1.00206677234907
2012-09-04,1.01512777110558
2012-09-05,1.01975156076744
2012-09-06,1.02573748224634
2012-09-07,1.02421476218979
2012-09-08,1.01771365696624
2012-09-09,1.01676478545555
2012-09-10,1.11166301900248
2012-09-11,1.00512003134482
2012-09-12,1.02310651304534
2012-09-13,1.01632223465723
2012-09-14,1.01897100759279
2012-09-15,1.01717531132204
2012-09-16,1.0302146243763
2012-09-17,1.02413741878299
2012-09-18,1.02204476075825
2012-09-19,1.0333334739137
2012-09-20,1.05121959929553
2012-09-21,1.01887875020199
2012-09-22,1.0277653932751
2012-09-23,1.00851409911326
2012-09-24,1.01785162373182
2012-09-25,1.01209712312867
2012-09-26,1.01485588836523
2012-09-27,1.02650579262303
2012-09-28,1.03550814742391
2012-09-29,1.03276794997574
2012-09-30,1.02532295912809
2012-10-01,1.01179983251043
2012-10-02,1.02050717552261
2012-10-03,1.0273923324959
2012-10-04,1.02810588967833
2012-10-05,1.01121812134896
2012-10-06,1.0086695174149
2012-10-07,0.984969198279582
2012-10-08,1.00259192519599
2012-10-09,1.00202808923409
2012-10-10,1.00939068773025
2012-10-11,1.00367688803626
2012-10-12,1.00937353257995
2012-10-13,0.997947822891155
2012-10-14,1.01686060619583
2012-10-15,0.998271998160304
2012-10-16,1.00996670909958
2012-10-17,1.02185002892024
2012-10-18,1.00910260852825
2012-10-19,1.0067371715942
2012-10-20,0.996511600849621
2012-10-21,1.05073077484516
2012-10-22,0.998979879794999
2012-10-23,1.00524010233957
2012-10-24,1.00685820940069
2012-10-25,0.998604165089683
2012-10-26,0.952763078229632
2012-10-27,0.971150118897464
2012-10-28,0.983651251306832
2012-10-29,0.997056632143521
2012-10-30,0.99671812683286
2012-10-31,1.01533494215332
2012-11-01,0.99713478096889
2012-11-02,0.975531711145173
2012-11-03,0.987388529314874
2012-11-04,1.01447222090944
2012-11-05,0.999410559329276
2012-11-06,1.00443714925835
2012-11-07,1.01370946626635
2012-11-08,1.00563572251071
2012-11-09,1.00231022557782
2012-11-10,1.00189634285809
2012-11-11,1.00341250305034
2012-11-12,1.02843897180424
2012-11-13,1.01131297760723
2012-11-14,1.00689201108551
2012-11-15,1.00935902417527
2012-11-16,1.03432634231947
2012-11-17,1.01944105942667
2012-11-18,1.02335751223754
2012-11-19,1.02967249017194
2012-11-20,1.01600785997562
2012-11-21,1.01878848128415
2012-11-22,1.03158020314605
2012-11-23,1.03048217845611
2012-11-24,1.0259251730363
2012-11-25,1.04505474711407
2012-11-26,1.03295246017956
2012-11-27,1.01325772847815
2012-11-28,1.02134549877844
2012-11-29,1.02471282702261
2012-11-30,1.05052904314246
2012-12-01,1.02242130063014
2012-12-02,1.01281339267837
2012-12-03,1.02062733543591
2012-12-04,1.102552499861
2012-12-05,1.0475704287792
2012-12-06,1.03957062869287
2012-12-07,1.0451198896285
2012-12-08,1.02274868216566
2012-12-09,1.03191885397594
2012-12-10,1.03098736994266
2012-12-11,1.03056508411204
2012-12-12,1.04142758710164
2012-12-13,1.03314939913073
2012-12-14,1.02003853812068
2012-12-15,1.00911503497894
2012-12-16,1.01719353297651
2012-12-17,0.997576506104791
2012-12-18,1.0127223241946
2012-12-19,1.01618309574875
2012-12-20,1.03487830695287
2012-12-21,1.02025646236058
2012-12-22,1.00168357097425
2012-12-23,1.00107838038922
2012-12-24,1.00404545968028
2012-12-25,1.00180865526738
2012-12-26,1.0060965646355
2012-12-27,1.00681417461018
2012-12-28,1.00805391784384
2012-12-29,1.00755404862067
2012-12-30,1.00818445478958
2012-12-31,1.03642131496546
2013-01-01,0.99391120594451
2013-01-02,0.997590467245049
2013-01-03,1.00057696844062
2013-01-04,1.00909197848605
2013-01-05,1.00084905127724
2013-01-06,0.999677004374952
2013-01-07,1.00394417310343
2013-01-08,1.01748252389603
2013-01-09,1.01360454582737
2013-01-10,1.03097983415027
2013-01-11,1.02362974285147
2013-01-12,1.01545768136846
2013-01-13,1.01271121578044
2013-01-14,1.01532578443839
2013-01-15,1.01794315075727
2013-01-16,1.02419019566035
2013-01-17,1.04466596427367
2013-01-18,1.03991244313415
2013-01-19,1.02519089016125
2013-01-20,1.01989861755663
2013-01-21,1.06637157277005
2013-01-22,1.10235805936107
2013-01-23,1.03996563422602
2013-01-24,1.0745286541046
2013-01-25,1.00759763845738
2013-01-26,1.00941844020471
2013-01-27,1.06147779020849
2013-01-28,1.04466750049869
2013-01-29,1.06974573039533
2013-01-30,1.07996027869421
2013-01-31,1.10199564458545
2013-02-01,1.12244419870387
2013-02-02,1.02023693842909
2013-02-03,1.02056345724934
2013-02-04,1.0251987867206
2013-02-05,1.027557840195
2013-02-06,1.02850872636515
2013-02-07,1.0314260401206
2013-02-08,1.06243218471592
2013-02-09,1.05127372806105
2013-02-10,1.03134121333529
2013-02-11,1.05426161971215
2013-02-12,1.07903039422207
2013-02-13,1.10308469643924
2013-02-14,1.08834382145023
2013-02-15,1.1110749578202
2013-02-16,1.10443843955307
2013-02-17,1.07081413090401
2013-02-18,1.05589688176031
2013-02-19,1.0816786674158
2013-02-20,1.08887541181038
2013-02-21,1.06832522862261
2013-02-22,1.0681368400523
2013-02-23,1.03438742779839
2013-02-24,1.06711984691052
2013-02-25,1.19320409468402
2013-02-26,1.06088900518298
2013-02-27,1.03994384653455
2013-02-28,1.119329365851
2013-03-01,1.085331955467
2013-03-02,1.05102584345738
2013-03-03,1.05514731580133
2013-03-04,1.08159252131824
2013-03-05,1.17154758108013
2013-03-06,1.20624394871024
2013-03-07,1.07539544428943
2013-03-08,1.06029498674349
2013-03-09,1.10368129536359
2013-03-10,1.08580612724753
2013-03-11,1.10483989035227
2013-03-12,1.05971256852147
2013-03-13,1.09440849662861
2013-03-14,1.07592269241999
2013-03-15,1.08488827361803
2013-03-16,1.04284256148296
2013-03-17,1.05372537476419
2013-03-18,1.05903425244549
2013-03-19,1.1520248326584
2013-03-20,1.17435824925748
2013-03-21,1.25654199611422
2013-03-22,1.20282886313527
2013-03-23,1.06799136954063
2013-03-24,1.17100909656956
2013-03-25,1.18459425156953
2013-03-26,1.14811983397965
2013-03-27,1.18057259997066
2013-03-28,1.19800935986857
2013-03-29,1.11239458529566
2013-03-30,1.20589642521287
2013-03-31,1.08873635913019
2013-04-01,1.33695678367752
2013-04-02,1.20698622856765
2013-04-03,1.37394452516546
2013-04-04,1.1965894115515
2013-04-05,1.37546642302973
2013-04-06,1.19424429535147
2013-04-07,1.24253335917125
2013-04-08,1.33657361812232
2013-04-09,1.56116037247199
2013-04-10,1.21475801840299
2013-04-11,0.833188490155028
2013-04-12,0.699405391836055
2013-04-13,1.05480502962316
2013-04-14,0.99636066960667
2013-04-15,0.949749801356475
2013-04-16,0.889108049007828
2013-04-17,1.05652742368271
2013-04-18,1.06521130689584
2013-04-19,1.10144883954342
2013-04-20,1.1653571430819
2013-04-21,1.16841413092486
2013-04-22,1.10963496263942
2013-04-23,1.16569991476841
2013-04-24,1.32274010207248
2013-04-25,1.39586505703864
2013-04-26,1.07454239386547
2013-04-27,1.1414603821695
2013-04-28,1.08975594932424
2013-04-29,1.16803141939532
2013-04-30,1.09595783314682
2013-05-01,0.957019108552089
2013-05-02,0.976701155500151
2013-05-03,0.946262427121685
2013-05-04,1.01147854492653
2013-05-05,1.09023773003482
2013-05-06,1.07231456113543
2013-05-07,1.00245036196812
2013-05-08,1.0201486105004
2013-05-09,1.00792005911765
2013-05-10,0.977847913542255
2013-05-11,1.12229203368798
2013-05-12,1.04034617469127
2013-05-13,1.02814412941523
2013-05-14,1.00929351216581
2013-05-15,1.02233119002478
2013-05-16,1.00558367486625
2013-05-17,1.01840341956542
2013-05-18,1.12145276274287
2013-05-19,1.02676288085258
2013-05-20,1.02753676049305
2013-05-21,1.02067225525454
2013-05-22,1.03196790900654
2013-05-23,1.03305525887289
2013-05-24,1.06531660524831
2013-05-25,1.23360142479136
2013-05-26,1.02770674049578
2013-05-27,1.04421907337535
2013-05-28,1.02773234829051
2013-05-29,1.05849450189187
2013-05-30,1.0512003204853
2013-05-31,1.054514589355
2013-06-01,1.04073376834952
2013-06-02,1.02972476632494
2013-06-03,1.01432044664172
2013-06-04,1.02923370204848
2013-06-05,1.04402850144906
2013-06-06,1.07392904999969
2013-06-07,0.995748072085576
2013-06-08,0.983710619145099
2013-06-09,0.962689704562811
2013-06-10,0.980999131292991
2013-06-11,1.04800173282966
2013-06-12,1.00360331703972
2013-06-13,0.98638861021718
2013-06-14,0.983391902872089
2013-06-15,0.98933451757311
2013-06-16,1.0028220159341
2013-06-17,0.98839667143149
2013-06-18,1.00638331192277
2013-06-19,1.01096603187077
2013-06-20,1.00692354481292
2013-06-21,0.987512578531549
2013-06-22,0.996429979754374
2013-06-23,0.990294510316929
2013-06-24,1.00808208947251
2013-06-25,1.00670223485349
2013-06-26,0.998197983357507
2013-06-27,1.00046220348062
2013-06-28,0.972752865282061
2013-06-29,1.00162115910542
2013-06-30,0.962496948763628
2013-07-01,1.006941422148
2013-07-02,1.00992203748985
2013-07-03,0.967066644356353
2013-07-04,0.949509068015804
2013-07-05,0.878823900800713
2013-07-06,0.912048359268346
2013-07-07,0.942370558015229
2013-07-08,1.00542469625797
2013-07-09,0.980044644438639
2013-07-10,1.04707638242117
2013-07-11,1.0149293894461
2013-07-12,1.04781704918255
2013-07-13,1.04635871081405
2013-07-14,1.01696408587956
2013-07-15,1.01740772793301
2013-07-16,1.0124945321797
2013-07-17,1.01386041324053
2013-07-18,0.952424210572573
2013-07-19,0.978156979917061
2013-07-20,1.00846117384297
2013-07-21,0.986483933290709
2013-07-22,0.996967167184808
2013-07-23,0.997376393016768
2013-07-24,1.0055248343439
2013-07-25,1.01143356789038
2013-07-26,1.0074456872399
2013-07-27,0.997176216948043
2013-07-28,1.0179259735293
2013-07-29,0.978915784053893
2013-07-30,1.01711046131797
2013-07-31,1.04448627105459
2013-08-01,1.01444661215107
2013-08-02,1.03794919253183
2013-08-03,1.16104496112271
2013-08-04,1.01806324492031
2013-08-05,1.03994861125796
2013-08-06,1.0118909133045
2013-08-07,1.01585263537007
2013-08-08,1.00286893628821
2013-08-09,0.996800638382343
2013-08-10,0.998594121622519
2013-08-11,1.00306208936299
2013-08-12,0.995367391735957
2013-08-13,1.04186475978656
2013-08-14,1.02014896389039
2013-08-15,1.03800593555995
2013-08-16,1.01083824855035
2013-08-17,1.01656640933898
2013-08-18,1.00966198976537
2013-08-19,1.02644423428974
2013-08-20,1.02917011143112
2013-08-21,1.02917514147156
2013-08-22,1.0352678886826
2013-08-23,1.02426669917021
2013-08-24,1.01639513250272
2013-08-25,1.04199942543392
2013-08-26,1.03520412884146
2013-08-27,1.04533478535482
2013-08-28,1.04432995031786
2013-08-29,1.05337889084251
2013-08-30,1.06077538947404
2013-08-31,1.08606171519883
2013-09-01,1.05968132971866
2013-09-02,1.0694751776589
2013-09-03,1.10209845383938
2013-09-04,1.02191588408865
2013-09-05,1.01080516203116
2013-09-06,1.01604357078556
2013-09-07,1.01805589142143
2013-09-08,1.01018040041605
2013-09-09,1.04043542542622
2013-09-10,1.06552694477154
2013-09-11,1.03728010156137
2013-09-12,1.10653664912293
2013-09-13,1.03163853720546
2013-09-14,1.09671904606782
2013-09-15,1.01972610046023
2013-09-16,1.03670168512697
2013-09-17,1.02346322947235
2013-09-18,1.03601808773594
2013-09-19,1.09821929118185
2013-09-20,1.00797731815111
2013-09-21,1.02055117436098
2013-09-22,1.03553949055675
2013-09-23,1.00988112411681
2013-09-24,1.01628243759367
2013-09-25,1.02376594483774
2013-09-26,1.01589216912545
2013-09-27,1.01782163994287
2013-09-28,1.01580433995487
2013-09-29,1.02158756671719
2013-09-30,1.02129362986583
2013-10-01,1.02244533221594
2013-10-02,0.979832506753554
2013-10-03,0.993703252771626
2013-10-04,1.02342908894062
2013-10-05,1.02480120324382
2013-10-06,1.02517495274715
2013-10-07,1.17422832169494
2013-10-08,1.01578108851398
2013-10-09,1.02320784903644
2013-10-10,1.01456659103025
2013-10-11,1.01982381751362
2013-10-12,1.02283589556733
2013-10-13,1.02780121525643
2013-10-14,1.06062779984766
2013-10-15,1.06326181311108
2013-10-16,1.08798765215144
2013-10-17,1.05228408991119
2013-10-18,1.06375148713654
2013-10-19,1.10997502221437
2013-10-20,1.10674167274121
2013-10-21,1.24775445226775
2013-10-22,1.17025631133476
2013-10-23,1.1755303921061
2013-10-24,1.08433422780335
2013-10-25,1.35747459251164
2013-10-26,1.04455178049815
2013-10-27,1.09913597989037
2013-10-28,1.07241141845057
2013-10-29,1.1667271982802
2013-10-30,1.0730548366946
2013-10-31,1.0855673139821
2013-11-01,1.1037785314672
2013-11-02,1.06091420133816
2013-11-03,1.09502904617464
2013-11-04,1.27004732778481
2013-11-05,1.20667858578746
2013-11-06,1.13489320542592
2013-11-07,1.25313293726274
2013-11-08,1.24136894586229
2013-11-09,1.20428538101497
2013-11-10,1.09940562374306
2013-11-11,1.22073801505158
2013-11-12,1.20075265517159
2013-11-13,1.22259875400297
2013-11-14,1.24081184210146
2013-11-15,1.20553355912403
2013-11-16,1.18439312167586
2013-11-17,1.25353772617966
2013-11-18,1.30489297809722
2013-11-19,1.23132173378275
2013-11-20,1.16190216871826
2013-11-21,1.21064087319222
2013-11-22,1.18073284132093
2013-11-23,1.43075358920051
2013-11-24,1.22255498857016
2013-11-25,1.24109710188352
2013-11-26,1.61431659947626
2013-11-27,1.30251795965769
2013-11-28,1.28853294006185
2013-11-29,1.34181411518216
2013-11-30,1.19334768955664
2013-12-01,1.09562867962758
2013-12-02,1.17289224049272
2013-12-03,1.15449437568018
2013-12-04,1.16197877527166
2013-12-05,1.17821700309858
2013-12-06,1.0654464225587
2013-12-07,0.979036644689998
2013-12-08,1.04747124219206
2013-12-09,1.0980241078593
2013-12-10,1.11197270517913
2013-12-11,1.15541754617715
2013-12-12,1.06856141825303
2013-12-13,1.16917227113945
2013-12-14,1.07648379462116
2013-12-15,1.07850342276831
2013-12-16,1.06734564581033
2013-12-17,1.01550137011163
2013-12-18,0.959110546994652
2013-12-19,0.936476362627903
2013-12-20,1.02573157946505
2013-12-21,1.51006483310001
2013-12-22,0.995695188195239
2013-12-23,1.03233080144036
2013-12-24,1.07931559099762
2013-12-25,1.33408570708876
2013-12-26,1.0596686825817
2013-12-27,1.12024174574121
2013-12-28,1.01836793545939
2013-12-29,1.03033925456907
2013-12-30,1.02560925420338
2013-12-31,1.01857965081431
2014-01-01,0.979394624641056
2014-01-02,1.06836834763759
2014-01-03,1.09155631547673
2014-01-04,1.16761305285161
2014-01-05,1.12381962160923
2014-01-06,1.10280323820267
2014-01-07,1.09018182462176
2014-01-08,1.04936995092284
2014-01-09,1.05780434716453
2014-01-10,1.03704837450701
2014-01-11,1.19816891437969
2014-01-12,1.29864197394278
2014-01-13,1.04513967545324
2014-01-14,1.18368104314517
2014-01-15,1.11326112774145
2014-01-16,1.05731196066346
2014-01-17,1.0262993015305
2014-01-18,1.0246274544028
2014-01-19,1.04953598806115
2014-01-20,1.05799212195152
2014-01-21,1.02378859036306
2014-01-22,1.05545841773494
2014-01-23,1.02661172637031
2014-01-24,1.02673610334924
2014-01-25,1.04656139291955
2014-01-26,1.0241232877867
2014-01-27,1.03596423005242
2014-01-28,1.01379331468589
2014-01-29,1.03771711008936
2014-01-30,1.03717897275281
2014-01-31,1.02306178010999
2014-02-01,1.06942775927159
2014-02-02,1.03280647715339
2014-02-03,1.02720930447226
2014-02-04,1.03381138361948
2014-02-05,1.39098828200719
2014-02-06,1.38094841495342
2014-02-07,1.01954449665126
2014-02-08,1.06050269262003
2014-02-09,1.01000105547798
2014-02-10,0.988144350358815
2014-02-11,0.998078729960708
2014-02-12,0.958747055630994
2014-02-13,0.978588250780295
2014-02-14,0.984682339627627
2014-02-15,0.991229212531715
2014-02-16,1.00306450674398
2014-02-17,0.977495155532116
2014-02-18,0.999035059784378
2014-02-19,0.989004270480833
2014-02-20,0.965008501067084
2014-02-21,0.971332270001233
2014-02-22,0.972026722547756
2014-02-23,0.997104640478597
2014-02-24,0.93160903250124
2014-02-25,0.848825323545789
2014-02-26,0.978980693078086
2014-02-27,0.981698367537546
2014-02-28,1.05899099632408
2014-03-01,0.952934873351072
2014-03-02,1.00443550976236
2014-03-03,1.03169554617256
2014-03-04,1.03674903217554
2014-03-05,1.06893474120313
2014-03-06,1.0266493560607
2014-03-07,1.17489423245353
2014-03-08,1.00529872991748
2014-03-09,1.30534543545078
2014-03-10,1.02936921835121
2014-03-11,1.00984566112353
2014-03-12,1.02459670884348
2014-03-13,1.01094971467552
2014-03-14,0.995699186573623
2014-03-15,0.993860470296947
2014-03-16,1.00926517067742
2014-03-17,1.0164078646001
2014-03-18,1.03739956370286
2014-03-19,1.00098023110072
2014-03-20,0.975269323639721
2014-03-21,1.10071162983293
2014-03-22,0.990912340204462
2014-03-23,0.971213017022366
2014-03-24,1.00143815059667
2014-03-25,1.00470060714661
2014-03-26,1.0148898199434
2014-03-27,0.961640460184604
2014-03-28,0.918215410365427
2014-03-29,0.967792989206829
2014-03-30,0.914826520058318
2014-03-31,0.888498956832223
2014-04-01,0.966355107025801
2014-04-02,0.928372581792394
2014-04-03,0.956133120538438
2014-04-04,0.941339592121762
2014-04-05,0.940885736133493
2014-04-06,0.992092882013713
2014-04-07,0.962712198130207
2014-04-08,0.962727054000727
2014-04-09,1.01707833534241
2014-04-10,0.873253574786478
2014-04-11,0.852398987240862
2014-04-12,0.9804039418903
2014-04-13,0.972718231381151
2014-04-14,1.00065249595662
2014-04-15,1.0155208999917
2014-04-16,1.13410341605252
2014-04-17,1.00656640754684
2014-04-18,0.969587428961539
2014-04-19,1.00519094033636
2014-04-20,0.996375638874103
2014-04-21,1.00030804658176
2014-04-22,0.974669771172084
2014-04-23,1.07910672477811
2014-04-24,1.00274568517317
2014-04-25,0.951903590438706
2014-04-26,0.982026131671292
2014-04-27,0.98103069528105
2014-04-28,0.969940735184391
2014-04-29,0.95642679880603
2014-04-30,0.976833671918386
2014-05-01,0.983509160099134
2014-05-02,0.97568062990139
2014-05-03,0.969253468673648
2014-05-04,0.966755239576027
2014-05-05,0.955135528878738
2014-05-06,0.942664534349192
2014-05-07,0.985811953439963
2014-05-08,0.988209527940389
2014-05-09,0.974172667995227
2014-05-10,0.994074099078977
2014-05-11,0.982394962177154
2014-05-12,0.97741431564886
2014-05-13,0.960684492690967
2014-05-14,0.931860928425264
2014-05-15,0.986386939828048
2014-05-16,0.975712830990916
2014-05-17,0.989480250894702
2014-05-18,1.00743619394683
2014-05-19,0.972186952227754
2014-05-20,1.01026838829862
2014-05-21,1.03698997680726
2014-05-22,1.05460255725186
2014-05-23,1.04188292762669
2014-05-24,1.02062647937913
2014-05-25,1.12395555018536
2014-05-26,1.05400746883821
2014-05-27,1.33564850732196
2014-05-28,1.03373720778829
2014-05-29,1.02593582288391
2014-05-30,1.07245772755313
2014-05-31,1.05407355088237
2014-06-01,1.06647403145648
2014-06-02,1.0433253305317
2014-06-03,1.08083438852313
2014-06-04,1.04105672642988
2014-06-05,1.05185793455087
2014-06-06,1.04832848479165
2014-06-07,1.03441299966673
2014-06-08,1.07181288017925
2014-06-09,1.0857054327736
2014-06-10,1.05569684596121
2014-06-11,1.03948815981827
2014-06-12,1.40234962187396
2014-06-13,1.01983335277857
2014-06-14,0.979930693554471
2014-06-15,0.994762321498723
2014-06-16,1.03822096281069
2014-06-17,1.00355892462525
2014-06-18,1.02368796128734
2014-06-19,1.01506061631927
2014-06-20,1.00543823391371
2014-06-21,1.00415052543445
2014-06-22,1.01717821983493
2014-06-23,1.02188059714572
2014-06-24,1.01622397928002
2014-06-25,0.995697548805154
2014-06-26,1.03535985121611
2014-06-27,1.02438064867683
2014-06-28,1.01746804521983
2014-06-29,1.02557623336588
2014-06-30,1.06319230501925
2014-07-01,1.053393416975
2014-07-02,1.04256082294487
2014-07-03,1.03179493942301
2014-07-04,1.02099547210489
2014-07-05,1.02124763949599
2014-07-06,1.02182169462992
2014-07-07,1.01805920412246
2014-07-08,1.00750502507368
2014-07-09,1.08463577906798
2014-07-10,1.02064706054539
2014-07-11,1.01476950863302
2014-07-12,1.02007028225715
2014-07-13,1.01613936257417
2014-07-14,1.00920079825581
2014-07-15,1.01577362214712
2014-07-16,1.00813294241422
2014-07-17,1.02157120356544
2014-07-18,1.02115243976534
2014-07-19,0.995294715424318
2014-07-20,1.01834229299204
2014-07-21,1.02980671833866
2014-07-22,1.01751094604561
2014-07-23,1.04945798424348
2014-07-24,1.0112021057464
2014-07-25,1.00323302615337
2014-07-26,0.993527914996929
2014-07-27,1.01234664509929
2014-07-28,0.997801968643627
2014-07-29,0.985946640977137
2014-07-30,0.987292326446087
2014-07-31,1.01685602641765
2014-08-01,0.985369448424761
2014-08-02,1.01785615211251
2014-08-03,0.991557744573407
2014-08-04,1.04825753439829
2014-08-05,1.20406301057644
2014-08-06,1.00939565372449
2014-08-07,1.01645033133863
2014-08-08,1.0110999843523
2014-08-09,1.02587853055195
2014-08-10,1.01590593763316
2014-08-11,1.00198497810336
2014-08-12,1.00093848218486
2014-08-13,0.978846624632048
2014-08-14,0.927284614081719
2014-08-15,0.970111886353379
2014-08-16,0.972690729567776
2014-08-17,0.992562258403157
2014-08-18,0.91708059528215
2014-08-19,0.965013078839008
2014-08-20,0.988514393182207
2014-08-21,1.006040575513
2014-08-22,0.996921343785594
2014-08-23,1.01509570087344
2014-08-24,0.99262743612293
2014-08-25,0.997225411547715
2014-08-26,1.01004245835243
2014-08-27,0.988410122075679
2014-08-28,0.990670283165684
2014-08-29,0.966468759153505
2014-08-30,0.995197646372327
2014-08-31,0.983812209498997
2014-09-01,0.983708829503983
2014-09-02,0.935483863803136
2014-09-03,0.979106021174525
2014-09-04,0.99875962591191
2014-09-05,1.00544454868978
2014-09-06,1.04374695342651
2014-09-07,0.984439315189196
2014-09-08,0.97529262190841
2014-09-09,0.945872269734769
2014-09-10,1.00222176306037
2014-09-11,0.980948214358663
2014-09-12,0.94899105932433
2014-09-13,0.986740094957444
2014-09-14,0.985180935052
2014-09-15,0.986827952203684
2014-09-16,0.974781437673052
2014-09-17,0.964612859603356
2014-09-18,0.910567849266299
2014-09-19,0.896503921855965
2014-09-20,0.899891292698373
2014-09-21,0.942374557233039
2014-09-22,0.93527049839584
2014-09-23,0.954196682660612
2014-09-24,0.981269654290236
2014-09-25,0.953445825951046
2014-09-26,0.919173055517947
2014-09-27,0.95060190179401
2014-09-28,0.938640436138463
2014-09-29,0.885980994193046
2014-09-30,0.924274586512185
2014-10-01,0.938990037325348
2014-10-02,0.939999202486555
2014-10-03,0.889987974342905
2014-10-04,0.897441003496661
2014-10-05,0.902329184743216
2014-10-06,0.881119228443604
2014-10-07,0.904107937177467
2014-10-08,0.941303928134442
2014-10-09,0.968348111608028
2014-10-10,0.960224294358934
2014-10-11,0.975828589497048
2014-10-12,0.865964358608384
2014-10-13,1.00723559158848
2014-10-14,0.999238425921603
2014-10-15,0.959833545951117
2014-10-16,0.986070625963735
2014-10-17,0.939613873249271
2014-10-18,0.995572072050746
2014-10-19,1.00061681721936
2014-10-20,0.982608786127975
2014-10-21,0.980487069527419
2014-10-22,0.954237910719562
2014-10-23,0.936010700579362
2014-10-24,0.924632544228083
2014-10-25,0.927090260002871
2014-10-26,0.971250717108574
2014-10-27,0.946352736738303
2014-10-28,0.96899881604934
2014-10-29,0.935111768360091
2014-10-30,0.916265657822342
2014-10-31,0.965652035243807
2014-11-01,0.942302858650076
2014-11-02,0.931122979022578
2014-11-03,0.931664302860039
2014-11-04,0.910529215521936
2014-11-05,0.978043934013733
2014-11-06,0.99559096085236
2014-11-07,1.04474797446223
2014-11-08,0.989347970504827
2014-11-09,0.939397973905275
2014-11-10,1.00133783732456
2014-11-11,0.975573777250813
2014-11-12,1.0167114258871
2014-11-13,1.0443223947778
2014-11-14,0.975760075920562
2014-11-15,0.979514156841296
2014-11-16,0.997186658682483
2014-11-17,0.967239332709911
2014-11-18,0.977003580211867
2014-11-19,0.948364365096338
2014-11-20,0.936371548887561
2014-11-21,0.967738703649424
2014-11-22,0.977840748562396
2014-11-23,0.981677032600665
2014-11-24,1.00693305343911
2014-11-25,0.992399139092462
2014-11-26,0.975908444452782
2014-11-27,0.980588076492835
2014-11-28,0.711429759734074
2014-11-29,0.994446014901939
2014-11-30,0.998122362590653
2014-12-01,0.992609668503078
2014-12-02,0.986681026309919
2014-12-03,0.997776510059871
2014-12-04,0.878883418449816
2014-12-05,0.986189681481396
2014-12-06,0.990035288182467
2014-12-07,0.988834930546845
2014-12-08,0.838227317951084
2014-12-09,0.999382809480044
2014-12-10,0.956395224343144
2014-12-11,0.982226942847484
2014-12-12,0.956419766960271
2014-12-13,0.977313829517856
2014-12-14,0.987361861386701
2014-12-15,0.960649888883778
2014-12-16,0.963521259422153
2014-12-17,0.94439820829142
2014-12-18,0.940913456300797
2014-12-19,0.938151095997041
2014-12-20,0.962007356590411
2014-12-21,0.923371683901623
2014-12-22,0.968561790671425
2014-12-23,0.959713947857248
2014-12-24,0.789798414086443
2014-12-25,0.960796021591258
2014-12-26,0.969257852232311
2014-12-27,0.971477615018918
2014-12-28,0.968814759486534
2014-12-29,0.952252620843535
2014-12-30,0.883617578725645
2014-12-31,0.908617430109318
2015-01-01,0.984590385923501
2015-01-02,0.977898731893956
2015-01-03,0.910344544976179
2015-01-04,0.902610451531224
2015-01-05,0.90578371469173
2015-01-06,0.964706138249523
2015-01-07,0.947536710545327
2015-01-08,0.913958490084166
2015-01-09,0.935422791453849
2015-01-10,0.929887060899261
2015-01-11,0.948065981893891
2015-01-12,0.924375411896139
2015-01-13,0.884381513135608
2015-01-14,0.788030424144514
2015-01-15,0.885852390285669
2015-01-16,0.895099494685116
2015-01-17,0.908926441408198
2015-01-18,0.945733554024133
2015-01-19,0.943456303768167
2015-01-20,0.930950145681096
2015-01-21,0.885968586597784
2015-01-22,0.980268812646145
2015-01-23,0.962056461057268
2015-01-24,0.965897327253414
2015-01-25,0.97235154247321
2015-01-26,0.975309831004121
2015-01-27,0.959981492412258
2015-01-28,0.948277247876579
2015-01-29,0.932598100386672
2015-01-30,0.94131773155652
2015-01-31,0.908389604182683
2015-02-01,0.939168608699159
2015-02-02,0.927016033803806
2015-02-03,0.987386267385304
2015-02-04,0.924818008819199
2015-02-05,0.929788547184242
2015-02-06,0.964822472629332
2015-02-07,0.960883617911954
2015-02-08,0.961125671176003
2015-02-09,0.919240646703052
2015-02-10,0.955977529154097
2015-02-11,0.937000716527738
2015-02-12,0.963360696527455
2015-02-13,1.00632215928612
2015-02-14,0.995849271552932
2015-02-15,1.00831434028816
2015-02-16,0.951756062770151
2015-02-17,0.984567231089926
2015-02-18,0.981367113121244
2015-02-19,0.891525960317164
2015-02-20,1.119732311984
2015-02-21,0.980732333634911
2015-02-22,0.95631630409744
2015-02-23,0.975170560783283
2015-02-24,0.975729653344278
2015-02-25,0.921062503111493
2015-02-26,0.974787249755856
2015-02-27,1.00782045720536
2015-02-28,0.994442408593433
2015-03-01,1.05030404049183
2015-03-02,1.00792390391025
2015-03-03,1.03728806222518
2015-03-04,1.02529671655105
2015-03-05,0.964509504170313
2015-03-06,1.01709467567742
2015-03-07,1.00800489312734
2015-03-08,0.852204992120207
2015-03-09,0.959586186720737
2015-03-10,1.06793134609609
2015-03-11,1.03068561975251
2015-03-12,1.03244977839828
2015-03-13,0.948175359881738
2015-03-14,0.996859589517509
2015-03-15,0.962641006232269
2015-03-16,0.977794588312764
2015-03-17,1.00202146273425
2015-03-18,0.964463131028839
2015-03-19,0.949788262552986
2015-03-20,0.96998481405542
2015-03-21,0.974932826451265
2015-03-22,0.965356489132239
2015-03-23,0.987975287458246
2015-03-24,0.946416435699402
2015-03-25,0.943667793554119
2015-03-26,0.965789366538747
2015-03-27,0.965674674636748
2015-03-28,0.982291903795352
2015-03-29,0.972047801179064
2015-03-30,0.959345548908892
2015-03-31,0.973547483193904
2015-04-01,0.88073971794644
2015-04-02,0.999173101138222
2015-04-03,0.972720470889023
2015-04-04,0.995475409052922
2015-04-05,0.990741527891436
2015-04-06,0.995639614357609
2015-04-07,0.981960078644062
2015-04-08,0.978539438417735
2015-04-09,0.936878188087607
2015-04-10,0.809991208844501
2015-04-11,0.971539002876012
2015-04-12,0.945483875463181
2015-04-13,0.95179932482051
2015-04-14,0.930336027502398
2015-04-15,0.820236331745996
2015-04-16,0.966897526744848
2015-04-17,0.952210158496458
2015-04-18,0.964824667520696
2015-04-19,0.981549955721269
2015-04-20,0.950233498164831
2015-04-21,0.948254325547841
2015-04-22,0.993145209202404
2015-04-23,0.997134489664364
2015-04-24,0.971726476806077
2015-04-25,0.974205057384533
2015-04-26,0.948536734798751
2015-04-27,0.959696120380732
2015-04-28,0.979224850934379
2015-04-29,0.972986004185746
2015-04-30,0.993465739306858
2015-05-01,0.986827073721858
2015-05-02,0.980762322510186
2015-05-03,1.00934969199518
2015-05-04,0.993177829442475
2015-05-05,0.970450519096445
2015-05-06,0.985402386951529
2015-05-07,0.977176113070765
2015-05-08,0.98851880868591
2015-05-09,0.999249508589592
2015-05-10,0.990733469079638
2015-05-11,0.950288226375547
2015-05-12,0.967212184727962
2015-05-13,0.99185816479314
2015-05-14,0.979542159267505
2015-05-15,0.983125026954441
2015-05-16,0.97985903938195
2015-05-17,0.983081485324744
2015-05-18,0.970737268809335
2015-05-19,0.983637005802349
2015-05-20,0.9829892354166
2015-05-21,0.985096164257941
2015-05-22,0.989878661664479
2015-05-23,0.98237248015724
2015-05-24,0.994024257997492
2015-05-25,0.959132526334538
2015-05-26,0.985976665654897
2015-05-27,0.976406409942738
2015-05-28,0.965067146583773
2015-05-29,0.984405677282325
2015-05-30,0.843277276723278
2015-05-31,0.977684878036806
2015-06-01,0.938382421916299
2015-06-02,0.970990799680208
2015-06-03,0.959687998505202
2015-06-04,0.969405659009992
2015-06-05,0.979425619713665
2015-06-06,0.981874274680655
2015-06-07,0.939565433144934
2015-06-08,0.987376880215948
2015-06-09,0.992876106914756
2015-06-10,0.973399542892298
2015-06-11,0.968521648440999
2015-06-12,0.979791097334362
2015-06-13,0.963171695910264
2015-06-14,0.981619022713844
2015-06-15,0.993076233628773
2015-06-16,1.01020806704721
2015-06-17,1.0000834106255
2015-06-18,1.00190033087895
2015-06-19,0.990047200482171
2015-06-20,1.0140826175803
2015-06-21,1.00921947827432
2015-06-22,1.00006039745889
2015-06-23,0.985949628000718
2015-06-24,0.979615074753123
2015-06-25,0.982158997003668
2015-06-26,0.993037555027654
2015-06-27,1.00773431092501
2015-06-28,1.00686616820166
2015-06-29,1.01151119450958
2015-06-30,1.02906489950114
2015-07-01,1.00260580711131
2015-07-02,0.98720036207725
2015-07-03,0.926759558855328
2015-07-04,1.00472669168618
2015-07-05,0.9998446722061
2015-07-06,1.01547921453288
2015-07-07,0.9971173958547
2015-07-08,1.01504829458457
2015-07-09,0.991509594330134
2015-07-10,1.02009205138108
2015-07-11,1.01789427700688
2015-07-12,1.05547978351111
2015-07-13,1.00014269294494
2015-07-14,1.01287769425915
2015-07-15,1.01019738621846
2015-07-16,0.995161903852295
2015-07-17,0.999421061456105
2015-07-18,0.992562474184452
2015-07-19,0.993075644125335
2015-07-20,1.02292290377919
2015-07-21,0.996619947331909
2015-07-22,0.998463986978983
2015-07-23,1.00094059869547
2015-07-24,1.01041327816459
2015-07-25,1.02540346262355
2015-07-26,1.02064349504646
2015-07-27,1.01025367947939
2015-07-28,1.01386294626562
2015-07-29,0.992874479952767
2015-07-30,0.993273646060413
2015-07-31,1.00811535711835
2015-08-01,0.992432962210275
2015-08-02,0.997724419765357
2015-08-03,1.00333398626459
2015-08-04,1.00178810858573
2015-08-05,1.00291512697625
2015-08-06,0.994940869523771
2015-08-07,0.986218741021183
2015-08-08,0.974007647402173
2015-08-09,0.844256886507216
2015-08-10,0.980138739134721
2015-08-11,0.989127836079863
2015-08-12,0.993157999353819
2015-08-13,0.985896951988174
2015-08-14,0.970920334271053
2015-08-15,0.992745423989346
2015-08-16,0.959167918186963
2015-08-17,0.983243250154757
2015-08-18,0.974745833583233
2015-08-19,0.921030232497435
2015-08-20,0.936854463522603
2015-08-21,0.953974367233029
2015-08-22,0.960479567762117
2015-08-23,0.9925194857353
2015-08-24,0.920028651506685
2015-08-25,1.01035706193148
2015-08-26,0.9600276631475
2015-08-27,0.983285012485989
2015-08-28,0.988002192838545
2015-08-29,0.973233409359502
2015-08-30,0.980435234731676
2015-08-31,0.983319655025129
2015-09-01,0.978121053202699
2015-09-02,0.979867762627886
2015-09-03,0.967809875961552
2015-09-04,0.985148431386924
2015-09-05,0.991567381886918
2015-09-06,1.00314746202646
2015-09-07,1.00089505393444
2015-09-08,1.00302150206776
2015-09-09,0.993360793704353
2015-09-10,0.966247834935253
2015-09-11,0.993166237505568
2015-09-12,0.988621670121282
2015-09-13,0.978315717611977
2015-09-14,0.978411987255969
2015-09-15,0.980359677591921
2015-09-16,0.980291903961119
2015-09-17,0.993517389750085
2015-09-18,0.993694766013217
2015-09-19,0.991247782762487
2015-09-20,0.986155359096586
2015-09-21,0.991573599228254
2015-09-22,0.986433745948953
2015-09-23,0.967499698852664
2015-09-24,0.996678061510936
2015-09-25,0.996400454991061
2015-09-26,0.992103474159295
2015-09-27,0.992840702111009
2015-09-28,0.988549220589698
2015-09-29,1.00157367797031
2015-09-30,0.995745036789691
2015-10-01,0.988068519665531
2015-10-02,0.998583944440459
2015-10-03,0.999800651099929
2015-10-04,0.991611709641757
2015-10-05,0.996484605141251
2015-10-06,1.0056660367844
2015-10-07,0.989664026937888
2015-10-08,0.996734439850132
2015-10-09,0.999191254816979
2015-10-10,1.00129023872123
2015-10-11,1.00140120899535
2015-10-12,0.995905939800262
2015-10-13,1.00675602302206
2015-10-14,0.963013980444908
2015-10-15,1.00873321119457
2015-10-16,1.02162125769228
2015-10-17,1.02998876320742
2015-10-18,1.01390476151194
2015-10-19,1.00887139906733
2015-10-20,1.01969929168921
2015-10-21,1.01236199138641
2015-10-22,1.00984304025959
2015-10-23,1.02216203151043
2015-10-24,1.01840780041161
2015-10-25,1.03112824721619
2015-10-26,1.00831402769647
2015-10-27,1.02723900322262
2015-10-28,1.03291218754951
2015-10-29,1.04760862132792
2015-10-30,1.06456562419768
2015-10-31,1.04225350690877
2015-11-01,1.04510110918988
2015-11-02,1.06501454292957
2015-11-03,1.09054188611531
2015-11-04,1.14002393094826
2015-11-05,1.01276985515773
2015-11-06,0.997330259473926
2015-11-07,1.03325004540173
2015-11-08,1.04178426533114
2015-11-09,1.01385263553948
2015-11-10,0.970536090510823
2015-11-11,0.934571150904719
2015-11-12,0.991824042707375
2015-11-13,1.0035365203458
2015-11-14,0.99942471477649
2015-11-15,0.98867229742812
2015-11-16,0.992338599419402
2015-11-17,1.03794015269031
2015-11-18,1.00281536774271
2015-11-19,0.996814534398364
2015-11-20,0.987321997906197
2015-11-21,1.00030787043204
2015-11-22,1.00981317060762
2015-11-23,0.996676864868752
2015-11-24,0.993133361992157
2015-11-25,0.998946875808973
2015-11-26,1.03369140723621
2015-11-27,1.03718556338254
2015-11-28,1.01617759162019
2015-11-29,1.0248862992638
2015-11-30,1.04732327678842
2015-12-01,1.01712790939293
2015-12-02,1.00186151761896
2015-12-03,1.01347458226547
2015-12-04,1.01116893874497
2015-12-05,1.02631053850926
2015-12-06,1.04980981943961
2015-12-07,1.03627208156019
2015-12-08,1.02763224737953
2015-12-09,1.07904804414417
2015-12-10,1.03576696051819
2015-12-11,1.05110894032678
2015-12-12,1.03484652484006
2015-12-13,1.03449746710455
2015-12-14,1.07054360070975
2015-12-15,1.04767031656833
2015-12-16,1.0252867496874
2015-12-17,1.02016508822174
2015-12-18,1.03179792866069
2015-12-19,1.01788492857036
2015-12-20,1.00934800976929
2015-12-21,1.01119741488365
2015-12-22,1.01281317711805
2015-12-23,1.01976249822957
2015-12-24,1.03398403936093
2015-12-25,1.01278110618659
2015-12-26,0.992154363099903
2015-12-27,0.99124039231758
2015-12-28,1.00058851378623
2015-12-29,1.00610448276437
2015-12-30,1.01026738677048
2015-12-31,1.02983665242418
2016-01-01,1.01287411915278
2016-01-02,1.01206908593942
2016-01-03,1.02122273626318
2016-01-04,1.0254961932938
2016-01-05,1.02005656646528
2016-01-06,1.01601730116514
2016-01-07,1.0847002846098
2016-01-08,1.04402041504141
2016-01-09,1.01256868945761
2016-01-10,1.0284858915178
2016-01-11,1.03254356931513
2016-01-12,1.02626869858638
2016-01-13,0.987116436587491
2016-01-14,1.00153047590704
2016-01-15,0.970443629062358
2016-01-16,0.953647454486329
2016-01-17,0.996933516303118
2016-01-18,0.980755814067965
2016-01-19,0.992549650675133
2016-01-20,1.01346469681538
2016-01-21,1.01741681115751
2016-01-22,0.943266922898078
2016-01-23,0.969320393425687
2016-01-24,1.00833545436834
2016-01-25,1.00371815963924
2016-01-26,0.998257273358702
2016-01-27,1.00008024271187
2016-01-28,0.983215059651414
2016-01-29,0.982780488719844
2016-01-30,1.01395748265392
2016-01-31,1.00066084612083
2016-02-01,0.975630011906227
2016-02-02,0.992158091968353
2016-02-03,0.988009281457892
2016-02-04,1.00696880865443
2016-02-05,1.00484088252659
2016-02-06,0.98071008763807
2016-02-07,0.998883339662405
2016-02-08,0.991665555255336
2016-02-09,0.988996655944814
2016-02-10,1.00250368221021
2016-02-11,1.00296188402795
2016-02-12,1.00491829436423
2016-02-13,1.00989157340445
2016-02-14,1.0223132600149
2016-02-15,1.01399397261761
2016-02-16,1.02161361805144
2016-02-17,1.0362640460922
2016-02-18,1.01995163157683
2016-02-19,1.02031110281083
2016-02-20,1.03000844015472
2016-02-21,1.01607197241446
2016-02-22,1.02609438044711
2016-02-23,1.0033336167174
2016-02-24,1.00912017394985
2016-02-25,1.01238176728571
2016-02-26,1.01516763094846
2016-02-27,1.01864626431652
2016-02-28,1.01680963814303
2016-02-29,1.03012795809691
2016-03-01,1.03424579145063
2016-03-02,1.01180369186824
2016-03-03,1.00224095429017
2016-03-04,1.00091646254654
2016-03-05,0.996855173516376
2016-03-06,1.00252589168933
2016-03-07,1.0044732660745
2016-03-08,1.00333824307184
2016-03-09,0.9987835559375
2016-03-10,1.0097831129263
2016-03-11,1.00935794529771
2016-03-12,1.00462257873856
2016-03-13,1.00566205057903
2016-03-14,1.00185649158216
2016-03-15,1.00777425889551
2016-03-16,1.00562141244893
2016-03-17,1.00957350453978
2016-03-18,1.00233981418211
2016-03-19,0.994906375686531
2016-03-20,1.0011867283165
2016-03-21,1.00971812592619
2016-03-22,1.01677867202067
2016-03-23,1.00793493710338
2016-03-24,1.00715525469839
2016-03-25,1.01160846154978
2016-03-26,1.0171166536252
2016-03-27,1.00894334297013
2016-03-28,1.01657671988353
2016-03-29,1.00439921886222
2016-03-30,1.00320924613715
2016-03-31,1.00853975779336
2016-04-01,1.00064901901405
2016-04-02,1.0126567463037
2016-04-03,1.01700091598642
2016-04-04,1.01142913299757
2016-04-05,1.01068498720773
2016-04-06,1.02013738365375
2016-04-07,1.03729669443383
2016-04-08,1.00399909298674
2016-04-09,1.00107728006675
2016-04-10,1.04173456105743
2016-04-11,1.0083707007418
2016-04-12,1.0193533403436
2016-04-13,1.00586234493588
2016-04-14,1.00762924648755
2016-04-15,1.00851960554522
2016-04-16,1.01075465962893
2016-04-17,1.00727340560517
2016-04-18,1.00522537610798
2016-04-19,1.0114264917185
2016-04-20,1.01636440838555
2016-04-21,1.02222138633798
2016-04-22,1.02241385639266
2016-04-23,1.01616018489817
2016-04-24,1.02298993949639
2016-04-25,1.04239072294872
2016-04-26,1.0220516938859
2016-04-27,1.00836586977941
2016-04-28,1.00186014919355
2016-04-29,1.01002851919364
2016-04-30,1.00963964195438
2016-05-01,1.0141819269973
2016-05-02,1.00209325673578
2016-05-03,1.0053181180154
2016-05-04,1.00726776497081
2016-05-05,1.00744019142589
2016-05-06,1.01924747138734
2016-05-07,1.01145893891641
2016-05-08,1.01211353744148
2016-05-09,1.01379476741643
2016-05-10,1.01054814186521
2016-05-11,1.01223349421429
2016-05-12,1.00670714205469
2016-05-13,1.01007137011621
2016-05-14,1.00812472593787
2016-05-15,1.01045819508454
2016-05-16,1.00345581569131
2016-05-17,1.02172764874853
2016-05-18,1.0087473824211
2016-05-19,1.01134072222052
2016-05-20,1.00774824389737
2016-05-21,1.00365625017331
2016-05-22,1.00483984161672
2016-05-23,1.00926424472881
2016-05-24,1.00706713457726
2016-05-25,1.01314999496726
2016-05-26,1.01255864534243
2016-05-27,1.05976025783242
2016-05-28,1.054926536288
2016-05-29,1.0600918612377
2016-05-30,1.0550083196103
2016-05-31,1.04511738170983
2016-06-01,1.0340980714266
2016-06-02,1.05293370708627
2016-06-03,1.04531960416697
2016-06-04,1.05058853245646
2016-06-05,1.0380628895379
2016-06-06,1.05141657284024
2016-06-07,1.02695193624377
2016-06-08,1.03213774933491
2016-06-09,1.02754429034221
2016-06-10,1.02283190388068
2016-06-11,1.03250444264774
2016-06-12,1.10821418897564
2016-06-13,1.1105924006443
2016-06-14,1.05013099591163
2016-06-15,1.06475009296866
2016-06-16,1.11208258194384
2016-06-17,1.06263599981057
2016-06-18,1.07153595290438
2016-06-19,1.05596786453971
2016-06-20,1.03753529308355
2016-06-21,1.02013832762327
2016-06-22,0.996673452889751
2016-06-23,0.984798215088594
2016-06-24,1.03846619210083
2016-06-25,1.03399133906447
2016-06-26,1.00046465831205
2016-06-27,1.021909243276
2016-06-28,1.01424507013846
2016-06-29,1.00211839872038
2016-06-30,1.03033859147389
2016-07-01,1.03076968544379
2016-07-02,1.0396182523693
2016-07-03,1.01957284381081
2016-07-04,1.02653864987618
2016-07-05,1.0260599746486
2016-07-06,1.02312345912685
2016-07-07,0.998389017828858
2016-07-08,1.01305134584394
2016-07-09,1.01505932297534
2016-07-10,1.03297670023484
2016-07-11,1.02098344282158
2016-07-12,1.0213077233558
2016-07-13,1.01499463389151
2016-07-14,1.01000673859919
2016-07-15,1.01447470378381
2016-07-16,1.01323040724143
2016-07-17,1.04136881135306
2016-07-18,1.01660310556342
2016-07-19,1.02894571582293
2016-07-20,1.00706573399238
2016-07-21,1.01140061252333
2016-07-22,1.00769584496346
2016-07-23,1.00706828121968
2016-07-24,1.04266425126028
2016-07-25,1.014727998304
2016-07-26,1.01032177232893
2016-07-27,1.01518608741716
2016-07-28,1.00936400770329
2016-07-29,1.01125166565589
2016-07-30,1.01491535262485
2016-07-31,0.997872067598026
2016-08-01,0.98553311985793
2016-08-02,0.96962605361805
2016-08-03,0.971197043501823
2016-08-04,0.988724445771069
2016-08-05,0.99807187547407
2016-08-06,0.995081518125167
2016-08-07,1.00869741265352
2016-08-08,1.00232235984502
2016-08-09,0.990819907713575
2016-08-10,1.00532352925671
2016-08-11,0.999926017223726
2016-08-12,0.997136285802153
2016-08-13,1.00125135901289
2016-08-14,0.995323227027246
2016-08-15,0.986462590958782
2016-08-16,1.00156739632973
2016-08-17,0.997895909103967
2016-08-18,0.999599526209425
2016-08-19,1.00051716171731
2016-08-20,1.04988329138744
2016-08-21,1.00610018003065
2016-08-22,1.00103329052172
2016-08-23,1.0004203024247
2016-08-24,0.995411477009633
2016-08-25,1.00174882472281
2016-08-26,1.00549963081908
2016-08-27,0.995973811845673
2016-08-28,1.00083604225597
2016-08-29,0.993184138615529
2016-08-30,1.0132509027261
2016-08-31,1.00702741769319
2016-09-01,0.998155791841242
2016-09-02,0.999800597345235
2016-09-03,1.00921170942666
2016-09-04,1.02676874630911
2016-09-05,1.01445627828154
2016-09-06,1.01661814773547
2016-09-07,1.01474005956497
2016-09-08,1.02528973989318
2016-09-09,1.01463299226404
2016-09-10,1.01432675204159
2016-09-11,1.01455529689797
2016-09-12,1.00039341027647
2016-09-13,1.02229592160011
2016-09-14,1.01059071099065
2016-09-15,1.0075757643979
2016-09-16,1.01058992313461
2016-09-17,1.00594513616096
2016-09-18,1.01002756534986
2016-09-19,1.0065538818304
2016-09-20,1.02959845251843
2016-09-21,0.997951444098969
2016-09-22,0.999494681227603
2016-09-23,1.00508105150122
2016-09-24,1.00016374495562
2016-09-25,1.02509162254488
2016-09-26,1.00962654418568
2016-09-27,1.00750008098121
2016-09-28,1.00556586992803
2016-09-29,1.0036839617195
2016-09-30,1.00127853610379
2016-10-01,1.01032210084951
2016-10-02,1.00580219968269
2016-10-03,1.01487454631863
2016-10-04,1.01585264717398
2016-10-05,1.00888040982316
2016-10-06,1.00718234035703
2016-10-07,1.00709546694947
2016-10-08,1.00838414623407
2016-10-09,1.00789431928689
2016-10-10,1.00856143490256
2016-10-11,1.02754910364329
2016-10-12,1.01722988553366
2016-10-13,1.01381293229145
2016-10-14,1.01240684699128
2016-10-15,1.00963682854668
2016-10-16,1.01317392130998
2016-10-17,1.03967983916617
2016-10-18,1.02347677285906
2016-10-19,1.01007733566324
2016-10-20,1.00781648669871
2016-10-21,1.00795923701422
2016-10-22,1.0200532646278
2016-10-23,1.02149930404509
2016-10-24,1.0199430728665
2016-10-25,1.02784643262671
2016-10-26,1.03565358155236
2016-10-27,1.03557374652644
2016-10-28,1.02291934967918
2016-10-29,1.03818075121486
2016-10-30,1.01827861710978
2016-10-31,1.03241237949058
2016-11-01,1.03974325065194
2016-11-02,1.02846568687066
2016-11-03,1.02317700824901
2016-11-04,1.01488519393735
2016-11-05,1.01555540418844
2016-11-06,1.02130555496988
2016-11-07,1.01620108812802
2016-11-08,1.029953235473
2016-11-09,1.0317222246261
2016-11-10,1.02238815520926
2016-11-11,1.02267093293673
2016-11-12,1.01399018509448
2016-11-13,1.00465909238911
2016-11-14,1.02140889293749
2016-11-15,1.02412141543078
2016-11-16,1.03837521913877
2016-11-17,1.03778867297005
2016-11-18,1.02403934875012
2016-11-19,1.02102986190665
2016-11-20,1.0082214150162
2016-11-21,1.0147992865698
2016-11-22,1.0251226162649
2016-11-23,1.02245379725445
2016-11-24,1.07800761937374
2016-11-25,1.00948481514541
2016-11-26,1.01186734495434
2016-11-27,1.02160278603221
2016-11-28,1.01952215622785
2016-11-29,1.01443155481726
2016-11-30,1.02592124033505
2016-12-01,1.03607906873026
2016-12-02,1.03824546396681
2016-12-03,1.02171612871551
2016-12-04,1.01871337914907
2016-12-05,1.01868732300922
2016-12-06,1.01793607627534
2016-12-07,1.02182331915982
2016-12-08,1.03732251733822
2016-12-09,1.01841791816367
2016-12-10,1.03510379701456
2016-12-11,1.01865252330369
2016-12-12,1.0254146252063
2016-12-13,1.02417646729133
2016-12-14,1.02595939170312
2016-12-15,1.02715556899575
2016-12-16,1.02721195485499
2016-12-17,1.02883841342336
2016-12-18,1.03708134226387
2016-12-19,1.01849758644218
2016-12-20,1.02583970565649
2016-12-21,1.06897917254983
2016-12-22,1.07051828317485
2016-12-23,1.08978183932918
2016-12-24,1.04116772865655
2016-12-25,1.02857439497199
2016-12-26,1.04662605061796
2016-12-27,1.05108501896024
2016-12-28,1.07846705434548
2016-12-29,1.06653602822101
2016-12-30,1.06077587964371
2016-12-31,1.03651432094632
2017-01-01,1.07710516629703
2017-01-02,1.08931230252656
2017-01-03,1.07350148100337
2017-01-04,1.11039192489012
2017-01-05,1.09640035494057
2017-01-06,1.02005979946124
2017-01-07,0.984990250278232
2017-01-08,1.03169251905428
2017-01-09,1.02159253015096
2017-01-10,1.01388028717496
2017-01-11,0.980953158409968
2017-01-12,0.979199945380348
2017-01-13,1.0094554789292
2017-01-14,1.01105757206066
2017-01-15,1.0016704342697
2017-01-16,1.00792322105336
2017-01-17,1.0414803094257
2017-01-18,1.01834512002666
2017-01-19,1.02723170412951
2017-01-20,1.01845561636096
2017-01-21,1.04243271886528
2017-01-22,1.04346470609412
2017-01-23,1.03799598614429
2017-01-24,1.03108464870972
2017-01-25,1.01278051503601
2017-01-26,1.02403068107163
2017-01-27,1.02187084041622
2017-01-28,1.01982347629859
2017-01-29,1.08121859919306
2017-01-30,1.01800774675033
2017-01-31,1.03228507808903
2017-02-01,1.03957823316863
2017-02-02,1.05030790883873
2017-02-03,1.06183395010076
2017-02-04,1.03606299887961
2017-02-05,1.0378135343101
2017-02-06,1.0423046124908
2017-02-07,1.05102707966907
2017-02-08,1.04324996203999
2017-02-09,1.01883190588157
2017-02-10,1.02561506151095
2017-02-11,1.02085816786973
2017-02-12,1.02363189438828
2017-02-13,1.0197793015341
2017-02-14,1.02902385670563
2017-02-15,1.01710415497443
2017-02-16,1.03291243809835
2017-02-17,1.07949198328096
2017-02-18,1.04457558607938
2017-02-19,1.03120108395389
2017-02-20,1.03066750708141
2017-02-21,1.06668617920346
2017-02-22,1.06252357472411
2017-02-23,1.06336018805837
2017-02-24,1.09903498246513
2017-02-25,1.04455722037085
2017-02-26,1.03582436904875
2017-02-27,1.05591888646793
2017-02-28,1.04593573742801
2017-03-01,1.06079591414073
2017-03-02,1.06751214940734
2017-03-03,1.08252352960226
2017-03-04,1.05424020928994
2017-03-05,1.04609403217339
2017-03-06,1.06734000533752
2017-03-07,1.04323451935883
2017-03-08,1.04055690027856
2017-03-09,1.01885919887921
2017-03-10,1.03439751850077
2017-03-11,1.02197050155702
2017-03-12,1.03310155934304
2017-03-13,1.04937747141491
2017-03-14,1.03630590792562
2017-03-15,1.05350527411947
2017-03-16,1.03950013033272
2017-03-17,1.00864717977756
2017-03-18,0.990329192697112
2017-03-19,1.0087204929727
2017-03-20,1.00524450866589
2017-03-21,1.03451530099956
2017-03-22,1.01262167593888
2017-03-23,1.00204889860288
2017-03-24,1.01024865298729
2017-03-25,0.986553094775367
2017-03-26,1.01763943815763
2017-03-27,1.00734586609126
2017-03-28,1.02697843998541
2017-03-29,1.00703298053784
2017-03-30,1.00875816331696
2017-03-31,1.03263937740281
2017-04-01,1.02660591035661
2017-04-02,1.02640271543539
2017-04-03,1.04436909192436
2017-04-04,1.03193268221425
2017-04-05,1.02761444512002
2017-04-06,1.04372096177807
2017-04-07,1.05878273566829
2017-04-08,1.03723691110682
2017-04-09,1.05002838443988
2017-04-10,1.04275039632118
2017-04-11,1.03591028094242
2017-04-12,1.04384112973734
2017-04-13,1.01599634523009
2017-04-14,1.01662989484101
2017-04-15,1.01617661025489
2017-04-16,1.01408635222775
2017-04-17,1.04069336328703
2017-04-18,1.03487588637964
2017-04-19,1.02655859216444
2017-04-20,1.04239584398916
2017-04-21,1.03109879968085
2017-04-22,1.02295942533419
2017-04-23,1.03557501138463
2017-04-24,1.0395094687124
2017-04-25,1.03417496227227
2017-04-26,1.04292861499548
2017-04-27,1.05449538883491
2017-04-28,1.05313101900514
2017-04-29,1.04582067464855
2017-04-30,1.04297682964237
2017-05-01,1.10049850604037
2017-05-02,1.09106360092896
2017-05-03,1.07115618247155
2017-05-04,1.13913879322556
2017-05-05,1.10123498172562
2017-05-06,1.06808363913235
2017-05-07,1.05374120769161
2017-05-08,1.09737269174318
2017-05-09,1.12464588009518
2017-05-10,1.09534015182299
2017-05-11,1.12846407721905
2017-05-12,1.06966822818389
2017-05-13,1.04567399061778
2017-05-14,1.04990063680294
2017-05-15,1.0476880362059
2017-05-16,1.05705704486543
2017-05-17,1.08018627791539
2017-05-18,1.04977343261797
2017-05-19,1.10004406062275
2017-05-20,1.086563529199
2017-05-21,1.10582237435247
2017-05-22,1.18822248883422
2017-05-23,1.1119712746797
2017-05-24,1.13171720221612
2017-05-25,1.16731233261314
2017-05-26,1.08567183784976
2017-05-27,1.01166238976607
2017-05-28,1.0622835965574
2017-05-29,1.06068145130621
2017-05-30,1.0618218921035
2017-05-31,1.06773123965297
2017-06-01,1.07026515395232
2017-06-02,1.05446918971031
2017-06-03,1.0611692629944
2017-06-04,1.05410422312529
2017-06-05,1.0811482242574
2017-06-06,1.11032170823991
2017-06-07,1.08414739132722
2017-06-08,1.07165722778715
2017-06-09,1.08646004384345
2017-06-10,1.11869757115791
2017-06-11,1.10940753112024
2017-06-12,1.14859373888411
2017-06-13,1.1001070747453
2017-06-14,1.04681763209527
2017-06-15,0.999873296090179
2017-06-16,1.0510540485969
2017-06-17,1.0389229296794
2017-06-18,1.02531225842252
2017-06-19,1.05878670195193
2017-06-20,1.08163971131659
2017-06-21,1.05758020316437
2017-06-22,1.06757698383568
2017-06-23,1.06237231170163
2017-06-24,1.04062806933526
2017-06-25,1.02706475013383
2017-06-26,1.01464756645646
2017-06-27,1.0131233863339
2017-06-28,1.04664224292931
2017-06-29,1.05072903543956
2017-06-30,1.04727626693436
2017-07-01,1.02545836604364
2017-07-02,1.02931728743629
2017-07-03,1.05396065492358
2017-07-04,1.04345321598633
2017-07-05,1.063759773009
2017-07-06,1.03749946926097
2017-07-07,1.051904656795
2017-07-08,1.01817053934598
2017-07-09,1.02164784355776
2017-07-10,1.00506336766622
2017-07-11,1.00387291826118
2017-07-12,1.00324034072201
2017-07-13,1.00936831162703
2017-07-14,1.00054942372071
2017-07-15,0.954549065155449
2017-07-16,0.938021227457218
2017-07-17,1.03037741658059
2017-07-18,1.03835584564765
2017-07-19,1.03291086401755
2017-07-20,1.09049822333538
2017-07-21,1.08372800668377
2017-07-22,1.0900208743241
2017-07-23,1.06675616158563
2017-07-24,1.06957249733175
2017-07-25,1.16404472235801
2017-07-26,1.03172011418527
2017-07-27,1.09680730600328
2017-07-28,1.17134677557611
2017-07-29,1.22117422122562
2017-07-30,1.07946224975061
2017-07-31,1.2776042098203
2017-08-01,1.09519343312278
2017-08-02,1.07607883259937
2017-08-03,1.11236599002946
2017-08-04,1.23039795506751
2017-08-05,1.25078180517896
2017-08-06,1.27783381003636
2017-08-07,1.18236056648215
2017-08-08,1.15530471297974
2017-08-09,1.10472470507897
2017-08-10,1.10856243892208
2017-08-11,1.1060824726516
2017-08-12,1.14256851694352
2017-08-13,1.17480812520465
2017-08-14,1.16039604819088
2017-08-15,1.12732474271482
2017-08-16,1.10897710753421
2017-08-17,1.14019617296165
2017-08-18,1.11359915930943
2017-08-19,1.1263159217574
2017-08-20,1.11209967471286
2017-08-21,1.06842899244335
2017-08-22,1.09578754273255
2017-08-23,1.09233768490418
2017-08-24,1.08323933988526
2017-08-25,1.12163884881879
2017-08-26,1.077602616926
2017-08-27,1.1114445486361
2017-08-28,1.09093904726617
2017-08-29,1.13103762709289
2017-08-30,1.11496890010382
2017-08-31,1.13590716509665
2017-09-01,1.13669304682508
2017-09-02,1.11474834112087
2017-09-03,1.09253614447825
2017-09-04,1.07815481637255
2017-09-05,1.0520069086395
2017-09-06,1.07393494059649
2017-09-07,1.13303763117179
2017-09-08,1.03587260331791
2017-09-09,1.03509189481511
2017-09-10,1.07091942734483
2017-09-11,1.03526203636606
2017-09-12,1.03127771268749
2017-09-13,1.00901931606847
2017-09-14,0.962596501783919
2017-09-15,0.985346493762058
2017-09-16,1.03550881639145
2017-09-17,1.00184816005942
2017-09-18,1.0494066750064
2017-09-19,1.02651815651973
2017-09-20,1.03317517473838
2017-09-21,1.00658476485658
2017-09-22,1.0134697725553
2017-09-23,1.01947468967431
2017-09-24,1.00785550759037
2017-09-25,1.15495170948759
2017-09-26,1.039350826406
2017-09-27,1.05216369612203
2017-09-28,1.0781353692946
2017-09-29,1.03579551395959
2017-09-30,1.10026893073911
2017-10-01,1.04969452275181
2017-10-02,1.09324279790537
2017-10-03,1.05471470720909
2017-10-04,1.03529493441311
2017-10-05,1.12055187532414
2017-10-06,1.06574261151908
2017-10-07,1.05798681768809
2017-10-08,1.10316413923847
2017-10-09,1.14246727986614
2017-10-10,1.1135146123833
2017-10-11,1.07604686885111
2017-10-12,1.12801026523413
2017-10-13,1.20272595276778
2017-10-14,1.12692128199097
2017-10-15,1.14527577996363
2017-10-16,1.15810613025701
2017-10-17,1.13135064775979
2017-10-18,1.09382762355408
2017-10-19,1.1494396920822
2017-10-20,1.11602120235415
2017-10-21,1.13003642383605
2017-10-22,1.1974926615065
2017-10-23,1.18439670549721
2017-10-24,1.10257492126366
2017-10-25,1.07148043761981
2017-10-26,1.08920814552561
2017-10-27,1.0783845706063
2017-10-28,1.0667325786497
2017-10-29,1.09359840523002
2017-10-30,1.1154525408753
2017-10-31,1.12314978124753
2017-11-01,1.15497504228577
2017-11-02,1.21629109424648
2017-11-03,1.16434330306894
2017-11-04,1.14659523660499
2017-11-05,1.20921363955415
2017-11-06,1.12901361608612
2017-11-07,1.14138292914743
2017-11-08,1.12789799493138
2017-11-09,1.13906859083968
2017-11-10,1.12267306803061
2017-11-11,1.13126782542801
2017-11-12,1.22440722951798
2017-11-13,1.13440138173826
2017-11-14,1.05951966175817
2017-11-15,1.10709467215367
2017-11-16,1.14258407226735
2017-11-17,1.21034048999942
2017-11-18,1.11785859160247
2017-11-19,1.15083079130642
2017-11-20,1.16715007149733
2017-11-21,1.16829929542442
2017-11-22,1.10417524419031
2017-11-23,1.10359659159568
2017-11-24,1.16781084348364
2017-11-25,1.21732196704372
2017-11-26,1.21669112426045
2017-11-27,1.20569211195054
2017-11-28,1.19220608909039
2017-11-29,1.22042592551882
2017-11-30,1.1470262113885
2017-12-01,1.1728397005825
2017-12-02,1.21678579469385
2017-12-03,1.18168166261785
2017-12-04,1.19763507168317
2017-12-05,1.16377656204359
2017-12-06,1.25139678359877
2017-12-07,1.44413872099334
2017-12-08,1.3076662309936
2017-12-09,1.1275162389762
2017-12-10,1.12560696645548
2017-12-11,1.17181145239332
2017-12-12,1.30481468660745
2017-12-13,1.24030614404622
2017-12-14,1.17834695908511
2017-12-15,1.19530702252796
2017-12-16,1.20331276510585
2017-12-17,1.28060206297695
2017-12-18,1.17829559082601
2017-12-19,1.17744494177232
2017-12-20,1.21910257093704
2017-12-21,1.1218617521494
2017-12-22,1.04089850904267
2017-12-23,1.10741329263084
2017-12-24,1.0627884741173
2017-12-25,1.04274162197563
2017-12-26,1.15359947030174
2017-12-27,1.17503802318854
2017-12-28,1.04659743959823
2017-12-29,1.09928235800884
2017-12-30,1.12391602638096
2017-12-31,1.06001602069057
2018-01-01,1.01710736207978
2018-01-02,1.11500772654454
2018-01-03,1.10473154790332
2018-01-04,1.12010224995485
2018-01-05,1.17196325036177
2018-01-06,1.16874199222158
2018-01-07,1.22133621624752
2018-01-08,1.04819280505416
2018-01-09,1.06998156490193
2018-01-10,1.02504568959223
2018-01-11,1.0402879875997
2018-01-12,1.05227178697714
2018-01-13,1.05864714111409
2018-01-14,1.03647604014101
2018-01-15,1.02303318421929
2018-01-16,0.962394721506219
2018-01-17,0.932175169467799
2018-01-18,0.972954007112535
2018-01-19,0.985490486864582
2018-01-20,1.03104890064057
2018-01-21,0.972781111917627
2018-01-22,0.960570074527587
2018-01-23,0.956180561882807
2018-01-24,0.978383012553291
2018-01-25,0.996721111748909
2018-01-26,1.03053348378608
2018-01-27,1.01278985500309
2018-01-28,1.12329820560282
2018-01-29,0.99996937466769
2018-01-30,0.953974794973667
2018-01-31,0.949254098920888
2018-02-01,0.904617221970508
2018-02-02,0.859632125986334
2018-02-03,0.924680395666222
2018-02-04,1.00518292940808
2018-02-05,0.848038492714253
2018-02-06,0.823080981941235
2018-02-07,0.912161212994268
2018-02-08,1.00842068735035
2018-02-09,0.934349459700563
2018-02-10,0.960482097760641
2018-02-11,0.938814402530886
2018-02-12,0.969507450422481
2018-02-13,0.945413852955037
2018-02-14,1.0135292048831
2018-02-15,1.07991106527255
2018-02-16,1.03852103218015
2018-02-17,1.05982664426995
2018-02-18,1.07771673720934
2018-02-19,1.0583428096756
2018-02-20,1.13658449865964
2018-02-21,1.04573716377227
2018-02-22,1.09792849177256
2018-02-23,1.00266884081743
2018-02-24,0.985582034698268
2018-02-25,0.979883185660373
2018-02-26,1.00067388987872
2018-02-27,1.03780308660546
2018-02-28,1.12929693412599
2018-03-01,1.03078654998347
2018-03-02,1.04500626613136
2018-03-03,1.04614583570807
2018-03-04,1.07361444028199
2018-03-05,1.08112649658515
2018-03-06,1.02454782351147
2018-03-07,0.965783616619834
2018-03-08,0.95259196551761
2018-03-09,0.840725267509234
2018-03-10,0.971243269053623
2018-03-11,0.997243567636907
2018-03-12,0.981431298701499
2018-03-13,0.968777546009572
2018-03-14,0.925341933756511
2018-03-15,0.917606629880393
2018-03-16,0.926979706232369
2018-03-17,0.919520018184748
2018-03-18,0.910218027448931
2018-03-19,0.959198812387845
2018-03-20,0.965604934503283
2018-03-21,0.996751297547058
2018-03-22,0.96245332748925
2018-03-23,0.957298802998593
2018-03-24,0.983138049974756
2018-03-25,0.934714362909313
2018-03-26,0.92114366203044
2018-03-27,0.933100366996485
2018-03-28,0.92387812366149
2018-03-29,0.881607823774619
2018-03-30,0.854361918861102
2018-03-31,0.907033784136106
2018-04-01,0.891087181705916
2018-04-02,0.914187433604427
2018-04-03,0.933724322018354
2018-04-04,0.908547065318172
2018-04-05,0.901818800640468
2018-04-06,0.882318039434608
2018-04-07,0.91584611147113
2018-04-08,0.956217318654248
2018-04-09,0.920480509281307
2018-04-10,0.92214860284995
2018-04-11,0.962598927280746
2018-04-12,0.967000742774535
2018-04-13,1.01327412850974
2018-04-14,0.984122397356626
2018-04-15,1.00812728513432
2018-04-16,0.983807618945966
2018-04-17,0.982850902176406
2018-04-18,0.994362734941406
2018-04-19,1.10953128957237
2018-04-20,1.02604865896185
2018-04-21,1.03798697431876
2018-04-22,1.03336370725227
2018-04-23,1.03774555387914
2018-04-24,1.04193859971783
2018-04-25,1.02623766407037
2018-04-26,1.05118498944602
2018-04-27,1.0126009853541
2018-04-28,1.01692758914183
2018-04-29,1.01822360625615
2018-04-30,1.0383120520641
2018-05-01,1.00685066999885
2018-05-02,1.072734286771
2018-05-03,1.03166319795842
2018-05-04,1.03455927388239
2018-05-05,1.04191064371377
2018-05-06,1.01846821706524
2018-05-07,1.01111859465141
2018-05-08,1.00544111993154
2018-05-09,1.02120372781327
2018-05-10,1.02960268561673
2018-05-11,0.969343443987552
2018-05-12,0.979407476655286
2018-05-13,0.994776754662535
2018-05-14,1.10529925903019
2018-05-15,0.997877839333633
2018-05-16,0.966648173326542
2018-05-17,1.15969684956661
2018-05-18,1.02520579983255
2018-05-19,0.983721597136298
2018-05-20,0.988144115854562
2018-05-21,0.995626015041623
2018-05-22,0.976421059780963
2018-05-23,0.955862140009517
2018-05-24,0.962517875267188
2018-05-25,0.947523545574757
2018-05-26,0.954168101589769
2018-05-27,0.949484394019437
2018-05-28,0.93787438726025
2018-05-29,0.946750706969422
2018-05-30,0.966076250436355
2018-05-31,0.955860607007254
2018-06-01,0.969901351845375
2018-06-02,0.98227068387738
2018-06-03,0.990877907710434
2018-06-04,0.963212091959602
2018-06-05,0.955034248901086
2018-06-06,0.977668326398381
2018-06-07,0.982070373896722
2018-06-08,0.967121101961827
2018-06-09,0.980576819485989
2018-06-10,0.911173724484374
2018-06-11,0.909429624514541
2018-06-12,0.928203106240322
2018-06-13,0.895110033572238
2018-06-14,0.925078226734863
2018-06-15,0.932496862932843
2018-06-16,0.93874683886834
2018-06-17,0.939364396563005
2018-06-18,0.933146471886276
2018-06-19,0.949544366117644
2018-06-20,0.94353560121801
2018-06-21,0.99288672502883
2018-06-22,0.908582665800157
2018-06-23,0.90204732940643
2018-06-24,0.89883898059983
2018-06-25,0.925822173475445
2018-06-26,0.936293939635925
2018-06-27,0.728213354548385
2018-06-28,0.915185877779105
2018-06-29,0.911208612116464
2018-06-30,0.967102634730047
2018-07-01,0.868561439130613
2018-07-02,0.973317197496274
2018-07-03,0.96659279001642
2018-07-04,0.974493460195429
2018-07-05,0.968259942960921
2018-07-06,0.950148434504829
2018-07-07,0.956518667884697
2018-07-08,0.94449134949285
2018-07-09,0.978544586825142
2018-07-10,0.950896352370907
2018-07-11,0.943664190125955
2018-07-12,0.918249902032787
2018-07-13,0.951790707444401
2018-07-14,0.953166998145297
2018-07-15,0.974015282351222
2018-07-16,0.989222340862796
2018-07-17,0.993639002174533
2018-07-18,1.01754759424048
2018-07-19,1.02168713824078
2018-07-20,1.01214625567316
2018-07-21,1.01180216257706
2018-07-22,1.02605554153302
2018-07-23,1.03265985920903
2018-07-24,1.04230481431972
2018-07-25,1.04418683050853
2018-07-26,1.01985747539208
2018-07-27,1.01897369776829
2018-07-28,1.03591875654427
2018-07-29,1.04649642854099
2018-07-30,1.01511901260662
2018-07-31,1.01376113055937
2018-08-01,0.989017211396992
2018-08-02,0.985118432582715
2018-08-03,0.978608923319882
2018-08-04,0.942818798055807
2018-08-05,0.971206999601917
2018-08-06,0.973364484486069
2018-08-07,0.970339322599516
2018-08-08,0.920360674201125
2018-08-09,0.919190981265282
2018-08-10,0.962128068716312
2018-08-11,0.91684392545876
2018-08-12,0.949139865115504
2018-08-13,0.975776123077037
2018-08-14,0.921802013053544
2018-08-15,0.955778879727679
2018-08-16,0.976044524961024
2018-08-17,0.995700252442087
2018-08-18,0.966239978897375
2018-08-19,1.01021705586569
2018-08-20,0.985320189190621
2018-08-21,0.980907867054765
2018-08-22,0.98987941565495
2018-08-23,1.00613326623915
2018-08-24,0.979195042558973
2018-08-25,1.05539646766715
2018-08-26,1.0273709438058
2018-08-27,1.00954067546862
2018-08-28,1.01575671261266
2018-08-29,1.03783441635658
2018-08-30,1.01509735462675
2018-08-31,0.993529034316794
2018-09-01,1.01193181801543
2018-09-02,1.01879345903459
2018-09-03,1.00909165284884
2018-09-04,1.01476879543629
2018-09-05,0.974556689969695
2018-09-06,0.941634918332699
2018-09-07,0.953951318405283
2018-09-08,0.955708592756247
2018-09-09,0.958917938904233
2018-09-10,0.952901804123296
2018-09-11,0.940222801635317
2018-09-12,0.956193707514726
2018-09-13,0.927798249060025
2018-09-14,0.984880123074017
2018-09-15,0.982887317080746
2018-09-16,0.978062144214594
2018-09-17,0.97368205175527
2018-09-18,0.974308554917003
2018-09-19,0.974932681763654
2018-09-20,0.972589682328848
2018-09-21,0.980994599069794
2018-09-22,0.97688713088713
2018-09-23,1.00042863436854
2018-09-24,0.985670348363913
2018-09-25,0.933575892065792
2018-09-26,0.978327785961089
2018-09-27,0.987854126559024
2018-09-28,0.995618356975481
2018-09-29,0.973003701942967
2018-09-30,0.99295730405722
2018-10-01,0.965254187187229
2018-10-02,0.984662684598462
2018-10-03,0.974511144693991
2018-10-04,0.989084480263087
2018-10-05,0.990288582940112
2018-10-06,0.997058104475439
2018-10-07,0.985645153485573
2018-10-08,1.00063084119599
2018-10-09,0.991707516727924
2018-10-10,0.990901380369515
2018-10-11,0.843295343036652
2018-10-12,0.972354344041606
2018-10-13,0.974571284028787
2018-10-14,0.982308244967271
2018-10-15,1.00305093891238
2018-10-16,0.974713213385885
2018-10-17,0.983628529347064
2018-10-18,0.986123953494766
2018-10-19,0.990398332333388
2018-10-20,0.989470564136958
2018-10-21,0.986459552958686
2018-10-22,0.979886016502695
2018-10-23,0.978106281561323
2018-10-24,0.983098472593926
2018-10-25,0.975745808984608
2018-10-26,0.959377773055916
2018-10-27,0.983799644211407
2018-10-28,0.986267174612835
2018-10-29,0.982229616769857
2018-10-30,0.973795812723016
2018-10-31,0.971107042837014
2018-11-01,0.977942059641503
2018-11-02,0.987550374716847
2018-11-03,0.983777169120309
2018-11-04,0.983834805694718
2018-11-05,0.986779189273103
2018-11-06,0.987971578242931
2018-11-07,0.997848562983116
2018-11-08,0.995397296076281
2018-11-09,0.992245688400731
2018-11-10,0.988272710923274
2018-11-11,0.990689740482351
2018-11-12,0.992321143660605
2018-11-13,0.974734728086762
2018-11-14,0.943949969463287
2018-11-15,0.931632542276698
2018-11-16,0.939738433338036
2018-11-17,0.941871876904015
2018-11-18,0.959936723326379
2018-11-19,0.868424841067313
2018-11-20,0.817112880365849
2018-11-21,0.869062882002827
2018-11-22,0.8732993908674
2018-11-23,0.862721233570579
2018-11-24,0.851835138000339
2018-11-25,0.781120507601512
2018-11-26,0.809126447027129
2018-11-27,0.787857634462828
2018-11-28,0.898792827950394
2018-11-29,0.906989385907133
2018-11-30,0.814080613262919
2018-12-01,0.885330197550059
2018-12-02,0.906786123588367
2018-12-03,0.866379700667615
2018-12-04,0.865480780793851
2018-12-05,0.860715593189953
2018-12-06,0.839092505562866
2018-12-07,0.801855456508452
2018-12-08,0.841910558016788
2018-12-09,0.885174139339447
2018-12-10,0.845649610316059
2018-12-11,0.75555273505057
2018-12-12,0.847867621449926
2018-12-13,0.892188124141399
2018-12-14,0.811341023088538
2018-12-15,0.845296589405667
2018-12-16,0.870069571270863
2018-12-17,0.8710067298962
2018-12-18,0.880014152939095
2018-12-19,0.9140443170089
2018-12-20,0.946373651183636
2018-12-21,0.916116244126098
2018-12-22,0.933186326030148
2018-12-23,0.927013846565835
2018-12-24,0.948303398282299
2018-12-25,0.892308291008959
2018-12-26,0.931381110750449
2018-12-27,0.91145732717843
2018-12-28,0.882816072971701
2018-12-29,0.877469647588725
2018-12-30,0.893710959368886
2018-12-31,0.88475466535052
2019-01-01,0.904768303487911
2019-01-02,0.942965108473858
2019-01-03,0.941061723454931
2019-01-04,0.944543523272727
2019-01-05,0.956564379844802
2019-01-06,0.937763705287015
2019-01-07,0.958421647238606
2019-01-08,0.933354273471769
2019-01-09,0.961262658335191
2019-01-10,0.916927989709589
2019-01-11,0.906078964720014
2019-01-12,0.928401358748213
2019-01-13,0.931368321263769
2019-01-14,0.846522383648189
2019-01-15,1.11798161059209
2019-01-16,0.967411161452201
2019-01-17,0.922473319543616
2019-01-18,0.94245857763505
2019-01-19,0.923011885786397
2019-01-20,0.932317692936526
2019-01-21,0.928127140799788
2019-01-22,0.860313066493949
2019-01-23,0.926260690225254
2019-01-24,0.94867598554904
2019-01-25,0.931514127888317
2019-01-26,0.929410643810672
2019-01-27,0.944696799990672
2019-01-28,0.898735650738249
2019-01-29,0.916772886303415
2019-01-30,0.902859692447358
2019-01-31,0.924231858704221
2019-02-01,0.905958034522957
2019-02-02,0.943576942195758
2019-02-03,0.945404469331289
2019-02-04,0.927573125388776
2019-02-05,0.930647640976213
2019-02-06,0.912203795628635
2019-02-07,0.903948660947842
2019-02-08,0.930000470016
2019-02-09,0.966370320331211
2019-02-10,0.970911790732981
2019-02-11,0.939227151419991
2019-02-12,0.948979542484076
2019-02-13,0.87381832710743
2019-02-14,0.944833410633888
2019-02-15,0.955886971007545
2019-02-16,0.91558948714167
2019-02-17,0.967642913703556
2019-02-18,0.969032561585133
2019-02-19,0.969536669329715
2019-02-20,1.02402075605073
2019-02-21,0.953211499467423
2019-02-22,0.98008111922547
2019-02-23,0.985512401208828
2019-02-24,0.971695170606448
2019-02-25,0.935607999750686
2019-02-26,0.972612878191658
2019-02-27,0.966324280355886
2019-02-28,0.930959810894969
2019-03-01,0.981438775068619
2019-03-02,0.947057292591442
2019-03-03,0.973832812270821
2019-03-04,0.91672095412233
2019-03-05,0.959209729589863
2019-03-06,0.977071479832366
2019-03-07,0.982873789422537
2019-03-08,0.960076474747073
2019-03-09,0.981434035402161
2019-03-10,0.965920183916881
2019-03-11,0.95603969858744
2019-03-12,0.963523463169569
2019-03-13,0.97893106486536
2019-03-14,0.965302359069788
2019-03-15,0.970514276819694
2019-03-16,0.980796690460971
2019-03-17,0.991925060359888
2019-03-18,0.969131173367487
2019-03-19,0.9899434716241
2019-03-20,0.980411437098652
2019-03-21,0.995320759659762
2019-03-22,0.981834962221316
2019-03-23,0.978917166506132
2019-03-24,0.967836654942324
2019-03-25,0.97399865981955
2019-03-26,0.976256925469212
2019-03-27,0.982205438088455
2019-03-28,0.992203654510436
2019-03-29,1.01551998481241
2019-03-30,0.996111496043026
2019-03-31,0.918019415821873
2019-04-01,0.988406290539116
2019-04-02,1.06284902357635
2019-04-03,1.07509784408279
2019-04-04,1.04264471664744
2019-04-05,1.00442393999127
2019-04-06,1.02841127795076
2019-04-07,1.02115853080546
2019-04-08,1.030946257253
2019-04-09,1.03750659350815
2019-04-10,1.03468650729472
2019-04-11,1.02782604161386
2019-04-12,1.03371172388663
2019-04-13,1.0251438014694
2019-04-14,0.950551000296465
2019-04-15,1.01513524752645
2019-04-16,1.022626521457
2019-04-17,1.03061703076841
2019-04-18,1.02807007657064
2019-04-19,1.00771869251246
2019-04-20,1.01544606590879
2019-04-21,1.01622799003203
2019-04-22,1.04962319314632
2019-04-23,1.0516122833145
2019-04-24,0.990077188479505
2019-04-25,1.02839544669589
2019-04-26,1.00598806860547
2019-04-27,1.0046513368359
2019-04-28,1.02082487662606
2019-04-29,1.01739089041438
2019-04-30,1.02393334175214
2019-05-01,0.889937162138429
2019-05-02,1.01755367307866
2019-05-03,1.05504198620797
2019-05-04,1.04838777341835
2019-05-05,1.0624535457022
2019-05-06,1.04291495225513
2019-05-07,1.05638344033875
2019-05-08,1.04797139783501
2019-05-09,1.03543309822212
2019-05-10,1.06097077147774
2019-05-11,1.1652569708606
2019-05-12,1.14384766088218
2019-05-13,1.20044135742569
2019-05-14,1.1854918785746
2019-05-15,1.16724543394149
2019-05-16,1.12007417148421
2019-05-17,1.04123878453873
2019-05-18,1.05043506378499
2019-05-19,1.12239039054632
2019-05-20,1.07740924308204
2019-05-21,1.07469603484642
2019-05-22,1.07408982238007
2019-05-23,1.0574328317953
2019-05-24,1.09771744944733
2019-05-25,1.07641664449667
2019-05-26,1.09904146264667
2019-05-27,1.11961952074109
2019-05-28,1.10118690553957
2019-05-29,1.1002245679243
2019-05-30,1.07962975750955
2019-05-31,1.09144525687122
2019-06-01,1.07005489529861
2019-06-02,1.07612623868736
2019-06-03,1.16166912132015
2019-06-04,1.03905203828767
2019-06-05,1.04016094039073
2019-06-06,1.02404938623242
2019-06-07,1.04613765010967
2019-06-08,1.03729050344694
2019-06-09,1.04401168855439
2019-06-10,1.06125680167346
2019-06-11,1.03725736671144
2019-06-12,1.11458482975792
2019-06-13,1.05133518104924
2019-06-14,1.11317839979887
2019-06-15,1.07944668869751
2019-06-16,1.10910746645563
2019-06-17,1.1031425556665
2019-06-18,1.08856981546043
2019-06-19,1.10337798735753
2019-06-20,1.10768174355894
2019-06-21,1.1202509271702
2019-06-22,1.18480065103023
2019-06-23,1.16822347973474
2019-06-24,1.15913741240317
2019-06-25,1.17556440720399
2019-06-26,1.27605147520802
2019-06-27,1.13507084868196
2019-06-28,1.23670527948498
2019-06-29,1.12248587411264
2019-06-30,1.17681630813929
2019-07-01,1.04870641484917
2019-07-02,1.09699660801208
2019-07-03,1.11662655616454
2019-07-04,1.13346039847577
2019-07-05,1.05847041750496
2019-07-06,1.06074683658918
2019-07-07,1.0671794697471
2019-07-08,1.12125919318969
2019-07-09,1.12402174170534
2019-07-10,1.13166087956103
2019-07-11,1.07688057709029
2019-07-12,1.09683180051372
2019-07-13,1.05522774599445
2019-07-14,1.02590398851263
2019-07-15,1.02333282969081
2019-07-16,1.03883736231013
2019-07-17,1.05986280651036
2019-07-18,1.03131888399735
2019-07-19,1.11615381532349
2019-07-20,1.07741789646109
2019-07-21,1.07482785106721
2019-07-22,1.0461883254017
2019-07-23,1.01781794275797
2019-07-24,1.12208429115575
2019-07-25,1.07176047089019
2019-07-26,1.02406203200213
2019-07-27,1.0197527566513
2019-07-28,1.00764009194917
2019-07-29,1.38239840781844
2019-07-30,1.01724258624047
2019-07-31,1.03105188553354
2019-08-01,1.0488961230095
2019-08-02,1.0579906183297
2019-08-03,1.05410386209307
2019-08-04,1.06719738268996
2019-08-05,1.1390955722724
2019-08-06,1.12850801541334
2019-08-07,1.08975267417971
2019-08-08,1.07755802523591
2019-08-09,1.07422991498561
2019-08-10,1.05152773927476
2019-08-11,1.04797582617189
2019-08-12,1.05410171011477
2019-08-13,1.07348619145543
2019-08-14,1.00803230383793
2019-08-15,1.00121501966591
2019-08-16,1.01068098682497
2019-08-17,1.0015496085011
2019-08-18,1.01339110610419
2019-08-19,1.04814569828975
2019-08-20,1.06180880031754
2019-08-21,1.02103999000787
2019-08-22,1.00223651210636
2019-08-23,1.16332906953518
2019-08-24,1.01511567023692
2019-08-25,1.02376713247353
2019-08-26,1.04264735994603
2019-08-27,1.03116252982705
2019-08-28,1.02269984936261
2019-08-29,0.987232753329222
2019-08-30,1.00151414560749
2019-08-31,0.998426702629376
2019-09-01,1.01123271770024
2019-09-02,1.01655650191694
2019-09-03,1.05541757175359
2019-09-04,1.03346996952908
2019-09-05,1.03812475307664
2019-09-06,1.366654301978
2019-09-07,1.02969027656021
2019-09-08,1.03667661976627
2019-09-09,1.02733390461792
2019-09-10,1.01289173032872
2019-09-11,1.01259447261795
2019-09-12,1.02337096441206
2019-09-13,1.03696166877253
2019-09-14,1.02456367520955
2019-09-15,1.02294073932457
2019-09-16,1.01539099426837
2019-09-17,1.02082835321705
2019-09-18,1.05427061244139
2019-09-19,1.00352091683533
2019-09-20,1.01403945191161
2019-09-21,1.00504004162805
2019-09-22,1.00724699555503
2019-09-23,1.0020640706299
2019-09-24,0.978320146470498
2019-09-25,0.92847574517227
2019-09-26,0.952931492110538
2019-09-27,0.945569929070134
2019-09-28,0.960457359502056
2019-09-29,0.96787203358942
2019-09-30,0.959223808903979
2019-10-01,0.964074714069784
2019-10-02,0.975788124997364
2019-10-03,0.965750695506527
2019-10-04,0.97565983475975
2019-10-05,0.982833534578663
2019-10-06,0.962511355290016
2019-10-07,0.972268687979001
2019-10-08,0.993896106787345
2019-10-09,0.981992341272804
2019-10-10,0.995745480970765
2019-10-11,0.983133389099923
2019-10-12,1.00196007606872
2019-10-13,0.982438794480454
2019-10-14,0.982541134474775
2019-10-15,0.957871191352692
2019-10-16,0.966488793328305
2019-10-17,0.969492482321812
2019-10-18,0.968356143685535
2019-10-19,0.988789631193308
2019-10-20,0.988341687982584
2019-10-21,0.995994302393175
2019-10-22,1.00518072689896
2019-10-23,0.94211171199852
2019-10-24,0.959941766315297
2019-10-25,1.00035907893489
2019-10-26,1.06164796812364
2019-10-27,1.04668169398114
2019-10-28,1.0837245305849
2019-10-29,1.05593468441644
2019-10-30,1.02151276969182
2019-10-31,1.03355902671753
2019-11-01,1.01478508033199
2019-11-02,1.01706193831439
2019-11-03,1.0078486851448
2019-11-04,1.01536601444958
2019-11-05,1.00758996331988
