t,entities_net_growth_count
2010-01-01,48
2010-01-02,37
2010-01-03,61
2010-01-04,57
2010-01-05,62
2010-01-06,52
2010-01-07,58
2010-01-08,60
2010-01-09,60
2010-01-10,53
2010-01-11,48
2010-01-12,33
2010-01-13,59
2010-01-14,47
2010-01-15,39
2010-01-16,35
2010-01-17,36
2010-01-18,25
2010-01-19,12
2010-01-20,18
2010-01-21,42
2010-01-22,36
2010-01-23,33
2010-01-24,40
2010-01-25,44
2010-01-26,47
2010-01-27,40
2010-01-28,48
2010-01-29,50
2010-01-30,46
2010-01-31,21
2010-02-01,26
2010-02-02,34
2010-02-03,69
2010-02-04,60
2010-02-05,51
2010-02-06,35
2010-02-07,33
2010-02-08,51
2010-02-09,53
2010-02-10,40
2010-02-11,50
2010-02-12,44
2010-02-13,52
2010-02-14,54
2010-02-15,51
2010-02-16,46
2010-02-17,54
2010-02-18,59
2010-02-19,53
2010-02-20,43
2010-02-21,70
2010-02-22,88
2010-02-23,57
2010-02-24,54
2010-02-25,57
2010-02-26,61
2010-02-27,48
2010-02-28,40
2010-03-01,54
2010-03-02,49
2010-03-03,42
2010-03-04,66
2010-03-05,61
2010-03-06,54
2010-03-07,52
2010-03-08,40
2010-03-09,48
2010-03-10,46
2010-03-11,32
2010-03-12,41
2010-03-13,44
2010-03-14,36
2010-03-15,48
2010-03-16,36
2010-03-17,45
2010-03-18,48
2010-03-19,58
2010-03-20,46
2010-03-21,58
2010-03-22,61
2010-03-23,60
2010-03-24,52
2010-03-25,68
2010-03-26,58
2010-03-27,48
2010-03-28,56
2010-03-29,59
2010-03-30,62
2010-03-31,59
2010-04-01,49
2010-04-02,49
2010-04-03,60
2010-04-04,45
2010-04-05,46
2010-04-06,56
2010-04-07,62
2010-04-08,61
2010-04-09,69
2010-04-10,58
2010-04-11,49
2010-04-12,37
2010-04-13,44
2010-04-14,59
2010-04-15,63
2010-04-16,63
2010-04-17,65
2010-04-18,78
2010-04-19,64
2010-04-20,54
2010-04-21,59
2010-04-22,47
2010-04-23,40
2010-04-24,55
2010-04-25,41
2010-04-26,38
2010-04-27,49
2010-04-28,58
2010-04-29,42
2010-04-30,48
2010-05-01,76
2010-05-02,37
2010-05-03,46
2010-05-04,25
2010-05-05,29
2010-05-06,28
2010-05-07,13
2010-05-08,15
2010-05-09,12
2010-05-10,19
2010-05-11,19
2010-05-12,18
2010-05-13,22
2010-05-14,24
2010-05-15,12
2010-05-16,14
2010-05-17,13
2010-05-18,21
2010-05-19,31
2010-05-20,49
2010-05-21,21
2010-05-22,56
2010-05-23,25
2010-05-24,26
2010-05-25,55
2010-05-26,47
2010-05-27,56
2010-05-28,56
2010-05-29,30
2010-05-30,21
2010-05-31,15
2010-06-01,25
2010-06-02,30
2010-06-03,28
2010-06-04,28
2010-06-05,22
2010-06-06,31
2010-06-07,30
2010-06-08,27
2010-06-09,54
2010-06-10,30
2010-06-11,54
2010-06-12,16
2010-06-13,19
2010-06-14,30
2010-06-15,50
2010-06-16,29
2010-06-17,19
2010-06-18,31
2010-06-19,31
2010-06-20,62
2010-06-21,27
2010-06-22,30
2010-06-23,54
2010-06-24,39
2010-06-25,41
2010-06-26,39
2010-06-27,48
2010-06-28,51
2010-06-29,39
2010-06-30,38
2010-07-01,41
2010-07-02,30
2010-07-03,45
2010-07-04,42
2010-07-05,29
2010-07-06,55
2010-07-07,55
2010-07-08,40
2010-07-09,53
2010-07-10,79
2010-07-11,123
2010-07-12,1321
2010-07-13,617
2010-07-14,632
2010-07-15,538
2010-07-16,443
2010-07-17,124
2010-07-18,128
2010-07-19,140
2010-07-20,116
2010-07-21,125
2010-07-22,101
2010-07-23,103
2010-07-24,122
2010-07-25,114
2010-07-26,99
2010-07-27,116
2010-07-28,97
2010-07-29,80
2010-07-30,89
2010-07-31,102
2010-08-01,137
2010-08-02,96
2010-08-03,82
2010-08-04,101
2010-08-05,93
2010-08-06,65
2010-08-07,73
2010-08-08,62
2010-08-09,86
2010-08-10,68
2010-08-11,101
2010-08-12,117
2010-08-13,76
2010-08-14,104
2010-08-15,86
2010-08-16,34
2010-08-17,50
2010-08-18,83
2010-08-19,55
2010-08-20,67
2010-08-21,73
2010-08-22,71
2010-08-23,63
2010-08-24,98
2010-08-25,50
2010-08-26,72
2010-08-27,82
2010-08-28,74
2010-08-29,71
2010-08-30,64
2010-08-31,46
2010-09-01,84
2010-09-02,49
2010-09-03,59
2010-09-04,71
2010-09-05,64
2010-09-06,61
2010-09-07,20
2010-09-08,54
2010-09-09,69
2010-09-10,88
2010-09-11,41
2010-09-12,57
2010-09-13,39
2010-09-14,74
2010-09-15,55
2010-09-16,29
2010-09-17,45
2010-09-18,49
2010-09-19,86
2010-09-20,70
2010-09-21,37
2010-09-22,70
2010-09-23,93
2010-09-24,27
2010-09-25,33
2010-09-26,42
2010-09-27,28
2010-09-28,63
2010-09-29,45
2010-09-30,61
2010-10-01,54
2010-10-02,62
2010-10-03,30
2010-10-04,64
2010-10-05,26
2010-10-06,27
2010-10-07,38
2010-10-08,43
2010-10-09,43
2010-10-10,59
2010-10-11,54
2010-10-12,44
2010-10-13,43
2010-10-14,62
2010-10-15,41
2010-10-16,58
2010-10-17,53
2010-10-18,49
2010-10-19,90
2010-10-20,53
2010-10-21,51
2010-10-22,41
2010-10-23,47
2010-10-24,40
2010-10-25,53
2010-10-26,76
2010-10-27,83
2010-10-28,69
2010-10-29,50
2010-10-30,40
2010-10-31,54
2010-11-01,41
2010-11-02,44
2010-11-03,44
2010-11-04,53
2010-11-05,49
2010-11-06,39
2010-11-07,44
2010-11-08,87
2010-11-09,50
2010-11-10,70
2010-11-11,81
2010-11-12,27
2010-11-13,58
2010-11-14,64
2010-11-15,130
2010-11-16,74
2010-11-17,63
2010-11-18,69
2010-11-19,44
2010-11-20,39
2010-11-21,59
2010-11-22,50
2010-11-23,36
2010-11-24,89
2010-11-25,62
2010-11-26,96
2010-11-27,91
2010-11-28,66
2010-11-29,91
2010-11-30,93
2010-12-01,123
2010-12-02,100
2010-12-03,84
2010-12-04,97
2010-12-05,86
2010-12-06,75
2010-12-07,134
2010-12-08,138
2010-12-09,82
2010-12-10,88
2010-12-11,197
2010-12-12,269
2010-12-13,269
2010-12-14,189
2010-12-15,130
2010-12-16,100
2010-12-17,101
2010-12-18,127
2010-12-19,158
2010-12-20,92
2010-12-21,97
2010-12-22,89
2010-12-23,114
2010-12-24,69
2010-12-25,96
2010-12-26,79
2010-12-27,88
2010-12-28,85
2010-12-29,87
2010-12-30,100
2010-12-31,69
2011-01-01,62
2011-01-02,47
2011-01-03,68
2011-01-04,89
2011-01-05,84
2011-01-06,59
2011-01-07,61
2011-01-08,78
2011-01-09,36
2011-01-10,106
2011-01-11,39
2011-01-12,87
2011-01-13,59
2011-01-14,67
2011-01-15,80
2011-01-16,58
2011-01-17,86
2011-01-18,69
2011-01-19,86
2011-01-20,33
2011-01-21,129
2011-01-22,110
2011-01-23,111
2011-01-24,95
2011-01-25,65
2011-01-26,79
2011-01-27,76
2011-01-28,81
2011-01-29,27
2011-01-30,83
2011-01-31,132
2011-02-01,38
2011-02-02,29
2011-02-03,24
2011-02-04,43
2011-02-05,50
2011-02-06,21
2011-02-07,51
2011-02-08,52
2011-02-09,217
2011-02-10,530
2011-02-11,892
2011-02-12,577
2011-02-13,360
2011-02-14,371
2011-02-15,206
2011-02-16,141
2011-02-17,426
2011-02-18,451
2011-02-19,288
2011-02-20,334
2011-02-21,378
2011-02-22,427
2011-02-23,379
2011-02-24,339
2011-02-25,330
2011-02-26,431
2011-02-27,339
2011-02-28,316
2011-03-01,805
2011-03-02,396
2011-03-03,476
2011-03-04,260
2011-03-05,277
2011-03-06,281
2011-03-07,292
2011-03-08,226
2011-03-09,206
2011-03-10,143
2011-03-11,170
2011-03-12,146
2011-03-13,150
2011-03-14,145
2011-03-15,141
2011-03-16,144
2011-03-17,143
2011-03-18,177
2011-03-19,99
2011-03-20,146
2011-03-21,694
2011-03-22,369
2011-03-23,1226
2011-03-24,623
2011-03-25,330
2011-03-26,272
2011-03-27,341
2011-03-28,268
2011-03-29,249
2011-03-30,221
2011-03-31,202
2011-04-01,131
2011-04-02,138
2011-04-03,255
2011-04-04,426
2011-04-05,311
2011-04-06,311
2011-04-07,147
2011-04-08,234
2011-04-09,238
2011-04-10,203
2011-04-11,222
2011-04-12,147
2011-04-13,170
2011-04-14,122
2011-04-15,84
2011-04-16,75
2011-04-17,139
2011-04-18,186
2011-04-19,351
2011-04-20,224
2011-04-21,348
2011-04-22,261
2011-04-23,248
2011-04-24,253
2011-04-25,340
2011-04-26,215
2011-04-27,346
2011-04-28,418
2011-04-29,353
2011-04-30,474
2011-05-01,450
2011-05-02,184
2011-05-03,278
2011-05-04,378
2011-05-05,319
2011-05-06,405
2011-05-07,162
2011-05-08,398
2011-05-09,285
2011-05-10,332
2011-05-11,376
2011-05-12,205
2011-05-13,790
2011-05-14,529
2011-05-15,572
2011-05-16,2525
2011-05-17,1365
2011-05-18,1637
2011-05-19,2022
2011-05-20,1488
2011-05-21,328
2011-05-22,563
2011-05-23,755
2011-05-24,1535
2011-05-25,2173
2011-05-26,884
2011-05-27,332
2011-05-28,876
2011-05-29,628
2011-05-30,1419
2011-05-31,1433
2011-06-01,679
2011-06-02,746
2011-06-03,1017
2011-06-04,1967
2011-06-05,1037
2011-06-06,1144
2011-06-07,998
2011-06-08,1392
2011-06-09,1590
2011-06-10,1409
2011-06-11,1430
2011-06-12,1325
2011-06-13,1459
2011-06-14,1545
2011-06-15,1423
2011-06-16,1807
2011-06-17,1685
2011-06-18,2341
2011-06-19,2264
2011-06-20,1938
2011-06-21,2598
2011-06-22,2202
2011-06-23,1760
2011-06-24,1515
2011-06-25,1076
2011-06-26,1047
2011-06-27,1671
2011-06-28,1153
2011-06-29,1210
2011-06-30,911
2011-07-01,978
2011-07-02,577
2011-07-03,554
2011-07-04,775
2011-07-05,736
2011-07-06,994
2011-07-07,1079
2011-07-08,510
2011-07-09,437
2011-07-10,831
2011-07-11,808
2011-07-12,686
2011-07-13,733
2011-07-14,784
2011-07-15,584
2011-07-16,420
2011-07-17,413
2011-07-18,607
2011-07-19,707
2011-07-20,393
2011-07-21,421
2011-07-22,451
2011-07-23,403
2011-07-24,480
2011-07-25,557
2011-07-26,629
2011-07-27,446
2011-07-28,467
2011-07-29,482
2011-07-30,566
2011-07-31,488
2011-08-01,536
2011-08-02,677
2011-08-03,579
2011-08-04,341
2011-08-05,619
2011-08-06,419
2011-08-07,458
2011-08-08,433
2011-08-09,752
2011-08-10,557
2011-08-11,479
2011-08-12,388
2011-08-13,374
2011-08-14,491
2011-08-15,512
2011-08-16,454
2011-08-17,378
2011-08-18,508
2011-08-19,513
2011-08-20,503
2011-08-21,523
2011-08-22,320
2011-08-23,259
2011-08-24,179
2011-08-25,259
2011-08-26,326
2011-08-27,160
2011-08-28,179
2011-08-29,273
2011-08-30,293
2011-08-31,314
2011-09-01,174
2011-09-02,279
2011-09-03,193
2011-09-04,327
2011-09-05,91
2011-09-06,271
2011-09-07,454
2011-09-08,243
2011-09-09,40
2011-09-10,159
2011-09-11,276
2011-09-12,443
2011-09-13,312
2011-09-14,401
2011-09-15,464
2011-09-16,426
2011-09-17,318
2011-09-18,189
2011-09-19,389
2011-09-20,366
2011-09-21,196
2011-09-22,222
2011-09-23,280
2011-09-24,118
2011-09-25,194
2011-09-26,313
2011-09-27,286
2011-09-28,337
2011-09-29,226
2011-09-30,230
2011-10-01,249
2011-10-02,246
2011-10-03,171
2011-10-04,522
2011-10-05,297
2011-10-06,204
2011-10-07,323
2011-10-08,195
2011-10-09,347
2011-10-10,304
2011-10-11,304
2011-10-12,239
2011-10-13,195
2011-10-14,242
2011-10-15,180
2011-10-16,188
2011-10-17,215
2011-10-18,330
2011-10-19,228
2011-10-20,186
2011-10-21,400
2011-10-22,310
2011-10-23,287
2011-10-24,263
2011-10-25,349
2011-10-26,292
2011-10-27,263
2011-10-28,459
2011-10-29,227
2011-10-30,176
2011-10-31,112
2011-11-01,567
2011-11-02,323
2011-11-03,86
2011-11-04,209
2011-11-05,230
2011-11-06,322
2011-11-07,228
2011-11-08,231
2011-11-09,383
2011-11-10,166
2011-11-11,80
2011-11-12,217
2011-11-13,532
2011-11-14,-3
2011-11-15,190
2011-11-16,28
2011-11-17,191
2011-11-18,190
2011-11-19,196
2011-11-20,348
2011-11-21,351
2011-11-22,294
2011-11-23,37
2011-11-24,241
2011-11-25,371
2011-11-26,334
2011-11-27,170
2011-11-28,148
2011-11-29,312
2011-11-30,198
2011-12-01,264
2011-12-02,430
2011-12-03,255
2011-12-04,506
2011-12-05,390
2011-12-06,247
2011-12-07,275
2011-12-08,163
2011-12-09,330
2011-12-10,310
2011-12-11,442
2011-12-12,284
2011-12-13,1272
2011-12-14,313
2011-12-15,205
2011-12-16,281
2011-12-17,214
2011-12-18,180
2011-12-19,423
2011-12-20,429
2011-12-21,471
2011-12-22,503
2011-12-23,454
2011-12-24,296
2011-12-25,275
2011-12-26,146
2011-12-27,86
2011-12-28,230
2011-12-29,371
2011-12-30,249
2011-12-31,242
2012-01-01,246
2012-01-02,281
2012-01-03,333
2012-01-04,361
2012-01-05,512
2012-01-06,505
2012-01-07,382
2012-01-08,363
2012-01-09,449
2012-01-10,622
2012-01-11,435
2012-01-12,439
2012-01-13,359
2012-01-14,406
2012-01-15,251
2012-01-16,406
2012-01-17,457
2012-01-18,375
2012-01-19,553
2012-01-20,326
2012-01-21,456
2012-01-22,317
2012-01-23,325
2012-01-24,348
2012-01-25,466
2012-01-26,303
2012-01-27,365
2012-01-28,410
2012-01-29,231
2012-01-30,368
2012-01-31,255
2012-02-01,308
2012-02-02,295
2012-02-03,371
2012-02-04,398
2012-02-05,218
2012-02-06,286
2012-02-07,279
2012-02-08,344
2012-02-09,228
2012-02-10,277
2012-02-11,335
2012-02-12,247
2012-02-13,321
2012-02-14,450
2012-02-15,465
2012-02-16,642
2012-02-17,259
2012-02-18,328
2012-02-19,569
2012-02-20,314
2012-02-21,378
2012-02-22,276
2012-02-23,295
2012-02-24,343
2012-02-25,296
2012-02-26,210
2012-02-27,303
2012-02-28,406
2012-02-29,281
2012-03-01,168
2012-03-02,349
2012-03-03,247
2012-03-04,519
2012-03-05,372
2012-03-06,291
2012-03-07,265
2012-03-08,330
2012-03-09,267
2012-03-10,294
2012-03-11,164
2012-03-12,372
2012-03-13,640
2012-03-14,526
2012-03-15,336
2012-03-16,279
2012-03-17,54
2012-03-18,174
2012-03-19,245
2012-03-20,236
2012-03-21,284
2012-03-22,301
2012-03-23,220
2012-03-24,176
2012-03-25,264
2012-03-26,371
2012-03-27,281
2012-03-28,362
2012-03-29,183
2012-03-30,338
2012-03-31,226
2012-04-01,258
2012-04-02,396
2012-04-03,347
2012-04-04,273
2012-04-05,429
2012-04-06,353
2012-04-07,200
2012-04-08,251
2012-04-09,472
2012-04-10,469
2012-04-11,254
2012-04-12,343
2012-04-13,345
2012-04-14,256
2012-04-15,-11
2012-04-16,377
2012-04-17,250
2012-04-18,223
2012-04-19,449
2012-04-20,499
2012-04-21,296
2012-04-22,271
2012-04-23,126
2012-04-24,374
2012-04-25,194
2012-04-26,406
2012-04-27,352
2012-04-28,303
2012-04-29,196
2012-04-30,181
2012-05-01,333
2012-05-02,332
2012-05-03,253
2012-05-04,275
2012-05-05,237
2012-05-06,297
2012-05-07,391
2012-05-08,255
2012-05-09,396
2012-05-10,380
2012-05-11,283
2012-05-12,354
2012-05-13,449
2012-05-14,467
2012-05-15,404
2012-05-16,369
2012-05-17,440
2012-05-18,437
2012-05-19,398
2012-05-20,201
2012-05-21,584
2012-05-22,413
2012-05-23,450
2012-05-24,346
2012-05-25,245
2012-05-26,359
2012-05-27,315
2012-05-28,390
2012-05-29,397
2012-05-30,349
2012-05-31,272
2012-06-01,346
2012-06-02,287
2012-06-03,286
2012-06-04,553
2012-06-05,258
2012-06-06,479
2012-06-07,365
2012-06-08,285
2012-06-09,477
2012-06-10,506
2012-06-11,392
2012-06-12,491
2012-06-13,1373
2012-06-14,383
2012-06-15,349
2012-06-16,436
2012-06-17,415
2012-06-18,509
2012-06-19,550
2012-06-20,471
2012-06-21,459
2012-06-22,576
2012-06-23,319
2012-06-24,264
2012-06-25,516
2012-06-26,449
2012-06-27,357
2012-06-28,383
2012-06-29,573
2012-06-30,459
2012-07-01,139
2012-07-02,150
2012-07-03,-15
2012-07-04,290
2012-07-05,171
2012-07-06,519
2012-07-07,312
2012-07-08,677
2012-07-09,333
2012-07-10,587
2012-07-11,503
2012-07-12,319
2012-07-13,397
2012-07-14,391
2012-07-15,238
2012-07-16,294
2012-07-17,203
2012-07-18,591
2012-07-19,809
2012-07-20,1062
2012-07-21,726
2012-07-22,339
2012-07-23,181
2012-07-24,283
2012-07-25,424
2012-07-26,738
2012-07-27,921
2012-07-28,943
2012-07-29,732
2012-07-30,576
2012-07-31,-135
2012-08-01,84
2012-08-02,345
2012-08-03,652
2012-08-04,746
2012-08-05,378
2012-08-06,523
2012-08-07,603
2012-08-08,728
2012-08-09,697
2012-08-10,784
2012-08-11,552
2012-08-12,611
2012-08-13,284
2012-08-14,671
2012-08-15,1022
2012-08-16,1189
2012-08-17,1477
2012-08-18,857
2012-08-19,321
2012-08-20,570
2012-08-21,459
2012-08-22,647
2012-08-23,763
2012-08-24,573
2012-08-25,160
2012-08-26,628
2012-08-27,714
2012-08-28,540
2012-08-29,421
2012-08-30,870
2012-08-31,587
2012-09-01,277
2012-09-02,287
2012-09-03,636
2012-09-04,462
2012-09-05,517
2012-09-06,408
2012-09-07,305
2012-09-08,382
2012-09-09,1236
2012-09-10,616
2012-09-11,658
2012-09-12,576
2012-09-13,708
2012-09-14,613
2012-09-15,637
2012-09-16,585
2012-09-17,806
2012-09-18,1043
2012-09-19,1483
2012-09-20,865
2012-09-21,1218
2012-09-22,933
2012-09-23,930
2012-09-24,1299
2012-09-25,1664
2012-09-26,563
2012-09-27,926
2012-09-28,818
2012-09-29,839
2012-09-30,761
2012-10-01,1339
2012-10-02,1222
2012-10-03,1343
2012-10-04,1039
2012-10-05,1379
2012-10-06,1588
2012-10-07,1734
2012-10-08,1639
2012-10-09,1471
2012-10-10,1051
2012-10-11,1115
2012-10-12,1073
2012-10-13,613
2012-10-14,518
2012-10-15,313
2012-10-16,1236
2012-10-17,2986
2012-10-18,7
2012-10-19,247
2012-10-20,549
2012-10-21,-16
2012-10-22,-266
2012-10-23,750
2012-10-24,635
2012-10-25,717
2012-10-26,511
2012-10-27,493
2012-10-28,399
2012-10-29,856
2012-10-30,711
2012-10-31,640
2012-11-01,808
2012-11-02,637
2012-11-03,536
2012-11-04,546
2012-11-05,480
2012-11-06,600
2012-11-07,934
2012-11-08,650
2012-11-09,654
2012-11-10,539
2012-11-11,1054
2012-11-12,807
2012-11-13,805
2012-11-14,529
2012-11-15,463
2012-11-16,853
2012-11-17,598
2012-11-18,295
2012-11-19,431
2012-11-20,705
2012-11-21,614
2012-11-22,508
2012-11-23,483
2012-11-24,177
2012-11-25,341
2012-11-26,1348
2012-11-27,446
2012-11-28,679
2012-11-29,518
2012-11-30,519
2012-12-01,407
2012-12-02,543
2012-12-03,784
2012-12-04,876
2012-12-05,280
2012-12-06,45
2012-12-07,268
2012-12-08,-103
2012-12-09,40
2012-12-10,609
2012-12-11,916
2012-12-12,902
2012-12-13,790
2012-12-14,1206
2012-12-15,817
2012-12-16,779
2012-12-17,1032
2012-12-18,1325
2012-12-19,1061
2012-12-20,831
2012-12-21,853
2012-12-22,487
2012-12-23,382
2012-12-24,208
2012-12-25,233
2012-12-26,423
2012-12-27,582
2012-12-28,773
2012-12-29,919
2012-12-30,542
2012-12-31,648
2013-01-01,439
2013-01-02,381
2013-01-03,479
2013-01-04,581
2013-01-05,337
2013-01-06,524
2013-01-07,353
2013-01-08,471
2013-01-09,666
2013-01-10,823
2013-01-11,462
2013-01-12,576
2013-01-13,-75
2013-01-14,875
2013-01-15,327
2013-01-16,294
2013-01-17,524
2013-01-18,687
2013-01-19,495
2013-01-20,47
2013-01-21,655
2013-01-22,88
2013-01-23,623
2013-01-24,889
2013-01-25,974
2013-01-26,583
2013-01-27,330
2013-01-28,421
2013-01-29,874
2013-01-30,914
2013-01-31,1598
2013-02-01,1170
2013-02-02,703
2013-02-03,970
2013-02-04,723
2013-02-05,898
2013-02-06,790
2013-02-07,663
2013-02-08,758
2013-02-09,547
2013-02-10,248
2013-02-11,288
2013-02-12,636
2013-02-13,785
2013-02-14,885
2013-02-15,1188
2013-02-16,960
2013-02-17,1169
2013-02-18,1218
2013-02-19,1309
2013-02-20,1295
2013-02-21,1275
2013-02-22,1241
2013-02-23,644
2013-02-24,1110
2013-02-25,1060
2013-02-26,949
2013-02-27,1425
2013-02-28,1470
2013-03-01,1508
2013-03-02,908
2013-03-03,1229
2013-03-04,1248
2013-03-05,1806
2013-03-06,2403
2013-03-07,1768
2013-03-08,2057
2013-03-09,1277
2013-03-10,1490
2013-03-11,1655
2013-03-12,1837
2013-03-13,1774
2013-03-14,1967
2013-03-15,1866
2013-03-16,1369
2013-03-17,1541
2013-03-18,1235
2013-03-19,2178
2013-03-20,2556
2013-03-21,2715
2013-03-22,3219
2013-03-23,2429
2013-03-24,2135
2013-03-25,2351
2013-03-26,2562
2013-03-27,2793
2013-03-28,3572
2013-03-29,2459
2013-03-30,2127
2013-03-31,2789
2013-04-01,3021
2013-04-02,3476
2013-04-03,5640
2013-04-04,5769
2013-04-05,5514
2013-04-06,4503
2013-04-07,4375
2013-04-08,5569
2013-04-09,7245
2013-04-10,7198
2013-04-11,6231
2013-04-12,6103
2013-04-13,4325
2013-04-14,4103
2013-04-15,5231
2013-04-16,4213
2013-04-17,4059
2013-04-18,3514
2013-04-19,4563
2013-04-20,3341
2013-04-21,3049
2013-04-22,2584
2013-04-23,3989
2013-04-24,4367
2013-04-25,2640
2013-04-26,3196
2013-04-27,2492
2013-04-28,1927
2013-04-29,3070
2013-04-30,3033
2013-05-01,2993
2013-05-02,2927
2013-05-03,3115
2013-05-04,3227
2013-05-05,2952
2013-05-06,3316
2013-05-07,4171
2013-05-08,5863
2013-05-09,2425
2013-05-10,2733
2013-05-11,2273
2013-05-12,2363
2013-05-13,2084
2013-05-14,2019
2013-05-15,2227
2013-05-16,2743
2013-05-17,2245
2013-05-18,2249
2013-05-19,1847
2013-05-20,2072
2013-05-21,2223
2013-05-22,1823
2013-05-23,2142
2013-05-24,1816
2013-05-25,1978
2013-05-26,1636
2013-05-27,1778
2013-05-28,1793
2013-05-29,1765
2013-05-30,1565
2013-05-31,1032
2013-06-01,1662
2013-06-02,1348
2013-06-03,1660
2013-06-04,1262
2013-06-05,1675
2013-06-06,1236
2013-06-07,933
2013-06-08,1057
2013-06-09,1108
2013-06-10,1277
2013-06-11,1528
2013-06-12,1313
2013-06-13,1346
2013-06-14,1286
2013-06-15,904
2013-06-16,827
2013-06-17,1048
2013-06-18,1661
2013-06-19,1394
2013-06-20,1191
2013-06-21,1596
2013-06-22,1005
2013-06-23,844
2013-06-24,1433
2013-06-25,1057
2013-06-26,1409
2013-06-27,1042
2013-06-28,970
2013-06-29,1275
2013-06-30,790
2013-07-01,1212
2013-07-02,1353
2013-07-03,1319
2013-07-04,1125
2013-07-05,1079
2013-07-06,1201
2013-07-07,915
2013-07-08,1018
2013-07-09,1150
2013-07-10,1145
2013-07-11,1112
2013-07-12,1158
2013-07-13,1273
2013-07-14,984
2013-07-15,818
2013-07-16,1085
2013-07-17,926
2013-07-18,1184
2013-07-19,1262
2013-07-20,2748
2013-07-21,894
2013-07-22,392
2013-07-23,1074
2013-07-24,930
2013-07-25,811
2013-07-26,972
2013-07-27,556
2013-07-28,1313
2013-07-29,1079
2013-07-30,1377
2013-07-31,1384
2013-08-01,-844
2013-08-02,1316
2013-08-03,1096
2013-08-04,628
2013-08-05,1105
2013-08-06,1105
2013-08-07,2433
2013-08-08,1012
2013-08-09,786
2013-08-10,829
2013-08-11,387
2013-08-12,1094
2013-08-13,1173
2013-08-14,1764
2013-08-15,1063
2013-08-16,1691
2013-08-17,869
2013-08-18,1304
2013-08-19,1539
2013-08-20,1765
2013-08-21,1433
2013-08-22,1232
2013-08-23,1492
2013-08-24,1019
2013-08-25,719
2013-08-26,714
2013-08-27,1859
2013-08-28,1362
2013-08-29,1533
2013-08-30,1276
2013-08-31,4735
2013-09-01,1085
2013-09-02,1328
2013-09-03,1683
2013-09-04,1385
2013-09-05,857
2013-09-06,1156
2013-09-07,925
2013-09-08,614
2013-09-09,-2140
2013-09-10,552
2013-09-11,904
2013-09-12,1093
2013-09-13,1047
2013-09-14,1091
2013-09-15,755
2013-09-16,1042
2013-09-17,1027
2013-09-18,621
2013-09-19,1012
2013-09-20,1676
2013-09-21,1663
2013-09-22,1124
2013-09-23,1368
2013-09-24,1642
2013-09-25,1448
2013-09-26,1616
2013-09-27,932
2013-09-28,1159
2013-09-29,987
2013-09-30,1049
2013-10-01,1225
2013-10-02,1247
2013-10-03,1955
2013-10-04,1940
2013-10-05,1355
2013-10-06,1214
2013-10-07,1334
2013-10-08,1564
2013-10-09,1499
2013-10-10,1304
2013-10-11,906
2013-10-12,1229
2013-10-13,815
2013-10-14,1630
2013-10-15,1410
2013-10-16,1477
2013-10-17,1059
2013-10-18,1215
2013-10-19,1736
2013-10-20,1259
2013-10-21,1596
2013-10-22,2141
2013-10-23,1534
2013-10-24,2050
2013-10-25,2461
2013-10-26,902
2013-10-27,1052
2013-10-28,1745
2013-10-29,2089
2013-10-30,2828
2013-10-31,2656
2013-11-01,2441
2013-11-02,1762
2013-11-03,1337
2013-11-04,2305
2013-11-05,3192
2013-11-06,3405
2013-11-07,3377
2013-11-08,4085
2013-11-09,3027
2013-11-10,3064
2013-11-11,2824
2013-11-12,3549
2013-11-13,3283
2013-11-14,4025
2013-11-15,3645
2013-11-16,3918
2013-11-17,3449
2013-11-18,5592
2013-11-19,7053
2013-11-20,4596
2013-11-21,4906
2013-11-22,5311
2013-11-23,5354
2013-11-24,3917
2013-11-25,4101
2013-11-26,6133
2013-11-27,5469
2013-11-28,6739
2013-11-29,6949
2013-11-30,8943
2013-12-01,5944
2013-12-02,9088
2013-12-03,5964
2013-12-04,6314
2013-12-05,5622
2013-12-06,4879
2013-12-07,5821
2013-12-08,3345
2013-12-09,7166
2013-12-10,4765
2013-12-11,4414
2013-12-12,3420
2013-12-13,4616
2013-12-14,4235
2013-12-15,2613
2013-12-16,7854
2013-12-17,4531
2013-12-18,5214
2013-12-19,4396
2013-12-20,3535
2013-12-21,2946
2013-12-22,3700
2013-12-23,11917
2013-12-24,6086
2013-12-25,5749
2013-12-26,3659
2013-12-27,3035
2013-12-28,2307
2013-12-29,2641
2013-12-30,6653
2013-12-31,3150
2014-01-01,1917
2014-01-02,2880
2014-01-03,3448
2014-01-04,2911
2014-01-05,2665
2014-01-06,7661
2014-01-07,3408
2014-01-08,3888
2014-01-09,3227
2014-01-10,3058
2014-01-11,2655
2014-01-12,2507
2014-01-13,6353
2014-01-14,2792
2014-01-15,2745
2014-01-16,2807
2014-01-17,3127
2014-01-18,2377
2014-01-19,2187
2014-01-20,6680
2014-01-21,3317
2014-01-22,3022
2014-01-23,3728
2014-01-24,2489
2014-01-25,3157
2014-01-26,2762
2014-01-27,6186
2014-01-28,3288
2014-01-29,2674
2014-01-30,3794
2014-01-31,2971
2014-02-01,2652
2014-02-02,3299
2014-02-03,6639
2014-02-04,3877
2014-02-05,3245
2014-02-06,3883
2014-02-07,2806
2014-02-08,3176
2014-02-09,2904
2014-02-10,6732
2014-02-11,2277
2014-02-12,3451
2014-02-13,3140
2014-02-14,3614
2014-02-15,2736
2014-02-16,2701
2014-02-17,5757
2014-02-18,2760
2014-02-19,3135
2014-02-20,2770
2014-02-21,3515
2014-02-22,2161
2014-02-23,2299
2014-02-24,5481
2014-02-25,4522
2014-02-26,3619
2014-02-27,3948
2014-02-28,4645
2014-03-01,3454
2014-03-02,2678
2014-03-03,7174
2014-03-04,4273
2014-03-05,3388
2014-03-06,3712
2014-03-07,3156
2014-03-08,7015
2014-03-09,2307
2014-03-10,5554
2014-03-11,1888
2014-03-12,2712
2014-03-13,3920
2014-03-14,1749
2014-03-15,-2195
2014-03-16,804
2014-03-17,12096
2014-03-18,1885
2014-03-19,5349
2014-03-20,104
2014-03-21,-771
2014-03-22,-99
2014-03-23,-264
2014-03-24,5360
2014-03-25,1336
2014-03-26,3111
2014-03-27,1474
2014-03-28,3250
2014-03-29,3290
2014-03-30,5238
2014-03-31,1335
2014-04-01,2537
2014-04-02,1144
2014-04-03,1869
2014-04-04,2343
2014-04-05,991
2014-04-06,4866
2014-04-07,1730
2014-04-08,1947
2014-04-09,1951
2014-04-10,1947
2014-04-11,1011
2014-04-12,1665
2014-04-13,5931
2014-04-14,2696
2014-04-15,1532
2014-04-16,1033
2014-04-17,1449
2014-04-18,1635
2014-04-19,544
2014-04-20,4723
2014-04-21,1926
2014-04-22,3100
2014-04-23,2783
2014-04-24,2990
2014-04-25,2472
2014-04-26,1190
2014-04-27,4526
2014-04-28,1982
2014-04-29,2663
2014-04-30,2426
2014-05-01,2278
2014-05-02,2519
2014-05-03,1301
2014-05-04,4523
2014-05-05,2481
2014-05-06,3614
2014-05-07,2130
2014-05-08,2963
2014-05-09,2394
2014-05-10,1496
2014-05-11,4426
2014-05-12,1714
2014-05-13,2463
2014-05-14,2096
2014-05-15,3849
2014-05-16,3377
2014-05-17,2102
2014-05-18,4373
2014-05-19,2042
2014-05-20,2060
2014-05-21,1977
2014-05-22,3004
2014-05-23,3040
2014-05-24,1589
2014-05-25,4454
2014-05-26,2712
2014-05-27,3984
2014-05-28,2633
2014-05-29,2529
2014-05-30,1896
2014-05-31,1238
2014-06-01,3545
2014-06-02,1755
2014-06-03,1473
2014-06-04,1624
2014-06-05,2051
2014-06-06,2052
2014-06-07,849
2014-06-08,3866
2014-06-09,1158
2014-06-10,2578
2014-06-11,2103
2014-06-12,1580
2014-06-13,1494
2014-06-14,2452
2014-06-15,5872
2014-06-16,2911
2014-06-17,3129
2014-06-18,2630
2014-06-19,2610
2014-06-20,3346
2014-06-21,2107
2014-06-22,5189
2014-06-23,2405
2014-06-24,2141
2014-06-25,1804
2014-06-26,2330
2014-06-27,3276
2014-06-28,1739
2014-06-29,5787
2014-06-30,1480
2014-07-01,2011
2014-07-02,2936
2014-07-03,2685
2014-07-04,4369
2014-07-05,3634
2014-07-06,7611
2014-07-07,1634
2014-07-08,625
2014-07-09,2280
2014-07-10,2379
2014-07-11,2384
2014-07-12,1248
2014-07-13,6307
2014-07-14,3235
2014-07-15,2546
2014-07-16,2772
2014-07-17,1805
2014-07-18,2889
2014-07-19,2597
2014-07-20,5920
2014-07-21,3059
2014-07-22,1996
2014-07-23,3466
2014-07-24,3378
2014-07-25,2820
2014-07-26,2005
2014-07-27,4212
2014-07-28,2779
2014-07-29,2734
2014-07-30,2876
2014-07-31,2518
2014-08-01,2955
2014-08-02,2181
2014-08-03,4528
2014-08-04,4149
2014-08-05,5259
2014-08-06,3706
2014-08-07,2896
2014-08-08,3603
2014-08-09,2326
2014-08-10,4965
2014-08-11,3464
2014-08-12,3003
2014-08-13,3035
2014-08-14,3187
2014-08-15,1634
2014-08-16,7733
2014-08-17,7257
2014-08-18,3545
2014-08-19,1381
2014-08-20,2910
2014-08-21,3619
2014-08-22,3057
2014-08-23,1537
2014-08-24,5230
2014-08-25,2357
2014-08-26,3009
2014-08-27,3379
2014-08-28,4329
2014-08-29,573
2014-08-30,2198
2014-08-31,4890
2014-09-01,6476
2014-09-02,2877
2014-09-03,3072
2014-09-04,2356
2014-09-05,7574
2014-09-06,3699
2014-09-07,12296
2014-09-08,5313
2014-09-09,4972
2014-09-10,7333
2014-09-11,4388
2014-09-12,3789
2014-09-13,5187
2014-09-14,15259
2014-09-15,2795
2014-09-16,6319
2014-09-17,1131
2014-09-18,3399
2014-09-19,2122
2014-09-20,1672
2014-09-21,4257
2014-09-22,1761
2014-09-23,578
2014-09-24,3607
2014-09-25,3295
2014-09-26,2274
2014-09-27,1713
2014-09-28,5542
2014-09-29,3596
2014-09-30,4428
2014-10-01,7906
2014-10-02,2328
2014-10-03,4357
2014-10-04,5919
2014-10-05,8667
2014-10-06,5259
2014-10-07,4637
2014-10-08,4579
2014-10-09,4673
2014-10-10,5054
2014-10-11,3130
2014-10-12,6968
2014-10-13,5099
2014-10-14,3926
2014-10-15,4420
2014-10-16,4534
2014-10-17,4355
2014-10-18,3762
2014-10-19,6002
2014-10-20,2754
2014-10-21,3012
2014-10-22,3391
2014-10-23,3858
2014-10-24,2760
2014-10-25,4279
2014-10-26,2835
2014-10-27,3959
2014-10-28,3608
2014-10-29,2723
2014-10-30,2396
2014-10-31,5525
2014-11-01,3683
2014-11-02,12017
2014-11-03,2877
2014-11-04,4804
2014-11-05,3204
2014-11-06,4039
2014-11-07,2661
2014-11-08,1467
2014-11-09,7105
2014-11-10,3454
2014-11-11,3345
2014-11-12,4715
2014-11-13,3594
2014-11-14,4596
2014-11-15,3537
2014-11-16,5396
2014-11-17,2727
2014-11-18,2707
2014-11-19,2708
2014-11-20,3780
2014-11-21,2948
2014-11-22,2428
2014-11-23,5241
2014-11-24,2762
2014-11-25,2537
2014-11-26,2687
2014-11-27,2937
2014-11-28,3564
2014-11-29,2224
2014-11-30,6412
2014-12-01,4331
2014-12-02,3726
2014-12-03,3003
2014-12-04,3239
2014-12-05,4042
2014-12-06,3042
2014-12-07,5921
2014-12-08,2898
2014-12-09,5301
2014-12-10,3440
2014-12-11,2928
2014-12-12,4441
2014-12-13,2513
2014-12-14,5819
2014-12-15,5656
2014-12-16,2945
2014-12-17,4250
2014-12-18,4149
2014-12-19,4003
2014-12-20,4145
2014-12-21,5128
2014-12-22,3338
2014-12-23,3983
2014-12-24,3214
2014-12-25,2491
2014-12-26,4017
2014-12-27,4552
2014-12-28,8005
2014-12-29,2574
2014-12-30,2651
2014-12-31,3100
2015-01-01,1375
2015-01-02,4259
2015-01-03,3000
2015-01-04,3333
2015-01-05,2977
2015-01-06,3509
2015-01-07,3158
2015-01-08,2539
2015-01-09,4228
2015-01-10,5395
2015-01-11,3516
2015-01-12,2680
2015-01-13,2616
2015-01-14,13172
2015-01-15,4731
2015-01-16,5076
2015-01-17,4789
2015-01-18,3329
2015-01-19,4539
2015-01-20,4156
2015-01-21,3251
2015-01-22,3507
2015-01-23,3761
2015-01-24,4566
2015-01-25,6782
2015-01-26,4469
2015-01-27,3198
2015-01-28,2600
2015-01-29,2173
2015-01-30,2693
2015-01-31,4648
2015-02-01,2635
2015-02-02,1587
2015-02-03,2768
2015-02-04,3184
2015-02-05,2622
2015-02-06,6163
2015-02-07,3129
2015-02-08,4920
2015-02-09,3801
2015-02-10,2451
2015-02-11,3397
2015-02-12,6815
2015-02-13,9706
2015-02-14,5100
2015-02-15,6962
2015-02-16,3706
2015-02-17,6979
2015-02-18,2956
2015-02-19,2875
2015-02-20,2923
2015-02-21,3535
2015-02-22,4284
2015-02-23,3156
2015-02-24,2210
2015-02-25,3802
2015-02-26,2979
2015-02-27,2567
2015-02-28,3990
2015-03-01,3480
2015-03-02,5338
2015-03-03,2197
2015-03-04,2600
2015-03-05,3975
2015-03-06,2366
2015-03-07,2552
2015-03-08,3916
2015-03-09,2201
2015-03-10,3212
2015-03-11,3306
2015-03-12,3340
2015-03-13,2169
2015-03-14,2828
2015-03-15,3403
2015-03-16,3079
2015-03-17,2478
2015-03-18,2494
2015-03-19,2894
2015-03-20,3279
2015-03-21,3489
2015-03-22,7942
2015-03-23,8385
2015-03-24,3026
2015-03-25,4504
2015-03-26,2148
2015-03-27,2367
2015-03-28,2826
2015-03-29,8143
2015-03-30,3796
2015-03-31,3073
2015-04-01,3192
2015-04-02,3413
2015-04-03,2511
2015-04-04,3449
2015-04-05,3949
2015-04-06,2626
2015-04-07,3690
2015-04-08,2958
2015-04-09,4550
2015-04-10,3129
2015-04-11,3715
2015-04-12,5808
2015-04-13,2364
2015-04-14,3484
2015-04-15,3282
2015-04-16,2671
2015-04-17,2732
2015-04-18,3060
2015-04-19,3836
2015-04-20,2960
2015-04-21,2669
2015-04-22,2691
2015-04-23,2707
2015-04-24,2301
2015-04-25,2689
2015-04-26,4996
2015-04-27,2331
2015-04-28,2709
2015-04-29,3261
2015-04-30,1983
2015-05-01,2729
2015-05-02,4377
2015-05-03,4912
2015-05-04,4348
2015-05-05,-83
2015-05-06,2758
2015-05-07,3850
2015-05-08,3893
2015-05-09,2324
2015-05-10,2885
2015-05-11,2783
2015-05-12,2964
2015-05-13,3167
2015-05-14,3844
2015-05-15,2980
2015-05-16,2990
2015-05-17,3623
2015-05-18,7338
2015-05-19,913
2015-05-20,2985
2015-05-21,2821
2015-05-22,3218
2015-05-23,2050
2015-05-24,2702
2015-05-25,2788
2015-05-26,5876
2015-05-27,3361
2015-05-28,2686
2015-05-29,6814
2015-05-30,8723
2015-05-31,7369
2015-06-01,1530
2015-06-02,2134
2015-06-03,263
2015-06-04,-1034
2015-06-05,3181
2015-06-06,4065
2015-06-07,2401
2015-06-08,9015
2015-06-09,5742
2015-06-10,17277
2015-06-11,1039
2015-06-12,4202
2015-06-13,-816
2015-06-14,3219
2015-06-15,5558
2015-06-16,2517
2015-06-17,2561
2015-06-18,5588
2015-06-19,17699
2015-06-20,3046
2015-06-21,4336
2015-06-22,5625
2015-06-23,3398
2015-06-24,3447
2015-06-25,3556
2015-06-26,4949
2015-06-27,3145
2015-06-28,3549
2015-06-29,3835
2015-06-30,9127
2015-07-01,2936
2015-07-02,4788
2015-07-03,4777
2015-07-04,4960
2015-07-05,5346
2015-07-06,6810
2015-07-07,6986
2015-07-08,7302
2015-07-09,4865
2015-07-10,1392
2015-07-11,7883
2015-07-12,4408
2015-07-13,4062
2015-07-14,455
2015-07-15,2337
2015-07-16,4988
2015-07-17,3468
2015-07-18,3424
2015-07-19,5977
2015-07-20,6185
2015-07-21,14443
2015-07-22,9932
2015-07-23,1627
2015-07-24,3827
2015-07-25,2232
2015-07-26,4798
2015-07-27,5244
2015-07-28,4168
2015-07-29,3056
2015-07-30,2600
2015-07-31,3267
2015-08-01,1547
2015-08-02,6099
2015-08-03,4122
2015-08-04,4587
2015-08-05,6239
2015-08-06,2728
2015-08-07,2692
2015-08-08,1776
2015-08-09,3655
2015-08-10,3623
2015-08-11,5016
2015-08-12,6975
2015-08-13,5056
2015-08-14,6787
2015-08-15,5550
2015-08-16,7169
2015-08-17,4836
2015-08-18,5807
2015-08-19,4235
2015-08-20,4155
2015-08-21,4529
2015-08-22,6468
2015-08-23,8008
2015-08-24,4482
2015-08-25,6314
2015-08-26,3260
2015-08-27,9241
2015-08-28,6971
2015-08-29,3075
2015-08-30,5163
2015-08-31,3135
2015-09-01,6206
2015-09-02,5299
2015-09-03,5123
2015-09-04,5186
2015-09-05,1805
2015-09-06,10578
2015-09-07,22150
2015-09-08,24456
2015-09-09,21524
2015-09-10,13341
2015-09-11,31827
2015-09-12,12489
2015-09-13,3965
2015-09-14,2956
2015-09-15,4564
2015-09-16,4953
2015-09-17,8352
2015-09-18,7869
2015-09-19,-1051
2015-09-20,28447
2015-09-21,44168
2015-09-22,36323
2015-09-23,5264
2015-09-24,2791
2015-09-25,2860
2015-09-26,-1432
2015-09-27,2999
2015-09-28,4467
2015-09-29,4093
2015-09-30,6054
2015-10-01,3194
2015-10-02,1979
2015-10-03,2444
2015-10-04,6584
2015-10-05,4630
2015-10-06,90
2015-10-07,5065
2015-10-08,5193
2015-10-09,6263
2015-10-10,2062
2015-10-11,5212
2015-10-12,1144
2015-10-13,5143
2015-10-14,1319
2015-10-15,4417
2015-10-16,1826
2015-10-17,1952
2015-10-18,3214
2015-10-19,3871
2015-10-20,5428
2015-10-21,4667
2015-10-22,5509
2015-10-23,7229
2015-10-24,428
2015-10-25,1434
2015-10-26,5873
2015-10-27,9824
2015-10-28,5310
2015-10-29,6582
2015-10-30,9054
2015-10-31,4203
2015-11-01,-4207
2015-11-02,6862
2015-11-03,10085
2015-11-04,6025
2015-11-05,7353
2015-11-06,2712
2015-11-07,2630
2015-11-08,25187
2015-11-09,4212
2015-11-10,4899
2015-11-11,6325
2015-11-12,5064
2015-11-13,4556
2015-11-14,2577
2015-11-15,4597
2015-11-16,5898
2015-11-17,5538
2015-11-18,3805
2015-11-19,3954
2015-11-20,5150
2015-11-21,-210
2015-11-22,6716
2015-11-23,5079
2015-11-24,5883
2015-11-25,4718
2015-11-26,4174
2015-11-27,5203
2015-11-28,2476
2015-11-29,5859
2015-11-30,5378
2015-12-01,6055
2015-12-02,5554
2015-12-03,2931
2015-12-04,656
2015-12-05,3906
2015-12-06,7156
2015-12-07,5025
2015-12-08,6822
2015-12-09,5673
2015-12-10,6000
2015-12-11,7913
2015-12-12,2527
2015-12-13,7142
2015-12-14,6605
2015-12-15,7970
2015-12-16,7715
2015-12-17,6489
2015-12-18,6679
2015-12-19,4661
2015-12-20,6430
2015-12-21,6068
2015-12-22,9752
2015-12-23,2102
2015-12-24,4258
2015-12-25,4059
2015-12-26,1774
2015-12-27,6029
2015-12-28,5031
2015-12-29,5614
2015-12-30,5213
2015-12-31,4244
2016-01-01,2253
2016-01-02,1953
2016-01-03,4705
2016-01-04,5199
2016-01-05,5222
2016-01-06,4202
2016-01-07,5967
2016-01-08,3039
2016-01-09,4602
2016-01-10,6535
2016-01-11,6940
2016-01-12,8598
2016-01-13,1897
2016-01-14,4075
2016-01-15,3761
2016-01-16,-934
2016-01-17,2491
2016-01-18,10573
2016-01-19,-3330
2016-01-20,5942
2016-01-21,-740
2016-01-22,2349
2016-01-23,4421
2016-01-24,3223
2016-01-25,4930
2016-01-26,3532
2016-01-27,-207
2016-01-28,6199
2016-01-29,-1767
2016-01-30,3969
2016-01-31,9069
2016-02-01,6293
2016-02-02,7010
2016-02-03,1325
2016-02-04,7950
2016-02-05,2933
2016-02-06,7589
2016-02-07,10148
2016-02-08,1902
2016-02-09,5509
2016-02-10,6325
2016-02-11,4717
2016-02-12,8569
2016-02-13,4875
2016-02-14,4102
2016-02-15,4601
2016-02-16,6283
2016-02-17,4692
2016-02-18,9244
2016-02-19,6081
2016-02-20,2293
2016-02-21,6347
2016-02-22,8138
2016-02-23,7373
2016-02-24,6466
2016-02-25,11566
2016-02-26,6717
2016-02-27,-662
2016-02-28,3690
2016-02-29,7232
2016-03-01,7963
2016-03-02,2140
2016-03-03,3182
2016-03-04,2971
2016-03-05,3887
2016-03-06,4448
2016-03-07,4842
2016-03-08,3794
2016-03-09,4771
2016-03-10,6047
2016-03-11,8143
2016-03-12,7511
2016-03-13,5168
2016-03-14,7021
2016-03-15,7652
2016-03-16,5346
2016-03-17,5819
2016-03-18,5505
2016-03-19,4735
2016-03-20,5783
2016-03-21,6446
2016-03-22,6028
2016-03-23,4607
2016-03-24,5594
2016-03-25,5292
2016-03-26,3832
2016-03-27,3416
2016-03-28,5052
2016-03-29,8271
2016-03-30,6257
2016-03-31,6476
2016-04-01,7854
2016-04-02,7006
2016-04-03,6944
2016-04-04,11091
2016-04-05,9110
2016-04-06,8553
2016-04-07,9426
2016-04-08,9812
2016-04-09,7254
2016-04-10,7570
2016-04-11,8295
2016-04-12,10466
2016-04-13,6571
2016-04-14,6507
2016-04-15,7709
2016-04-16,6007
2016-04-17,6721
2016-04-18,10052
2016-04-19,8116
2016-04-20,7058
2016-04-21,10444
2016-04-22,8121
2016-04-23,5986
2016-04-24,6472
2016-04-25,9861
2016-04-26,9356
2016-04-27,4739
2016-04-28,5265
2016-04-29,5926
2016-04-30,4399
2016-05-01,5262
2016-05-02,8589
2016-05-03,7259
2016-05-04,4362
2016-05-05,6426
2016-05-06,6510
2016-05-07,3761
2016-05-08,3920
2016-05-09,10107
2016-05-10,9367
2016-05-11,6200
2016-05-12,8017
2016-05-13,5972
2016-05-14,6190
2016-05-15,4300
2016-05-16,18480
2016-05-17,7991
2016-05-18,8264
2016-05-19,6801
2016-05-20,5370
2016-05-21,6259
2016-05-22,4994
2016-05-23,10087
2016-05-24,8098
2016-05-25,4213
2016-05-26,7697
2016-05-27,9498
2016-05-28,7684
2016-05-29,8420
2016-05-30,9507
2016-05-31,10578
2016-06-01,10207
2016-06-02,9373
2016-06-03,10006
2016-06-04,8661
2016-06-05,6509
2016-06-06,10599
2016-06-07,10817
2016-06-08,8299
2016-06-09,7364
2016-06-10,6549
2016-06-11,5138
2016-06-12,5697
2016-06-13,8654
2016-06-14,4657
2016-06-15,8057
2016-06-16,7892
2016-06-17,9224
2016-06-18,7746
2016-06-19,6045
2016-06-20,11747
2016-06-21,10761
2016-06-22,7583
2016-06-23,9126
2016-06-24,8931
2016-06-25,7202
2016-06-26,5183
2016-06-27,9028
2016-06-28,9000
2016-06-29,6178
2016-06-30,5248
2016-07-01,6522
2016-07-02,6138
2016-07-03,4840
2016-07-04,8986
2016-07-05,9315
2016-07-06,7812
2016-07-07,10184
2016-07-08,5508
2016-07-09,7909
2016-07-10,5425
2016-07-11,9323
2016-07-12,6531
2016-07-13,7257
2016-07-14,5246
2016-07-15,5331
2016-07-16,6408
2016-07-17,5304
2016-07-18,10367
2016-07-19,6650
2016-07-20,6240
2016-07-21,5864
2016-07-22,6176
2016-07-23,5418
2016-07-24,4979
2016-07-25,8042
2016-07-26,7220
2016-07-27,8139
2016-07-28,5360
2016-07-29,7263
2016-07-30,6885
2016-07-31,5274
2016-08-01,8338
2016-08-02,13063
2016-08-03,11607
2016-08-04,10639
2016-08-05,9395
2016-08-06,7793
2016-08-07,376
2016-08-08,1297
2016-08-09,9033
2016-08-10,7681
2016-08-11,7965
2016-08-12,9677
2016-08-13,8436
2016-08-14,5754
2016-08-15,9626
2016-08-16,10374
2016-08-17,9554
2016-08-18,8761
2016-08-19,9585
2016-08-20,13527
2016-08-21,8399
2016-08-22,12279
2016-08-23,13348
2016-08-24,10142
2016-08-25,11023
2016-08-26,9798
2016-08-27,6389
2016-08-28,5361
2016-08-29,6011
2016-08-30,9563
2016-08-31,6997
2016-09-01,7359
2016-09-02,6833
2016-09-03,6297
2016-09-04,5455
2016-09-05,9221
2016-09-06,10135
2016-09-07,7491
2016-09-08,10422
2016-09-09,5961
2016-09-10,7843
2016-09-11,5931
2016-09-12,10598
2016-09-13,9154
2016-09-14,7957
2016-09-15,8588
2016-09-16,9569
2016-09-17,11912
2016-09-18,6589
2016-09-19,10602
2016-09-20,8533
2016-09-21,9234
2016-09-22,8053
2016-09-23,7156
2016-09-24,8246
2016-09-25,6061
2016-09-26,9474
2016-09-27,12458
2016-09-28,9273
2016-09-29,10494
2016-09-30,10144
2016-10-01,9619
2016-10-02,8025
2016-10-03,14891
2016-10-04,15122
2016-10-05,13979
2016-10-06,12944
2016-10-07,13377
2016-10-08,10962
2016-10-09,7274
2016-10-10,11264
2016-10-11,11451
2016-10-12,8998
2016-10-13,10354
2016-10-14,11555
2016-10-15,9306
2016-10-16,8677
2016-10-17,13741
2016-10-18,11730
2016-10-19,10101
2016-10-20,16493
2016-10-21,12022
2016-10-22,9642
2016-10-23,8369
2016-10-24,14069
2016-10-25,14226
2016-10-26,15220
2016-10-27,18675
2016-10-28,14471
2016-10-29,13718
2016-10-30,7346
2016-10-31,15232
2016-11-01,14278
2016-11-02,15791
2016-11-03,17750
2016-11-04,18461
2016-11-05,15623
2016-11-06,10339
2016-11-07,18866
2016-11-08,17813
2016-11-09,17038
2016-11-10,15819
2016-11-11,15661
2016-11-12,14353
2016-11-13,9781
2016-11-14,17799
2016-11-15,18457
2016-11-16,16629
2016-11-17,14853
2016-11-18,19541
2016-11-19,16019
2016-11-20,11803
2016-11-21,19771
2016-11-22,16488
2016-11-23,14243
2016-11-24,19113
2016-11-25,15544
2016-11-26,14753
2016-11-27,9735
2016-11-28,18713
2016-11-29,14717
2016-11-30,18310
2016-12-01,14567
2016-12-02,28332
2016-12-03,12658
2016-12-04,9438
2016-12-05,23501
2016-12-06,24306
2016-12-07,16855
2016-12-08,16789
2016-12-09,16912
2016-12-10,14481
2016-12-11,12809
2016-12-12,20791
2016-12-13,19733
2016-12-14,17219
2016-12-15,14357
2016-12-16,15427
2016-12-17,13649
2016-12-18,9178
2016-12-19,18362
2016-12-20,15989
2016-12-21,17386
2016-12-22,16562
2016-12-23,18118
2016-12-24,12079
2016-12-25,6311
2016-12-26,12577
2016-12-27,14977
2016-12-28,16789
2016-12-29,15750
2016-12-30,14041
2016-12-31,12305
2017-01-01,11507
2017-01-02,12267
2017-01-03,17018
2017-01-04,16949
2017-01-05,13966
2017-01-06,18162
2017-01-07,13577
2017-01-08,11780
2017-01-09,19051
2017-01-10,16677
2017-01-11,14368
2017-01-12,16693
2017-01-13,16236
2017-01-14,10999
2017-01-15,8383
2017-01-16,15175
2017-01-17,18209
2017-01-18,14863
2017-01-19,15743
2017-01-20,15265
2017-01-21,10496
2017-01-22,7214
2017-01-23,13646
2017-01-24,19596
2017-01-25,11572
2017-01-26,8577
2017-01-27,11953
2017-01-28,10900
2017-01-29,9341
2017-01-30,15109
2017-01-31,14644
2017-02-01,19653
2017-02-02,13404
2017-02-03,16618
2017-02-04,9118
2017-02-05,8272
2017-02-06,14438
2017-02-07,19174
2017-02-08,11290
2017-02-09,9700
2017-02-10,11823
2017-02-11,8117
2017-02-12,7486
2017-02-13,15682
2017-02-14,14193
2017-02-15,12366
2017-02-16,12619
2017-02-17,15983
2017-02-18,12713
2017-02-19,8464
2017-02-20,14952
2017-02-21,15358
2017-02-22,14043
2017-02-23,16202
2017-02-24,17051
2017-02-25,6900
2017-02-26,5110
2017-02-27,12210
2017-02-28,16907
2017-03-01,12765
2017-03-02,16135
2017-03-03,18807
2017-03-04,10190
2017-03-05,7888
2017-03-06,15592
2017-03-07,15552
2017-03-08,10232
2017-03-09,15951
2017-03-10,3979
2017-03-11,6116
2017-03-12,6366
2017-03-13,13871
2017-03-14,12093
2017-03-15,11427
2017-03-16,10554
2017-03-17,7993
2017-03-18,8447
2017-03-19,8113
2017-03-20,13868
2017-03-21,14585
2017-03-22,8232
2017-03-23,10114
2017-03-24,10077
2017-03-25,11937
2017-03-26,7923
2017-03-27,15131
2017-03-28,13315
2017-03-29,12454
2017-03-30,7626
2017-03-31,12326
2017-04-01,7210
2017-04-02,4973
2017-04-03,9642
2017-04-04,13963
2017-04-05,9451
2017-04-06,10602
2017-04-07,10078
2017-04-08,9782
2017-04-09,8394
2017-04-10,14331
2017-04-11,12317
2017-04-12,8998
2017-04-13,12025
2017-04-14,13085
2017-04-15,5335
2017-04-16,6235
2017-04-17,10714
2017-04-18,14231
2017-04-19,10276
2017-04-20,9135
2017-04-21,11645
2017-04-22,11291
2017-04-23,6579
2017-04-24,13681
2017-04-25,15137
2017-04-26,13801
2017-04-27,11802
2017-04-28,16006
2017-04-29,5235
2017-04-30,9864
2017-05-01,10943
2017-05-02,13134
2017-05-03,13796
2017-05-04,11036
2017-05-05,14726
2017-05-06,10354
2017-05-07,3553
2017-05-08,11668
2017-05-09,17798
2017-05-10,13750
2017-05-11,18272
2017-05-12,15830
2017-05-13,12186
2017-05-14,6293
2017-05-15,14790
2017-05-16,14190
2017-05-17,15112
2017-05-18,7556
2017-05-19,10899
2017-05-20,7721
2017-05-21,11101
2017-05-22,15923
2017-05-23,17115
2017-05-24,15621
2017-05-25,17738
2017-05-26,20340
2017-05-27,9864
2017-05-28,-312
2017-05-29,11083
2017-05-30,12776
2017-05-31,11397
2017-06-01,10674
2017-06-02,8333
2017-06-03,3182
2017-06-04,2410
2017-06-05,11874
2017-06-06,17288
2017-06-07,6148
2017-06-08,7730
2017-06-09,11911
2017-06-10,7908
2017-06-11,6694
2017-06-12,14142
2017-06-13,17362
2017-06-14,11889
2017-06-15,10656
2017-06-16,12815
2017-06-17,6592
2017-06-18,6542
2017-06-19,10073
2017-06-20,20875
2017-06-21,33669
2017-06-22,12411
2017-06-23,8149
2017-06-24,6452
2017-06-25,6206
2017-06-26,9375
2017-06-27,15418
2017-06-28,6472
2017-06-29,9533
2017-06-30,6903
2017-07-01,4332
2017-07-02,5723
2017-07-03,6580
2017-07-04,17119
2017-07-05,8564
2017-07-06,10186
2017-07-07,29218
2017-07-08,8978
2017-07-09,8457
2017-07-10,1933
2017-07-11,11964
2017-07-12,11253
2017-07-13,9654
2017-07-14,10629
2017-07-15,7052
2017-07-16,6980
2017-07-17,14283
2017-07-18,14995
2017-07-19,11499
2017-07-20,13764
2017-07-21,10804
2017-07-22,7618
2017-07-23,7782
2017-07-24,6003
2017-07-25,14602
2017-07-26,15438
2017-07-27,15872
2017-07-28,19378
2017-07-29,13136
2017-07-30,18364
2017-07-31,26219
2017-08-01,17882
2017-08-02,10084
2017-08-03,14248
2017-08-04,12053
2017-08-05,7937
2017-08-06,8308
2017-08-07,12512
2017-08-08,16102
2017-08-09,16848
2017-08-10,20689
2017-08-11,21050
2017-08-12,16527
2017-08-13,11902
2017-08-14,23740
2017-08-15,21798
2017-08-16,18061
2017-08-17,13315
2017-08-18,15433
2017-08-19,11266
2017-08-20,13401
2017-08-21,16601
2017-08-22,21141
2017-08-23,11585
2017-08-24,15926
2017-08-25,20214
2017-08-26,7678
2017-08-27,3675
2017-08-28,13141
2017-08-29,13736
2017-08-30,13602
2017-08-31,15163
2017-09-01,15870
2017-09-02,13022
2017-09-03,9528
2017-09-04,13674
2017-09-05,18947
2017-09-06,18635
2017-09-07,13393
2017-09-08,10819
2017-09-09,10412
2017-09-10,10137
2017-09-11,15065
2017-09-12,15889
2017-09-13,14103
2017-09-14,14930
2017-09-15,21792
2017-09-16,14567
2017-09-17,10257
2017-09-18,19582
2017-09-19,14798
2017-09-20,16053
2017-09-21,12372
2017-09-22,16467
2017-09-23,4998
2017-09-24,3035
2017-09-25,13337
2017-09-26,12589
2017-09-27,13473
2017-09-28,15866
2017-09-29,14721
2017-09-30,12999
2017-10-01,9833
2017-10-02,2213
2017-10-03,15654
2017-10-04,17294
2017-10-05,13710
2017-10-06,11519
2017-10-07,31069
2017-10-08,5480
2017-10-09,11633
2017-10-10,17564
2017-10-11,24825
2017-10-12,23494
2017-10-13,26559
2017-10-14,14825
2017-10-15,17044
2017-10-16,27939
2017-10-17,34900
2017-10-18,41198
2017-10-19,27493
2017-10-20,26370
2017-10-21,15848
2017-10-22,17703
2017-10-23,33943
2017-10-24,26331
2017-10-25,18891
2017-10-26,18543
2017-10-27,23737
2017-10-28,16161
2017-10-29,10609
2017-10-30,17330
2017-10-31,27601
2017-11-01,21161
2017-11-02,27341
2017-11-03,31507
2017-11-04,15106
2017-11-05,21082
2017-11-06,24922
2017-11-07,18525
2017-11-08,21825
2017-11-09,22487
2017-11-10,24449
2017-11-11,17010
2017-11-12,12871
2017-11-13,26573
2017-11-14,15586
2017-11-15,16624
2017-11-16,18551
2017-11-17,12627
2017-11-18,16199
2017-11-19,17383
2017-11-20,25643
2017-11-21,27260
2017-11-22,24379
2017-11-23,23591
2017-11-24,22797
2017-11-25,22051
2017-11-26,31074
2017-11-27,37611
2017-11-28,37023
2017-11-29,47652
2017-11-30,41942
2017-12-01,37448
2017-12-02,31741
2017-12-03,30172
2017-12-04,33161
2017-12-05,36068
2017-12-06,47469
2017-12-07,62990
2017-12-08,68354
2017-12-09,35804
2017-12-10,24216
2017-12-11,40983
2017-12-12,43178
2017-12-13,44415
2017-12-14,49226
2017-12-15,32833
2017-12-16,25532
2017-12-17,29028
2017-12-18,35551
2017-12-19,33246
2017-12-20,23165
2017-12-21,31006
2017-12-22,35965
2017-12-23,27823
2017-12-24,5368
2017-12-25,13720
2017-12-26,19840
2017-12-27,27639
2017-12-28,22234
2017-12-29,14481
2017-12-30,16367
2017-12-31,3109
2018-01-01,-497
2018-01-02,14185
2018-01-03,12023
2018-01-04,9537
2018-01-05,19021
2018-01-06,8102
2018-01-07,24444
2018-01-08,17136
2018-01-09,20213
2018-01-10,18930
2018-01-11,12646
2018-01-12,10049
2018-01-13,10340
2018-01-14,9568
2018-01-15,10513
2018-01-16,13446
2018-01-17,13966
2018-01-18,12927
2018-01-19,9067
2018-01-20,16707
2018-01-21,5258
2018-01-22,3613
2018-01-23,5978
2018-01-24,7582
2018-01-25,2084
2018-01-26,5530
2018-01-27,100828
2018-01-28,-3791
2018-01-29,2648
2018-01-30,5264
2018-01-31,11917
2018-02-01,6656
2018-02-02,6556
2018-02-03,8740
2018-02-04,3155
2018-02-05,4689
2018-02-06,11756
2018-02-07,8799
2018-02-08,8919
2018-02-09,14374
2018-02-10,10795
2018-02-11,8657
2018-02-12,10574
2018-02-13,11289
2018-02-14,10194
2018-02-15,11186
2018-02-16,14404
2018-02-17,11410
2018-02-18,9258
2018-02-19,10909
2018-02-20,9764
2018-02-21,6815
2018-02-22,12775
2018-02-23,3600
2018-02-24,5871
2018-02-25,7501
2018-02-26,8365
2018-02-27,11797
2018-02-28,9827
2018-03-01,10427
2018-03-02,11580
2018-03-03,9972
2018-03-04,10480
2018-03-05,11716
2018-03-06,9020
2018-03-07,14555
2018-03-08,9329
2018-03-09,11564
2018-03-10,9568
2018-03-11,6235
2018-03-12,6829
2018-03-13,10296
2018-03-14,9654
2018-03-15,10772
2018-03-16,11362
2018-03-17,7275
2018-03-18,4682
2018-03-19,10045
2018-03-20,7936
2018-03-21,6361
2018-03-22,4223
2018-03-23,6773
2018-03-24,6728
2018-03-25,6177
2018-03-26,8599
2018-03-27,9628
2018-03-28,10293
2018-03-29,5625
2018-03-30,8566
2018-03-31,5370
2018-04-01,7797
2018-04-02,9704
2018-04-03,9288
2018-04-04,12163
2018-04-05,11705
2018-04-06,13310
2018-04-07,4516
2018-04-08,5790
2018-04-09,7991
2018-04-10,8905
2018-04-11,6053
2018-04-12,8423
2018-04-13,13634
2018-04-14,12732
2018-04-15,15159
2018-04-16,12779
2018-04-17,12274
2018-04-18,9963
2018-04-19,9482
2018-04-20,10433
2018-04-21,11305
2018-04-22,8398
2018-04-23,10242
2018-04-24,10984
2018-04-25,14649
2018-04-26,12242
2018-04-27,12792
2018-04-28,7237
2018-04-29,7793
2018-04-30,9078
2018-05-01,23253
2018-05-02,8835
2018-05-03,12706
2018-05-04,10402
2018-05-05,8551
2018-05-06,1133
2018-05-07,10226
2018-05-08,10775
2018-05-09,10311
2018-05-10,7737
2018-05-11,10008
2018-05-12,8953
2018-05-13,7321
2018-05-14,11234
2018-05-15,12523
2018-05-16,9951
2018-05-17,8025
2018-05-18,14218
2018-05-19,7109
2018-05-20,6987
2018-05-21,9173
2018-05-22,8497
2018-05-23,9116
2018-05-24,10636
2018-05-25,12424
2018-05-26,7668
2018-05-27,5293
2018-05-28,10799
2018-05-29,12292
2018-05-30,14143
2018-05-31,11797
2018-06-01,18055
2018-06-02,10356
2018-06-03,8557
2018-06-04,14034
2018-06-05,14143
2018-06-06,13501
2018-06-07,12089
2018-06-08,12694
2018-06-09,8122
2018-06-10,8961
2018-06-11,11335
2018-06-12,13433
2018-06-13,12711
2018-06-14,14118
2018-06-15,12318
2018-06-16,8730
2018-06-17,7782
2018-06-18,13999
2018-06-19,15419
2018-06-20,14796
2018-06-21,12172
2018-06-22,11080
2018-06-23,12456
2018-06-24,7602
2018-06-25,14120
2018-06-26,12403
2018-06-27,12086
2018-06-28,10263
2018-06-29,13407
2018-06-30,8822
2018-07-01,9106
2018-07-02,14678
2018-07-03,16467
2018-07-04,14148
2018-07-05,11143
2018-07-06,14366
2018-07-07,8605
2018-07-08,13679
2018-07-09,13570
2018-07-10,12298
2018-07-11,11249
2018-07-12,7041
2018-07-13,11432
2018-07-14,5622
2018-07-15,6528
2018-07-16,12677
2018-07-17,14448
2018-07-18,14049
2018-07-19,11629
2018-07-20,13886
2018-07-21,8681
2018-07-22,9330
2018-07-23,11678
2018-07-24,22036
2018-07-25,21467
2018-07-26,16972
2018-07-27,19670
2018-07-28,13598
2018-07-29,16926
2018-07-30,12511
2018-07-31,12198
2018-08-01,15463
2018-08-02,13336
2018-08-03,12412
2018-08-04,9812
2018-08-05,7102
2018-08-06,10933
2018-08-07,12352
2018-08-08,17989
2018-08-09,12265
2018-08-10,12914
2018-08-11,11490
2018-08-12,8207
2018-08-13,12297
2018-08-14,14047
2018-08-15,11286
2018-08-16,9650
2018-08-17,8856
2018-08-18,12638
2018-08-19,7400
2018-08-20,8980
2018-08-21,9694
2018-08-22,9144
2018-08-23,6888
2018-08-24,6740
2018-08-25,8432
2018-08-26,4792
2018-08-27,9366
2018-08-28,9002
2018-08-29,10970
2018-08-30,7092
2018-08-31,9125
2018-09-01,6308
2018-09-02,5869
2018-09-03,7221
2018-09-04,10061
2018-09-05,7072
2018-09-06,8697
2018-09-07,11572
2018-09-08,5990
2018-09-09,5594
2018-09-10,8451
2018-09-11,8429
2018-09-12,5866
2018-09-13,7149
2018-09-14,7114
2018-09-15,6236
2018-09-16,4124
2018-09-17,6449
2018-09-18,4900
2018-09-19,5369
2018-09-20,6068
2018-09-21,7450
2018-09-22,6165
2018-09-23,8619
2018-09-24,9413
2018-09-25,11790
2018-09-26,8890
2018-09-27,7041
2018-09-28,9117
2018-09-29,6014
2018-09-30,5200
2018-10-01,9955
2018-10-02,10183
2018-10-03,88697
2018-10-04,24919
2018-10-05,14453
2018-10-06,13503
2018-10-07,-5528
2018-10-08,7002
2018-10-09,8421
2018-10-10,10292
2018-10-11,5349
2018-10-12,7508
2018-10-13,6296
2018-10-14,4563
2018-10-15,6542
2018-10-16,6522
2018-10-17,6735
2018-10-18,5356
2018-10-19,11030
2018-10-20,7169
2018-10-21,7487
2018-10-22,9589
2018-10-23,9548
2018-10-24,7789
2018-10-25,10560
2018-10-26,10662
2018-10-27,5115
2018-10-28,4814
2018-10-29,7985
2018-10-30,7808
2018-10-31,5997
2018-11-01,7718
2018-11-02,8897
2018-11-03,5820
2018-11-04,7049
2018-11-05,8347
2018-11-06,9496
2018-11-07,8245
2018-11-08,6572
2018-11-09,6792
2018-11-10,5002
2018-11-11,5071
2018-11-12,7355
2018-11-13,10799
2018-11-14,12252
2018-11-15,8448
2018-11-16,10378
2018-11-17,4842
2018-11-18,5082
2018-11-19,7403
2018-11-20,6707
2018-11-21,7654
2018-11-22,8350
2018-11-23,6438
2018-11-24,4922
2018-11-25,4493
2018-11-26,9406
2018-11-27,9443
2018-11-28,12964
2018-11-29,6624
2018-11-30,8500
2018-12-01,7500
2018-12-02,7002
2018-12-03,10097
2018-12-04,9812
2018-12-05,8525
2018-12-06,7742
2018-12-07,6709
2018-12-08,7076
2018-12-09,5218
2018-12-10,7780
2018-12-11,7841
2018-12-12,8018
2018-12-13,5843
2018-12-14,4459
2018-12-15,5117
2018-12-16,5434
2018-12-17,6793
2018-12-18,9856
2018-12-19,9917
2018-12-20,7561
2018-12-21,7597
2018-12-22,6356
2018-12-23,6846
2018-12-24,9955
2018-12-25,5966
2018-12-26,8348
2018-12-27,7201
2018-12-28,8230
2018-12-29,9135
2018-12-30,7764
2018-12-31,5152
2019-01-01,5498
2019-01-02,8271
2019-01-03,11833
2019-01-04,9228
2019-01-05,7674
2019-01-06,7970
2019-01-07,7811
2019-01-08,10066
2019-01-09,8304
2019-01-10,7993
2019-01-11,8441
2019-01-12,6651
2019-01-13,6888
2019-01-14,12140
2019-01-15,15184
2019-01-16,11652
2019-01-17,11228
2019-01-18,9736
2019-01-19,7972
2019-01-20,5480
2019-01-21,10816
2019-01-22,9640
2019-01-23,10284
2019-01-24,9334
2019-01-25,8309
2019-01-26,8279
2019-01-27,6356
2019-01-28,9693
2019-01-29,10531
2019-01-30,11900
2019-01-31,11987
2019-02-01,8704
2019-02-02,7809
2019-02-03,7379
2019-02-04,11640
2019-02-05,12369
2019-02-06,14837
2019-02-07,16130
2019-02-08,16886
2019-02-09,15135
2019-02-10,12365
2019-02-11,15427
2019-02-12,15236
2019-02-13,14357
2019-02-14,11155
2019-02-15,10811
2019-02-16,7994
2019-02-17,8333
2019-02-18,12248
2019-02-19,14193
2019-02-20,11900
2019-02-21,13126
2019-02-22,7996
2019-02-23,9810
2019-02-24,7194
2019-02-25,12087
2019-02-26,14122
2019-02-27,10505
2019-02-28,12501
2019-03-01,12332
2019-03-02,12722
2019-03-03,7959
2019-03-04,11759
2019-03-05,12442
2019-03-06,11354
2019-03-07,8778
2019-03-08,10091
2019-03-09,9050
2019-03-10,6085
2019-03-11,11678
2019-03-12,12300
2019-03-13,10093
2019-03-14,10605
2019-03-15,14879
2019-03-16,11638
2019-03-17,7392
2019-03-18,9407
2019-03-19,12672
2019-03-20,11104
2019-03-21,9578
2019-03-22,10520
2019-03-23,8418
2019-03-24,6128
2019-03-25,9711
2019-03-26,10085
2019-03-27,8474
2019-03-28,10113
2019-03-29,11248
2019-03-30,9416
2019-03-31,5096
2019-04-01,12723
2019-04-02,14250
2019-04-03,16262
2019-04-04,11166
2019-04-05,6816
2019-04-06,8703
2019-04-07,7297
2019-04-08,9425
2019-04-09,10386
2019-04-10,12004
2019-04-11,10323
2019-04-12,11741
2019-04-13,8037
2019-04-14,6355
2019-04-15,7270
2019-04-16,11656
2019-04-17,9516
2019-04-18,9224
2019-04-19,11983
2019-04-20,12312
2019-04-21,5487
2019-04-22,11746
2019-04-23,15744
2019-04-24,10629
2019-04-25,13375
2019-04-26,15015
2019-04-27,8415
2019-04-28,7123
2019-04-29,12024
2019-04-30,15729
2019-05-01,12482
2019-05-02,14605
2019-05-03,13126
2019-05-04,12315
2019-05-05,10167
2019-05-06,12870
2019-05-07,14692
2019-05-08,10908
2019-05-09,14606
2019-05-10,16228
2019-05-11,6875
2019-05-12,8671
2019-05-13,13681
2019-05-14,15829
2019-05-15,17948
2019-05-16,17737
2019-05-17,13925
2019-05-18,1822
2019-05-19,8765
2019-05-20,15408
2019-05-21,14460
2019-05-22,9078
2019-05-23,17542
2019-05-24,14049
2019-05-25,6532
2019-05-26,6056
2019-05-27,13981
2019-05-28,13228
2019-05-29,13703
2019-05-30,13794
2019-05-31,15772
2019-06-01,3656
2019-06-02,8034
2019-06-03,14251
2019-06-04,10336
2019-06-05,8491
2019-06-06,9627
2019-06-07,7879
2019-06-08,7188
2019-06-09,6850
2019-06-10,10382
2019-06-11,11071
2019-06-12,11366
2019-06-13,12662
2019-06-14,17038
2019-06-15,19748
2019-06-16,7242
2019-06-17,17556
2019-06-18,8974
2019-06-19,11382
2019-06-20,13158
2019-06-21,16566
2019-06-22,12527
2019-06-23,6524
2019-06-24,14192
2019-06-25,17146
2019-06-26,17823
2019-06-27,15173
2019-06-28,1808
2019-06-29,6814
2019-06-30,8899
2019-07-01,14974
2019-07-02,11109
2019-07-03,10821
2019-07-04,11092
2019-07-05,11544
2019-07-06,10761
2019-07-07,7987
2019-07-08,9939
2019-07-09,10104
2019-07-10,14106
2019-07-11,9246
2019-07-12,7164
2019-07-13,7330
2019-07-14,6020
2019-07-15,11956
2019-07-16,9925
2019-07-17,13228
2019-07-18,13301
2019-07-19,8544
2019-07-20,5692
2019-07-21,5710
2019-07-22,9496
2019-07-23,8181
2019-07-24,7797
2019-07-25,7653
2019-07-26,8458
2019-07-27,5890
2019-07-28,6074
2019-07-29,7301
2019-07-30,8586
2019-07-31,7125
2019-08-01,10830
2019-08-02,8174
2019-08-03,5474
2019-08-04,4872
2019-08-05,6866
2019-08-06,5179
2019-08-07,9855
2019-08-08,4236
2019-08-09,7574
2019-08-10,4767
2019-08-11,6254
2019-08-12,9569
2019-08-13,5957
2019-08-14,8242
2019-08-15,9669
2019-08-16,10028
2019-08-17,10735
2019-08-18,9078
2019-08-19,7993
2019-08-20,7319
2019-08-21,12980
2019-08-22,10554
2019-08-23,8119
2019-08-24,6140
2019-08-25,4961
2019-08-26,12958
2019-08-27,4512
2019-08-28,5129
2019-08-29,9620
2019-08-30,7676
2019-08-31,6098
2019-09-01,6664
2019-09-02,13592
2019-09-03,12702
2019-09-04,6288
2019-09-05,6448
2019-09-06,6997
2019-09-07,6563
2019-09-08,5304
2019-09-09,7020
2019-09-10,10649
2019-09-11,10165
2019-09-12,7970
2019-09-13,6731
2019-09-14,6176
2019-09-15,5454
2019-09-16,8838
2019-09-17,7673
2019-09-18,7232
2019-09-19,7032
2019-09-20,8164
2019-09-21,5677
2019-09-22,6129
2019-09-23,9455
2019-09-24,9145
2019-09-25,7761
2019-09-26,8333
2019-09-27,9709
2019-09-28,5845
2019-09-29,6148
2019-09-30,10967
2019-10-01,9861
2019-10-02,9042
2019-10-03,10225
2019-10-04,8995
2019-10-05,6373
2019-10-06,6425
2019-10-07,9023
2019-10-08,6631
2019-10-09,8695
2019-10-10,7149
2019-10-11,8504
2019-10-12,6983
2019-10-13,5883
2019-10-14,8844
2019-10-15,5982
2019-10-16,6670
2019-10-17,6275
2019-10-18,7273
2019-10-19,6306
2019-10-20,5082
2019-10-21,7197
2019-10-22,3199
2019-10-23,8673
2019-10-24,9140
2019-10-25,7411
2019-10-26,3625
2019-10-27,4988
2019-10-28,10265
2019-10-29,6675
2019-10-30,7898
2019-10-31,8177
2019-11-01,7136
2019-11-02,6238
2019-11-03,3197
2019-11-04,8496
2019-11-05,6788
2019-11-06,10460
2019-11-07,4672
2019-11-08,8255
2019-11-09,6226
2019-11-10,7549
2019-11-11,9147
2019-11-12,10901
2019-11-13,7022
2019-11-14,7055
2019-11-15,9521
2019-11-16,7620
2019-11-17,3417
