t,transactions_transfers_from_exchanges_count
2011-08-17,0
2011-08-18,1
2011-08-19,0
2011-08-20,2
2011-08-21,0
2011-08-22,2
2011-08-23,1
2011-08-24,0
2011-08-25,2
2011-08-26,0
2011-08-27,0
2011-08-28,0
2011-08-29,0
2011-08-30,0
2011-08-31,0
2011-09-01,0
2011-09-02,0
2011-09-03,0
2011-09-04,1
2011-09-05,0
2011-09-06,0
2011-09-07,0
2011-09-08,0
2011-09-09,0
2011-09-10,0
2011-09-11,0
2011-09-12,1
2011-09-13,0
2011-09-14,0
2011-09-15,0
2011-09-16,0
2011-09-17,0
2011-09-18,0
2011-09-19,0
2011-09-20,0
2011-09-21,2
2011-09-22,0
2011-09-23,0
2011-09-24,0
2011-09-25,0
2011-09-26,0
2011-09-27,1
2011-09-28,0
2011-09-29,0
2011-09-30,0
2011-10-01,0
2011-10-02,0
2011-10-03,0
2011-10-04,0
2011-10-05,0
2011-10-06,2
2011-10-07,1
2011-10-08,0
2011-10-09,0
2011-10-10,1
2011-10-11,2
2011-10-12,0
2011-10-13,0
2011-10-14,0
2011-10-15,0
2011-10-16,0
2011-10-17,1
2011-10-18,0
2011-10-19,0
2011-10-20,0
2011-10-21,0
2011-10-22,0
2011-10-23,0
2011-10-24,0
2011-10-25,0
2011-10-26,3
2011-10-27,1
2011-10-28,0
2011-10-29,2
2011-10-30,0
2011-10-31,1
2011-11-01,0
2011-11-02,0
2011-11-03,0
2011-11-04,1
2011-11-05,2
2011-11-06,1
2011-11-07,1
2011-11-08,1
2011-11-09,0
2011-11-10,5
2011-11-11,0
2011-11-12,1
2011-11-13,0
2011-11-14,2
2011-11-15,8
2011-11-16,9
2011-11-17,1
2011-11-18,1
2011-11-19,0
2011-11-20,5
2011-11-21,4
2011-11-22,6
2011-11-23,0
2011-11-24,0
2011-11-25,4
2011-11-26,2
2011-11-27,2
2011-11-28,2
2011-11-29,6
2011-11-30,4
2011-12-01,3
2011-12-02,2
2011-12-03,0
2011-12-04,2
2011-12-05,3
2011-12-06,4
2011-12-07,5
2011-12-08,1
2011-12-09,1
2011-12-10,2
2011-12-11,4
2011-12-12,5
2011-12-13,3
2011-12-14,8
2011-12-15,4
2011-12-16,1
2011-12-17,0
2011-12-18,3
2011-12-19,2
2011-12-20,5
2011-12-21,3
2011-12-22,4
2011-12-23,3
2011-12-24,0
2011-12-25,0
2011-12-26,1
2011-12-27,3
2011-12-28,4
2011-12-29,4
2011-12-30,3
2011-12-31,2
2012-01-01,2
2012-01-02,2
2012-01-03,4
2012-01-04,3
2012-01-05,5
2012-01-06,3
2012-01-07,1
2012-01-08,0
2012-01-09,3
2012-01-10,7
2012-01-11,8
2012-01-12,5
2012-01-13,8
2012-01-14,0
2012-01-15,3
2012-01-16,5
2012-01-17,2
2012-01-18,8
2012-01-19,2
2012-01-20,4
2012-01-21,0
2012-01-22,2
2012-01-23,4
2012-01-24,2
2012-01-25,2
2012-01-26,5
2012-01-27,5
2012-01-28,0
2012-01-29,2
2012-01-30,5
2012-01-31,6
2012-02-01,4
2012-02-02,24
2012-02-03,8
2012-02-04,4
2012-02-05,5
2012-02-06,4
2012-02-07,5
2012-02-08,1
2012-02-09,5
2012-02-10,10
2012-02-11,3
2012-02-12,4
2012-02-13,5
2012-02-14,12
2012-02-15,4
2012-02-16,11
2012-02-17,12
2012-02-18,5
2012-02-19,2
2012-02-20,6
2012-02-21,16
2012-02-22,4
2012-02-23,8
2012-02-24,5
2012-02-25,5
2012-02-26,9
2012-02-27,12
2012-02-28,12
2012-02-29,5
2012-03-01,4
2012-03-02,4
2012-03-03,4
2012-03-04,5
2012-03-05,11
2012-03-06,6
2012-03-07,17
2012-03-08,9
2012-03-09,4
2012-03-10,3
2012-03-11,4
2012-03-12,10
2012-03-13,17
2012-03-14,5
2012-03-15,8
2012-03-16,5
2012-03-17,9
2012-03-18,7
2012-03-19,3
2012-03-20,15
2012-03-21,1
2012-03-22,9
2012-03-23,3
2012-03-24,1
2012-03-25,3
2012-03-26,9
2012-03-27,15
2012-03-28,10
2012-03-29,3
2012-03-30,9
2012-03-31,6
2012-04-01,3
2012-04-02,34
2012-04-03,17
2012-04-04,12
2012-04-05,11
2012-04-06,126
2012-04-07,8
2012-04-08,8
2012-04-09,4
2012-04-10,8
2012-04-11,18
2012-04-12,19
2012-04-13,11
2012-04-14,17
2012-04-15,0
2012-04-16,14
2012-04-17,16
2012-04-18,16
2012-04-19,22
2012-04-20,14
2012-04-21,10
2012-04-22,5
2012-04-23,9
2012-04-24,29
2012-04-25,15
2012-04-26,23
2012-04-27,8
2012-04-28,3
2012-04-29,2
2012-04-30,14
2012-05-01,15
2012-05-02,5
2012-05-03,21
2012-05-04,15
2012-05-05,11
2012-05-06,7
2012-05-07,16
2012-05-08,22
2012-05-09,12
2012-05-10,16
2012-05-11,22
2012-05-12,5
2012-05-13,9
2012-05-14,11
2012-05-15,11
2012-05-16,18
2012-05-17,16
2012-05-18,22
2012-05-19,4
2012-05-20,7
2012-05-21,12
2012-05-22,15
2012-05-23,17
2012-05-24,12
2012-05-25,8
2012-05-26,7
2012-05-27,10
2012-05-28,3
2012-05-29,22
2012-05-30,19
2012-05-31,8
2012-06-01,12
2012-06-02,6
2012-06-03,8
2012-06-04,14
2012-06-05,24
2012-06-06,24
2012-06-07,26
2012-06-08,21
2012-06-09,12
2012-06-10,6
2012-06-11,16
2012-06-12,19
2012-06-13,36
2012-06-14,29
2012-06-15,23
2012-06-16,9
2012-06-17,10
2012-06-18,20
2012-06-19,20
2012-06-20,15
2012-06-21,12
2012-06-22,20
2012-06-23,17
2012-06-24,8
2012-06-25,29
2012-06-26,51
2012-06-27,33
2012-06-28,26
2012-06-29,20
2012-06-30,8
2012-07-01,8
2012-07-02,33
2012-07-03,23
2012-07-04,26
2012-07-05,23
2012-07-06,23
2012-07-07,23
2012-07-08,28
2012-07-09,29
2012-07-10,37
2012-07-11,28
2012-07-12,37
2012-07-13,44
2012-07-14,15
2012-07-15,7
2012-07-16,45
2012-07-17,47
2012-07-18,62
2012-07-19,30
2012-07-20,28
2012-07-21,16
2012-07-22,24
2012-07-23,30
2012-07-24,33
2012-07-25,40
2012-07-26,27
2012-07-27,32
2012-07-28,19
2012-07-29,16
2012-07-30,27
2012-07-31,22
2012-08-01,44
2012-08-02,49
2012-08-03,41
2012-08-04,30
2012-08-05,22
2012-08-06,42
2012-08-07,24
2012-08-08,41
2012-08-09,44
2012-08-10,39
2012-08-11,16
2012-08-12,22
2012-08-13,37
2012-08-14,40
2012-08-15,22
2012-08-16,54
2012-08-17,71
2012-08-18,55
2012-08-19,48
2012-08-20,31
2012-08-21,56
2012-08-22,51
2012-08-23,40
2012-08-24,48
2012-08-25,31
2012-08-26,29
2012-08-27,67
2012-08-28,50
2012-08-29,40
2012-08-30,33
2012-08-31,49
2012-09-01,34
2012-09-02,27
2012-09-03,44
2012-09-04,56
2012-09-05,49
2012-09-06,60
2012-09-07,50
2012-09-08,35
2012-09-09,30
2012-09-10,33
2012-09-11,75
2012-09-12,35
2012-09-13,42
2012-09-14,36
2012-09-15,27
2012-09-16,32
2012-09-17,31
2012-09-18,64
2012-09-19,58
2012-09-20,40
2012-09-21,43
2012-09-22,28
2012-09-23,48
2012-09-24,69
2012-09-25,42
2012-09-26,47
2012-09-27,53
2012-09-28,47
2012-09-29,26
2012-09-30,15
2012-10-01,32
2012-10-02,57
2012-10-03,48
2012-10-04,62
2012-10-05,61
2012-10-06,37
2012-10-07,37
2012-10-08,51
2012-10-09,67
2012-10-10,53
2012-10-11,67
2012-10-12,62
2012-10-13,42
2012-10-14,34
2012-10-15,74
2012-10-16,45
2012-10-17,55
2012-10-18,65
2012-10-19,56
2012-10-20,15
2012-10-21,33
2012-10-22,55
2012-10-23,75
2012-10-24,71
2012-10-25,55
2012-10-26,49
2012-10-27,35
2012-10-28,39
2012-10-29,76
2012-10-30,67
2012-10-31,100
2012-11-01,54
2012-11-02,73
2012-11-03,54
2012-11-04,49
2012-11-05,72
2012-11-06,62
2012-11-07,93
2012-11-08,71
2012-11-09,55
2012-11-10,31
2012-11-11,17
2012-11-12,41
2012-11-13,56
2012-11-14,39
2012-11-15,77
2012-11-16,103
2012-11-17,37
2012-11-18,32
2012-11-19,84
2012-11-20,63
2012-11-21,50
2012-11-22,115
2012-11-23,60
2012-11-24,49
2012-11-25,37
2012-11-26,80
2012-11-27,69
2012-11-28,70
2012-11-29,77
2012-11-30,76
2012-12-01,33
2012-12-02,29
2012-12-03,72
2012-12-04,84
2012-12-05,82
2012-12-06,76
2012-12-07,84
2012-12-08,38
2012-12-09,35
2012-12-10,53
2012-12-11,74
2012-12-12,77
2012-12-13,76
2012-12-14,71
2012-12-15,33
2012-12-16,33
2012-12-17,80
2012-12-18,92
2012-12-19,83
2012-12-20,50
2012-12-21,42
2012-12-22,36
2012-12-23,36
2012-12-24,48
2012-12-25,33
2012-12-26,39
2012-12-27,70
2012-12-28,67
2012-12-29,40
2012-12-30,38
2012-12-31,42
2013-01-01,43
2013-01-02,60
2013-01-03,53
2013-01-04,72
2013-01-05,53
2013-01-06,35
2013-01-07,80
2013-01-08,76
2013-01-09,67
2013-01-10,65
2013-01-11,87
2013-01-12,52
2013-01-13,41
2013-01-14,57
2013-01-15,96
2013-01-16,92
2013-01-17,83
2013-01-18,94
2013-01-19,55
2013-01-20,74
2013-01-21,107
2013-01-22,84
2013-01-23,125
2013-01-24,115
2013-01-25,103
2013-01-26,48
2013-01-27,60
2013-01-28,91
2013-01-29,97
2013-01-30,101
2013-01-31,74
2013-02-01,129
2013-02-02,72
2013-02-03,55
2013-02-04,77
2013-02-05,95
2013-02-06,86
2013-02-07,84
2013-02-08,88
2013-02-09,72
2013-02-10,78
2013-02-11,104
2013-02-12,103
2013-02-13,107
2013-02-14,153
2013-02-15,106
2013-02-16,129
2013-02-17,119
2013-02-18,145
2013-02-19,166
2013-02-20,137
2013-02-21,127
2013-02-22,155
2013-02-23,94
2013-02-24,89
2013-02-25,76
2013-02-26,147
2013-02-27,155
2013-02-28,205
2013-03-01,156
2013-03-02,127
2013-03-03,127
2013-03-04,161
2013-03-05,246
2013-03-06,305
2013-03-07,340
2013-03-08,193
2013-03-09,217
2013-03-10,138
2013-03-11,142
2013-03-12,288
2013-03-13,256
2013-03-14,236
2013-03-15,162
2013-03-16,121
2013-03-17,111
2013-03-18,166
2013-03-19,316
2013-03-20,299
2013-03-21,298
2013-03-22,323
2013-03-23,221
2013-03-24,205
2013-03-25,215
2013-03-26,322
2013-03-27,340
2013-03-28,389
2013-03-29,290
2013-03-30,210
2013-03-31,159
2013-04-01,244
2013-04-02,384
2013-04-03,430
2013-04-04,394
2013-04-05,402
2013-04-06,246
2013-04-07,237
2013-04-08,551
2013-04-09,657
2013-04-10,712
2013-04-11,951
2013-04-12,813
2013-04-13,458
2013-04-14,317
2013-04-15,556
2013-04-16,797
2013-04-17,609
2013-04-18,466
2013-04-19,638
2013-04-20,333
2013-04-21,426
2013-04-22,503
2013-04-23,588
2013-04-24,633
2013-04-25,492
2013-04-26,495
2013-04-27,462
2013-04-28,335
2013-04-29,405
2013-04-30,348
2013-05-01,553
2013-05-02,444
2013-05-03,528
2013-05-04,359
2013-05-05,362
2013-05-06,432
2013-05-07,406
2013-05-08,362
2013-05-09,372
2013-05-10,431
2013-05-11,381
2013-05-12,234
2013-05-13,307
2013-05-14,367
2013-05-15,562
2013-05-16,455
2013-05-17,511
2013-05-18,436
2013-05-19,291
2013-05-20,340
2013-05-21,402
2013-05-22,460
2013-05-23,571
2013-05-24,470
2013-05-25,321
2013-05-26,265
2013-05-27,380
2013-05-28,386
2013-05-29,372
2013-05-30,354
2013-05-31,334
2013-06-01,317
2013-06-02,406
2013-06-03,387
2013-06-04,372
2013-06-05,320
2013-06-06,339
2013-06-07,466
2013-06-08,266
2013-06-09,446
2013-06-10,399
2013-06-11,523
2013-06-12,390
2013-06-13,305
2013-06-14,332
2013-06-15,199
2013-06-16,237
2013-06-17,267
2013-06-18,337
2013-06-19,346
2013-06-20,326
2013-06-21,441
2013-06-22,230
2013-06-23,238
2013-06-24,387
2013-06-25,311
2013-06-26,328
2013-06-27,330
2013-06-28,308
2013-06-29,181
2013-06-30,198
2013-07-01,442
2013-07-02,368
2013-07-03,439
2013-07-04,449
2013-07-05,374
2013-07-06,337
2013-07-07,232
2013-07-08,327
2013-07-09,409
2013-07-10,473
2013-07-11,485
2013-07-12,459
2013-07-13,297
2013-07-14,267
2013-07-15,407
2013-07-16,423
2013-07-17,405
2013-07-18,419
2013-07-19,393
2013-07-20,214
2013-07-21,273
2013-07-22,387
2013-07-23,368
2013-07-24,406
2013-07-25,453
2013-07-26,406
2013-07-27,294
2013-07-28,238
2013-07-29,480
2013-07-30,463
2013-07-31,502
2013-08-01,465
2013-08-02,426
2013-08-03,274
2013-08-04,217
2013-08-05,425
2013-08-06,443
2013-08-07,358
2013-08-08,413
2013-08-09,341
2013-08-10,302
2013-08-11,293
2013-08-12,304
2013-08-13,450
2013-08-14,568
2013-08-15,406
2013-08-16,413
2013-08-17,384
2013-08-18,260
2013-08-19,524
2013-08-20,604
2013-08-21,600
2013-08-22,638
2013-08-23,534
2013-08-24,374
2013-08-25,344
2013-08-26,449
2013-08-27,655
2013-08-28,583
2013-08-29,481
2013-08-30,689
2013-08-31,490
2013-09-01,287
2013-09-02,441
2013-09-03,638
2013-09-04,738
2013-09-05,708
2013-09-06,665
2013-09-07,397
2013-09-08,313
2013-09-09,466
2013-09-10,631
2013-09-11,745
2013-09-12,617
2013-09-13,607
2013-09-14,316
2013-09-15,412
2013-09-16,506
2013-09-17,603
2013-09-18,688
2013-09-19,600
2013-09-20,439
2013-09-21,307
2013-09-22,345
2013-09-23,532
2013-09-24,642
2013-09-25,556
2013-09-26,580
2013-09-27,544
2013-09-28,400
2013-09-29,441
2013-09-30,591
2013-10-01,590
2013-10-02,595
2013-10-03,509
2013-10-04,336
2013-10-05,334
2013-10-06,331
2013-10-07,455
2013-10-08,513
2013-10-09,502
2013-10-10,633
2013-10-11,549
2013-10-12,420
2013-10-13,424
2013-10-14,670
2013-10-15,628
2013-10-16,635
2013-10-17,541
2013-10-18,642
2013-10-19,736
2013-10-20,573
2013-10-21,781
2013-10-22,2052
2013-10-23,1013
2013-10-24,1079
2013-10-25,835
2013-10-26,475
2013-10-27,474
2013-10-28,786
2013-10-29,703
2013-10-30,625
2013-10-31,1095
2013-11-01,670
2013-11-02,596
2013-11-03,590
2013-11-04,980
2013-11-05,1216
2013-11-06,1235
2013-11-07,1537
2013-11-08,1309
2013-11-09,1217
2013-11-10,1144
2013-11-11,1135
2013-11-12,1326
2013-11-13,1495
2013-11-14,1630
2013-11-15,1366
2013-11-16,1047
2013-11-17,1169
2013-11-18,2234
2013-11-19,1969
2013-11-20,1923
2013-11-21,2130
2013-11-22,1902
2013-11-23,1743
2013-11-24,1354
2013-11-25,1817
2013-11-26,2149
2013-11-27,2659
2013-11-28,2668
2013-11-29,2483
2013-11-30,2031
2013-12-01,2123
2013-12-02,2034
2013-12-03,1888
2013-12-04,2059
2013-12-05,2421
2013-12-06,1920
2013-12-07,2647
2013-12-08,1490
2013-12-09,1766
2013-12-10,1796
2013-12-11,1917
2013-12-12,1493
2013-12-13,1476
2013-12-14,1125
2013-12-15,1112
2013-12-16,2445
2013-12-17,2500
2013-12-18,3705
2013-12-19,2739
2013-12-20,1890
2013-12-21,1339
2013-12-22,1326
2013-12-23,1522
2013-12-24,1379
2013-12-25,1108
2013-12-26,1578
2013-12-27,1655
2013-12-28,1248
2013-12-29,1164
2013-12-30,1314
2013-12-31,1265
2014-01-01,1042
2014-01-02,1625
2014-01-03,1835
2014-01-04,1432
2014-01-05,1698
2014-01-06,1971
2014-01-07,1720
2014-01-08,1997
2014-01-09,1872
2014-01-10,1344
2014-01-11,1524
2014-01-12,1235
2014-01-13,1462
2014-01-14,1347
2014-01-15,1383
2014-01-16,1505
2014-01-17,1412
2014-01-18,1179
2014-01-19,1179
2014-01-20,1993
2014-01-21,1668
2014-01-22,1679
2014-01-23,1440
2014-01-24,1765
2014-01-25,1148
2014-01-26,1431
2014-01-27,1743
2014-01-28,1629
2014-01-29,1579
2014-01-30,1406
2014-01-31,1334
2014-02-01,1179
2014-02-02,1146
2014-02-03,1346
2014-02-04,1985
2014-02-05,1798
2014-02-06,1866
2014-02-07,2353
2014-02-08,1640
2014-02-09,1691
2014-02-10,2255
2014-02-11,1045
2014-02-12,916
2014-02-13,936
2014-02-14,2032
2014-02-15,1683
2014-02-16,1827
2014-02-17,1833
2014-02-18,2120
2014-02-19,2127
2014-02-20,2265
2014-02-21,2106
2014-02-22,1596
2014-02-23,1947
2014-02-24,2303
2014-02-25,3362
2014-02-26,2747
2014-02-27,2298
2014-02-28,2186
2014-03-01,1874
2014-03-02,1536
2014-03-03,2974
2014-03-04,2881
2014-03-05,2312
2014-03-06,2139
2014-03-07,2285
2014-03-08,2611
2014-03-09,2612
2014-03-10,2694
2014-03-11,2503
2014-03-12,2848
2014-03-13,2696
2014-03-14,2908
2014-03-15,2540
2014-03-16,3033
2014-03-17,2847
2014-03-18,2863
2014-03-19,2647
2014-03-20,2955
2014-03-21,3539
2014-03-22,3886
2014-03-23,2728
2014-03-24,3199
2014-03-25,2965
2014-03-26,3001
2014-03-27,3619
2014-03-28,3300
2014-03-29,2654
2014-03-30,2820
2014-03-31,3128
2014-04-01,3648
2014-04-02,3873
2014-04-03,3199
2014-04-04,3454
2014-04-05,2695
2014-04-06,2674
2014-04-07,2992
2014-04-08,2394
2014-04-09,3204
2014-04-10,3414
2014-04-11,3638
2014-04-12,2318
2014-04-13,2605
2014-04-14,3709
2014-04-15,3549
2014-04-16,3877
2014-04-17,3802
2014-04-18,3815
2014-04-19,3401
2014-04-20,3021
2014-04-21,3490
2014-04-22,3887
2014-04-23,3412
2014-04-24,3484
2014-04-25,3365
2014-04-26,2551
2014-04-27,2724
2014-04-28,3513
2014-04-29,3447
2014-04-30,3357
2014-05-01,3002
2014-05-02,2864
2014-05-03,2291
2014-05-04,2595
2014-05-05,3344
2014-05-06,3914
2014-05-07,3387
2014-05-08,3380
2014-05-09,3349
2014-05-10,3143
2014-05-11,3755
2014-05-12,4208
2014-05-13,4216
2014-05-14,3872
2014-05-15,4263
2014-05-16,3996
2014-05-17,3517
2014-05-18,3563
2014-05-19,4330
2014-05-20,4561
2014-05-21,4106
2014-05-22,4608
2014-05-23,4802
2014-05-24,3206
2014-05-25,4201
2014-05-26,4158
2014-05-27,4330
2014-05-28,4456
2014-05-29,4387
2014-05-30,4438
2014-05-31,3590
2014-06-01,3925
2014-06-02,4237
2014-06-03,4614
2014-06-04,4937
2014-06-05,4674
2014-06-06,4518
2014-06-07,3647
2014-06-08,3528
2014-06-09,4370
2014-06-10,4390
2014-06-11,4235
2014-06-12,5121
2014-06-13,4468
2014-06-14,3875
2014-06-15,3784
2014-06-16,4448
2014-06-17,5109
2014-06-18,4567
2014-06-19,4392
2014-06-20,4846
2014-06-21,4361
2014-06-22,4078
2014-06-23,4592
2014-06-24,3678
2014-06-25,4301
2014-06-26,3927
2014-06-27,4298
2014-06-28,3480
2014-06-29,3137
2014-06-30,4398
2014-07-01,4538
2014-07-02,4218
2014-07-03,4641
2014-07-04,3830
2014-07-05,3249
2014-07-06,3108
2014-07-07,3815
2014-07-08,3924
2014-07-09,3897
2014-07-10,4032
2014-07-11,3787
2014-07-12,3252
2014-07-13,3425
2014-07-14,4081
2014-07-15,4406
2014-07-16,3910
2014-07-17,4038
2014-07-18,3977
2014-07-19,3537
2014-07-20,3421
2014-07-21,3830
2014-07-22,3929
2014-07-23,3638
2014-07-24,4136
2014-07-25,3790
2014-07-26,2725
2014-07-27,3096
2014-07-28,3945
2014-07-29,3439
2014-07-30,3944
2014-07-31,3949
2014-08-01,3808
2014-08-02,3292
2014-08-03,3355
2014-08-04,4297
2014-08-05,4605
2014-08-06,4705
2014-08-07,4114
2014-08-08,3828
2014-08-09,3346
2014-08-10,3587
2014-08-11,4744
2014-08-12,4916
2014-08-13,4801
2014-08-14,4806
2014-08-15,4705
2014-08-16,6866
2014-08-17,3696
2014-08-18,4576
2014-08-19,4771
2014-08-20,4587
2014-08-21,4119
2014-08-22,4110
2014-08-23,3017
2014-08-24,3348
2014-08-25,3668
2014-08-26,4117
2014-08-27,3898
2014-08-28,3548
2014-08-29,3583
2014-08-30,3170
2014-08-31,3648
2014-09-01,3722
2014-09-02,3879
2014-09-03,3614
2014-09-04,3992
2014-09-05,3467
2014-09-06,3487
2014-09-07,3322
2014-09-08,3700
2014-09-09,4161
2014-09-10,4265
2014-09-11,3642
2014-09-12,3683
2014-09-13,3665
2014-09-14,3570
2014-09-15,4044
2014-09-16,6382
2014-09-17,4385
2014-09-18,4351
2014-09-19,4179
2014-09-20,3975
2014-09-21,3475
2014-09-22,4198
2014-09-23,4859
2014-09-24,5367
2014-09-25,5977
2014-09-26,4774
2014-09-27,3476
2014-09-28,4165
2014-09-29,4433
2014-09-30,4830
2014-10-01,4921
2014-10-02,4242
2014-10-03,6743
2014-10-04,8241
2014-10-05,4985
2014-10-06,5640
2014-10-07,5073
2014-10-08,4988
2014-10-09,5247
2014-10-10,4271
2014-10-11,4046
2014-10-12,3609
2014-10-13,4543
2014-10-14,4821
2014-10-15,4350
2014-10-16,3993
2014-10-17,4216
2014-10-18,3929
2014-10-19,3494
2014-10-20,4106
2014-10-21,4545
2014-10-22,4080
2014-10-23,4135
2014-10-24,3961
2014-10-25,3653
2014-10-26,3538
2014-10-27,4951
2014-10-28,4186
2014-10-29,4258
2014-10-30,4290
2014-10-31,4266
2014-11-01,3653
2014-11-02,4073
2014-11-03,4073
2014-11-04,4114
2014-11-05,4072
2014-11-06,4449
2014-11-07,4177
2014-11-08,3150
2014-11-09,3751
2014-11-10,4486
2014-11-11,3838
2014-11-12,5121
2014-11-13,4951
2014-11-14,4638
2014-11-15,3690
2014-11-16,3919
2014-11-17,4335
2014-11-18,3969
2014-11-19,3741
2014-11-20,3939
2014-11-21,4064
2014-11-22,3376
2014-11-23,3742
2014-11-24,3977
2014-11-25,3974
2014-11-26,3999
2014-11-27,3728
2014-11-28,4047
2014-11-29,3589
2014-11-30,3491
2014-12-01,4163
2014-12-02,4330
2014-12-03,3711
2014-12-04,3948
2014-12-05,3645
2014-12-06,3463
2014-12-07,3383
2014-12-08,3874
2014-12-09,4629
2014-12-10,3690
2014-12-11,4022
2014-12-12,3608
2014-12-13,3343
2014-12-14,3644
2014-12-15,4261
2014-12-16,5112
2014-12-17,4949
2014-12-18,4758
2014-12-19,4808
2014-12-20,4126
2014-12-21,3884
2014-12-22,4590
2014-12-23,4110
2014-12-24,3686
2014-12-25,3101
2014-12-26,3565
2014-12-27,3157
2014-12-28,3309
2014-12-29,3919
2014-12-30,3714
2014-12-31,3526
2015-01-01,2838
2015-01-02,3585
2015-01-03,4026
2015-01-04,4161
2015-01-05,3832
2015-01-06,3624
2015-01-07,3453
2015-01-08,3680
2015-01-09,4042
2015-01-10,5046
2015-01-11,3873
2015-01-12,3928
2015-01-13,5299
2015-01-14,5680
2015-01-15,5694
2015-01-16,4533
2015-01-17,3798
2015-01-18,3975
2015-01-19,4131
2015-01-20,4242
2015-01-21,4634
2015-01-22,4223
2015-01-23,4225
2015-01-24,3682
2015-01-25,3945
2015-01-26,5652
2015-01-27,4728
2015-01-28,4417
2015-01-29,4501
2015-01-30,4009
2015-01-31,3864
2015-02-01,3747
2015-02-02,4069
2015-02-03,4349
2015-02-04,5039
2015-02-05,5228
2015-02-06,3926
2015-02-07,3476
2015-02-08,3541
2015-02-09,4135
2015-02-10,3886
2015-02-11,3674
2015-02-12,3497
2015-02-13,4433
2015-02-14,4096
2015-02-15,4455
2015-02-16,4608
2015-02-17,4487
2015-02-18,4524
2015-02-19,3910
2015-02-20,4162
2015-02-21,3730
2015-02-22,3638
2015-02-23,4059
2015-02-24,4108
2015-02-25,3951
2015-02-26,3878
2015-02-27,4285
2015-02-28,3939
2015-03-01,3639
2015-03-02,4747
2015-03-03,4768
2015-03-04,6388
2015-03-05,7496
2015-03-06,7200
2015-03-07,10972
2015-03-08,11164
2015-03-09,7992
2015-03-10,7561
2015-03-11,7982
2015-03-12,6184
2015-03-13,5610
2015-03-14,5267
2015-03-15,5384
2015-03-16,6415
2015-03-17,5694
2015-03-18,6485
2015-03-19,5762
2015-03-20,6318
2015-03-21,6057
2015-03-22,6136
2015-03-23,6902
2015-03-24,6341
2015-03-25,6504
2015-03-26,6268
2015-03-27,6052
2015-03-28,5772
2015-03-29,6143
2015-03-30,6719
2015-03-31,7011
2015-04-01,6620
2015-04-02,6807
2015-04-03,5970
2015-04-04,5271
2015-04-05,5935
2015-04-06,6464
2015-04-07,7118
2015-04-08,6833
2015-04-09,6478
2015-04-10,7175
2015-04-11,6682
2015-04-12,6141
2015-04-13,7453
2015-04-14,6924
2015-04-15,6341
2015-04-16,5862
2015-04-17,5807
2015-04-18,5196
2015-04-19,5476
2015-04-20,7003
2015-04-21,6320
2015-04-22,6939
2015-04-23,7769
2015-04-24,7847
2015-04-25,7569
2015-04-26,8492
2015-04-27,9026
2015-04-28,8014
2015-04-29,7514
2015-04-30,7671
2015-05-01,7592
2015-05-02,8057
2015-05-03,7722
2015-05-04,7596
2015-05-05,8008
2015-05-06,8436
2015-05-07,7740
2015-05-08,8032
2015-05-09,6550
2015-05-10,6493
2015-05-11,7733
2015-05-12,7305
2015-05-13,7145
2015-05-14,7074
2015-05-15,7107
2015-05-16,6440
2015-05-17,7204
2015-05-18,7384
2015-05-19,7455
2015-05-20,7238
2015-05-21,6918
2015-05-22,8133
2015-05-23,7066
2015-05-24,7984
2015-05-25,7196
2015-05-26,7175
2015-05-27,6766
2015-05-28,7003
2015-05-29,6593
2015-05-30,7279
2015-05-31,6690
2015-06-01,8245
2015-06-02,7907
2015-06-03,7797
2015-06-04,7359
2015-06-05,7734
2015-06-06,7056
2015-06-07,6823
2015-06-08,8044
2015-06-09,7551
2015-06-10,7391
2015-06-11,7239
2015-06-12,7794
2015-06-13,6560
2015-06-14,7507
2015-06-15,7517
2015-06-16,7186
2015-06-17,8615
2015-06-18,8501
2015-06-19,7579
2015-06-20,7006
2015-06-21,6785
2015-06-22,7417
2015-06-23,7396
2015-06-24,6971
2015-06-25,6654
2015-06-26,7019
2015-06-27,6727
2015-06-28,6992
2015-06-29,7856
2015-06-30,7954
2015-07-01,8771
2015-07-02,8083
2015-07-03,7637
2015-07-04,6312
2015-07-05,7124
2015-07-06,8381
2015-07-07,7313
2015-07-08,6329
2015-07-09,8539
2015-07-10,8716
2015-07-11,7425
2015-07-12,7247
2015-07-13,7903
2015-07-14,7898
2015-07-15,7211
2015-07-16,7523
2015-07-17,6894
2015-07-18,6218
2015-07-19,6766
2015-07-20,7288
2015-07-21,7345
2015-07-22,7117
2015-07-23,6668
2015-07-24,7303
2015-07-25,6737
2015-07-26,7148
2015-07-27,8301
2015-07-28,8327
2015-07-29,8060
2015-07-30,8397
2015-07-31,10064
2015-08-01,7539
2015-08-02,7653
2015-08-03,8546
2015-08-04,8715
2015-08-05,8612
2015-08-06,8345
2015-08-07,8035
2015-08-08,8023
2015-08-09,7723
2015-08-10,8517
2015-08-11,8550
2015-08-12,8898
2015-08-13,8790
2015-08-14,8874
2015-08-15,8103
2015-08-16,7986
2015-08-17,7923
2015-08-18,8432
2015-08-19,9460
2015-08-20,9737
2015-08-21,8880
2015-08-22,8308
2015-08-23,8045
2015-08-24,10080
2015-08-25,10009
2015-08-26,8975
2015-08-27,9176
2015-08-28,9019
2015-08-29,8223
2015-08-30,7992
2015-08-31,9180
2015-09-01,8728
2015-09-02,8031
2015-09-03,8793
2015-09-04,8581
2015-09-05,8338
2015-09-06,8903
2015-09-07,9062
2015-09-08,9609
2015-09-09,8664
2015-09-10,8519
2015-09-11,8714
2015-09-12,7202
2015-09-13,7469
2015-09-14,8249
2015-09-15,8123
2015-09-16,8143
2015-09-17,10484
2015-09-18,9149
2015-09-19,8173
2015-09-20,8909
2015-09-21,9396
2015-09-22,9926
2015-09-23,8426
2015-09-24,9118
2015-09-25,9400
2015-09-26,8120
2015-09-27,9188
2015-09-28,9815
2015-09-29,10141
2015-09-30,10913
2015-10-01,10304
2015-10-02,9628
2015-10-03,8698
2015-10-04,9152
2015-10-05,10168
2015-10-06,9918
2015-10-07,9928
2015-10-08,9872
2015-10-09,8820
2015-10-10,8561
2015-10-11,9504
2015-10-12,9834
2015-10-13,9957
2015-10-14,9476
2015-10-15,10519
2015-10-16,10753
2015-10-17,10939
2015-10-18,10162
2015-10-19,11103
2015-10-20,11016
2015-10-21,11168
2015-10-22,10985
2015-10-23,10303
2015-10-24,9310
2015-10-25,10334
2015-10-26,10921
2015-10-27,12656
2015-10-28,12682
2015-10-29,14542
2015-10-30,15695
2015-10-31,12760
2015-11-01,11375
2015-11-02,13569
2015-11-03,17105
2015-11-04,18943
2015-11-05,26171
2015-11-06,15232
2015-11-07,12693
2015-11-08,14258
2015-11-09,14145
2015-11-10,13958
2015-11-11,13688
2015-11-12,13185
2015-11-13,12281
2015-11-14,12592
2015-11-15,14542
2015-11-16,13106
2015-11-17,11593
2015-11-18,12436
2015-11-19,12004
2015-11-20,11691
2015-11-21,10808
2015-11-22,12387
2015-11-23,10952
2015-11-24,11233
2015-11-25,11356
2015-11-26,14049
2015-11-27,13721
2015-11-28,12211
2015-11-29,13511
2015-11-30,15154
2015-12-01,14553
2015-12-02,13872
2015-12-03,11199
2015-12-04,12327
2015-12-05,15228
2015-12-06,21419
2015-12-07,18451
2015-12-08,17744
2015-12-09,19264
2015-12-10,17735
2015-12-11,20590
2015-12-12,19200
2015-12-13,21388
2015-12-14,21515
2015-12-15,20925
2015-12-16,20882
2015-12-17,19512
2015-12-18,19790
2015-12-19,19507
2015-12-20,21953
2015-12-21,25023
2015-12-22,21700
2015-12-23,22299
2015-12-24,22536
2015-12-25,20380
2015-12-26,16939
2015-12-27,14779
2015-12-28,14993
2015-12-29,14135
2015-12-30,13059
2015-12-31,11709
2016-01-01,10264
2016-01-02,11859
2016-01-03,13245
2016-01-04,12123
2016-01-05,13819
2016-01-06,13104
2016-01-07,15331
2016-01-08,14331
2016-01-09,13294
2016-01-10,14649
2016-01-11,14635
2016-01-12,14557
2016-01-13,14959
2016-01-14,14427
2016-01-15,16354
2016-01-16,15707
2016-01-17,18185
2016-01-18,17164
2016-01-19,13353
2016-01-20,18186
2016-01-21,19432
2016-01-22,17634
2016-01-23,19513
2016-01-24,17131
2016-01-25,18048
2016-01-26,21714
2016-01-27,18831
2016-01-28,19768
2016-01-29,21547
2016-01-30,23185
2016-01-31,21244
2016-02-01,23519
2016-02-02,21610
2016-02-03,15746
2016-02-04,18546
2016-02-05,19824
2016-02-06,24968
2016-02-07,20514
2016-02-08,17658
2016-02-09,18024
2016-02-10,19028
2016-02-11,22325
2016-02-12,20210
2016-02-13,22904
2016-02-14,20927
2016-02-15,25065
2016-02-16,23889
2016-02-17,23955
2016-02-18,22402
2016-02-19,23074
2016-02-20,28814
2016-02-21,25283
2016-02-22,28095
2016-02-23,32237
2016-02-24,29136
2016-02-25,22036
2016-02-26,19422
2016-02-27,23775
2016-02-28,31202
2016-02-29,31298
2016-03-01,27490
2016-03-02,25955
2016-03-03,22167
2016-03-04,19671
2016-03-05,23218
2016-03-06,17291
2016-03-07,18650
2016-03-08,19222
2016-03-09,23898
2016-03-10,18442
2016-03-11,21146
2016-03-12,24047
2016-03-13,15486
2016-03-14,20308
2016-03-15,19677
2016-03-16,18198
2016-03-17,19247
2016-03-18,20915
2016-03-19,22328
2016-03-20,18703
2016-03-21,20014
2016-03-22,19080
2016-03-23,17467
2016-03-24,19935
2016-03-25,16658
2016-03-26,18646
2016-03-27,18959
2016-03-28,18454
2016-03-29,19218
2016-03-30,18543
2016-03-31,20608
2016-04-01,24259
2016-04-02,25154
2016-04-03,21054
2016-04-04,20440
2016-04-05,18800
2016-04-06,20317
2016-04-07,20272
2016-04-08,19493
2016-04-09,24884
2016-04-10,17066
2016-04-11,19015
2016-04-12,20068
2016-04-13,17479
2016-04-14,17255
2016-04-15,17530
2016-04-16,17801
2016-04-17,24716
2016-04-18,18266
2016-04-19,17956
2016-04-20,17706
2016-04-21,16211
2016-04-22,16235
2016-04-23,17450
2016-04-24,22109
2016-04-25,18840
2016-04-26,21057
2016-04-27,18464
2016-04-28,19745
2016-04-29,22211
2016-04-30,17455
2016-05-01,18554
2016-05-02,18340
2016-05-03,21605
2016-05-04,18575
2016-05-05,20387
2016-05-06,24557
2016-05-07,17123
2016-05-08,16971
2016-05-09,19021
2016-05-10,21092
2016-05-11,19168
2016-05-12,17746
2016-05-13,20025
2016-05-14,21795
2016-05-15,16350
2016-05-16,19220
2016-05-17,21652
2016-05-18,20239
2016-05-19,19086
2016-05-20,17709
2016-05-21,21230
2016-05-22,17160
2016-05-23,20257
2016-05-24,21288
2016-05-25,23531
2016-05-26,23365
2016-05-27,27331
2016-05-28,29689
2016-05-29,22333
2016-05-30,21173
2016-05-31,21588
2016-06-01,19854
2016-06-02,19075
2016-06-03,19443
2016-06-04,23562
2016-06-05,20601
2016-06-06,20428
2016-06-07,21538
2016-06-08,19887
2016-06-09,22004
2016-06-10,21954
2016-06-11,25393
2016-06-12,24243
2016-06-13,26121
2016-06-14,25683
2016-06-15,24921
2016-06-16,26589
2016-06-17,26239
2016-06-18,29825
2016-06-19,22123
2016-06-20,23175
2016-06-21,24847
2016-06-22,24005
2016-06-23,22787
2016-06-24,22418
2016-06-25,24949
2016-06-26,18004
2016-06-27,18084
2016-06-28,18568
2016-06-29,17692
2016-06-30,18808
2016-07-01,19484
2016-07-02,23025
2016-07-03,17544
2016-07-04,17417
2016-07-05,18224
2016-07-06,16399
2016-07-07,17352
2016-07-08,18345
2016-07-09,18193
2016-07-10,13563
2016-07-11,16786
2016-07-12,17918
2016-07-13,16851
2016-07-14,16597
2016-07-15,18160
2016-07-16,21998
2016-07-17,17937
2016-07-18,16782
2016-07-19,17451
2016-07-20,17275
2016-07-21,16231
2016-07-22,17412
2016-07-23,19950
2016-07-24,14502
2016-07-25,17427
2016-07-26,18823
2016-07-27,19325
2016-07-28,17229
2016-07-29,17531
2016-07-30,19923
2016-07-31,17420
2016-08-01,18096
2016-08-02,19050
2016-08-03,20334
2016-08-04,17088
2016-08-05,17261
2016-08-06,19140
2016-08-07,14924
2016-08-08,16802
2016-08-09,17747
2016-08-10,17840
2016-08-11,18425
2016-08-12,17545
2016-08-13,14833
2016-08-14,14520
2016-08-15,16507
2016-08-16,19491
2016-08-17,16938
2016-08-18,19319
2016-08-19,20610
2016-08-20,15920
2016-08-21,14535
2016-08-22,17592
2016-08-23,18008
2016-08-24,20633
2016-08-25,17878
2016-08-26,17156
2016-08-27,15847
2016-08-28,19892
2016-08-29,17369
2016-08-30,18258
2016-08-31,19051
2016-09-01,17056
2016-09-02,17245
2016-09-03,19157
2016-09-04,17121
2016-09-05,18571
2016-09-06,18302
2016-09-07,18055
2016-09-08,17379
2016-09-09,17678
2016-09-10,18598
2016-09-11,14591
2016-09-12,16819
2016-09-13,17543
2016-09-14,16505
2016-09-15,17233
2016-09-16,18136
2016-09-17,18918
2016-09-18,14132
2016-09-19,15871
2016-09-20,18590
2016-09-21,18075
2016-09-22,16265
2016-09-23,17334
2016-09-24,19824
2016-09-25,14987
2016-09-26,17555
2016-09-27,18661
2016-09-28,19027
2016-09-29,21304
2016-09-30,20573
2016-10-01,23558
2016-10-02,17620
2016-10-03,22734
2016-10-04,22771
2016-10-05,22363
2016-10-06,23242
2016-10-07,22796
2016-10-08,27240
2016-10-09,21314
2016-10-10,19008
2016-10-11,20934
2016-10-12,18440
2016-10-13,18246
2016-10-14,18978
2016-10-15,21806
2016-10-16,15404
2016-10-17,18380
2016-10-18,19264
2016-10-19,18357
2016-10-20,21835
2016-10-21,19076
2016-10-22,25454
2016-10-23,20242
2016-10-24,21310
2016-10-25,23012
2016-10-26,23330
2016-10-27,22079
2016-10-28,20680
2016-10-29,27103
2016-10-30,19680
2016-10-31,21917
2016-11-01,22758
2016-11-02,22195
2016-11-03,22255
2016-11-04,22616
2016-11-05,27571
2016-11-06,20984
2016-11-07,23019
2016-11-08,23118
2016-11-09,22405
2016-11-10,22274
2016-11-11,21655
2016-11-12,26651
2016-11-13,20956
2016-11-14,23323
2016-11-15,23502
2016-11-16,23039
2016-11-17,23152
2016-11-18,21941
2016-11-19,27401
2016-11-20,20885
2016-11-21,23667
2016-11-22,24897
2016-11-23,25998
2016-11-24,25215
2016-11-25,24167
2016-11-26,21223
2016-11-27,25531
2016-11-28,23086
2016-11-29,22526
2016-11-30,22116
2016-12-01,23004
2016-12-02,24054
2016-12-03,20610
2016-12-04,22846
2016-12-05,23057
2016-12-06,24050
2016-12-07,23950
2016-12-08,22115
2016-12-09,23516
2016-12-10,20043
2016-12-11,24419
2016-12-12,22809
2016-12-13,22135
2016-12-14,22636
2016-12-15,22560
2016-12-16,21589
2016-12-17,22743
2016-12-18,19944
2016-12-19,23366
2016-12-20,22771
2016-12-21,23893
2016-12-22,25109
2016-12-23,25241
2016-12-24,20992
2016-12-25,21192
2016-12-26,21151
2016-12-27,23817
2016-12-28,25427
2016-12-29,25072
2016-12-30,24609
2016-12-31,26033
2017-01-01,17085
2017-01-02,25538
2017-01-03,25727
2017-01-04,29908
2017-01-05,29855
2017-01-06,29234
2017-01-07,31504
2017-01-08,23523
2017-01-09,24570
2017-01-10,27088
2017-01-11,28162
2017-01-12,27023
2017-01-13,25831
2017-01-14,25729
2017-01-15,26234
2017-01-16,25877
2017-01-17,28471
2017-01-18,27185
2017-01-19,27457
2017-01-20,26060
2017-01-21,25216
2017-01-22,23517
2017-01-23,24892
2017-01-24,27460
2017-01-25,25496
2017-01-26,27333
2017-01-27,25811
2017-01-28,25491
2017-01-29,30129
2017-01-30,26413
2017-01-31,28972
2017-02-01,29380
2017-02-02,26883
2017-02-03,29180
2017-02-04,27108
2017-02-05,25248
2017-02-06,24171
2017-02-07,29243
2017-02-08,27838
2017-02-09,29434
2017-02-10,25838
2017-02-11,23992
2017-02-12,22306
2017-02-13,26608
2017-02-14,26787
2017-02-15,25751
2017-02-16,28694
2017-02-17,27642
2017-02-18,26693
2017-02-19,22904
2017-02-20,27252
2017-02-21,27219
2017-02-22,25966
2017-02-23,28620
2017-02-24,30436
2017-02-25,26562
2017-02-26,24550
2017-02-27,27619
2017-02-28,25762
2017-03-01,29477
2017-03-02,28575
2017-03-03,30050
2017-03-04,26210
2017-03-05,22997
2017-03-06,28116
2017-03-07,28127
2017-03-08,26164
2017-03-09,27159
2017-03-10,28269
2017-03-11,26976
2017-03-12,24172
2017-03-13,30138
2017-03-14,28688
2017-03-15,27550
2017-03-16,33766
2017-03-17,30847
2017-03-18,28459
2017-03-19,28710
2017-03-20,30439
2017-03-21,29825
2017-03-22,31179
2017-03-23,28302
2017-03-24,27500
2017-03-25,25311
2017-03-26,25012
2017-03-27,27561
2017-03-28,29009
2017-03-29,28104
2017-03-30,28423
2017-03-31,27342
2017-04-01,28300
2017-04-02,26582
2017-04-03,30924
2017-04-04,28432
2017-04-05,30548
2017-04-06,29763
2017-04-07,30676
2017-04-08,27627
2017-04-09,28014
2017-04-10,32417
2017-04-11,32078
2017-04-12,30987
2017-04-13,31453
2017-04-14,26946
2017-04-15,29637
2017-04-16,25254
2017-04-17,28829
2017-04-18,32335
2017-04-19,32203
2017-04-20,30307
2017-04-21,34071
2017-04-22,30985
2017-04-23,29145
2017-04-24,31533
2017-04-25,31045
2017-04-26,35125
2017-04-27,37489
2017-04-28,36037
2017-04-29,34356
2017-04-30,32907
2017-05-01,37165
2017-05-02,39638
2017-05-03,39358
2017-05-04,42435
2017-05-05,40966
2017-05-06,38723
2017-05-07,38505
2017-05-08,45469
2017-05-09,45127
2017-05-10,44089
2017-05-11,42874
2017-05-12,41769
2017-05-13,36315
2017-05-14,33727
2017-05-15,43168
2017-05-16,42455
2017-05-17,40756
2017-05-18,38138
2017-05-19,43968
2017-05-20,36736
2017-05-21,38004
2017-05-22,41077
2017-05-23,51315
2017-05-24,46773
2017-05-25,58422
2017-05-26,50376
2017-05-27,45819
2017-05-28,40404
2017-05-29,47676
2017-05-30,55548
2017-05-31,56337
2017-06-01,54655
2017-06-02,49668
2017-06-03,52538
2017-06-04,42856
2017-06-05,51265
2017-06-06,52490
2017-06-07,53536
2017-06-08,47114
2017-06-09,46241
2017-06-10,41543
2017-06-11,37526
2017-06-12,46644
2017-06-13,52699
2017-06-14,48828
2017-06-15,47914
2017-06-16,42782
2017-06-17,37624
2017-06-18,35479
2017-06-19,44183
2017-06-20,51207
2017-06-21,49703
2017-06-22,43567
2017-06-23,41821
2017-06-24,37641
2017-06-25,32349
2017-06-26,41229
2017-06-27,44712
2017-06-28,42741
2017-06-29,38915
2017-06-30,40045
2017-07-01,33528
2017-07-02,31561
2017-07-03,40285
2017-07-04,46570
2017-07-05,41601
2017-07-06,40150
2017-07-07,40101
2017-07-08,34078
2017-07-09,28982
2017-07-10,39298
2017-07-11,46986
2017-07-12,39786
2017-07-13,37595
2017-07-14,36163
2017-07-15,34625
2017-07-16,30767
2017-07-17,35156
2017-07-18,43693
2017-07-19,39798
2017-07-20,39212
2017-07-21,41067
2017-07-22,33341
2017-07-23,26734
2017-07-24,36820
2017-07-25,39977
2017-07-26,37083
2017-07-27,36796
2017-07-28,42833
2017-07-29,35562
2017-07-30,31202
2017-07-31,34884
2017-08-01,16823
2017-08-02,33802
2017-08-03,37957
2017-08-04,38019
2017-08-05,39125
2017-08-06,35787
2017-08-07,45209
2017-08-08,53344
2017-08-09,44272
2017-08-10,46778
2017-08-11,47084
2017-08-12,44528
2017-08-13,42832
2017-08-14,48252
2017-08-15,56358
2017-08-16,45803
2017-08-17,47365
2017-08-18,49545
2017-08-19,42562
2017-08-20,37310
2017-08-21,45467
2017-08-22,35342
2017-08-23,46869
2017-08-24,38448
2017-08-25,40701
2017-08-26,34870
2017-08-27,35228
2017-08-28,42979
2017-08-29,48123
2017-08-30,44835
2017-08-31,46951
2017-09-01,47682
2017-09-02,46018
2017-09-03,34696
2017-09-04,45615
2017-09-05,46006
2017-09-06,46395
2017-09-07,43419
2017-09-08,46327
2017-09-09,34916
2017-09-10,33485
2017-09-11,39758
2017-09-12,42562
2017-09-13,42622
2017-09-14,45902
2017-09-15,50378
2017-09-16,35557
2017-09-17,30457
2017-09-18,39106
2017-09-19,40755
2017-09-20,33690
2017-09-21,35943
2017-09-22,34924
2017-09-23,27615
2017-09-24,26023
2017-09-25,36890
2017-09-26,37449
2017-09-27,42970
2017-09-28,44043
2017-09-29,44044
2017-09-30,35727
2017-10-01,33294
2017-10-02,46271
2017-10-03,44123
2017-10-04,38651
2017-10-05,37504
2017-10-06,43745
2017-10-07,32535
2017-10-08,34083
2017-10-09,43377
2017-10-10,45123
2017-10-11,41585
2017-10-12,45665
2017-10-13,53511
2017-10-14,42382
2017-10-15,37307
2017-10-16,46680
2017-10-17,51578
2017-10-18,48829
2017-10-19,47739
2017-10-20,49329
2017-10-21,43473
2017-10-22,41722
2017-10-23,45567
2017-10-24,51765
2017-10-25,46076
2017-10-26,44254
2017-10-27,45744
2017-10-28,32165
2017-10-29,47187
2017-10-30,49425
2017-10-31,48389
2017-11-01,49017
2017-11-02,52694
2017-11-03,52423
2017-11-04,39753
2017-11-05,41216
2017-11-06,46991
2017-11-07,49915
2017-11-08,51314
2017-11-09,55259
2017-11-10,47021
2017-11-11,32627
2017-11-12,31927
2017-11-13,48834
2017-11-14,43509
2017-11-15,51282
2017-11-16,44696
2017-11-17,51988
2017-11-18,41317
2017-11-19,38420
2017-11-20,54990
2017-11-21,64338
2017-11-22,57211
2017-11-23,55286
2017-11-24,58672
2017-11-25,48946
2017-11-26,58324
2017-11-27,72623
2017-11-28,67441
2017-11-29,73421
2017-11-30,65825
2017-12-01,61032
2017-12-02,44767
2017-12-03,50548
2017-12-04,57793
2017-12-05,66112
2017-12-06,78051
2017-12-07,81431
2017-12-08,73649
2017-12-09,62425
2017-12-10,51190
2017-12-11,66066
2017-12-12,75592
2017-12-13,79725
2017-12-14,79463
2017-12-15,73131
2017-12-16,66527
2017-12-17,78130
2017-12-18,81615
2017-12-19,83672
2017-12-20,79847
2017-12-21,78346
2017-12-22,76822
2017-12-23,65154
2017-12-24,52060
2017-12-25,54318
2017-12-26,59391
2017-12-27,71855
2017-12-28,71073
2017-12-29,74825
2017-12-30,71838
2017-12-31,57338
2018-01-01,54962
2018-01-02,79087
2018-01-03,84294
2018-01-04,105028
2018-01-05,101318
2018-01-06,94040
2018-01-07,78549
2018-01-08,88476
2018-01-09,96932
2018-01-10,90879
2018-01-11,80727
2018-01-12,73983
2018-01-13,65223
2018-01-14,60402
2018-01-15,75922
2018-01-16,88859
2018-01-17,77087
2018-01-18,72240
2018-01-19,63586
2018-01-20,55067
2018-01-21,51103
2018-01-22,58738
2018-01-23,55979
2018-01-24,57424
2018-01-25,54649
2018-01-26,52948
2018-01-27,42258
2018-01-28,48184
2018-01-29,51896
2018-01-30,56299
2018-01-31,53032
2018-02-01,56761
2018-02-02,56746
2018-02-03,36933
2018-02-04,36867
2018-02-05,52153
2018-02-06,60783
2018-02-07,49848
2018-02-08,32412
2018-02-09,40889
2018-02-10,43184
2018-02-11,36776
2018-02-12,45083
2018-02-13,45092
2018-02-14,47052
2018-02-15,48248
2018-02-16,42956
2018-02-17,39810
2018-02-18,38614
2018-02-19,44423
2018-02-20,46293
2018-02-21,43738
2018-02-22,46603
2018-02-23,41602
2018-02-24,35473
2018-02-25,30855
2018-02-26,42559
2018-02-27,43952
2018-02-28,47030
2018-03-01,42471
2018-03-02,42635
2018-03-03,41014
2018-03-04,36112
2018-03-05,42901
2018-03-06,47550
2018-03-07,49574
2018-03-08,48184
2018-03-09,46496
2018-03-10,33259
2018-03-11,29739
2018-03-12,40626
2018-03-13,46657
2018-03-14,42598
2018-03-15,44857
2018-03-16,39457
2018-03-17,33706
2018-03-18,35852
2018-03-19,40630
2018-03-20,37782
2018-03-21,38700
2018-03-22,40017
2018-03-23,38671
2018-03-24,32348
2018-03-25,28123
2018-03-26,37382
2018-03-27,35131
2018-03-28,32610
2018-03-29,39409
2018-03-30,41051
2018-03-31,29149
2018-04-01,26746
2018-04-02,32421
2018-04-03,36711
2018-04-04,34691
2018-04-05,33825
2018-04-06,34025
2018-04-07,28461
2018-04-08,25072
2018-04-09,34570
2018-04-10,34120
2018-04-11,34048
2018-04-12,38924
2018-04-13,43379
2018-04-14,30392
2018-04-15,32702
2018-04-16,38127
2018-04-17,40272
2018-04-18,39660
2018-04-19,43115
2018-04-20,49626
2018-04-21,39407
2018-04-22,37208
2018-04-23,44371
2018-04-24,52051
2018-04-25,45604
2018-04-26,43498
2018-04-27,47605
2018-04-28,46340
2018-04-29,39179
2018-04-30,45476
2018-05-01,40666
2018-05-02,45991
2018-05-03,50719
2018-05-04,47630
2018-05-05,40562
2018-05-06,35021
2018-05-07,42588
2018-05-08,46748
2018-05-09,43099
2018-05-10,43928
2018-05-11,43793
2018-05-12,37048
2018-05-13,31181
2018-05-14,43989
2018-05-15,42417
2018-05-16,38882
2018-05-17,36522
2018-05-18,41844
2018-05-19,31331
2018-05-20,31298
2018-05-21,38632
2018-05-22,36713
2018-05-23,39523
2018-05-24,37418
2018-05-25,36006
2018-05-26,27231
2018-05-27,26609
2018-05-28,36773
2018-05-29,35984
2018-05-30,35468
2018-05-31,36698
2018-06-01,40694
2018-06-02,31869
2018-06-03,31237
2018-06-04,36944
2018-06-05,36229
2018-06-06,37116
2018-06-07,37112
2018-06-08,37793
2018-06-09,28207
2018-06-10,33118
2018-06-11,38369
2018-06-12,36807
2018-06-13,36667
2018-06-14,34521
2018-06-15,35681
2018-06-16,24210
2018-06-17,23950
2018-06-18,31340
2018-06-19,31715
2018-06-20,31962
2018-06-21,32206
2018-06-22,35602
2018-06-23,24199
2018-06-24,25317
2018-06-25,31056
2018-06-26,28360
2018-06-27,28810
2018-06-28,28594
2018-06-29,32011
2018-06-30,26528
2018-07-01,24844
2018-07-02,33559
2018-07-03,33979
2018-07-04,31504
2018-07-05,32231
2018-07-06,33706
2018-07-07,25780
2018-07-08,24768
2018-07-09,31701
2018-07-10,31311
2018-07-11,28990
2018-07-12,28140
2018-07-13,30588
2018-07-14,22442
2018-07-15,22590
2018-07-16,29802
2018-07-17,33686
2018-07-18,38560
2018-07-19,35860
2018-07-20,34306
2018-07-21,24002
2018-07-22,23320
2018-07-23,34371
2018-07-24,40614
2018-07-25,36986
2018-07-26,33323
2018-07-27,32477
2018-07-28,25239
2018-07-29,24298
2018-07-30,32000
2018-07-31,34556
2018-08-01,32268
2018-08-02,30520
2018-08-03,33233
2018-08-04,25302
2018-08-05,22721
2018-08-06,30542
2018-08-07,30772
2018-08-08,33154
2018-08-09,29558
2018-08-10,30676
2018-08-11,23479
2018-08-12,21101
2018-08-13,29366
2018-08-14,32688
2018-08-15,29752
2018-08-16,30218
2018-08-17,30579
2018-08-18,22864
2018-08-19,20601
2018-08-20,26972
2018-08-21,27291
2018-08-22,29042
2018-08-23,26219
2018-08-24,28060
2018-08-25,22662
2018-08-26,22086
2018-08-27,29168
2018-08-28,33282
2018-08-29,31180
2018-08-30,29400
2018-08-31,31045
2018-09-01,27565
2018-09-02,25034
2018-09-03,29677
2018-09-04,30507
2018-09-05,33422
2018-09-06,33000
2018-09-07,30893
2018-09-08,25040
2018-09-09,25755
2018-09-10,28893
2018-09-11,29020
2018-09-12,28305
2018-09-13,28582
2018-09-14,28753
2018-09-15,22503
2018-09-16,20421
2018-09-17,28445
2018-09-18,28166
2018-09-19,29627
2018-09-20,29763
2018-09-21,36390
2018-09-22,25591
2018-09-23,23272
2018-09-24,26933
2018-09-25,30310
2018-09-26,29931
2018-09-27,29776
2018-09-28,32654
2018-09-29,24428
2018-09-30,24800
2018-10-01,30374
2018-10-02,30287
2018-10-03,28845
2018-10-04,28490
2018-10-05,28597
2018-10-06,24361
2018-10-07,21611
2018-10-08,29296
2018-10-09,29915
2018-10-10,30480
2018-10-11,32860
2018-10-12,29575
2018-10-13,22351
2018-10-14,21936
2018-10-15,38788
2018-10-16,30930
2018-10-17,28990
2018-10-18,29124
2018-10-19,26978
2018-10-20,21729
2018-10-21,21430
2018-10-22,30152
2018-10-23,30140
2018-10-24,30979
2018-10-25,35759
2018-10-26,31099
2018-10-27,22513
2018-10-28,22737
2018-10-29,33099
2018-10-30,33886
2018-10-31,33655
2018-11-01,32185
2018-11-02,32204
2018-11-03,25085
2018-11-04,24240
2018-11-05,32306
2018-11-06,31463
2018-11-07,30722
2018-11-08,29340
2018-11-09,29888
2018-11-10,22037
2018-11-11,21283
2018-11-12,30254
2018-11-13,29676
2018-11-14,32863
2018-11-15,36675
2018-11-16,32552
2018-11-17,24022
2018-11-18,22593
2018-11-19,33175
2018-11-20,40459
2018-11-21,33796
2018-11-22,27661
2018-11-23,29207
2018-11-24,23076
2018-11-25,28197
2018-11-26,31606
2018-11-27,30301
2018-11-28,31261
2018-11-29,31512
2018-11-30,30433
2018-12-01,23302
2018-12-02,20629
2018-12-03,28808
2018-12-04,31508
2018-12-05,30280
2018-12-06,32794
2018-12-07,32212
2018-12-08,22904
2018-12-09,21676
2018-12-10,27287
2018-12-11,26809
2018-12-12,25996
2018-12-13,26828
2018-12-14,27039
2018-12-15,21115
2018-12-16,20370
2018-12-17,27585
2018-12-18,28617
2018-12-19,33526
2018-12-20,31859
2018-12-21,31430
2018-12-22,22473
2018-12-23,21829
2018-12-24,28382
2018-12-25,23096
2018-12-26,24050
2018-12-27,26687
2018-12-28,29190
2018-12-29,22975
2018-12-30,21402
2018-12-31,23595
2019-01-01,17307
2019-01-02,26408
2019-01-03,26988
2019-01-04,26951
2019-01-05,21843
2019-01-06,22074
2019-01-07,27031
2019-01-08,27513
2019-01-09,28118
2019-01-10,30725
2019-01-11,28153
2019-01-12,20353
2019-01-13,20246
2019-01-14,25251
2019-01-15,28189
2019-01-16,27979
2019-01-17,28843
2019-01-18,26794
2019-01-19,21566
2019-01-20,22009
2019-01-21,26074
2019-01-22,27164
2019-01-23,26584
2019-01-24,26601
2019-01-25,26044
2019-01-26,21117
2019-01-27,20106
2019-01-28,29252
2019-01-29,28198
2019-01-30,27605
2019-01-31,30037
2019-02-01,27045
2019-02-02,20824
2019-02-03,19822
2019-02-04,23853
2019-02-05,24753
2019-02-06,25345
2019-02-07,24144
2019-02-08,26035
2019-02-09,21899
2019-02-10,19375
2019-02-11,25802
2019-02-12,26163
2019-02-13,26665
2019-02-14,24198
2019-02-15,24981
2019-02-16,21495
2019-02-17,20341
2019-02-18,30872
2019-02-19,31467
2019-02-20,29550
2019-02-21,28002
2019-02-22,28334
2019-02-23,23747
2019-02-24,28061
2019-02-25,31737
2019-02-26,31784
2019-02-27,30546
2019-02-28,30352
2019-03-01,30982
2019-03-02,24206
2019-03-03,22583
2019-03-04,29752
2019-03-05,32319
2019-03-06,31326
2019-03-07,31435
2019-03-08,31968
2019-03-09,25297
2019-03-10,22675
2019-03-11,32033
2019-03-12,32475
2019-03-13,32662
2019-03-14,32955
2019-03-15,33989
2019-03-16,28338
2019-03-17,24331
2019-03-18,32877
2019-03-19,33943
2019-03-20,34119
2019-03-21,34012
2019-03-22,33182
2019-03-23,26064
2019-03-24,25898
2019-03-25,34968
2019-03-26,35437
2019-03-27,37886
2019-03-28,34665
2019-03-29,35942
2019-03-30,31668
2019-03-31,28841
2019-04-01,36654
2019-04-02,50121
2019-04-03,49360
2019-04-04,39365
2019-04-05,36222
2019-04-06,28746
2019-04-07,30650
2019-04-08,41201
2019-04-09,37903
2019-04-10,38591
2019-04-11,39097
2019-04-12,33735
2019-04-13,25724
2019-04-14,24318
2019-04-15,34319
2019-04-16,34426
2019-04-17,34645
2019-04-18,35925
2019-04-19,33912
2019-04-20,28015
2019-04-21,28746
2019-04-22,34881
2019-04-23,38984
2019-04-24,39663
2019-04-25,37411
2019-04-26,40743
2019-04-27,27950
2019-04-28,26738
2019-04-29,32300
2019-04-30,36748
2019-05-01,29852
2019-05-02,32065
2019-05-03,36745
2019-05-04,32240
2019-05-05,30812
2019-05-06,38270
2019-05-07,44412
2019-05-08,46033
2019-05-09,39352
2019-05-10,38758
2019-05-11,37766
2019-05-12,35583
2019-05-13,39005
2019-05-14,42723
2019-05-15,51800
2019-05-16,60524
2019-05-17,53293
2019-05-18,40948
2019-05-19,43831
2019-05-20,52764
2019-05-21,56743
2019-05-22,54177
2019-05-23,50888
2019-05-24,52725
2019-05-25,41294
2019-05-26,40828
2019-05-27,59461
2019-05-28,53943
2019-05-29,53097
2019-05-30,55908
2019-05-31,46925
2019-06-01,41069
2019-06-02,39406
2019-06-03,45314
2019-06-04,49675
2019-06-05,45409
2019-06-06,42969
2019-06-07,39136
2019-06-08,32849
2019-06-09,30561
2019-06-10,43208
2019-06-11,44369
2019-06-12,44020
2019-06-13,44028
2019-06-14,47951
2019-06-15,40954
2019-06-16,41905
2019-06-17,46547
2019-06-18,45937
2019-06-19,44042
2019-06-20,45840
2019-06-21,51108
2019-06-22,51904
2019-06-23,40201
2019-06-24,47505
2019-06-25,51643
2019-06-26,66531
2019-06-27,59693
2019-06-28,52093
2019-06-29,42461
2019-06-30,38965
2019-07-01,45562
2019-07-02,47253
2019-07-03,46586
2019-07-04,44448
2019-07-05,45109
2019-07-06,33804
2019-07-07,33021
2019-07-08,42110
2019-07-09,43678
2019-07-10,44451
2019-07-11,41649
2019-07-12,40130
2019-07-13,30189
2019-07-14,30626
2019-07-15,39707
2019-07-16,39001
2019-07-17,39049
2019-07-18,36970
2019-07-19,35359
2019-07-20,28849
2019-07-21,26121
2019-07-22,33482
2019-07-23,33336
2019-07-24,33863
2019-07-25,34046
2019-07-26,33293
2019-07-27,27256
2019-07-28,24626
2019-07-29,33330
2019-07-30,35587
2019-07-31,36652
2019-08-01,34357
2019-08-02,34548
2019-08-03,27758
2019-08-04,26673
2019-08-05,40331
2019-08-06,38137
2019-08-07,34196
2019-08-08,34586
2019-08-09,33373
2019-08-10,27652
2019-08-11,24143
2019-08-12,28292
2019-08-13,31578
2019-08-14,34386
2019-08-15,34563
2019-08-16,32735
2019-08-17,26243
2019-08-18,23881
2019-08-19,32581
2019-08-20,30560
2019-08-21,34228
2019-08-22,34172
2019-08-23,29795
2019-08-24,26592
2019-08-25,22251
2019-08-26,30631
2019-08-27,31780
2019-08-28,31820
2019-08-29,33180
2019-08-30,29658
2019-08-31,23666
2019-09-01,21766
2019-09-02,31207
2019-09-03,33712
2019-09-04,31268
2019-09-05,31689
2019-09-06,32516
2019-09-07,24609
2019-09-08,22784
2019-09-09,31177
2019-09-10,31443
2019-09-11,31732
2019-09-12,30833
2019-09-13,27479
2019-09-14,21694
2019-09-15,20818
2019-09-16,29982
2019-09-17,30617
2019-09-18,32065
2019-09-19,32103
2019-09-20,29533
2019-09-21,22878
2019-09-22,22174
2019-09-23,31453
2019-09-24,34400
2019-09-25,35639
2019-09-26,32226
2019-09-27,30365
2019-09-28,24334
2019-09-29,22244
2019-09-30,30519
2019-10-01,29389
2019-10-02,26110
2019-10-03,25758
2019-10-04,25182
2019-10-05,21426
2019-10-06,20542
2019-10-07,26768
2019-10-08,28131
2019-10-09,28856
2019-10-10,29031
2019-10-11,28404
2019-10-12,22151
2019-10-13,19609
2019-10-14,25986
2019-10-15,28547
2019-10-16,28307
2019-10-17,28209
2019-10-18,28652
2019-10-19,23344
2019-10-20,21678
2019-10-21,28980
2019-10-22,29303
2019-10-23,32072
2019-10-24,28431
2019-10-25,30836
2019-10-26,31257
2019-10-27,24139
2019-10-28,32076
2019-10-29,31492
2019-10-30,32214
2019-10-31,30533
2019-11-01,28660
2019-11-02,23372
2019-11-03,20976
2019-11-04,27849
2019-11-05,30512
2019-11-06,28557
2019-11-07,28522
2019-11-08,29121
2019-11-09,22861
2019-11-10,20451
2019-11-11,26319
2019-11-12,26727
2019-11-13,27172
2019-11-14,27016
2019-11-15,28885
2019-11-16,21921
2019-11-17,19959
2019-11-18,27233
2019-11-19,28576
2019-11-20,26735
2019-11-21,29289
2019-11-22,32894
2019-11-23,23982
2019-11-24,21140
2019-11-25,30706
2019-11-26,28770
2019-11-27,29836
2019-11-28,27653
2019-11-29,28331
2019-11-30,25114
2019-12-01,23321
2019-12-02,27302
2019-12-03,27479
2019-12-04,28323
2019-12-05,27263
2019-12-06,26787
2019-12-07,22828
2019-12-08,20110
2019-12-09,25728
2019-12-10,28675
2019-12-11,27150
2019-12-12,26787
2019-12-13,26946
2019-12-14,23138
2019-12-15,20109
2019-12-16,26922
2019-12-17,30421
2019-12-18,30203
2019-12-19,29198
2019-12-20,27812
2019-12-21,23221
2019-12-22,20800
2019-12-23,28743
2019-12-24,26008
2019-12-25,20981
2019-12-26,23245
2019-12-27,26675
2019-12-28,22427
2019-12-29,19487
2019-12-30,26406
2019-12-31,24278
2020-01-01,18103
2020-01-02,23009
2020-01-03,26603
2020-01-04,20300
2020-01-05,20808
2020-01-06,27354
2020-01-07,31203
2020-01-08,32226
2020-01-09,27707
2020-01-10,27465
2020-01-11,23998
2020-01-12,19670
2020-01-13,24141
2020-01-14,33158
2020-01-15,33400
2020-01-16,28570
2020-01-17,29507
2020-01-18,24385
2020-01-19,24517
2020-01-20,26526
2020-01-21,26830
2020-01-22,26488
2020-01-23,26334
2020-01-24,24890
2020-01-25,19580
2020-01-26,19322
2020-01-27,24963
2020-01-28,29686
2020-01-29,29956
2020-01-30,30083
2020-01-31,30331
2020-02-01,26703
2020-02-02,23833
2020-02-03,29776
2020-02-04,30352
2020-02-05,33314
2020-02-06,32264
2020-02-07,31857
2020-02-08,28235
2020-02-09,26955
2020-02-10,33046
2020-02-11,34071
2020-02-12,37283
2020-02-13,35491
2020-02-14,33081
2020-02-15,30472
2020-02-16,26232
2020-02-17,32746
2020-02-18,33362
2020-02-19,31629
2020-02-20,32942
2020-02-21,29978
2020-02-22,25067
2020-02-23,22378
2020-02-24,28332
2020-02-25,31005
2020-02-26,35446
2020-02-27,31665
2020-02-28,30734
2020-02-29,27325
2020-03-01,23535
2020-03-02,30883
2020-03-03,30551
2020-03-04,29702
2020-03-05,30874
2020-03-06,30499
2020-03-07,25482
2020-03-08,26002
2020-03-09,35433
2020-03-10,32899
2020-03-11,29832
2020-03-12,43883
2020-03-13,51418
2020-03-14,30420
2020-03-15,26574
2020-03-16,41477
2020-03-17,33914
2020-03-18,32399
2020-03-19,40227
2020-03-20,38193
2020-03-21,25006
2020-03-22,28478
2020-03-23,35654
2020-03-24,31482
2020-03-25,29690
2020-03-26,32898
2020-03-27,30135
2020-03-28,26112
2020-03-29,23526
2020-03-30,34254
2020-03-31,41777
2020-04-01,31106
2020-04-02,33636
2020-04-03,33286
2020-04-04,27178
2020-04-05,24245
2020-04-06,32221
2020-04-07,36416
2020-04-08,31928
2020-04-09,29185
2020-04-10,32598
2020-04-11,23210
2020-04-12,23505
2020-04-13,30313
2020-04-14,31806
2020-04-15,32676
2020-04-16,38186
2020-04-17,30421
2020-04-18,26625
2020-04-19,24231
2020-04-20,33620
2020-04-21,30931
2020-04-22,30543
2020-04-23,34574
2020-04-24,35321
2020-04-25,30468
2020-04-26,26438
2020-04-27,35843
2020-04-28,32424
2020-04-29,44879
2020-04-30,42034
2020-05-01,34995
2020-05-02,27669
2020-05-03,28462
2020-05-04,34576
2020-05-05,34056
2020-05-06,37141
2020-05-07,42582
2020-05-08,43212
2020-05-09,31235
2020-05-10,36442
2020-05-11,39125
2020-05-12,35579
2020-05-13,35432
2020-05-14,34660
2020-05-15,40412
2020-05-16,26360
2020-05-17,25520
2020-05-18,34971
2020-05-19,32906
2020-05-20,39526
2020-05-21,35584
2020-05-22,38833
2020-05-23,26367
2020-05-24,23561
2020-05-25,32149
2020-05-26,33197
2020-05-27,33481
2020-05-28,35247
2020-05-29,33868
2020-05-30,28265
2020-05-31,26766
2020-06-01,34133
2020-06-02,39875
2020-06-03,34047
2020-06-04,36036
2020-06-05,34605
2020-06-06,28285
2020-06-07,27266
2020-06-08,32531
2020-06-09,33366
2020-06-10,34294
2020-06-11,37388
2020-06-12,33501
2020-06-13,26616
2020-06-14,24507
2020-06-15,35186
2020-06-16,33413
2020-06-17,33722
2020-06-18,33172
2020-06-19,34868
2020-06-20,27290
2020-06-21,23749
2020-06-22,34971
2020-06-23,33259
2020-06-24,32203
2020-06-25,31984
2020-06-26,31864
2020-06-27,26902
2020-06-28,24257
2020-06-29,31804
2020-06-30,33542
2020-07-01,36552
2020-07-02,34500
2020-07-03,33012
2020-07-04,28389
2020-07-05,25671
2020-07-06,36251
2020-07-07,34824
2020-07-08,38109
2020-07-09,36335
2020-07-10,33266
2020-07-11,27374
2020-07-12,25207
2020-07-13,34884
2020-07-14,35440
2020-07-15,35254
2020-07-16,39390
2020-07-17,32920
2020-07-18,28188
2020-07-19,25290
2020-07-20,32150
2020-07-21,36812
2020-07-22,35438
2020-07-23,37287
2020-07-24,34246
2020-07-25,28682
2020-07-26,28458
2020-07-27,46156
2020-07-28,45555
2020-07-29,40107
2020-07-30,39733
2020-07-31,43568
2020-08-01,34266
2020-08-02,34322
2020-08-03,40339
2020-08-04,40668
2020-08-05,40254
2020-08-06,41983
2020-08-07,41730
2020-08-08,31429
2020-08-09,29655
2020-08-10,40306
2020-08-11,45042
2020-08-12,41441
2020-08-13,42381
2020-08-14,47288
2020-08-15,35685
2020-08-16,30754
2020-08-17,44951
2020-08-18,45678
2020-08-19,39870
2020-08-20,38933
2020-08-21,36736
2020-08-22,29788
2020-08-23,27303
2020-08-24,35918
2020-08-25,41392
2020-08-26,38974
2020-08-27,37950
2020-08-28,38083
2020-08-29,30479
2020-08-30,27921
2020-08-31,41532
2020-09-01,45680
2020-09-02,46238
2020-09-03,45790
2020-09-04,44935
2020-09-05,36035
2020-09-06,30571
2020-09-07,36569
2020-09-08,38423
2020-09-09,36702
2020-09-10,37914
2020-09-11,35529
2020-09-12,29897
2020-09-13,28216
2020-09-14,40354
2020-09-15,38759
2020-09-16,39494
2020-09-17,39361
2020-09-18,37115
2020-09-19,31138
2020-09-20,27080
2020-09-21,39697
2020-09-22,36662
2020-09-23,40166
2020-09-24,35785
2020-09-25,37647
2020-09-26,27927
2020-09-27,26713
2020-09-28,35362
2020-09-29,38458
2020-09-30,36838
2020-10-01,35469
2020-10-02,38803
2020-10-03,27704
2020-10-04,26141
2020-10-05,34010
2020-10-06,35782
2020-10-07,34840
2020-10-08,34311
2020-10-09,36834
2020-10-10,30600
2020-10-11,26874
2020-10-12,33617
2020-10-13,36962
2020-10-14,36082
2020-10-15,37303
2020-10-16,38152
2020-10-17,28151
2020-10-18,24534
2020-10-19,38696
2020-10-20,41498
2020-10-21,46174
2020-10-22,44849
2020-10-23,37351
2020-10-24,28495
2020-10-25,26341
2020-10-26,36641
2020-10-27,40287
2020-10-28,39137
2020-10-29,38792
2020-10-30,42970
2020-10-31,31264
2020-11-01,28377
2020-11-02,41205
2020-11-03,45342
2020-11-04,38911
2020-11-05,45597
2020-11-06,45066
2020-11-07,31765
2020-11-08,31201
2020-11-09,41719
2020-11-10,41291
2020-11-11,38300
2020-11-12,41322
2020-11-13,41985
2020-11-14,32143
2020-11-15,27622
2020-11-16,38622
2020-11-17,45696
