t,transactions_transfers_volume_from_exchanges_sum
2011-08-17,0.0
2011-08-18,0.48990826
2011-08-19,0.0
2011-08-20,8.07802889
2011-08-21,0.0
2011-08-22,0.49
2011-08-23,10.0
2011-08-24,0.0
2011-08-25,24.151
2011-08-26,0.0
2011-08-27,0.0
2011-08-28,0.0
2011-08-29,0.0
2011-08-30,0.0
2011-08-31,0.0
2011-09-01,0.0
2011-09-02,0.0
2011-09-03,0.0
2011-09-04,16.22671303
2011-09-05,0.0
2011-09-06,0.0
2011-09-07,0.0
2011-09-08,0.0
2011-09-09,0.0
2011-09-10,0.0
2011-09-11,0.0
2011-09-12,16.02
2011-09-13,0.0
2011-09-14,0.0
2011-09-15,0.0
2011-09-16,0.0
2011-09-17,0.0
2011-09-18,0.0
2011-09-19,0.0
2011-09-20,0.0
2011-09-21,2.3592
2011-09-22,0.0
2011-09-23,0.0
2011-09-24,0.0
2011-09-25,0.0
2011-09-26,0.0
2011-09-27,21.454545
2011-09-28,0.0
2011-09-29,0.0
2011-09-30,0.0
2011-10-01,0.0
2011-10-02,0.0
2011-10-03,0.0
2011-10-04,0.0
2011-10-05,0.0
2011-10-06,13.250501
2011-10-07,14.14
2011-10-08,0.0
2011-10-09,0.0
2011-10-10,132.5
2011-10-11,51.49
2011-10-12,0.0
2011-10-13,0.0
2011-10-14,0.0
2011-10-15,0.0
2011-10-16,0.0
2011-10-17,6.94
2011-10-18,0.0
2011-10-19,0.0
2011-10-20,0.0
2011-10-21,0.0
2011-10-22,0.0
2011-10-23,0.0
2011-10-24,0.0
2011-10-25,0.0
2011-10-26,18.0
2011-10-27,115.0
2011-10-28,0.0
2011-10-29,22.81004837
2011-10-30,0.0
2011-10-31,3.75
2011-11-01,0.0
2011-11-02,0.0
2011-11-03,0.0
2011-11-04,44.65422535
2011-11-05,44.194
2011-11-06,7.436
2011-11-07,0.12
2011-11-08,2.76
2011-11-09,0.0
2011-11-10,69.52165405
2011-11-11,0.0
2011-11-12,20.51
2011-11-13,0.0
2011-11-14,40.0
2011-11-15,22.33968562
2011-11-16,129.64031483
2011-11-17,1.0
2011-11-18,11.0
2011-11-19,0.0
2011-11-20,76.47710572
2011-11-21,68.02162355
2011-11-22,61.03367364
2011-11-23,0.0
2011-11-24,0.0
2011-11-25,208.01326599
2011-11-26,211.74825271
2011-11-27,20.0
2011-11-28,46.92668686
2011-11-29,267.01859167
2011-11-30,40.2995
2011-12-01,104.0
2011-12-02,12.8
2011-12-03,0.0
2011-12-04,14.54981925
2011-12-05,21.17619188
2011-12-06,60.92238382
2011-12-07,76.702178
2011-12-08,25.0
2011-12-09,5.06
2011-12-10,10.44102
2011-12-11,35.51309306
2011-12-12,55.529226
2011-12-13,49.10561798
2011-12-14,106.4834313
2011-12-15,74.18094083
2011-12-16,38.53405676
2011-12-17,0.0
2011-12-18,54.01921444
2011-12-19,104.14773869
2011-12-20,84.82843379
2011-12-21,106.77692178
2011-12-22,246.209422
2011-12-23,62.73333333
2011-12-24,0.0
2011-12-25,0.0
2011-12-26,31.97
2011-12-27,22.75075542
2011-12-28,40.8165766
2011-12-29,37.99423256
2011-12-30,7.25100598
2011-12-31,77.5
2012-01-01,1.53582331
2012-01-02,35.05
2012-01-03,68.5879017
2012-01-04,421.07925755
2012-01-05,55.75268565
2012-01-06,29.0
2012-01-07,3.0
2012-01-08,0.0
2012-01-09,43.9851158
2012-01-10,53.3695
2012-01-11,75.81734976
2012-01-12,129.1871308
2012-01-13,70.06843026
2012-01-14,0.0
2012-01-15,21.15
2012-01-16,22.12266086
2012-01-17,18.68
2012-01-18,163.15221003
2012-01-19,23.42
2012-01-20,6.8545736
2012-01-21,0.0
2012-01-22,0.97693163
2012-01-23,40.406
2012-01-24,35.90534351
2012-01-25,11.3
2012-01-26,404.44145896
2012-01-27,101.10062392
2012-01-28,0.0
2012-01-29,1.85484643
2012-01-30,29.85250987
2012-01-31,214.43445658
2012-02-01,21.12
2012-02-02,126.04967543
2012-02-03,567.05223998
2012-02-04,36.8049062
2012-02-05,49.51442458
2012-02-06,24.55517092
2012-02-07,40.33673664
2012-02-08,6.63
2012-02-09,78.12322113
2012-02-10,152.1124407
2012-02-11,544.8205122
2012-02-12,371.5246
2012-02-13,78.30565938
2012-02-14,405.44616836
2012-02-15,36.68382413
2012-02-16,122.22202344
2012-02-17,74.37025337
2012-02-18,84.21704653
2012-02-19,8.5368
2012-02-20,169.39541742
2012-02-21,387.70129374
2012-02-22,27.52073218
2012-02-23,355.2787424
2012-02-24,273.75594648
2012-02-25,224.57147181
2012-02-26,111.12556266
2012-02-27,1599.13751142
2012-02-28,243.49088806
2012-02-29,59.87975952
2012-03-01,61.89141317
2012-03-02,70.36790435
2012-03-03,32.75919975
2012-03-04,209.1919706
2012-03-05,1843.14443514
2012-03-06,1542.38954269
2012-03-07,268.94264682
2012-03-08,181.88441584
2012-03-09,1000.7149
2012-03-10,45.5
2012-03-11,165.34913298
2012-03-12,1146.34085073
2012-03-13,871.94337721
2012-03-14,895.17901493
2012-03-15,621.00628432
2012-03-16,2021.11225738
2012-03-17,160.3498091
2012-03-18,616.51772469
2012-03-19,48.57466888
2012-03-20,221.88096519
2012-03-21,9.32862903
2012-03-22,1622.36136659
2012-03-23,337.61469063
2012-03-24,18.51183229
2012-03-25,204.20661157
2012-03-26,23.08081415
2012-03-27,306.92968789
2012-03-28,2116.2022559
2012-03-29,31.91899543
2012-03-30,68.7935174
2012-03-31,252.9731
2012-04-01,90.91779628
2012-04-02,1974.07194832
2012-04-03,340.21379207
2012-04-04,270.24179179
2012-04-05,299.68110793
2012-04-06,2030.4659696
2012-04-07,97.32161417
2012-04-08,258.37079506
2012-04-09,60.69992561
2012-04-10,181.96516102
2012-04-11,338.83300395
2012-04-12,420.05730628
2012-04-13,657.7982271
2012-04-14,3436.34592514
2012-04-15,0.0
2012-04-16,3047.04879517
2012-04-17,2721.37793539
2012-04-18,667.7548593
2012-04-19,904.16864
2012-04-20,1101.2232
2012-04-21,231.53075385
2012-04-22,60.50274951
2012-04-23,1326.78738108
2012-04-24,2929.68730709
2012-04-25,805.70722549
2012-04-26,713.20785831
2012-04-27,698.4278
2012-04-28,52.16489785
2012-04-29,504.4427909
2012-04-30,286.8513468
2012-05-01,2333.94957045
2012-05-02,159.15083025
2012-05-03,570.06134303
2012-05-04,868.94706332
2012-05-05,2078.51503139
2012-05-06,770.06363624
2012-05-07,1328.56099361
2012-05-08,1099.21669782
2012-05-09,360.1514243
2012-05-10,2306.354
2012-05-11,659.64246103
2012-05-12,274.0035
2012-05-13,786.50251601
2012-05-14,834.02497385
2012-05-15,504.96410177
2012-05-16,791.02728623
2012-05-17,568.42994528
2012-05-18,2408.20277592
2012-05-19,274.166
2012-05-20,1865.68806794
2012-05-21,1311.17966784
2012-05-22,921.55778605
2012-05-23,836.15623332
2012-05-24,593.08183884
2012-05-25,191.69144516
2012-05-26,2934.99598565
2012-05-27,911.8587
2012-05-28,30.91258394
2012-05-29,3015.42234603
2012-05-30,4892.29933301
2012-05-31,432.86568505
2012-06-01,711.88183842
2012-06-02,82.1618197
2012-06-03,190.0106
2012-06-04,2179.09112889
2012-06-05,2064.16921572
2012-06-06,2333.2117509
2012-06-07,1613.09465497
2012-06-08,5104.80538422
2012-06-09,3743.87874776
2012-06-10,612.37341846
2012-06-11,3874.51170842
2012-06-12,8143.00640231
2012-06-13,11627.62062098
2012-06-14,12777.98754451
2012-06-15,2265.55489351
2012-06-16,805.87235579
2012-06-17,3016.01864344
2012-06-18,2008.50828326
2012-06-19,1438.87158267
2012-06-20,3304.62111474
2012-06-21,782.507
2012-06-22,16280.81345017
2012-06-23,782.61351116
2012-06-24,673.86898936
2012-06-25,1932.63021572
2012-06-26,15597.46222997
2012-06-27,14130.63622969
2012-06-28,3873.19042291
2012-06-29,1459.20122288
2012-06-30,115.77490222
2012-07-01,205.08504257
2012-07-02,12870.7840896
2012-07-03,2847.09916134
2012-07-04,5243.98051111
2012-07-05,1854.153918
2012-07-06,1612.74778647
2012-07-07,1649.45688492
2012-07-08,1379.97078687
2012-07-09,1162.99375405
2012-07-10,1476.14871104
2012-07-11,611.71494913
2012-07-12,1349.49404728
2012-07-13,2017.05241929
2012-07-14,1511.55735473
2012-07-15,257.39137045
2012-07-16,6165.3679952
2012-07-17,5565.27116707
2012-07-18,2346.41240829
2012-07-19,1201.89294009
2012-07-20,7019.81087921
2012-07-21,1491.06447511
2012-07-22,642.22196016
2012-07-23,1856.35171736
2012-07-24,1036.65701518
2012-07-25,8330.41346009
2012-07-26,520.48331645
2012-07-27,4053.07773169
2012-07-28,695.86680992
2012-07-29,708.38255376
2012-07-30,3039.37208065
2012-07-31,4339.56363263
2012-08-01,1536.8836183
2012-08-02,3275.47487501
2012-08-03,933.20810331
2012-08-04,415.20213211
2012-08-05,8480.09301974
2012-08-06,1733.32189881
2012-08-07,508.12573254
2012-08-08,2146.78672787
2012-08-09,1792.37733998
2012-08-10,3364.03318389
2012-08-11,1720.96365103
2012-08-12,538.72787238
2012-08-13,2172.6501015
2012-08-14,1126.04192338
2012-08-15,949.64816206
2012-08-16,1986.91275776
2012-08-17,4284.56787031
2012-08-18,6529.53554946
2012-08-19,1271.52501245
2012-08-20,2724.01692518
2012-08-21,1452.75582893
2012-08-22,4461.51676041
2012-08-23,2244.37808285
2012-08-24,2902.33835533
2012-08-25,1157.63480178
2012-08-26,1316.47491582
2012-08-27,2495.09012885
2012-08-28,3764.0481478
2012-08-29,25641.8016344
2012-08-30,1266.06275744
2012-08-31,1463.68047044
2012-09-01,733.62271688
2012-09-02,1351.25164539
2012-09-03,490.31462221
2012-09-04,3264.68196804
2012-09-05,2905.48524671
2012-09-06,2516.8642837
2012-09-07,863.51621418
2012-09-08,3982.9961637
2012-09-09,1801.87070092
2012-09-10,638.63793624
2012-09-11,4552.16529151
2012-09-12,1361.74256154
2012-09-13,1694.40673168
2012-09-14,2216.12447542
2012-09-15,459.24914319
2012-09-16,1411.83000882
2012-09-17,640.23995686
2012-09-18,3221.0671623
2012-09-19,1610.53509695
2012-09-20,1521.64118789
2012-09-21,7290.13725966
2012-09-22,788.83361473
2012-09-23,847.13351726
2012-09-24,3268.57654943
2012-09-25,2249.46468709
2012-09-26,2257.3474404
2012-09-27,2878.63470422
2012-09-28,2793.90750267
2012-09-29,438.45157213
2012-09-30,394.249024
2012-10-01,1743.48846754
2012-10-02,2201.19951226775
2012-10-03,5984.51059442
2012-10-04,4344.94722793
2012-10-05,5557.85684751
2012-10-06,1286.89343355
2012-10-07,2872.94696962
2012-10-08,8730.67293685
2012-10-09,1439.58282362
2012-10-10,2072.11017425
2012-10-11,2077.30247069
2012-10-12,773.83749591
2012-10-13,783.48580099
2012-10-14,278.76954983
2012-10-15,3595.96925722
2012-10-16,1462.06919268
2012-10-17,3087.65886397
2012-10-18,1116.94911928
2012-10-19,3517.82405106
2012-10-20,784.5525
2012-10-21,1042.5712672
2012-10-22,3179.6657557
2012-10-23,4797.29986654
2012-10-24,5438.74228391
2012-10-25,6101.13329139
2012-10-26,9266.43220495
2012-10-27,983.02282217
2012-10-28,5908.19273941
2012-10-29,1635.67438186
2012-10-30,2223.36439499
2012-10-31,2201.33993754
2012-11-01,2709.13809234
2012-11-02,1586.47074742
2012-11-03,1804.16143989
2012-11-04,2129.66259633
2012-11-05,8226.53937652
2012-11-06,2300.58244186
2012-11-07,2598.3448252
2012-11-08,13364.49517926
2012-11-09,2298.35088633
2012-11-10,3060.17366048
2012-11-11,299.37006986
2012-11-12,1226.03076523
2012-11-13,2123.2346519
2012-11-14,1428.96624168
2012-11-15,2235.94136364
2012-11-16,8254.42464931
2012-11-17,688.88301094
2012-11-18,947.16485928
2012-11-19,4905.36961435
2012-11-20,5748.01555841
2012-11-21,1752.35865015
2012-11-22,10573.79455132
2012-11-23,4170.27664187
2012-11-24,2724.19422218
2012-11-25,1271.42024143
2012-11-26,3813.00620468
2012-11-27,2729.89801577
2012-11-28,3495.09835066
2012-11-29,2801.03868896
2012-11-30,5148.34743458
2012-12-01,1615.98667052
2012-12-02,1361.02770362
2012-12-03,2790.95633742
2012-12-04,8045.95747535
2012-12-05,8653.6865349
2012-12-06,4489.53384967
2012-12-07,3007.89657143
2012-12-08,1183.31880222
2012-12-09,656.17182041
2012-12-10,4314.76390292
2012-12-11,3529.57079825
2012-12-12,2647.10508458
2012-12-13,3646.98293753
2012-12-14,4195.09250575
2012-12-15,1335.83843316
2012-12-16,2100.54897652
2012-12-17,6159.98133977
2012-12-18,4394.94351569
2012-12-19,2326.83329131
2012-12-20,2052.23773392
2012-12-21,1496.70555261
2012-12-22,1915.75097348
2012-12-23,404.95166835
2012-12-24,1575.96601364
2012-12-25,758.77325179
2012-12-26,5252.01393371
2012-12-27,4118.22154557
2012-12-28,4571.08135833
2012-12-29,888.88194324
2012-12-30,496.8090567
2012-12-31,1178.88774923
2013-01-01,1943.88805381
2013-01-02,2665.9540267
2013-01-03,2271.75454078
2013-01-04,3123.31700937
2013-01-05,1774.83929958
2013-01-06,452.21056819
2013-01-07,5419.55506905
2013-01-08,7217.76003532
2013-01-09,1697.8677458
2013-01-10,2473.07356346
2013-01-11,3216.63943013
2013-01-12,1920.67591882
2013-01-13,1360.54092495
2013-01-14,5292.36797464
2013-01-15,4831.06799596
2013-01-16,8667.64626286
2013-01-17,2555.14110376
2013-01-18,5522.29465281817
2013-01-19,2103.42943992
2013-01-20,1352.27787159
2013-01-21,3787.86819945
2013-01-22,2272.52613601
2013-01-23,5668.30322031
2013-01-24,5546.40054967
2013-01-25,7504.70716957
2013-01-26,2375.55507115313
2013-01-27,3246.44991093
2013-01-28,3204.74354312
2013-01-29,5133.00852163
2013-01-30,5264.88315518
2013-01-31,2317.70572918
2013-02-01,3400.56644934733
2013-02-02,5035.29513623
2013-02-03,3051.56300382
2013-02-04,2139.76176734
2013-02-05,3160.76961027
2013-02-06,8248.88603555
2013-02-07,1561.72229632095
2013-02-08,5888.32730214
2013-02-09,1287.16531009
2013-02-10,2339.76610456
2013-02-11,3352.36893741164
2013-02-12,4008.28170274
2013-02-13,3285.12160866
2013-02-14,6671.55667357
2013-02-15,2695.10423266
2013-02-16,3349.63998775
2013-02-17,3633.50979575
2013-02-18,2565.80695047
2013-02-19,6425.18380959
2013-02-20,4676.31507928
2013-02-21,2023.64329131
2013-02-22,11952.8626785656
2013-02-23,1687.28616437471
2013-02-24,2250.98801760367
2013-02-25,1377.52367286
2013-02-26,4448.89518959476
2013-02-27,2533.0181891
2013-02-28,5788.71604085936
2013-03-01,1895.68194176102
2013-03-02,782.72289505
2013-03-03,11241.4814650285
2013-03-04,6749.18386520078
2013-03-05,6601.76198769716
2013-03-06,3422.10676941
2013-03-07,5819.83841930572
2013-03-08,6422.53838459
2013-03-09,2807.0644284
2013-03-10,3469.86609177613
2013-03-11,8207.39569506262
2013-03-12,5054.82085761116
2013-03-13,4004.80789905
2013-03-14,2086.79073535086
2013-03-15,1488.01580035282
2013-03-16,2013.26561655563
2013-03-17,868.810825428454
2013-03-18,2289.43050575
2013-03-19,3497.16758858
2013-03-20,5353.08802300833
2013-03-21,7595.13221329
2013-03-22,5523.43992120306
2013-03-23,6697.84577123968
2013-03-24,2946.45315022975
2013-03-25,5768.88863621956
2013-03-26,3642.9039116
2013-03-27,9738.38783190573
2013-03-28,4075.93453667705
2013-03-29,3922.37571002
2013-03-30,2854.13344198579
2013-03-31,3535.84591263
2013-04-01,3310.81823817814
2013-04-02,8216.52549649462
2013-04-03,5537.39606102
2013-04-04,4806.77835128382
2013-04-05,3587.31910706968
2013-04-06,2176.08257634803
2013-04-07,2190.97098181427
2013-04-08,3522.04196426267
2013-04-09,8235.74593810537
2013-04-10,9380.04938361911
2013-04-11,27139.57958811
2013-04-12,19230.9629137525
2013-04-13,7887.89326243498
2013-04-14,3001.31335939299
2013-04-15,9687.68835615968
2013-04-16,9942.45844305966
2013-04-17,14255.3828017936
2013-04-18,5644.00264651074
2013-04-19,6256.33459686853
2013-04-20,9435.9209569817
2013-04-21,7208.89683219107
2013-04-22,4630.5722357673
2013-04-23,5398.78428711192
2013-04-24,6631.73048328386
2013-04-25,4120.62062592736
2013-04-26,3754.79499344831
2013-04-27,8705.6341605487
2013-04-28,3102.13321993639
2013-04-29,4044.3298916577
2013-04-30,3855.84313861
2013-05-01,10344.6274679526
2013-05-02,9087.49865671403
2013-05-03,11140.6794768809
2013-05-04,5364.50868369432
2013-05-05,1933.73786193545
2013-05-06,8383.51136930843
2013-05-07,7448.51452421
2013-05-08,4643.88423604044
2013-05-09,5639.45023822288
2013-05-10,7129.31619878267
2013-05-11,2755.35059225948
2013-05-12,3399.89720944484
2013-05-13,2718.67925589813
2013-05-14,6399.68081471564
2013-05-15,6217.59751261825
2013-05-16,9054.15024630853
2013-05-17,4312.84044913048
2013-05-18,4519.78650254984
2013-05-19,3957.15532184054
2013-05-20,2971.91946760539
2013-05-21,3778.19352531275
2013-05-22,5420.76592609108
2013-05-23,8252.52829578561
2013-05-24,17575.6165998063
2013-05-25,2211.43566827428
2013-05-26,1502.88414360467
2013-05-27,3978.89003095787
2013-05-28,5243.56215994951
2013-05-29,3738.71645758514
2013-05-30,6416.44059358349
2013-05-31,8839.68016770385
2013-06-01,3036.95479345412
2013-06-02,10889.7396653797
2013-06-03,7832.51209375012
2013-06-04,7572.15332068144
2013-06-05,3149.65498541631
2013-06-06,4792.10557456234
2013-06-07,10849.8930737308
2013-06-08,4971.89955933862
2013-06-09,11517.5372829981
2013-06-10,8768.36280535714
2013-06-11,4663.7984702061
2013-06-12,4288.97608426455
2013-06-13,12074.9613327648
2013-06-14,4574.17721145523
2013-06-15,2428.83920603973
2013-06-16,2730.73835026715
2013-06-17,3630.99566134267
2013-06-18,3729.89924448917
2013-06-19,2979.73522337424
2013-06-20,6045.22491359612
2013-06-21,34903.3656487679
2013-06-22,6719.86036625307
2013-06-23,2001.27510204564
2013-06-24,8983.08504385746
2013-06-25,10778.1733599745
2013-06-26,3034.34679960349
2013-06-27,6442.71567388284
2013-06-28,13930.6470289529
2013-06-29,2629.28569633531
2013-06-30,4622.80408423151
2013-07-01,17093.6507249371
2013-07-02,10192.8853494111
2013-07-03,12565.4249348203
2013-07-04,13322.2372319233
2013-07-05,14813.5834919933
2013-07-06,9744.82574179486
2013-07-07,2846.97892097039
2013-07-08,7716.86334744266
2013-07-09,12154.6841973978
2013-07-10,14036.0602817825
2013-07-11,9672.25187300802
2013-07-12,11689.8562674809
2013-07-13,4292.34098307527
2013-07-14,7538.68862409615
2013-07-15,8938.61188213536
2013-07-16,7765.47471736007
2013-07-17,8442.30210367891
2013-07-18,38059.7726651991
2013-07-19,11662.5011701316
2013-07-20,4987.10690950556
2013-07-21,4572.51791690696
2013-07-22,10318.3410437066
2013-07-23,5347.79534546814
2013-07-24,8937.16427506012
2013-07-25,6498.32334202516
2013-07-26,5760.87165723066
2013-07-27,5315.78926582289
2013-07-28,8299.61994343034
2013-07-29,13757.8722763144
2013-07-30,7970.00698848935
2013-07-31,10770.3342100163
2013-08-01,5915.48079121952
2013-08-02,10737.1249757915
2013-08-03,4539.16742989244
2013-08-04,1738.71652558411
2013-08-05,13354.7671377117
2013-08-06,7114.21141557813
2013-08-07,9221.79422591625
2013-08-08,13195.794576702
2013-08-09,8065.15545760906
2013-08-10,4351.00247940144
2013-08-11,3666.97120177447
2013-08-12,4200.44146621306
2013-08-13,9354.00503358698
2013-08-14,7450.48314459206
2013-08-15,10317.1065830029
2013-08-16,8742.87681449345
2013-08-17,34231.9061350634
2013-08-18,4896.76834751481
2013-08-19,11692.4600142319
2013-08-20,12748.7220257685
2013-08-21,19085.4656567764
2013-08-22,17708.1781624203
2013-08-23,16752.9063465717
2013-08-24,2677.63265094229
2013-08-25,7082.35308350809
2013-08-26,11731.6204219584
2013-08-27,12692.1679963087
2013-08-28,9470.85198546819
2013-08-29,10061.9788706868
2013-08-30,8598.78474407174
2013-08-31,7660.75151326098
2013-09-01,2760.35637736785
2013-09-02,6374.23696148653
2013-09-03,13346.421171281
2013-09-04,15228.6408325727
2013-09-05,10333.9712359825
2013-09-06,7961.86829263858
2013-09-07,7761.7652772091
2013-09-08,3432.54363271262
2013-09-09,7513.1407163267
2013-09-10,11664.2807368047
2013-09-11,8836.15299704082
2013-09-12,9564.78471006255
2013-09-13,10219.2052325445
2013-09-14,7534.35016417949
2013-09-15,3294.78116497441
2013-09-16,8029.8371557324
2013-09-17,9259.7681691127
2013-09-18,7941.98294463177
2013-09-19,7000.36504518305
2013-09-20,10860.2706802177
2013-09-21,4103.89787882572
2013-09-22,2790.70946891588
2013-09-23,8910.94876562233
2013-09-24,6312.38076673226
2013-09-25,9895.05880521939
2013-09-26,6862.78016457795
2013-09-27,12660.4635400253
2013-09-28,11260.3700612175
2013-09-29,5365.3861961614
2013-09-30,9545.09928814291
2013-10-01,27521.3895941432
2013-10-02,43744.3949215314
2013-10-03,17630.541206453
2013-10-04,11657.7020611531
2013-10-05,5257.9219679021
2013-10-06,7107.47643574651
2013-10-07,6711.32948093994
2013-10-08,10646.2642584023
2013-10-09,15403.1849457473
2013-10-10,13895.6558180962
2013-10-11,7080.77326337308
2013-10-12,9840.02325909267
2013-10-13,7491.13736587878
2013-10-14,23690.9878509915
2013-10-15,11954.1132086147
2013-10-16,16660.2659783266
2013-10-17,11614.8798624563
2013-10-18,13485.8691532076
2013-10-19,13383.6158455165
2013-10-20,9476.97028757254
2013-10-21,22081.5491962865
2013-10-22,22888.9278986401
2013-10-23,19651.1868169093
2013-10-24,29700.6768913792
2013-10-25,9782.25527430653
2013-10-26,7591.06596034952
2013-10-27,7356.63618410212
2013-10-28,8597.72375726581
2013-10-29,13910.1465258831
2013-10-30,11516.8782811577
2013-10-31,14585.1800093806
2013-11-01,4066.82416616542
2013-11-02,3759.02979942757
2013-11-03,5105.09406868083
2013-11-04,29377.4815987901
2013-11-05,31086.2025008903
2013-11-06,19613.4885513529
2013-11-07,30511.22912207
2013-11-08,25916.4086728433
2013-11-09,23686.1788447189
2013-11-10,12685.6057227976
2013-11-11,16012.3305699764
2013-11-12,27306.7274502955
2013-11-13,37213.3624549586
2013-11-14,20063.2839105227
2013-11-15,17040.9577083925
2013-11-16,11292.5480469829
2013-11-17,13350.6071834878
2013-11-18,30854.2106642961
2013-11-19,30837.0038388256
2013-11-20,36308.3906438176
2013-11-21,25298.460844972
2013-11-22,32419.9713860621
2013-11-23,13442.9771846773
2013-11-24,12527.4834270386
2013-11-25,18959.7320810036
2013-11-26,23008.1249528924
2013-11-27,22202.5396906405
2013-11-28,35255.9477236876
2013-11-29,70004.0252060288
2013-11-30,16341.3961969875
2013-12-01,19291.0743472364
2013-12-02,20434.6589782707
2013-12-03,9075.05138148895
2013-12-04,24088.4909743704
2013-12-05,20888.9440162613
2013-12-06,26386.0219559774
2013-12-07,22863.4977795569
2013-12-08,9454.32850027867
2013-12-09,13481.200884337
2013-12-10,10069.8463591101
2013-12-11,9480.30554873123
2013-12-12,10696.6469568246
2013-12-13,8261.53979873963
2013-12-14,9653.37859458595
2013-12-15,8490.96744703519
2013-12-16,15684.3802639185
2013-12-17,11923.2033413856
2013-12-18,32686.378371796
2013-12-19,21357.1997217552
2013-12-20,14629.8045763311
2013-12-21,11234.619369627
2013-12-22,35542.0687593602
2013-12-23,17965.8142356714
2013-12-24,25798.5144657887
2013-12-25,19920.7828422632
2013-12-26,12407.2239265111
2013-12-27,10882.1255254831
2013-12-28,5501.7304886957
2013-12-29,4236.74733921826
2013-12-30,16685.9076643977
2013-12-31,6381.67132660396
2014-01-01,5782.65578494109
2014-01-02,7530.03120124014
2014-01-03,14019.8228404387
2014-01-04,7156.31760504766
2014-01-05,25226.2163917732
2014-01-06,9387.76066744676
2014-01-07,16879.5145030618
2014-01-08,10962.2261562197
2014-01-09,11308.2568412651
2014-01-10,5697.99677749002
2014-01-11,7210.89555045719
2014-01-12,8024.50152407648
2014-01-13,20852.6994319784
2014-01-14,7005.3353155492
2014-01-15,9122.01017952862
2014-01-16,8272.68819241739
2014-01-17,8673.84321697388
2014-01-18,4656.3403068941
2014-01-19,8384.31426803939
2014-01-20,10494.9010553773
2014-01-21,11766.6654561081
2014-01-22,7322.53035039218
2014-01-23,4772.06388385167
2014-01-24,6490.2647581903
2014-01-25,5681.2409932175
2014-01-26,7871.5120243781
2014-01-27,20657.1025371525
2014-01-28,10753.6587220582
2014-01-29,9925.56831797331
2014-01-30,5901.60500617657
2014-01-31,6458.89186483404
2014-02-01,3959.18408058087
2014-02-02,8185.85994685892
2014-02-03,4756.91642242225
2014-02-04,5438.75677848279
2014-02-05,6270.04250028462
2014-02-06,9288.63055521207
2014-02-07,35852.8549932808
2014-02-08,10693.6151346645
2014-02-09,9555.50049058897
2014-02-10,29848.3868425044
2014-02-11,9948.44902932526
2014-02-12,6398.55739020073
2014-02-13,4707.17039388818
2014-02-14,14800.6460003148
2014-02-15,19775.5633502393
2014-02-16,20648.5786718441
2014-02-17,16183.6442418822
2014-02-18,13514.9416039614
2014-02-19,9385.34957936169
2014-02-20,19082.5606804336
2014-02-21,14657.5077445685
2014-02-22,14524.1838007643
2014-02-23,12967.9677088895
2014-02-24,27804.2745517934
2014-02-25,43532.1702975598
2014-02-26,25868.1692962269
2014-02-27,18391.5347281498
2014-02-28,11136.5098245145
2014-03-01,8275.67082129579
2014-03-02,7487.40865474102
2014-03-03,29915.1752473078
2014-03-04,32222.8723496686
2014-03-05,13682.8275907959
2014-03-06,22697.675334415
2014-03-07,10874.3556408402
2014-03-08,10197.0920915373
2014-03-09,9587.739737478
2014-03-10,13497.0802529112
2014-03-11,8029.82603136499
2014-03-12,21965.4450195063
2014-03-13,12547.6311519455
2014-03-14,7488.80647617156
2014-03-15,6783.42659939711
2014-03-16,4546.94162903902
2014-03-17,12222.7808266604
2014-03-18,17959.0622659074
2014-03-19,19292.4592648263
2014-03-20,12486.8072040221
2014-03-21,19087.6231560501
2014-03-22,10000.4420541108
2014-03-23,7157.79176426492
2014-03-24,11330.9572526476
2014-03-25,16978.3241048147
2014-03-26,18722.2587310677
2014-03-27,45011.7355827302
2014-03-28,43175.9054460635
2014-03-29,10053.5265451234
2014-03-30,27003.4927550244
2014-03-31,21278.5599402588
2014-04-01,12930.5480821971
2014-04-02,22643.3873652182
2014-04-03,19783.6225877798
2014-04-04,22454.8274508762
2014-04-05,24651.792357489
2014-04-06,12833.2805650149
2014-04-07,8306.68643953731
2014-04-08,7988.88259942794
2014-04-09,13752.8676086488
2014-04-10,31567.3352990161
2014-04-11,26744.6745538841
2014-04-12,9490.48392441358
2014-04-13,7379.97326682387
2014-04-14,15175.6568234317
2014-04-15,20366.2827136689
2014-04-16,14803.6555386678
2014-04-17,29374.9904474123
2014-04-18,15567.0786361183
2014-04-19,7356.28173670161
2014-04-20,6612.23050200947
2014-04-21,14075.7557979897
2014-04-22,24416.4504464466
2014-04-23,9655.474904778
2014-04-24,11685.5905245669
2014-04-25,21823.9236838068
2014-04-26,11561.7154818112
2014-04-27,11489.2773948298
2014-04-28,23953.8693568606
2014-04-29,22919.8160069005
2014-04-30,9898.77444966421
2014-05-01,10707.3969389163
2014-05-02,14928.0827391997
2014-05-03,7768.92919983919
2014-05-04,9542.62110021207
2014-05-05,9007.37104095457
2014-05-06,9158.31282965473
2014-05-07,14393.0949193929
2014-05-08,13869.7739247405
2014-05-09,8276.89802529556
2014-05-10,8283.95999676302
2014-05-11,11754.4293538722
2014-05-12,9519.38670411717
2014-05-13,11137.6053085103
2014-05-14,16925.9313885082
2014-05-15,11668.650073045
2014-05-16,10489.2051557106
2014-05-17,3156.23152166194
2014-05-18,6048.61001286649
2014-05-19,10501.2546415674
2014-05-20,22091.6263272058
2014-05-21,7590.93283765186
2014-05-22,17215.0281906897
2014-05-23,26932.3993528653
2014-05-24,10091.7641311685
2014-05-25,16745.7857811235
2014-05-26,11568.631734489
2014-05-27,14519.7178158667
2014-05-28,11554.1410173297
2014-05-29,10057.8046240451
2014-05-30,15454.4977488365
2014-05-31,17876.2922644176
2014-06-01,19144.2026044677
2014-06-02,17328.4521975366
2014-06-03,13049.1599531236
2014-06-04,20320.3326317144
2014-06-05,18872.3662015996
2014-06-06,8083.37366255117
2014-06-07,11774.9372511308
2014-06-08,4794.95434453175
2014-06-09,10943.7837570314
2014-06-10,10948.9581001714
2014-06-11,8162.322405178
2014-06-12,25698.9436175307
2014-06-13,15366.9234447813
2014-06-14,16664.212025548
2014-06-15,7021.95759326594
2014-06-16,11761.8002330315
2014-06-17,12312.0556250989
2014-06-18,13190.0779369552
2014-06-19,7894.61907051893
2014-06-20,9423.01891788154
2014-06-21,6708.56895480251
2014-06-22,6142.41909780913
2014-06-23,12261.5276085148
2014-06-24,6203.94997669358
2014-06-25,9408.25801537308
2014-06-26,10093.548093593
2014-06-27,7137.93739286256
2014-06-28,5664.99014101007
2014-06-29,5062.11353743181
2014-06-30,18029.0761777753
2014-07-01,17676.5572048271
2014-07-02,15748.6278896871
2014-07-03,29752.1919324236
2014-07-04,8701.54981488081
2014-07-05,4337.70444372339
2014-07-06,4787.64446663163
2014-07-07,30825.6320334453
2014-07-08,5959.39905173932
2014-07-09,7987.49677156965
2014-07-10,10689.0710567938
2014-07-11,7378.46091734389
2014-07-12,11248.8569865415
2014-07-13,5830.75484072641
2014-07-14,12310.8608660576
2014-07-15,9472.9270914267
2014-07-16,10107.2944956734
2014-07-17,10260.4922478671
2014-07-18,9557.02080212708
2014-07-19,8711.20498154534
2014-07-20,5030.39617421645
2014-07-21,9895.93122260039
2014-07-22,12392.950188768
2014-07-23,9562.01291370464
2014-07-24,16654.7839491921
2014-07-25,11066.0189518533
2014-07-26,6669.83526070952
2014-07-27,4778.0469689279
2014-07-28,14044.0235989057
2014-07-29,6842.37832766343
2014-07-30,9581.20482675856
2014-07-31,10636.534794944
2014-08-01,13616.7554258093
2014-08-02,10242.8622485252
2014-08-03,5845.27626255957
2014-08-04,12168.0604255764
2014-08-05,18192.7014395154
2014-08-06,11478.2700944818
2014-08-07,10089.4585597013
2014-08-08,9341.02900401353
2014-08-09,3000.35380022815
2014-08-10,8031.32795572919
2014-08-11,13310.8784529295
2014-08-12,13318.7517481769
2014-08-13,25730.4106882317
2014-08-14,39746.0788677204
2014-08-15,23929.1452780812
2014-08-16,23974.3899204399
2014-08-17,16086.1221011884
2014-08-18,44717.3579304589
2014-08-19,18191.16050709
2014-08-20,22368.4436693532
2014-08-21,11639.9212703525
2014-08-22,21479.6939029579
2014-08-23,6756.24887273928
2014-08-24,7728.69178754396
2014-08-25,26160.2557130028
2014-08-26,12217.4125716219
2014-08-27,21716.7188857137
2014-08-28,19978.9190433936
2014-08-29,13391.0209632989
2014-08-30,6720.46350433736
2014-08-31,15542.367743851
2014-09-01,18678.8637953013
2014-09-02,15364.2083274996
2014-09-03,10408.1359423478
2014-09-04,12597.0215614255
2014-09-05,7202.09161601066
2014-09-06,6009.91376127002
2014-09-07,8610.16804841681
2014-09-08,11798.7576825732
2014-09-09,16873.5786773934
2014-09-10,17025.2007789815
2014-09-11,13504.0364991698
2014-09-12,12678.0684905904
2014-09-13,7427.82163197034
2014-09-14,11851.3993575194
2014-09-15,12118.0356735358
2014-09-16,10593.20358392
2014-09-17,13279.2937089869
2014-09-18,23341.0448249207
2014-09-19,34846.2951934614
2014-09-20,16772.0460610971
2014-09-21,23671.3004495416
2014-09-22,14042.5771746994
2014-09-23,21553.2199194613
2014-09-24,24933.3599143562
2014-09-25,22451.8812346323
2014-09-26,14441.1087411429
2014-09-27,14245.4972610684
2014-09-28,19980.8668700495
2014-09-29,26665.6116941222
2014-09-30,20016.6647470941
2014-10-01,15956.4945545638
2014-10-02,12069.3908749368
2014-10-03,36481.6694952536
2014-10-04,29214.3910756456
2014-10-05,72789.190867759
2014-10-06,55318.8329813766
2014-10-07,33923.850158807
2014-10-08,46331.4060572241
2014-10-09,49557.2016592788
2014-10-10,45513.9452664729
2014-10-11,14216.4079122681
2014-10-12,12609.6301763381
2014-10-13,36039.7808693788
2014-10-14,37147.4360052047
2014-10-15,21473.278494967
2014-10-16,15567.9173398054
2014-10-17,18568.0548234531
2014-10-18,20912.0616809748
2014-10-19,9965.49357646809
2014-10-20,17145.5156668118
2014-10-21,12939.3254671045
2014-10-22,14178.3124007523
2014-10-23,32554.1818433934
2014-10-24,18460.3368943745
2014-10-25,12834.7471564723
2014-10-26,15621.5930034505
2014-10-27,17107.501572839
2014-10-28,16327.2228415967
2014-10-29,25027.5236149476
2014-10-30,20915.2729855343
2014-10-31,16807.5477714812
2014-11-01,20315.6538942882
2014-11-02,14436.8896613215
2014-11-03,18196.1541134626
2014-11-04,37663.7531786953
2014-11-05,31712.1290534741
2014-11-06,21068.1278953236
2014-11-07,31260.6688332784
2014-11-08,12884.772577079
2014-11-09,12537.103036082
2014-11-10,29798.7611798512
2014-11-11,18931.0887296528
2014-11-12,48959.8976385385
2014-11-13,153064.058552167
2014-11-14,29850.6800394783
2014-11-15,31223.9433786851
2014-11-16,14013.9630630953
2014-11-17,45420.4487095344
2014-11-18,36839.9159433
2014-11-19,18566.0293835981
2014-11-20,44371.0523024488
2014-11-21,26525.850532002
2014-11-22,15973.9996972083
2014-11-23,14686.9700048842
2014-11-24,27006.5342277844
2014-11-25,45341.3166741758
2014-11-26,16850.2731636164
2014-11-27,17942.3124975994
2014-11-28,27308.9047104288
2014-11-29,12181.4157510523
2014-11-30,9312.36287285497
2014-12-01,18073.6120938495
2014-12-02,16402.5016848423
2014-12-03,28550.1601602049
2014-12-04,46098.5236893209
2014-12-05,55465.2931315483
2014-12-06,54428.1190169951
2014-12-07,9295.64811821864
2014-12-08,24721.7658165729
2014-12-09,37306.8048805407
2014-12-10,23586.6987269143
2014-12-11,25722.0858984172
2014-12-12,19773.0165332382
2014-12-13,20289.1444841752
2014-12-14,9870.97453351926
2014-12-15,16975.1425861968
2014-12-16,27755.0471973304
2014-12-17,45051.1764953125
2014-12-18,45904.3497003271
2014-12-19,22503.4541608026
2014-12-20,23247.4245750337
2014-12-21,9186.03797256881
2014-12-22,34467.6313541663
2014-12-23,30713.9872616387
2014-12-24,18620.4212861805
2014-12-25,15747.8834010436
2014-12-26,15166.5518058457
2014-12-27,18653.2980771652
2014-12-28,13512.0128254111
2014-12-29,24597.3377176499
2014-12-30,17998.0891650236
2014-12-31,22635.5554617342
2015-01-01,10947.3964038022
2015-01-02,16824.8764050212
2015-01-03,28254.1157245745
2015-01-04,52885.3239865475
2015-01-05,41781.1680517926
2015-01-06,41941.5401993486
2015-01-07,38942.7215921076
2015-01-08,28501.5392020775
2015-01-09,78058.8729278031
2015-01-10,72076.1273748532
2015-01-11,51252.563301947
2015-01-12,45258.5273069303
2015-01-13,89651.8186739323
2015-01-14,154933.429909547
2015-01-15,85303.2877786456
2015-01-16,66374.5536909356
2015-01-17,39446.9936129756
2015-01-18,32400.260923008
2015-01-19,29166.6475607469
2015-01-20,41173.0272085493
2015-01-21,66767.490680711
2015-01-22,54984.4791208214
2015-01-23,50049.728035331
2015-01-24,32405.1200732459
2015-01-25,33283.6601866433
2015-01-26,76875.1510502368
2015-01-27,56734.2515762397
2015-01-28,53321.0372127942
2015-01-29,45364.1304499987
2015-01-30,34412.9172036181
2015-01-31,25033.7443925433
2015-02-01,28244.2412257604
2015-02-02,25293.5609622447
2015-02-03,43211.2420784261
2015-02-04,27153.9151563746
2015-02-05,36896.1685483047
2015-02-06,32388.7681408935
2015-02-07,28664.4298740154
2015-02-08,32226.0526702345
2015-02-09,42302.6587653996
2015-02-10,37570.336110877
2015-02-11,42586.5823733408
2015-02-12,22600.3348999678
2015-02-13,35083.1877392168
2015-02-14,24400.0293920849
2015-02-15,35102.2291825979
2015-02-16,36307.8635624675
2015-02-17,33738.5850188093
2015-02-18,41031.0473918109
2015-02-19,21009.0671627791
2015-02-20,18476.0278708929
2015-02-21,22716.5519368254
2015-02-22,16993.8573713946
2015-02-23,35756.1266898427
2015-02-24,13626.1223326244
2015-02-25,28889.1070048244
2015-02-26,20011.7449369158
2015-02-27,38567.4664451718
2015-02-28,15655.9102344631
2015-03-01,19742.093808658
2015-03-02,40397.2641247169
2015-03-03,34998.9265120419
2015-03-04,38170.317949952
2015-03-05,39466.7677221067
2015-03-06,34240.119225541
2015-03-07,19963.8094348145
2015-03-08,15429.2466546257
2015-03-09,37889.9844680049
2015-03-10,44858.0605507011
2015-03-11,33411.6259647555
2015-03-12,52378.8682264872
2015-03-13,41834.6462544316
2015-03-14,21113.2594178258
2015-03-15,11857.898078697
2015-03-16,23045.525037387
2015-03-17,20678.1455659735
2015-03-18,47489.5055115082
2015-03-19,40311.460062855
2015-03-20,24011.5331359115
2015-03-21,20662.2196914158
2015-03-22,18637.0797217024
2015-03-23,26273.7497208841
2015-03-24,39850.9225590605
2015-03-25,38082.1233045159
2015-03-26,28995.6760770335
2015-03-27,32627.3505924358
2015-03-28,19061.1759092768
2015-03-29,26588.3243394036
2015-03-30,34060.2939304247
2015-03-31,36464.0288028187
2015-04-01,24833.4949425738
2015-04-02,26790.4925244498
2015-04-03,26007.2592076033
2015-04-04,12250.7524394233
2015-04-05,9929.44635171158
2015-04-06,20783.5940159091
2015-04-07,24460.1129282179
2015-04-08,50902.6619187533
2015-04-09,36526.633094566
2015-04-10,29511.3417220075
2015-04-11,22295.9099944934
2015-04-12,15693.7932789392
2015-04-13,43691.7977673588
2015-04-14,47078.4061653891
2015-04-15,43604.5785875584
2015-04-16,30177.4005736559
2015-04-17,31075.022758324
2015-04-18,29830.6165934457
2015-04-19,17721.1372493021
2015-04-20,42750.6412992504
2015-04-21,32213.9044535495
2015-04-22,26616.3046715653
2015-04-23,21910.5615182999
2015-04-24,26385.1982314591
2015-04-25,19108.3395844622
2015-04-26,33881.4188834196
2015-04-27,40506.5344782236
2015-04-28,34038.4357989409
2015-04-29,29840.5803302085
2015-04-30,29976.8656612305
2015-05-01,16374.3844294758
2015-05-02,13465.5078573174
2015-05-03,21293.7418486682
2015-05-04,41820.3196051781
2015-05-05,24293.2981423362
2015-05-06,39456.6521167605
2015-05-07,28449.3334093963
2015-05-08,33266.5375820652
2015-05-09,17103.5749046761
2015-05-10,13037.0695674227
2015-05-11,28437.9888618017
2015-05-12,33543.7145586345
2015-05-13,37613.6221438541
2015-05-14,30712.8199270003
2015-05-15,20267.1077958742
2015-05-16,10818.0824496574
2015-05-17,13840.6152978885
2015-05-18,32060.5052646333
2015-05-19,28764.5933011626
2015-05-20,29711.5045079179
2015-05-21,35649.820777273
2015-05-22,46890.3945394961
2015-05-23,23701.714769982
2015-05-24,16699.9528948836
2015-05-25,27227.4000037487
2015-05-26,29766.674288349
2015-05-27,30300.7700188911
2015-05-28,31116.4798203756
2015-05-29,34195.6263727975
2015-05-30,27825.9892766112
2015-05-31,27442.5924411435
2015-06-01,38946.1298269684
2015-06-02,47069.7437429282
2015-06-03,31572.1465763932
2015-06-04,25322.2255032462
2015-06-05,42538.0851181821
2015-06-06,25069.1646561034
2015-06-07,28764.2723448763
2015-06-08,52048.528863542
2015-06-09,39066.9504004879
2015-06-10,28553.0384991099
2015-06-11,30459.7669390493
2015-06-12,34812.8157271949
2015-06-13,22793.9287158593
2015-06-14,25109.3390666367
2015-06-15,35586.7492416712
2015-06-16,59525.5968488019
2015-06-17,50551.1072631472
2015-06-18,56424.7015347415
2015-06-19,83548.5549777801
2015-06-20,23407.7873625452
2015-06-21,14283.7481471421
2015-06-22,27439.3156666724
2015-06-23,26259.8122270451
2015-06-24,29152.28965473
2015-06-25,33495.3663904281
2015-06-26,38662.3803582406
2015-06-27,19446.188117956
2015-06-28,21449.6068158932
2015-06-29,42259.9764212727
2015-06-30,55928.1121203016
2015-07-01,45430.63579134
2015-07-02,43738.1965263776
2015-07-03,37855.8467726447
2015-07-04,32179.0458670083
2015-07-05,66489.2128243358
2015-07-06,59394.4237757271
2015-07-07,41657.1285467559
2015-07-08,40564.7994705784
2015-07-09,44543.7501333582
2015-07-10,67788.8459874359
2015-07-11,40247.2921824525
2015-07-12,34603.3481934168
2015-07-13,37274.64538129
2015-07-14,36200.9323885315
2015-07-15,29804.2561685164
2015-07-16,53403.0032195887
2015-07-17,34127.8987163004
2015-07-18,24931.4846239909
2015-07-19,19733.4122300591
2015-07-20,25750.9296120672
2015-07-21,29433.5684109143
2015-07-22,31208.4494526052
2015-07-23,27408.4021252731
2015-07-24,31408.9846755005
2015-07-25,22112.9845945276
2015-07-26,14255.4591949932
2015-07-27,52416.9355408495
2015-07-28,60881.575419737
2015-07-29,39837.6137691359
2015-07-30,43087.6761776415
2015-07-31,38702.7822435645
2015-08-01,28423.8350343064
2015-08-02,34454.8310871356
2015-08-03,40354.7407512732
2015-08-04,64762.0393309812
2015-08-05,81245.5000094775
2015-08-06,74856.3708957445
2015-08-07,46118.9588005196
2015-08-08,98489.4618764453
2015-08-09,128922.200184631
2015-08-10,80886.6271981691
2015-08-11,52822.4350404547
2015-08-12,83661.2279030782
2015-08-13,66934.1844053242
2015-08-14,46176.9733451788
2015-08-15,152223.219171749
2015-08-16,74800.4599348795
2015-08-17,99238.1053124249
2015-08-18,104243.485024187
2015-08-19,85363.8950873502
2015-08-20,78587.4695733199
2015-08-21,78509.5480533641
2015-08-22,48272.2520943842
2015-08-23,27673.8789541733
2015-08-24,102721.172024528
2015-08-25,104912.651454965
2015-08-26,63472.5030299075
2015-08-27,56866.7023311815
2015-08-28,78445.2311015777
2015-08-29,35316.9958527321
2015-08-30,23733.1677612597
2015-08-31,47220.1032449072
2015-09-01,64481.2261858914
2015-09-02,57798.5080248263
2015-09-03,38347.0924174729
2015-09-04,58207.8550036733
2015-09-05,28833.1987679685
2015-09-06,62305.5842451499
2015-09-07,36015.1404126937
2015-09-08,47412.1598391535
2015-09-09,70026.5590293142
2015-09-10,49580.6930795735
2015-09-11,43049.1143223029
2015-09-12,19323.5513665991
2015-09-13,41016.5842566904
2015-09-14,71798.0523637279
2015-09-15,39924.4339679193
2015-09-16,75011.343593724
2015-09-17,68962.5657302224
2015-09-18,62368.237983296
2015-09-19,62198.2366236166
2015-09-20,53262.5633111059
2015-09-21,74730.9393321864
2015-09-22,65702.4498628541
2015-09-23,41796.4057333758
2015-09-24,36053.2016863662
2015-09-25,45123.5207220528
2015-09-26,37159.534668577
2015-09-27,18749.8166790392
2015-09-28,50437.0151353515
2015-09-29,59990.2666668752
2015-09-30,57479.9595913971
2015-10-01,81890.3435660725
2015-10-02,54741.2134801394
2015-10-03,36572.6712081594
2015-10-04,17558.2725486245
2015-10-05,33431.8153206779
2015-10-06,48077.8418596962
2015-10-07,66408.3493592894
2015-10-08,82031.860646323
2015-10-09,37067.5612625544
2015-10-10,18724.6927000019
2015-10-11,20083.0882693457
2015-10-12,35233.2691594059
2015-10-13,46187.9179225701
2015-10-14,37142.7622275047
2015-10-15,38194.6298097058
2015-10-16,63380.8153633323
2015-10-17,87746.4999416203
2015-10-18,31969.1666316191
2015-10-19,40418.7801277739
2015-10-20,52409.9327253709
2015-10-21,51512.6017106129
2015-10-22,48879.4588085568
2015-10-23,38375.2112393942
2015-10-24,40214.9281854484
2015-10-25,61592.5529693273
2015-10-26,51482.9511557188
2015-10-27,54016.4822068658
2015-10-28,61218.2705668158
2015-10-29,83907.3535904046
2015-10-30,100773.118596213
2015-10-31,59052.8772684316
2015-11-01,56385.0779191215
2015-11-02,79660.2910191373
2015-11-03,139516.162322894
2015-11-04,146205.341044074
2015-11-05,145231.905575698
2015-11-06,85613.8019253906
2015-11-07,56763.0372442043
2015-11-08,45195.1640229484
2015-11-09,95712.4085086976
2015-11-10,85565.642223948
2015-11-11,96918.1024395932
2015-11-12,72620.8509963153
2015-11-13,62645.4368477919
2015-11-14,51178.2900773409
2015-11-15,51368.6062797506
2015-11-16,75009.9193975971
2015-11-17,57157.0374252425
2015-11-18,48341.9878455791
2015-11-19,45366.2993433892
2015-11-20,65049.3413882933
2015-11-21,37696.3443856178
2015-11-22,38290.8655325951
2015-11-23,35395.7936781733
2015-11-24,37653.1048667589
2015-11-25,43350.6196586599
2015-11-26,69818.2134837734
2015-11-27,47095.139629726
2015-11-28,43512.062469288
2015-11-29,39982.8554981359
2015-11-30,68054.3014311491
2015-12-01,67344.0607777832
2015-12-02,84992.7728415313
2015-12-03,64322.0422201161
2015-12-04,51959.3796679454
2015-12-05,80449.3825153599
2015-12-06,72632.1630457901
2015-12-07,70301.1750428354
2015-12-08,50966.3817739923
2015-12-09,61422.2015195283
2015-12-10,59386.6150791528
2015-12-11,60038.4996535271
2015-12-12,72334.8080044858
2015-12-13,52858.3015030472
2015-12-14,49985.860174172
2015-12-15,73424.6925995185
2015-12-16,68328.8522051907
2015-12-17,60188.1946844652
2015-12-18,58851.3301313219
2015-12-19,52743.8444486743
2015-12-20,46543.6338331689
2015-12-21,71619.9853066291
2015-12-22,61571.7523705843
2015-12-23,52694.0117093447
2015-12-24,57767.3352218821
2015-12-25,45680.8571624955
2015-12-26,65711.023250183
2015-12-27,27793.084080705
2015-12-28,37346.5163828171
2015-12-29,34005.73628159
2015-12-30,25239.7943176287
2015-12-31,48501.9834532876
2016-01-01,16938.0834298323
2016-01-02,15911.7521944952
2016-01-03,15046.2852161115
2016-01-04,27474.6012898289
2016-01-05,54415.9616978463
2016-01-06,28586.9881608803
2016-01-07,71481.0519289694
2016-01-08,61785.9965690768
2016-01-09,20755.974126272
2016-01-10,31525.2119142611
2016-01-11,33761.5571811686
2016-01-12,47083.298374801
2016-01-13,51691.9893265879
2016-01-14,37501.8884742332
2016-01-15,85395.9689917647
2016-01-16,75807.9280806164
2016-01-17,38541.6781483132
2016-01-18,51802.092251986
2016-01-19,46661.6404083656
2016-01-20,74023.3815557766
2016-01-21,79062.0414553848
2016-01-22,75756.0114246132
2016-01-23,45382.878942175
2016-01-24,41612.8073869026
2016-01-25,59738.8264974699
2016-01-26,59536.9278171203
2016-01-27,59205.8962455162
2016-01-28,62476.5054877856
2016-01-29,89168.7924040359
2016-01-30,51224.3039517881
2016-01-31,46286.4892393973
2016-02-01,59543.8051162966
2016-02-02,69609.8909453188
2016-02-03,42979.5676187494
2016-02-04,80795.8452852406
2016-02-05,81415.8518951573
2016-02-06,65860.828559732
2016-02-07,43915.7245498341
2016-02-08,34553.3394946766
2016-02-09,67396.4589199327
2016-02-10,69704.0975459561
2016-02-11,66075.9491944032
2016-02-12,66431.9126775864
2016-02-13,59291.4121064378
2016-02-14,53763.0587316726
2016-02-15,79937.8345427133
2016-02-16,60651.0583006372
2016-02-17,70475.0395508139
2016-02-18,64974.4700333447
2016-02-19,49286.7608027556
2016-02-20,76124.5856823457
2016-02-21,70250.5780441003
2016-02-22,57621.3065632507
2016-02-23,88837.5742187892
2016-02-24,72192.1647621003
2016-02-25,65039.2373687233
2016-02-26,80769.8899701971
2016-02-27,55894.9358573563
2016-02-28,53015.6488292907
2016-02-29,66218.9492124002
2016-03-01,113737.004964125
2016-03-02,74386.1376496746
2016-03-03,65001.1773940153
2016-03-04,64455.1309668455
2016-03-05,89952.3709914777
2016-03-06,54967.9633982313
2016-03-07,59403.9799626489
2016-03-08,60906.8220785153
2016-03-09,52117.2613804251
2016-03-10,54786.1987549947
2016-03-11,58288.9099112451
2016-03-12,62980.0963617828
2016-03-13,48504.1174812565
2016-03-14,61825.0747377844
2016-03-15,59104.4525848125
2016-03-16,62614.964629132
2016-03-17,58911.3089491318
2016-03-18,77979.0519119119
2016-03-19,42290.5720094449
2016-03-20,42288.4860836878
2016-03-21,55459.9445650655
2016-03-22,50502.0075498547
2016-03-23,48910.4385103408
2016-03-24,59190.8778717035
2016-03-25,32360.029080032
2016-03-26,30591.2443109824
2016-03-27,41467.7851012321
2016-03-28,48494.3498385938
2016-03-29,51522.5907603343
2016-03-30,51994.9914390575
2016-03-31,47976.5156261033
2016-04-01,57563.2310109579
2016-04-02,26661.8291661475
2016-04-03,29986.7666166547
2016-04-04,40479.2172959203
2016-04-05,42739.3485986004
2016-04-06,38223.371051267
2016-04-07,42785.09263296
2016-04-08,46319.1656231247
2016-04-09,30739.8766307498
2016-04-10,29624.1319110518
2016-04-11,36954.768080606
2016-04-12,50313.4210170049
2016-04-13,46418.7768447435
2016-04-14,32903.672580211
2016-04-15,42114.9070228248
2016-04-16,27399.950497305
2016-04-17,37191.0801330532
2016-04-18,27005.81062342
2016-04-19,39106.1111673252
2016-04-20,42732.938600847
2016-04-21,43374.7943131605
2016-04-22,33106.0428629078
2016-04-23,27414.2342785676
2016-04-24,34332.9528144313
2016-04-25,59018.8074824604
2016-04-26,50429.9974901702
2016-04-27,42066.4853386052
2016-04-28,53924.975724914
2016-04-29,32268.0426510627
2016-04-30,29156.4799576037
2016-05-01,29646.4599134794
2016-05-02,35664.3688744179
2016-05-03,37632.3536347794
2016-05-04,36529.8185293828
2016-05-05,44066.9875725252
2016-05-06,116268.917133397
2016-05-07,26978.9545550931
2016-05-08,24352.9093858903
2016-05-09,36943.4582349915
2016-05-10,33499.8069086929
2016-05-11,35582.2952986208
2016-05-12,42852.5923300175
2016-05-13,47134.4033848998
2016-05-14,29060.3659200668
2016-05-15,27803.3813467636
2016-05-16,44543.6568824684
2016-05-17,80436.1614119743
2016-05-18,47796.0120597888
2016-05-19,64117.6863468288
2016-05-20,63065.3779095095
2016-05-21,39952.1962363413
2016-05-22,32199.3280889388
2016-05-23,56063.9222546168
2016-05-24,58210.8885857864
2016-05-25,61191.6073208441
2016-05-26,60664.4542414171
2016-05-27,98255.5759259931
2016-05-28,93025.1992036758
2016-05-29,74817.8408817641
2016-05-30,61950.4144164013
2016-05-31,90323.7788188463
2016-06-01,68325.4399171926
2016-06-02,45907.9668968918
2016-06-03,44773.570266268
2016-06-04,39545.9987340075
2016-06-05,47255.9778471002
2016-06-06,45896.3173468915
2016-06-07,45155.6051470528
2016-06-08,46688.0617424838
2016-06-09,52835.9384144331
2016-06-10,88621.362297617
2016-06-11,37536.8586119928
2016-06-12,72649.2644528518
2016-06-13,129946.654182166
2016-06-14,90486.0010654737
2016-06-15,60608.7678961333
2016-06-16,105571.239341333
2016-06-17,79075.5533664879
2016-06-18,49284.4329849698
2016-06-19,41757.002880325
2016-06-20,66480.8852568418
2016-06-21,95059.7995661413
2016-06-22,117763.102259173
2016-06-23,103813.769797096
2016-06-24,67406.5777170646
2016-06-25,35299.7099354902
2016-06-26,46808.6929076568
2016-06-27,54561.0688772212
2016-06-28,45186.3639804554
2016-06-29,62663.7911049144
2016-06-30,47552.8818801624
2016-07-01,55993.8665987865
2016-07-02,47347.1680908984
2016-07-03,41982.7886860886
2016-07-04,38156.1499992526
2016-07-05,45583.3949080099
2016-07-06,48876.9733812512
2016-07-07,65737.7521039269
2016-07-08,91602.4166594877
2016-07-09,38528.8276908594
2016-07-10,25209.9731937953
2016-07-11,33747.8505258523
2016-07-12,40962.3092823869
2016-07-13,49630.0167062244
2016-07-14,40283.1455805384
2016-07-15,43660.2874155122
2016-07-16,28889.0210180005
2016-07-17,34791.274572059
2016-07-18,32772.9165213678
2016-07-19,41700.6899651244
2016-07-20,44079.3593320661
2016-07-21,31185.6806425115
2016-07-22,45891.1043085396
2016-07-23,27417.8049726905
2016-07-24,29424.5117944755
2016-07-25,37281.0614483441
2016-07-26,40539.7760542564
2016-07-27,37580.2460530981
2016-07-28,44657.1943308344
2016-07-29,34233.9518569095
2016-07-30,20707.5456659236
2016-07-31,37733.3700319632
2016-08-01,44879.3862841568
2016-08-02,73868.4263416573
2016-08-03,78502.2997143938
2016-08-04,51327.1167404972
2016-08-05,36644.311333916
2016-08-06,35362.4964335567
2016-08-07,35379.4096483567
2016-08-08,31330.0944969179
2016-08-09,44927.9143674436
2016-08-10,72753.1576564808
2016-08-11,82482.2673221633
2016-08-12,41985.8753945212
2016-08-13,28151.9232407127
2016-08-14,26091.4408939877
2016-08-15,39281.0148157125
2016-08-16,47451.0309584447
2016-08-17,41697.6702231683
2016-08-18,32516.348747164
2016-08-19,39037.0275438585
2016-08-20,25559.9312900971
2016-08-21,20776.0100279271
2016-08-22,36518.9564044576
2016-08-23,43662.9182926712
2016-08-24,29987.9058423324
2016-08-25,35220.2123017636
2016-08-26,26445.8391797651
2016-08-27,22226.0954938181
2016-08-28,21226.0870546235
2016-08-29,34910.7892585955
2016-08-30,40371.1074857972
2016-08-31,39923.7439338929
2016-09-01,63361.2480788424
2016-09-02,44488.4949952568
2016-09-03,32863.1011857901
2016-09-04,32633.6532858664
2016-09-05,27857.4655980409
2016-09-06,37025.9245433365
2016-09-07,41348.7580025471
2016-09-08,42360.186518277
2016-09-09,31985.5338354966
2016-09-10,19561.5646158775
2016-09-11,24661.9539909405
2016-09-12,32661.4721516946
2016-09-13,36567.0351180095
2016-09-14,31358.6364672192
2016-09-15,33272.0731352651
2016-09-16,36287.2291408631
2016-09-17,17800.404653378
2016-09-18,18263.629610398
2016-09-19,32100.0338083763
2016-09-20,31753.654012169
2016-09-21,41185.9954830662
2016-09-22,26558.6359627049
2016-09-23,32997.8527277571
2016-09-24,21139.6976648246
2016-09-25,14132.3804130956
2016-09-26,31444.4970223626
2016-09-27,36459.2120119727
2016-09-28,32626.1479353147
2016-09-29,29790.3126156185
2016-09-30,33703.3745976105
2016-10-01,22379.8357570966
2016-10-02,18481.5756782383
2016-10-03,39457.7536561877
2016-10-04,34643.8575552035
2016-10-05,38765.1085530543
2016-10-06,27686.7857161861
2016-10-07,30097.2611220645
2016-10-08,29902.9297675497
2016-10-09,21917.5560667669
2016-10-10,30607.5342803774
2016-10-11,47102.5395505441
2016-10-12,42295.4647698147
2016-10-13,40794.1888527912
2016-10-14,36968.1886015926
2016-10-15,22576.482025713
2016-10-16,21116.2019283843
2016-10-17,29282.6838778447
2016-10-18,39937.41881094
2016-10-19,41237.9565883034
2016-10-20,38324.3219061357
2016-10-21,39350.9684119154
2016-10-22,27135.2245470593
2016-10-23,18434.9103855169
2016-10-24,37360.5260119172
2016-10-25,50401.0410751717
2016-10-26,41963.0646623896
2016-10-27,59868.2496618671
2016-10-28,39554.1973826564
2016-10-29,33509.776634402
2016-10-30,30642.772822521
2016-10-31,41073.3694456158
2016-11-01,47248.9712076394
2016-11-02,35393.4175572517
2016-11-03,51147.7278574209
2016-11-04,41012.6335719003
2016-11-05,33178.200708344
2016-11-06,22077.3224768296
2016-11-07,36256.7578075541
2016-11-08,42796.0938729634
2016-11-09,48266.8248809691
2016-11-10,36412.4150481835
2016-11-11,32824.9627021999
2016-11-12,20682.3587817082
2016-11-13,26942.1663443428
2016-11-14,35913.5836428979
2016-11-15,38638.953047445
2016-11-16,65981.5996323091
2016-11-17,52659.8533884181
2016-11-18,38925.9267039104
2016-11-19,28096.1918641815
2016-11-20,32056.2569038651
2016-11-21,35645.7896285659
2016-11-22,45841.6773720223
2016-11-23,32199.8413751625
2016-11-24,62898.1004676176
2016-11-25,39190.6187422051
2016-11-26,27645.4582495021
2016-11-27,21921.5588007671
2016-11-28,42594.4510224662
2016-11-29,37876.9207006796
2016-11-30,36393.6522984774
2016-12-01,42574.7223268904
2016-12-02,52607.1299558551
2016-12-03,19256.1267079355
2016-12-04,15871.7862782292
2016-12-05,50179.4375935633
2016-12-06,45847.2310885677
2016-12-07,39106.660023057
2016-12-08,43130.3523621974
2016-12-09,43797.7785888434
2016-12-10,19411.956412856
2016-12-11,16528.6777320486
2016-12-12,45956.8353707362
2016-12-13,34468.9260454726
2016-12-14,34236.5139997582
2016-12-15,36833.0891025837
2016-12-16,37592.5350405382
2016-12-17,24499.0327644177
2016-12-18,22702.1979600175
2016-12-19,31194.1836110239
2016-12-20,41632.59577353
2016-12-21,48960.0073459314
2016-12-22,50320.5388075527
2016-12-23,68699.5913216848
2016-12-24,33288.0025355814
2016-12-25,34498.6225675387
2016-12-26,33380.6811158981
2016-12-27,44173.7003520638
2016-12-28,53354.9734018896
2016-12-29,48525.171881228
2016-12-30,48617.4751288909
2016-12-31,25847.1990733569
2017-01-01,21562.2064581419
2017-01-02,40322.0977152981
2017-01-03,40164.6308242311
2017-01-04,59939.8796154727
2017-01-05,99837.3274788805
2017-01-06,86566.6339001691
2017-01-07,46197.4615336599
2017-01-08,40189.4020430333
2017-01-09,46597.0826566259
2017-01-10,58439.7529790235
2017-01-11,99551.6333555804
2017-01-12,76965.7333936868
2017-01-13,51401.9489678506
2017-01-14,32590.9771129437
2017-01-15,23326.3847962054
2017-01-16,35643.9420183766
2017-01-17,51163.0267429677
2017-01-18,44417.9236898929
2017-01-19,45541.049415876
2017-01-20,39529.8287036897
2017-01-21,27104.440371032
2017-01-22,29073.5798810703
2017-01-23,39721.1779875027
2017-01-24,41094.9642266376
2017-01-25,38701.5149244186
2017-01-26,36350.4561977545
2017-01-27,31479.6236179277
2017-01-28,16792.2726247948
2017-01-29,17822.5293307586
2017-01-30,26286.9475064093
2017-01-31,34448.2894694276
2017-02-01,34450.6126367956
2017-02-02,34664.5046778011
2017-02-03,55356.241644735
2017-02-04,24922.0655068388
2017-02-05,25334.73188118
2017-02-06,34492.8447211188
2017-02-07,36640.1427486754
2017-02-08,41389.9235538457
2017-02-09,49918.9590807553
2017-02-10,40382.02770707
2017-02-11,18213.3222891433
2017-02-12,19973.1579771458
2017-02-13,26739.5611003387
2017-02-14,31399.8117557426
2017-02-15,29447.594059658
2017-02-16,37261.6415203759
2017-02-17,23073.380242599
2017-02-18,16856.6440449417
2017-02-19,13361.2330978595
2017-02-20,21045.2411216676
2017-02-21,28562.9477752011
2017-02-22,32778.28461932
2017-02-23,31160.8765382496
2017-02-24,42130.9066704322
2017-02-25,19516.9728830001
2017-02-26,18196.8389503306
2017-02-27,30687.7469024197
2017-02-28,34199.0629248346
2017-03-01,35531.3688707188
2017-03-02,54035.1721416767
2017-03-03,47350.0833875102
2017-03-04,22948.1704961665
2017-03-05,20481.2201243833
2017-03-06,32233.3453070164
2017-03-07,38163.83907323
2017-03-08,39413.636973704
2017-03-09,31003.8926767043
2017-03-10,49119.92520647
2017-03-11,51159.8260506561
2017-03-12,33185.687170569
2017-03-13,56872.8703373375
2017-03-14,52726.8966816769
2017-03-15,50823.3474298042
2017-03-16,107625.164333889
2017-03-17,102431.5453114
2017-03-18,73982.0051835501
2017-03-19,56940.9259262262
2017-03-20,73242.0877969536
2017-03-21,63246.5301811853
2017-03-22,79604.1364133421
2017-03-23,59477.3529136714
2017-03-24,79365.4850392165
2017-03-25,68933.8066980779
2017-03-26,58027.3502088289
2017-03-27,75385.2883830807
2017-03-28,64113.1049791303
2017-03-29,72370.481015703
2017-03-30,79552.7054643673
2017-03-31,91591.6988636479
2017-04-01,62689.9624235804
2017-04-02,71151.8460751477
2017-04-03,69336.7508428912
2017-04-04,75446.7035581427
2017-04-05,63922.1049715124
2017-04-06,65964.6544771097
2017-04-07,62113.3572818888
2017-04-08,34076.7185227904
2017-04-09,35185.084957583
2017-04-10,48197.9555032088
2017-04-11,52696.3284771806
2017-04-12,51873.0300018207
2017-04-13,66589.4890982331
2017-04-14,65706.8819127862
2017-04-15,48674.7057481663
2017-04-16,36316.1225708691
2017-04-17,52715.8975704645
2017-04-18,61582.3716299052
2017-04-19,59618.9386555938
2017-04-20,58377.8594357913
2017-04-21,51160.5680567632
2017-04-22,34669.9787051006
2017-04-23,36410.0511280998
2017-04-24,52079.1567988954
2017-04-25,49564.4305531004
2017-04-26,56106.0123771113
2017-04-27,59479.7112505796
2017-04-28,63093.6817329312
2017-04-29,46628.0312513977
2017-04-30,42431.4327339793
2017-05-01,65617.1220000073
2017-05-02,66492.2376544518
2017-05-03,64218.4364624233
2017-05-04,98669.3288372311
2017-05-05,92358.3205417773
2017-05-06,70377.6334241284
2017-05-07,66364.9181160176
2017-05-08,114987.676966476
2017-05-09,95947.0481831707
2017-05-10,109261.930330866
2017-05-11,90806.3401442599
2017-05-12,86558.9257035794
2017-05-13,57396.2040900482
2017-05-14,49112.2580348877
2017-05-15,81657.0683265534
2017-05-16,104868.308889663
2017-05-17,161975.889986252
2017-05-18,97418.6053863427
2017-05-19,129067.761024061
2017-05-20,78612.0081147969
2017-05-21,74274.6529679153
2017-05-22,133073.284334703
2017-05-23,113996.283624355
2017-05-24,130111.249327998
2017-05-25,133275.57015624
2017-05-26,121255.71646458
2017-05-27,97773.4508888843
2017-05-28,71807.7647634307
2017-05-29,79282.0312371617
2017-05-30,125393.40364605
2017-05-31,119764.189829798
2017-06-01,121852.897112297
2017-06-02,89203.4523290067
2017-06-03,106375.826210563
2017-06-04,76679.0908534602
2017-06-05,100120.209736389
2017-06-06,92318.3502848602
2017-06-07,100039.868145286
2017-06-08,87241.1000370445
2017-06-09,69008.4686095008
2017-06-10,74285.3052529988
2017-06-11,71332.1818075595
2017-06-12,102001.094390802
2017-06-13,113823.214005598
2017-06-14,104675.061910194
2017-06-15,128417.541708796
2017-06-16,90174.0508131005
2017-06-17,68752.7615654668
2017-06-18,78861.0717693976
2017-06-19,83273.590364627
2017-06-20,102143.269538147
2017-06-21,102622.017779714
2017-06-22,83819.4721074342
2017-06-23,64931.4334680973
2017-06-24,60558.4044319081
2017-06-25,64533.4199164987
2017-06-26,115099.334096616
2017-06-27,96828.0264138825
2017-06-28,101294.412806734
2017-06-29,73017.544715302
2017-06-30,95396.0307611329
2017-07-01,70170.2585531808
2017-07-02,56572.6836113557
2017-07-03,84304.9109520126
2017-07-04,66603.2054839835
2017-07-05,76454.0266738154
2017-07-06,67012.6075275362
2017-07-07,85648.4291734264
2017-07-08,71719.969982304
2017-07-09,54117.2029543019
2017-07-10,88557.7722340097
2017-07-11,104724.038307152
2017-07-12,88384.3023572768
2017-07-13,82956.6528080907
2017-07-14,73729.6831860767
2017-07-15,66085.3703928101
2017-07-16,81527.3663071902
2017-07-17,91372.9582856427
2017-07-18,103590.115306365
2017-07-19,95241.6612658958
2017-07-20,91789.8830281218
2017-07-21,78927.5622123413
2017-07-22,57849.0190529634
2017-07-23,66658.1930334698
2017-07-24,61961.964109001
2017-07-25,160802.301320192
2017-07-26,99056.2356314201
2017-07-27,105972.652159826
2017-07-28,169554.859776952
2017-07-29,60964.4309662317
2017-07-30,89435.0321571734
2017-07-31,95733.4355416792
2017-08-01,86510.3408167281
2017-08-02,127767.635592933
2017-08-03,132094.613801308
2017-08-04,99077.8006644425
2017-08-05,103691.506945406
2017-08-06,89305.3747986517
2017-08-07,127275.579633282
2017-08-08,89583.7196924919
2017-08-09,93394.1768456915
2017-08-10,122361.825194837
2017-08-11,98059.499679737
2017-08-12,74961.4893671802
2017-08-13,79074.3023385545
2017-08-14,82137.7873864998
2017-08-15,94861.0687120676
2017-08-16,85365.0405273742
2017-08-17,86094.9992450302
2017-08-18,114464.260651462
2017-08-19,119804.526272634
2017-08-20,87468.3094057093
2017-08-21,116152.829112921
2017-08-22,128728.720181263
2017-08-23,100162.291312452
2017-08-24,109569.033281514
2017-08-25,68660.3453489463
2017-08-26,50298.8554664322
2017-08-27,56645.246625668
2017-08-28,87918.5099207184
2017-08-29,70269.5473180634
2017-08-30,66467.1094461588
2017-08-31,61906.6390517101
2017-09-01,84450.651015862
2017-09-02,63286.9811967111
2017-09-03,64122.2883377376
2017-09-04,116718.651920852
2017-09-05,120644.59454553
2017-09-06,88484.8246282812
2017-09-07,79208.6178447372
2017-09-08,99407.3002282268
2017-09-09,59575.5307209511
2017-09-10,67383.4552469763
2017-09-11,71731.3700927828
2017-09-12,74158.0994026258
2017-09-13,98806.7501173538
2017-09-14,103154.940888814
2017-09-15,161547.963489305
2017-09-16,78787.1798789021
2017-09-17,44066.4525469585
2017-09-18,94269.8309640099
2017-09-19,74185.4933052258
2017-09-20,48568.014370488
2017-09-21,56777.3150662446
2017-09-22,53282.555939547
2017-09-23,40569.0711415022
2017-09-24,29627.6906097475
2017-09-25,54567.6773399608
2017-09-26,54628.2026236748
2017-09-27,58601.0359686407
2017-09-28,69571.6974335185
2017-09-29,56461.0665571797
2017-09-30,42038.070542151
2017-10-01,29929.3968958825
2017-10-02,57979.8248522843
2017-10-03,57381.3906851795
2017-10-04,57273.2020643329
2017-10-05,44082.4146493408
2017-10-06,43641.7800009973
2017-10-07,32984.3703613192
2017-10-08,36358.5543040238
2017-10-09,70376.9946128651
2017-10-10,54400.7139193731
2017-10-11,48468.2754612706
2017-10-12,58870.2453399515
2017-10-13,74531.8677995465
2017-10-14,39064.5864492135
2017-10-15,37817.852945781
2017-10-16,44555.0642879643
2017-10-17,48578.0483632925
2017-10-18,68680.4410619749
2017-10-19,46911.9295252721
2017-10-20,47494.9170926678
2017-10-21,42610.2900765226
2017-10-22,46369.3731881303
2017-10-23,146232.046045324
2017-10-24,109914.510565399
2017-10-25,63540.0406755199
2017-10-26,48330.5717088055
2017-10-27,43920.2630508956
2017-10-28,36794.2135818291
2017-10-29,49011.1749047552
2017-10-30,48832.457735166
2017-10-31,55864.0171330588
2017-11-01,65757.576419008
2017-11-02,95738.5349321324
2017-11-03,65235.0982530623
2017-11-04,36894.8362844855
2017-11-05,32680.344592849
2017-11-06,64257.8807510959
2017-11-07,78358.5782658427
2017-11-08,74155.6194482099
2017-11-09,100301.883338347
2017-11-10,91554.7454206697
2017-11-11,73333.1023992399
2017-11-12,84122.3509358566
2017-11-13,146261.771688315
2017-11-14,89456.8981255781
2017-11-15,106413.716493799
2017-11-16,97758.6977811018
2017-11-17,157112.490245613
2017-11-18,113984.539597427
2017-11-19,93551.7247333405
2017-11-20,107456.923696042
2017-11-21,126639.600396296
2017-11-22,127036.50175767
2017-11-23,104920.383523544
2017-11-24,100164.405154017
2017-11-25,70901.001252785
2017-11-26,70662.8583427512
2017-11-27,91369.662918726
2017-11-28,96616.5343230488
2017-11-29,117012.742846364
2017-11-30,112224.00621705
2017-12-01,77229.9984377985
2017-12-02,47610.0394379047
2017-12-03,52210.3752076859
2017-12-04,63031.9742303158
2017-12-05,75473.097175885
2017-12-06,103950.779613154
2017-12-07,122691.727442279
2017-12-08,114917.969238975
2017-12-09,79721.8229325754
2017-12-10,72851.6835559005
2017-12-11,74033.9494934697
2017-12-12,87504.5207008866
2017-12-13,78456.1005894239
2017-12-14,83413.6118512337
2017-12-15,82820.0577472779
2017-12-16,55233.8861200777
2017-12-17,57191.3272251586
2017-12-18,84714.3175994974
2017-12-19,101085.558367993
2017-12-20,91356.0215326174
2017-12-21,99462.915526545
2017-12-22,115343.340978585
2017-12-23,82133.1447026941
2017-12-24,62611.5134059009
2017-12-25,61962.9597182953
2017-12-26,69979.9537934495
2017-12-27,95972.3186878639
2017-12-28,98093.9520174401
2017-12-29,96959.009311588
2017-12-30,100578.575037427
2017-12-31,62200.5414194686
2018-01-01,70400.5096707563
2018-01-02,92755.3533260777
2018-01-03,100918.108320966
2018-01-04,130368.160672611
2018-01-05,118731.263118333
2018-01-06,92734.0339170733
2018-01-07,78019.0434301871
2018-01-08,104932.456706943
2018-01-09,107556.57507934
2018-01-10,121076.957809863
2018-01-11,104024.162306647
2018-01-12,86886.8733817586
2018-01-13,65042.2701730716
2018-01-14,62836.406467257
2018-01-15,83646.7705457933
2018-01-16,138488.792707188
2018-01-17,139161.664629374
2018-01-18,118605.127590014
2018-01-19,120045.032060247
2018-01-20,61773.4518456899
2018-01-21,62229.5226248867
2018-01-22,78654.9246075036
2018-01-23,78502.3798384351
2018-01-24,70606.1952393583
2018-01-25,65453.7389954291
2018-01-26,98813.0237383661
2018-01-27,41809.658276401
2018-01-28,58828.3514319126
2018-01-29,60707.361278352
2018-01-30,76916.5100418941
2018-01-31,72122.5656055315
2018-02-01,109769.97582631
2018-02-02,129971.991196136
2018-02-03,60885.6988707058
2018-02-04,56834.2283432983
2018-02-05,108826.458325591
2018-02-06,137357.585783108
2018-02-07,85162.4325896834
2018-02-08,61360.9834409607
2018-02-09,68397.7319699372
2018-02-10,60305.6013418317
2018-02-11,47986.1701026361
2018-02-12,52044.4937165541
2018-02-13,57152.8429226611
2018-02-14,66374.171648634
2018-02-15,69818.1581121886
2018-02-16,60769.8544316169
2018-02-17,42425.7093708882
2018-02-18,44512.8241726281
2018-02-19,40880.3294714483
2018-02-20,52277.2152324077
2018-02-21,66712.9964353997
2018-02-22,55210.8928758609
2018-02-23,55904.9890156557
2018-02-24,39178.654311334
2018-02-25,30320.8406269803
2018-02-26,49784.4380442001
2018-02-27,53730.6287998527
2018-02-28,62518.0832164616
2018-03-01,47945.2633588746
2018-03-02,43083.9928375846
2018-03-03,32529.44041122
2018-03-04,30244.3380956741
2018-03-05,81446.1293966929
2018-03-06,49251.6513143915
2018-03-07,64893.323077818
2018-03-08,66240.3772764445
2018-03-09,72064.5733584659
2018-03-10,34601.1332669729
2018-03-11,47980.690702362
2018-03-12,46927.6477165314
2018-03-13,57426.3865088297
2018-03-14,52941.2505696161
2018-03-15,64346.1555302319
2018-03-16,42120.7356342492
2018-03-17,41156.3272986771
2018-03-18,45133.5914542568
2018-03-19,56863.139175168
2018-03-20,54969.7994167284
2018-03-21,48742.79457059
2018-03-22,52087.5605492711
2018-03-23,50692.1458777217
2018-03-24,28436.1342157522
2018-03-25,27693.9163302277
2018-03-26,50926.7762112567
2018-03-27,43408.3122541504
2018-03-28,42074.9553811967
2018-03-29,64936.5470210531
2018-03-30,79647.5835984484
2018-03-31,52350.6659368349
2018-04-01,44985.5687585671
2018-04-02,48408.8084801119
2018-04-03,65742.8207966618
2018-04-04,56142.0651836243
2018-04-05,53156.7740239128
2018-04-06,46610.9938581884
2018-04-07,43759.9105428959
2018-04-08,22493.2067932298
2018-04-09,52955.5964657569
2018-04-10,47131.134970737
2018-04-11,42903.6008898536
2018-04-12,83121.0022839346
2018-04-13,84428.7877232941
2018-04-14,31243.8749965942
2018-04-15,27442.3647392081
2018-04-16,60463.3228412061
2018-04-17,63449.5965346122
2018-04-18,56986.8726354275
2018-04-19,55828.643056899
2018-04-20,75913.3075597524
2018-04-21,47310.8153962536
2018-04-22,47182.3008075407
2018-04-23,60564.637847532
2018-04-24,75893.8738008053
2018-04-25,79820.2191803119
2018-04-26,62410.8983480996
2018-04-27,55335.9106798734
2018-04-28,67989.0100904913
2018-04-29,52329.0548845892
2018-04-30,59249.9813325139
2018-05-01,47500.0204214137
2018-05-02,51882.8132381891
2018-05-03,61722.012999693
2018-05-04,59757.9555138055
2018-05-05,40054.60403113
2018-05-06,49017.9959115886
2018-05-07,61414.7518446057
2018-05-08,66562.069975198
2018-05-09,54076.3305985043
2018-05-10,58894.2292009755
2018-05-11,74141.6205837954
2018-05-12,47872.9605282848
2018-05-13,37819.2087698327
2018-05-14,69681.2297648802
2018-05-15,51337.3799211658
2018-05-16,60213.5807125106
2018-05-17,42421.1001191804
2018-05-18,53399.2779057254
2018-05-19,27897.6407728791
2018-05-20,27796.6987105668
2018-05-21,38725.965094505
2018-05-22,40481.4916512447
2018-05-23,66519.132117969
2018-05-24,62471.5052661721
2018-05-25,52372.2600194787
2018-05-26,25359.7700695577
2018-05-27,27249.1128606193
2018-05-28,54849.2743680045
2018-05-29,74682.0906498173
2018-05-30,47013.7152467549
2018-05-31,58367.2952878656
2018-06-01,43898.5550304867
2018-06-02,27000.3591492346
2018-06-03,27774.2628936112
2018-06-04,41028.1838090351
2018-06-05,39845.1879472148
2018-06-06,45317.6897887485
2018-06-07,42289.3771122596
2018-06-08,49535.442405237
2018-06-09,21003.9737254695
2018-06-10,56312.3766847033
2018-06-11,70165.0514948935
2018-06-12,56035.6683692386
2018-06-13,67608.0575544423
2018-06-14,60030.2678417404
2018-06-15,46797.5434787178
2018-06-16,26065.3900706935
2018-06-17,25611.4072728762
2018-06-18,39347.937724875
2018-06-19,42145.114785594
2018-06-20,35448.2415976346
2018-06-21,42678.8182892483
2018-06-22,69158.3625873158
2018-06-23,29753.742652408
2018-06-24,41148.7591294777
2018-06-25,55493.1001225023
2018-06-26,35370.0231851598
2018-06-27,45187.5425895778
2018-06-28,32727.3002003946
2018-06-29,42382.4210780245
2018-06-30,30938.2178702312
2018-07-01,21208.8840413433
2018-07-02,40473.0561062941
2018-07-03,45890.6978289491
2018-07-04,34479.1110041914
2018-07-05,47104.9332431811
2018-07-06,36716.3207128858
2018-07-07,21325.7093168899
2018-07-08,22362.6810747231
2018-07-09,34931.9182357826
2018-07-10,43667.1644265849
2018-07-11,40101.3476750368
2018-07-12,33675.7001821246
2018-07-13,51763.5329995685
2018-07-14,18689.7598628581
2018-07-15,21529.5653551797
2018-07-16,38399.2383076994
2018-07-17,42789.5849820861
2018-07-18,54645.0942343558
2018-07-19,45435.4310818372
2018-07-20,43264.5141447374
2018-07-21,22075.8256999585
2018-07-22,21318.5957506244
2018-07-23,44442.0200402562
2018-07-24,60203.9969757808
2018-07-25,47327.8171465279
2018-07-26,41612.648640273
2018-07-27,43004.8130645159
2018-07-28,17792.7222667873
2018-07-29,15551.5611270426
2018-07-30,42030.9165658897
2018-07-31,49145.4271551886
2018-08-01,44039.314080725
2018-08-02,32522.9752319776
2018-08-03,44719.3389181723
2018-08-04,27498.8927966956
2018-08-05,18279.5046244126
2018-08-06,36518.7443210452
2018-08-07,37183.8498034436
2018-08-08,70853.16036181
2018-08-09,52287.4579318756
2018-08-10,43877.9555042858
2018-08-11,39250.772808404
2018-08-12,24532.0007529716
2018-08-13,42649.0048654364
2018-08-14,80073.8889236777
2018-08-15,55719.6500423992
2018-08-16,32840.5762311311
2018-08-17,45554.3415710145
2018-08-18,21114.4823705171
2018-08-19,16291.6390049054
2018-08-20,36046.2067041642
2018-08-21,43069.8359248726
2018-08-22,51049.8584138691
2018-08-23,33658.5026976156
2018-08-24,36225.7494674511
2018-08-25,24734.5403582091
2018-08-26,21121.3053663709
2018-08-27,41531.7624932599
2018-08-28,56899.0385662049
2018-08-29,36819.5035913228
2018-08-30,38100.9843694123
2018-08-31,42485.641856382
2018-09-01,28220.9460718654
2018-09-02,29263.2350061089
2018-09-03,30821.6194479063
2018-09-04,38014.4271196672
2018-09-05,55713.7237503166
2018-09-06,78895.172868326
2018-09-07,52362.4463358652
2018-09-08,22580.5003042998
2018-09-09,27611.1895846723
2018-09-10,35187.3379173964
2018-09-11,37487.643651926
2018-09-12,40471.9769121957
2018-09-13,39714.5567083555
2018-09-14,28043.4230219062
2018-09-15,17162.1684473717
2018-09-16,13944.836985585
2018-09-17,30410.3344071165
2018-09-18,31665.5166910169
2018-09-19,31145.4440928971
2018-09-20,37838.8875287184
2018-09-21,56118.8144824074
2018-09-22,26270.5525659237
2018-09-23,18465.1880101945
2018-09-24,24525.4574810936
2018-09-25,44911.1980793066
2018-09-26,39189.4851175633
2018-09-27,33695.6762506414
2018-09-28,47474.5648884253
2018-09-29,28292.4513558777
2018-09-30,17960.4664582249
2018-10-01,34153.2255717099
2018-10-02,38042.568395285
2018-10-03,35653.9049495631
2018-10-04,38162.78402246
2018-10-05,28318.5994940905
2018-10-06,17977.9826094512
2018-10-07,15806.0402514471
2018-10-08,28097.8615000027
2018-10-09,34108.4308545052
2018-10-10,37674.3263459398
2018-10-11,69860.1777708222
2018-10-12,49185.366301061
2018-10-13,24529.2583245765
2018-10-14,23511.5258070405
2018-10-15,95523.6561435505
2018-10-16,48333.0168525162
2018-10-17,42851.4195927208
2018-10-18,46837.0461102256
2018-10-19,38157.9309712556
2018-10-20,23088.5282045334
2018-10-21,17061.5305206057
2018-10-22,39964.6772605365
2018-10-23,38977.1715644213
2018-10-24,37012.7377890589
2018-10-25,45496.4328130487
2018-10-26,33908.1693750233
2018-10-27,16556.4146769494
2018-10-28,15860.2580452762
2018-10-29,35427.449776878
2018-10-30,35298.3612316805
2018-10-31,62469.0466701741
2018-11-01,38172.5351845299
2018-11-02,39219.5576931602
2018-11-03,19808.8326718424
2018-11-04,18044.088562717
2018-11-05,44624.3886931047
2018-11-06,41502.2193610639
2018-11-07,44258.7801528482
2018-11-08,35531.1290080776
2018-11-09,41401.2604095514
2018-11-10,16565.5608340586
2018-11-11,15917.3912802232
2018-11-12,36769.3464050079
2018-11-13,38502.1791492605
2018-11-14,82062.7646744797
2018-11-15,99846.0352366466
2018-11-16,63195.7823316601
2018-11-17,25647.9934745811
2018-11-18,28526.9671034159
2018-11-19,72796.6312015224
2018-11-20,124650.600222979
2018-11-21,85487.232206256
2018-11-22,58077.761283324
2018-11-23,53916.0803520475
2018-11-24,44280.2709057046
2018-11-25,74039.6826100007
2018-11-26,76322.2238245958
2018-11-27,78562.0036795325
2018-11-28,97488.2939749118
2018-11-29,84921.3853273821
2018-11-30,110921.048238481
2018-12-01,43459.4131041341
2018-12-02,32684.677984877
2018-12-03,75293.6094699141
2018-12-04,81108.2479169606
2018-12-05,66467.497248912
2018-12-06,78271.5632297829
2018-12-07,93044.5590133463
2018-12-08,48716.7541165506
2018-12-09,38917.2527908598
2018-12-10,63936.8824017669
2018-12-11,55609.4351322085
2018-12-12,57849.0069628323
2018-12-13,59756.2196355
2018-12-14,65495.4549351368
2018-12-15,33756.8269590005
2018-12-16,26533.2604744275
2018-12-17,69485.8125599002
2018-12-18,70278.5408608014
2018-12-19,98973.5512591208
2018-12-20,82082.7764678515
2018-12-21,83695.0137280994
2018-12-22,38599.2973627213
2018-12-23,37490.9937645298
2018-12-24,60290.5204341922
2018-12-25,46469.4765471558
2018-12-26,46642.6029276736
2018-12-27,56450.8946328626
2018-12-28,69268.292104689
2018-12-29,44049.5290993142
2018-12-30,27268.6794583193
2018-12-31,38790.0081487491
2019-01-01,25123.7689205726
2019-01-02,50548.1756292713
2019-01-03,47132.9711067137
2019-01-04,49443.5033814453
2019-01-05,31320.199449322
2019-01-06,28019.3067162101
2019-01-07,50541.8574817074
2019-01-08,54218.0282677891
2019-01-09,48945.7713674458
2019-01-10,75281.2474159221
2019-01-11,66107.7707688298
2019-01-12,27488.4996999359
2019-01-13,25999.2869024416
2019-01-14,56807.2423047519
2019-01-15,61616.306064714
2019-01-16,61596.0779092573
2019-01-17,53281.6740239242
2019-01-18,45922.7844792559
2019-01-19,31085.2873760024
2019-01-20,27916.4291126134
2019-01-21,46458.8787841011
2019-01-22,50737.4999083378
2019-01-23,52563.2108387935
2019-01-24,43580.2789707262
2019-01-25,42986.8151335221
2019-01-26,22466.3577080883
2019-01-27,20717.2522147235
2019-01-28,60628.5699825869
2019-01-29,51584.4959516782
2019-01-30,61453.9741865645
2019-01-31,59975.1604019278
2019-02-01,79335.333355418
2019-02-02,27511.460035943
2019-02-03,19643.6273728602
2019-02-04,33442.7469342473
2019-02-05,33408.4789083643
2019-02-06,43322.2653984859
2019-02-07,38890.7528538789
2019-02-08,53334.3351742044
2019-02-09,29401.9109013541
2019-02-10,23286.8039782811
2019-02-11,48539.1396753422
2019-02-12,44335.6899048989
2019-02-13,45915.0514549428
2019-02-14,39200.4129597503
2019-02-15,42113.4002047497
2019-02-16,22424.6934317826
2019-02-17,21115.5160332224
2019-02-18,54995.9134944994
2019-02-19,59653.7532603811
2019-02-20,56296.8271816473
2019-02-21,49146.5237313437
2019-02-22,40616.9757675292
2019-02-23,27094.7430418748
2019-02-24,48834.1854642872
2019-02-25,66625.6023287641
2019-02-26,52422.1368218114
2019-02-27,48779.7858678837
2019-02-28,44876.8398841333
2019-03-01,45608.8352111007
2019-03-02,20146.291680089
2019-03-03,27100.5149708116
2019-03-04,54721.8428014817
2019-03-05,56434.3325971416
2019-03-06,55793.8622091745
2019-03-07,45180.6012813037
2019-03-08,46942.9383071492
2019-03-09,31788.6960348998
2019-03-10,24757.2715018687
2019-03-11,54210.7363930536
2019-03-12,50209.5077188426
2019-03-13,49202.0745833314
2019-03-14,59653.9909476796
2019-03-15,49696.9101919189
2019-03-16,30527.6001967062
2019-03-17,18719.0444816568
2019-03-18,47127.5548301222
2019-03-19,46012.2460097991
2019-03-20,58736.6131464872
2019-03-21,57967.0440669682
2019-03-22,43110.1893085328
2019-03-23,25273.0210503206
2019-03-24,20430.7355971009
2019-03-25,51786.8053915719
2019-03-26,46600.2372142543
2019-03-27,52027.1301888345
2019-03-28,46192.0427407792
2019-03-29,61070.3766255332
2019-03-30,33801.8325991947
2019-03-31,28974.755750544
2019-04-01,65782.4307998535
2019-04-02,128629.457781856
2019-04-03,95273.1610498501
2019-04-04,87769.5597303144
2019-04-05,56552.1414986941
2019-04-06,33398.6202875075
2019-04-07,35574.7448912372
2019-04-08,72575.9973913448
2019-04-09,57933.3412232545
2019-04-10,67756.9496256965
2019-04-11,78435.71172458
2019-04-12,55837.9416641601
2019-04-13,35652.7584401691
2019-04-14,31524.875712878
2019-04-15,53978.9249516085
2019-04-16,50680.6017071066
2019-04-17,53676.4828811489
2019-04-18,61735.8970793966
2019-04-19,37241.919263897
2019-04-20,25703.0408902085
2019-04-21,28090.9621540951
2019-04-22,39056.6051195447
2019-04-23,55250.3427537221
2019-04-24,76059.9417643267
2019-04-25,69841.1743959246
2019-04-26,98315.4752974846
2019-04-27,35082.3947254675
2019-04-28,40171.8835295485
2019-04-29,65348.078916871
2019-04-30,56496.6979006142
2019-05-01,39054.8707172291
2019-05-02,44031.9922870453
2019-05-03,61177.703427263
2019-05-04,37526.3259059316
2019-05-05,35209.7975577624
2019-05-06,41718.865311853
2019-05-07,60947.1985988348
2019-05-08,49182.025478912
2019-05-09,49990.486004642
2019-05-10,52137.9265034631
2019-05-11,71411.9261497645
2019-05-12,49064.8776899694
2019-05-13,70710.3985973942
2019-05-14,80641.3437825232
2019-05-15,96519.6152488797
2019-05-16,81144.1374670661
2019-05-17,72648.9826172767
2019-05-18,33228.6892227818
2019-05-19,34948.4110827745
2019-05-20,50409.9236488755
2019-05-21,44227.9382710409
2019-05-22,46040.0368290307
2019-05-23,47076.1274031498
2019-05-24,47681.2090261137
2019-05-25,20359.6105018163
2019-05-26,27977.6012328719
2019-05-27,44426.8004646831
2019-05-28,40559.1041634086
2019-05-29,44805.5419493559
2019-05-30,50725.3030302703
2019-05-31,76272.052093194
2019-06-01,28745.9395600481
2019-06-02,21538.6416689194
2019-06-03,46079.3935579892
2019-06-04,64438.0915046321
2019-06-05,49908.4866357543
2019-06-06,48405.5836278971
2019-06-07,40902.8781718805
2019-06-08,24536.3461686972
2019-06-09,20151.828873623
2019-06-10,40317.2845113591
2019-06-11,44917.8852333893
2019-06-12,61934.3490465923
2019-06-13,44573.7792004777
2019-06-14,49735.5995794997
2019-06-15,28844.5502120389
2019-06-16,37532.5157755734
2019-06-17,53172.5952900389
2019-06-18,42063.4238613919
2019-06-19,40330.5342544252
2019-06-20,38846.1187396297
2019-06-21,54103.2659102519
2019-06-22,53003.9132809273
2019-06-23,32753.5882346573
2019-06-24,49551.1313861403
2019-06-25,49514.8463021739
2019-06-26,87307.3148016295
2019-06-27,71674.0681854217
2019-06-28,86787.1077622875
2019-06-29,31401.8309411057
2019-06-30,28790.8562113972
2019-07-01,49968.8559118979
2019-07-02,53977.8737136275
2019-07-03,51598.1274144743
2019-07-04,56160.913360536
2019-07-05,41556.7028563122
2019-07-06,22168.5756897708
2019-07-07,20128.1480328527
2019-07-08,35733.6750563441
2019-07-09,47345.0596648189
2019-07-10,52442.0400973696
2019-07-11,55009.2242169711
2019-07-12,57612.5599414182
2019-07-13,26362.3930008577
2019-07-14,23881.7123068167
2019-07-15,47765.854621673
2019-07-16,54565.1232863924
2019-07-17,59257.4192414469
2019-07-18,48493.4398882336
2019-07-19,64426.6275231354
2019-07-20,26620.2793465593
2019-07-21,16462.3835884771
2019-07-22,31147.1530088127
2019-07-23,42132.5595889381
2019-07-24,65068.1522531877
2019-07-25,48116.96915535
2019-07-26,30990.468510305
2019-07-27,27645.2624301586
2019-07-28,16196.2115429883
2019-07-29,266929.744236049
2019-07-30,37953.0451788131
2019-07-31,33260.9412929266
2019-08-01,29580.3996100515
2019-08-02,33959.9378233551
2019-08-03,20312.4439792113
2019-08-04,16012.2406526439
2019-08-05,52256.7536934517
2019-08-06,88967.9034971857
2019-08-07,59055.0448575936
2019-08-08,33100.8184443378
2019-08-09,36295.713983425
2019-08-10,26070.1074168629
2019-08-11,12870.2393121061
2019-08-12,19178.7313878263
2019-08-13,29582.8290127781
2019-08-14,39203.8063479083
2019-08-15,45217.0501674801
2019-08-16,36859.1882035868
2019-08-17,12254.1627195457
2019-08-18,12334.3533040281
2019-08-19,29368.799843168
2019-08-20,24762.6433074033
2019-08-21,39303.658915235
2019-08-22,26277.8772465873
2019-08-23,27641.9286968483
2019-08-24,18518.5085637714
2019-08-25,13839.4656254153
2019-08-26,30439.6560375892
2019-08-27,32501.8146533882
2019-08-28,33979.1674611297
2019-08-29,44140.2556726539
2019-08-30,34858.7359072015
2019-08-31,13008.1858388573
2019-09-01,11624.4802676366
2019-09-02,33206.062408897
2019-09-03,39099.6699185394
2019-09-04,28790.2212949663
2019-09-05,27898.0802922988
2019-09-06,37288.483462822
2019-09-07,19134.209967191
2019-09-08,14229.038090074
2019-09-09,33451.3414302439
2019-09-10,35642.5734875692
2019-09-11,28012.125209736
2019-09-12,28256.7018909511
2019-09-13,24531.6727764411
2019-09-14,13040.3823664178
2019-09-15,13883.4449603149
2019-09-16,29954.144842446
2019-09-17,29151.1237831036
2019-09-18,44038.8445539206
2019-09-19,46098.0084334096
2019-09-20,35972.1963442532
2019-09-21,12775.384072907
2019-09-22,16117.1598455579
2019-09-23,28465.8589139392
2019-09-24,90833.242504891
2019-09-25,69057.5458302409
2019-09-26,51666.8522708117
2019-09-27,47406.3876131767
2019-09-28,28131.8525576258
2019-09-29,20569.4168008045
2019-09-30,47472.877693435
2019-10-01,44883.0279729479
2019-10-02,29384.5673829162
2019-10-03,29372.0852197494
2019-10-04,29595.961709766
2019-10-05,13209.9561647251
2019-10-06,18885.9961769117
2019-10-07,40511.4301691053
2019-10-08,30683.4341853577
2019-10-09,51174.9306174059
2019-10-10,41960.7528583503
2019-10-11,48023.6771052226
2019-10-12,14531.4596279892
2019-10-13,12991.7265520367
2019-10-14,28273.7018979838
2019-10-15,27872.8527069955
2019-10-16,42186.9509457544
2019-10-17,40989.6577372239
2019-10-18,37973.4138850306
2019-10-19,13187.6452467851
2019-10-20,13798.889533709
2019-10-21,33265.8649144849
2019-10-22,38771.6548933977
2019-10-23,61564.3503577542
2019-10-24,40519.4092114166
2019-10-25,56701.0947871394
2019-10-26,55687.9152872369
2019-10-27,24896.3306768689
2019-10-28,54381.0756490239
2019-10-29,40932.4963279177
2019-10-30,36780.0402714397
2019-10-31,33731.7228769007
2019-11-01,91990.0264699939
2019-11-02,14913.7868126133
2019-11-03,15224.6371184663
2019-11-04,36591.8887476491
2019-11-05,33135.7053805322
2019-11-06,30812.1536262837
2019-11-07,34904.9046462155
2019-11-08,51218.0422265413
2019-11-09,17514.0237476602
2019-11-10,14353.812563677
2019-11-11,25644.0672159053
2019-11-12,44615.8676787542
2019-11-13,28309.7854490212
2019-11-14,48108.5295556187
2019-11-15,42353.7796996785
2019-11-16,13742.7413625772
2019-11-17,11975.2957583985
2019-11-18,37648.4651682821
2019-11-19,42949.543600742
2019-11-20,32517.9956110393
2019-11-21,49299.6110621542
2019-11-22,85318.7417969455
2019-11-23,35785.923521577
2019-11-24,26339.1118854252
2019-11-25,72814.7336501555
2019-11-26,47455.4686518642
2019-11-27,52385.5701261765
2019-11-28,36496.9315539977
2019-11-29,43364.8677378595
2019-11-30,25036.5425067655
2019-12-01,25782.9836025993
2019-12-02,38323.1336432751
2019-12-03,34695.5319147163
2019-12-04,47774.1097697414
2019-12-05,37148.3174316461
2019-12-06,38977.9944652918
2019-12-07,17654.477353989
2019-12-08,15513.9338096544
2019-12-09,46959.3816804663
2019-12-10,46573.032326119
2019-12-11,38962.3756702637
2019-12-12,37732.00471065
2019-12-13,42610.7997174047
2019-12-14,20530.4547414309
2019-12-15,15636.2126923343
2019-12-16,37355.159414639
2019-12-17,47400.3086326486
2019-12-18,59632.5985092032
2019-12-19,52233.6610457391
2019-12-20,44088.0987542412
2019-12-21,19631.6096577452
2019-12-22,15990.9040035488
2019-12-23,48017.9519234222
2019-12-24,33829.2910141429
2019-12-25,19814.4993337484
2019-12-26,25691.0355201613
2019-12-27,38910.7526946644
2019-12-28,17197.3523157756
2019-12-29,19326.0190798807
2019-12-30,43060.051909775
2019-12-31,34192.6299921162
2020-01-01,15010.6923419115
2020-01-02,32458.1452231971
2020-01-03,47892.1909881891
2020-01-04,21283.2223155251
2020-01-05,15665.3330144299
2020-01-06,42873.4903551545
2020-01-07,46569.5133677294
2020-01-08,49548.8272002875
2020-01-09,32689.6287724088
2020-01-10,45942.2328725236
2020-01-11,21079.7344036639
2020-01-12,16307.0210255094
2020-01-13,36959.9169914613
2020-01-14,71198.0777974748
2020-01-15,58864.7401265976
2020-01-16,55933.8527818554
2020-01-17,45224.025293682
2020-01-18,17752.850321069
2020-01-19,27559.2397925534
2020-01-20,37882.5098126787
2020-01-21,32499.7675489861
2020-01-22,44525.2289459434
2020-01-23,34996.4560875208
2020-01-24,37840.9436384009
2020-01-25,15227.9305677759
2020-01-26,14911.0776441799
2020-01-27,34486.4453056788
2020-01-28,33718.6615228301
2020-01-29,35894.5269801568
2020-01-30,46284.9334067373
2020-01-31,41234.3416955972
2020-02-01,14677.7209690429
2020-02-02,20710.6504672177
2020-02-03,39645.3583490945
2020-02-04,31866.3809970323
2020-02-05,42803.8889386413
2020-02-06,45830.999885718
2020-02-07,44139.9735050357
2020-02-08,22372.0935004366
2020-02-09,22040.049569255
2020-02-10,57174.0436940903
2020-02-11,44181.9417495857
2020-02-12,58626.333336492
2020-02-13,60292.4990231469
2020-02-14,47366.1166014934
2020-02-15,40533.5478828572
2020-02-16,27580.5219253978
2020-02-17,46680.2321864536
2020-02-18,51362.7136620518
2020-02-19,48825.8468691835
2020-02-20,63036.5192498255
2020-02-21,46306.5766023325
2020-02-22,17931.5696354863
2020-02-23,24592.9234610122
2020-02-24,42083.4289405735
2020-02-25,41221.2623506615
2020-02-26,55074.0490981274
2020-02-27,52702.1706303567
2020-02-28,54233.5978773277
2020-02-29,21286.9749447978
2020-03-01,22770.1656134727
2020-03-02,36405.5683434946
2020-03-03,46466.0105297177
2020-03-04,45509.6514527404
2020-03-05,51987.8413483679
2020-03-06,47841.163380233
2020-03-07,17525.9426887276
2020-03-08,33108.475407527
2020-03-09,90822.5082024474
2020-03-10,60922.751888781
2020-03-11,51162.3758277665
2020-03-12,173262.890164551
2020-03-13,278293.782307949
2020-03-14,99418.2759097302
2020-03-15,58778.9936949745
2020-03-16,147675.939280088
2020-03-17,105993.282303956
2020-03-18,86370.7913603169
2020-03-19,108938.188135628
2020-03-20,104129.529098141
2020-03-21,44670.2175660674
2020-03-22,34329.4894201647
2020-03-23,71239.469588414
2020-03-24,77820.8148033086
2020-03-25,75367.6360667541
2020-03-26,46751.8172751953
2020-03-27,61125.1846599962
2020-03-28,50826.795562343
2020-03-29,34717.9056080945
2020-03-30,54652.174861392
2020-03-31,48085.684284689
2020-04-01,46592.1854736152
2020-04-02,67490.4105898361
2020-04-03,59237.3331854894
2020-04-04,30817.5243162253
2020-04-05,24597.981497195
2020-04-06,59765.5068233127
2020-04-07,61563.0504291102
2020-04-08,45039.8033482282
2020-04-09,68736.1413172639
2020-04-10,68043.3884916226
2020-04-11,31475.4905507647
2020-04-12,30556.8171850675
2020-04-13,66136.6245991805
2020-04-14,48962.6421459173
2020-04-15,45913.3971440438
2020-04-16,65061.9684487588
2020-04-17,55163.5556518786
2020-04-18,27347.3316699384
2020-04-19,20386.9772944883
2020-04-20,50240.5676918036
2020-04-21,56599.4467947179
2020-04-22,55041.4049450003
2020-04-23,57316.6216845213
2020-04-24,69315.6769304628
2020-04-25,25443.6269054354
2020-04-26,22588.4270466364
2020-04-27,62829.7919695252
2020-04-28,58105.7708764716
2020-04-29,110045.747276704
2020-04-30,90419.5396740918
2020-05-01,52701.2758436054
2020-05-02,23053.1026782649
2020-05-03,30298.8499893886
2020-05-04,58634.7877881842
2020-05-05,54663.9213707907
2020-05-06,63751.7341271119
2020-05-07,85798.8426861862
2020-05-08,89540.8697827709
2020-05-09,40075.5639733091
2020-05-10,70425.2556096026
2020-05-11,82161.757960959
2020-05-12,78765.401816059
2020-05-13,74329.6846911355
2020-05-14,66236.8075573887
2020-05-15,55203.5464437306
2020-05-16,19836.6445379889
2020-05-17,29109.3753470991
2020-05-18,54131.9162785363
2020-05-19,55641.0903523162
2020-05-20,53986.9832858079
2020-05-21,49562.0530023938
2020-05-22,46365.953376839
2020-05-23,21197.0814487799
2020-05-24,24947.7673897018
2020-05-25,53833.5630998049
2020-05-26,45064.1619615034
2020-05-27,47284.5702795983
2020-05-28,47928.7081409991
2020-05-29,56291.0104958022
2020-05-30,27943.8681130455
2020-05-31,22496.8108475035
2020-06-01,58131.9215707298
2020-06-02,97884.7787589509
2020-06-03,58249.532535424
2020-06-04,49555.4021630557
2020-06-05,51225.0075652536
2020-06-06,18597.5376886679
2020-06-07,22255.5999854355
2020-06-08,52816.9885539271
2020-06-09,45705.0609084087
2020-06-10,40948.0720362238
2020-06-11,62210.7255317582
2020-06-12,47330.3042123817
2020-06-13,20847.7416207397
2020-06-14,15325.0046822903
2020-06-15,57911.9623137562
2020-06-16,45892.2808169793
2020-06-17,41414.2269695812
2020-06-18,48931.1538290784
2020-06-19,51562.8627859928
2020-06-20,18836.6866631833
2020-06-21,19933.4475101423
2020-06-22,48499.7954858757
2020-06-23,65951.5562784829
2020-06-24,48373.8951957408
2020-06-25,47163.3042804226
2020-06-26,47164.8677899313
2020-06-27,25671.979753643
2020-06-28,21448.8800389219
2020-06-29,47543.2723532249
2020-06-30,43878.2695641605
2020-07-01,47706.9067184824
2020-07-02,45786.2616386517
2020-07-03,35792.346225155
2020-07-04,18644.4735157782
2020-07-05,17410.7548560796
2020-07-06,45118.6538564582
2020-07-07,38877.7154204115
2020-07-08,53180.6449698148
2020-07-09,44431.3381355395
2020-07-10,45414.7255797424
2020-07-11,17879.1249377599
2020-07-12,18128.1425395058
2020-07-13,51132.8481116435
2020-07-14,39856.2278820036
2020-07-15,48119.255572852
2020-07-16,42909.1427050229
2020-07-17,41563.0946605684
2020-07-18,22783.2507518465
2020-07-19,18388.5223974411
2020-07-20,42762.8321289027
2020-07-21,47787.1449126951
2020-07-22,46123.2417361203
2020-07-23,69450.9301470297
2020-07-24,54837.122555129
2020-07-25,30259.9386312029
2020-07-26,39677.1275124425
2020-07-27,87444.7206966361
2020-07-28,80205.5825534421
2020-07-29,62883.238747358
2020-07-30,66741.0250928899
2020-07-31,66480.1861698196
2020-08-01,49863.1248300627
2020-08-02,47844.394908193
2020-08-03,62282.7356499359
2020-08-04,57438.6756035904
2020-08-05,57454.7846480532
2020-08-06,64326.2595379412
2020-08-07,74921.8799366043
2020-08-08,29330.5856330045
2020-08-09,25427.0320047275
2020-08-10,62289.9172880965
2020-08-11,52320.9584917944
2020-08-12,52167.3345586277
2020-08-13,46741.3870365915
2020-08-14,75163.3978192538
2020-08-15,29426.8536528694
2020-08-16,27686.2040512261
2020-08-17,56717.6258765014
2020-08-18,65093.7170450854
2020-08-19,64895.4507007291
2020-08-20,50167.9698627894
2020-08-21,49469.6248649818
2020-08-22,27372.8513458173
2020-08-23,21112.0683813525
2020-08-24,35408.47240668
2020-08-25,47629.6608651656
2020-08-26,52357.0168986603
2020-08-27,47082.7896897626
2020-08-28,45892.0173061238
2020-08-29,27695.2959159546
2020-08-30,22244.3881918724
2020-08-31,58407.956389172
2020-09-01,59948.7611381598
2020-09-02,75985.9130904135
2020-09-03,77984.7216648616
2020-09-04,102806.764042563
2020-09-05,51029.45737376
2020-09-06,31974.3882314935
2020-09-07,54720.0848537192
2020-09-08,55912.8345285283
2020-09-09,56124.6116752366
2020-09-10,57152.6848409704
2020-09-11,48336.7622969141
2020-09-12,31790.244893998
2020-09-13,32949.435289811
2020-09-14,65590.1760381198
2020-09-15,47874.7274188767
2020-09-16,53101.2211869993
2020-09-17,49753.8782202648
2020-09-18,58254.1855763556
2020-09-19,25930.856362775
2020-09-20,23347.2988157544
2020-09-21,53663.4058632395
2020-09-22,54175.3481559836
2020-09-23,67550.5518984393
2020-09-24,58309.8896740392
2020-09-25,52719.9295470129
2020-09-26,23763.1016165096
2020-09-27,21615.0873845471
2020-09-28,47951.20474887
2020-09-29,69755.1658912358
2020-09-30,43435.3767602219
2020-10-01,56010.9167074104
2020-10-02,95823.1239714961
2020-10-03,25461.2202787686
2020-10-04,16912.9960056833
2020-10-05,44957.9445595004
2020-10-06,34272.9138465999
2020-10-07,58435.4097154687
2020-10-08,40150.4405054907
2020-10-09,43689.2440369668
2020-10-10,30555.0037155915
2020-10-11,14054.0430245853
2020-10-12,41165.9720037241
2020-10-13,39144.9623426821
2020-10-14,43886.211623044
2020-10-15,59626.8102571932
2020-10-16,66989.441651103
2020-10-17,26671.7354820327
2020-10-18,15574.0461200173
2020-10-19,40664.8766492315
2020-10-20,40294.6053721481
2020-10-21,64982.06029214
2020-10-22,68538.39908679
2020-10-23,49053.16908988
2020-10-24,25914.1937289673
2020-10-25,21606.4888078848
2020-10-26,45812.6449370045
2020-10-27,55737.6862876274
2020-10-28,53887.4830684264
2020-10-29,55555.47902142
2020-10-30,60740.54464847
2020-10-31,32132.28121867
2020-11-01,29582.2754761
2020-11-02,71461.6387072501
2020-11-03,67089.0676601702
2020-11-04,56523.4542655776
2020-11-05,87417.2494180272
2020-11-06,68927.38598133
2020-11-07,31514.0766864973
2020-11-08,27014.4318412186
2020-11-09,59342.19276993
2020-11-10,60466.630360086
2020-11-11,52160.2035225973
2020-11-12,62594.587205887
2020-11-13,53267.6912443079
2020-11-14,20631.1072118103
2020-11-15,26767.2778801389
2020-11-16,54967.330565979
2020-11-17,57884.66615867
