t,market_mvrv_more_155
2010-12-19,4.84952583694529
2010-12-20,3.99325580465482
2010-12-21,3.02045442081666
2010-12-22,3.14934654971516
2010-12-23,3.23154151063689
2010-12-24,3.31653890639883
2010-12-25,3.44751684650432
2010-12-26,4.06938400026502
2010-12-27,4.13172172690709
2010-12-28,4.50020930905404
2010-12-29,4.81772559229784
2010-12-30,4.83990505247867
2010-12-31,4.84496899368051
2011-01-01,4.83268368720381
2011-01-02,4.82876232356821
2011-01-03,4.75203383048186
2011-01-04,4.81868397409839
2011-01-05,4.81932454755828
2011-01-06,4.81374023700372
2011-01-07,5.17686859303579
2011-01-08,5.22392692225982
2011-01-09,5.22727852893772
2011-01-10,5.28997446051178
2011-01-11,5.26544935961709
2011-01-12,5.11412475495087
2011-01-13,5.07332207982803
2011-01-14,6.37955821471238
2011-01-15,6.1191337908733
2011-01-16,6.11630587887647
2011-01-17,5.51738924093165
2011-01-18,4.93750766565581
2011-01-19,4.92879496382783
2011-01-20,6.13277792438056
2011-01-21,6.59731577917784
2011-01-22,6.96930509308532
2011-01-23,6.94003955094475
2011-01-24,6.59159635823806
2011-01-25,6.43280887988394
2011-01-26,6.49031811017629
2011-01-27,6.60697551050671
2011-01-28,6.82073170310529
2011-01-29,6.88275586954839
2011-01-30,7.52109657267343
2011-01-31,8.62176957064078
2011-02-01,11.0939322108971
2011-02-02,11.2244407011764
2011-02-03,10.9258152637735
2011-02-04,12.7308335923505
2011-02-05,14.2505829543252
2011-02-06,14.0910473340892
2011-02-07,13.9882848581862
2011-02-08,14.4352284163895
2011-02-09,17.0617060901467
2011-02-10,15.3532117716495
2011-02-11,16.8539421896919
2011-02-12,17.0259263881913
2011-02-13,16.5574449472219
2011-02-14,16.9727027029498
2011-02-15,16.576307992612
2011-02-16,16.2428534610561
2011-02-17,16.4309431149516
2011-02-18,14.2079467846849
2011-02-19,15.0048495108911
2011-02-20,13.4593976990651
2011-02-21,13.2191792461978
2011-02-22,14.2583014157419
2011-02-23,14.2598311903247
2011-02-24,15.7467934909519
2011-02-25,14.4425547597336
2011-02-26,15.2057876328123
2011-02-27,14.1284359475654
2011-02-28,13.8548511422499
2011-03-01,14.6138353004697
2011-03-02,14.9353203111829
2011-03-03,14.9275072785388
2011-03-04,14.3277422904967
2011-03-05,14.470157009783
2011-03-06,14.1057669306468
2011-03-07,14.0810218033865
2011-03-08,13.8480641363455
2011-03-09,13.7642204124843
2011-03-10,14.8529337057881
2011-03-11,14.0095503861241
2011-03-12,14.5929302214226
2011-03-13,13.9808618777564
2011-03-14,13.927634293
2011-03-15,13.5267572051643
2011-03-16,13.2349423086139
2011-03-17,12.6695784132008
2011-03-18,12.4823849492047
2011-03-19,11.6346794405469
2011-03-20,11.223748404849
2011-03-21,11.4627668844345
2011-03-22,12.0548496672121
2011-03-23,12.5799375645546
2011-03-24,12.8630299978001
2011-03-25,13.0093244124077
2011-03-26,12.5284315912201
2011-03-27,12.0878403189994
2011-03-28,11.5940537514485
2011-03-29,11.3522706100682
2011-03-30,10.6484006410307
2011-03-31,10.3436934546027
2011-04-01,10.1076912363917
2011-04-02,10.12343636183
2011-04-03,10.0044031663855
2011-04-04,8.60433543107713
2011-04-05,8.91375101790691
2011-04-06,9.08446518152074
2011-04-07,9.19784276721144
2011-04-08,8.99456076314925
2011-04-09,8.7128358172187
2011-04-10,8.45417194480384
2011-04-11,8.728097402065
2011-04-12,7.88545928287609
2011-04-13,8.49803393260154
2011-04-14,8.97422132388856
2011-04-15,8.79457510409449
2011-04-16,9.32641693510621
2011-04-17,9.9675920145457
2011-04-18,10.0396233170037
2011-04-19,10.3560628280018
2011-04-20,9.75484737487051
2011-04-21,10.2351214713468
2011-04-22,11.845465361059
2011-04-23,13.8690756241049
2011-04-24,13.5334121197949
2011-04-25,13.0691699835049
2011-04-26,14.5532331303342
2011-04-27,15.360217585908
2011-04-28,17.7504553881315
2011-04-29,22.4957238392577
2011-04-30,25.8449692941098
2011-05-01,22.331088037006
2011-05-02,23.469395956991
2011-05-03,24.7503297612368
2011-05-04,24.6240133147542
2011-05-05,24.0373715507857
2011-05-06,24.8430330223722
2011-05-07,26.1450643367616
2011-05-08,27.6557276357018
2011-05-09,27.1193022588935
2011-05-10,41.3225380986998
2011-05-11,39.5358235835036
2011-05-12,47.2650719005741
2011-05-13,60.7689150880412
2011-05-14,52.0956795930693
2011-05-15,51.3049385130053
2011-05-16,57.5309138644861
2011-05-17,51.899400448263
2011-05-18,48.4302065783973
2011-05-19,49.5042447932901
2011-05-20,40.2097517637692
2011-05-21,44.0379098968203
2011-05-22,47.8786598183254
2011-05-23,49.1981204448489
2011-05-24,51.3337485248954
2011-05-25,57.9087709983971
2011-05-26,59.9511149330839
2011-05-27,57.9747749219291
2011-05-28,56.6024894559193
2011-05-29,56.6588360673702
2011-05-30,59.2823049584809
2011-05-31,58.2856305334573
2011-06-01,64.049293249919
2011-06-02,72.1957814801794
2011-06-03,95.0505656512009
2011-06-04,123.277266878938
2011-06-05,108.811699220375
2011-06-06,118.226323432384
2011-06-07,151.058272171204
2011-06-08,195.577841495092
2011-06-09,187.946069762835
2011-06-10,154.832804399556
2011-06-11,95.0233833098371
2011-06-12,120.073025100728
2011-06-13,122.792984571865
2011-06-14,121.414184880417
2011-06-15,131.194583096694
2011-06-16,119.382256645858
2011-06-17,104.897177707868
2011-06-18,107.349979501882
2011-06-19,110.143172730024
2011-06-20,107.624810887279
2011-06-21,105.714577500722
2011-06-22,104.961176026102
2011-06-23,105.974390585445
2011-06-24,107.39423282012
2011-06-25,102.900488708771
2011-06-26,92.0010967602168
2011-06-27,96.163445874756
2011-06-28,96.9299523136443
2011-06-29,96.5208440863739
2011-06-30,91.2794280905911
2011-07-01,86.4112653525817
2011-07-02,86.3993021424863
2011-07-03,86.0604205893058
2011-07-04,76.9473056086307
2011-07-05,70.0189672110298
2011-07-06,78.5871563510854
2011-07-07,78.680349572304
2011-07-08,73.3230229785931
2011-07-09,72.6049606431982
2011-07-10,72.4797598159121
2011-07-11,69.5126048731411
2011-07-12,67.2178444954713
2011-07-13,66.1579698558126
2011-07-14,65.5189823331701
2011-07-15,61.8509531656495
2011-07-16,60.0870947457001
2011-07-17,56.0019886245884
2011-07-18,57.7989405868475
2011-07-19,56.710157415199
2011-07-20,54.9289770642927
2011-07-21,53.8862505309154
2011-07-22,53.678736491257
2011-07-23,52.6205785951545
2011-07-24,53.6179680616049
2011-07-25,52.2513084565185
2011-07-26,51.3673338069516
2011-07-27,51.0403916631328
2011-07-28,48.9839700769968
2011-07-29,48.7342694091237
2011-07-30,48.0629693623974
2011-07-31,47.0073446500883
2011-08-01,44.0162474327036
2011-08-02,39.2258378813129
2011-08-03,22.9831528402094
2011-08-04,23.3800536953693
2011-08-05,20.9754545362603
2011-08-06,13.7427838968862
2011-08-07,17.5052920827889
2011-08-08,16.7965775822659
2011-08-09,20.1502221275606
2011-08-10,21.4302874486263
2011-08-11,20.1692615644902
2011-08-12,20.1501994353046
2011-08-13,21.4984100072476
2011-08-14,22.6860235739527
2011-08-15,23.3766801377916
2011-08-16,22.7582751794803
2011-08-17,22.7246042095089
2011-08-18,22.2865920908537
2011-08-19,24.0256238103531
2011-08-20,23.3741129359302
2011-08-21,23.0732147832881
2011-08-22,22.3840481107394
2011-08-23,22.1889739986572
2011-08-24,21.9955133974262
2011-08-25,19.1091205002236
2011-08-26,16.2528873447091
2011-08-27,17.0813145704509
2011-08-28,18.0614545435797
2011-08-29,17.7843662332862
2011-08-30,17.4169857862233
2011-08-31,16.2297251166728
2011-09-01,16.2544103712956
2011-09-02,17.0500273034909
2011-09-03,16.6268238746299
2011-09-04,15.9963252410062
2011-09-05,14.8867848589768
2011-09-06,13.4114997355891
2011-09-07,14.0005254433624
2011-09-08,12.7832427116336
2011-09-09,9.95436587406353
2011-09-10,9.28620252917797
2011-09-11,11.3674815338011
2011-09-12,11.8378106353651
2011-09-13,11.3400286731238
2011-09-14,10.7999891291096
2011-09-15,9.37589812314221
2011-09-16,9.37676733041232
2011-09-17,9.25067990837169
2011-09-18,10.1495268487504
2011-09-19,10.6729412072857
2011-09-20,11.8100081976659
2011-09-21,10.9044676139464
2011-09-22,10.5107024869652
2011-09-23,10.6289082845272
2011-09-24,10.4104215497942
2011-09-25,10.0488558338322
2011-09-26,9.09049083404357
2011-09-27,8.72159030982085
2011-09-28,8.69060452706247
2011-09-29,8.70698652974405
2011-09-30,9.21872104022743
2011-10-01,8.89838202618019
2011-10-02,8.70337034182994
2011-10-03,8.58276116367747
2011-10-04,8.36908116680755
2011-10-05,8.07317685653747
2011-10-06,6.2335653944132
2011-10-07,5.56863375824654
2011-10-08,5.16671667535711
2011-10-09,5.25232641471035
2011-10-10,5.13483525693177
2011-10-11,4.99011957287844
2011-10-12,5.01836807292148
2011-10-13,4.71253300397248
2011-10-14,4.53945607529967
2011-10-15,4.2310598543074
2011-10-16,3.8714250194139
2011-10-17,2.79396098374968
2011-10-18,2.48248759222916
2011-10-19,2.21488333071283
2011-10-20,2.30283629470859
2011-10-21,2.48224631088643
2011-10-22,3.03291777729352
2011-10-23,2.91033480008916
2011-10-24,2.30777547411835
2011-10-25,2.47733856536023
2011-10-26,2.40753739040751
2011-10-27,2.52416557552189
2011-10-28,2.62098277343482
2011-10-29,2.88961976301206
2011-10-30,2.58043489773609
2011-10-31,2.46787886961574
2011-11-01,2.28712661855222
2011-11-02,2.25300291227716
2011-11-03,2.13976547699089
2011-11-04,2.0476057892094
2011-11-05,1.5216151326058
2011-11-06,1.41835011699071
2011-11-07,1.32638655733509
2011-11-08,1.30017811260626
2011-11-09,1.21747105762558
2011-11-10,0.88363007961104
2011-11-11,0.835708834069582
2011-11-12,0.775515505634521
2011-11-13,0.741482833008864
2011-11-14,0.512731391458454
2011-11-15,0.541497922666772
2011-11-16,0.465414907358337
2011-11-17,0.398774365279131
2011-11-18,0.3561986212096
2011-11-19,0.359835645869649
2011-11-20,0.3574062779951
2011-11-21,0.351683023110898
2011-11-22,0.35381614009571
2011-11-23,0.347557612624911
2011-11-24,0.357302065630546
2011-11-25,0.36475757775948
2011-11-26,0.354880132879512
2011-11-27,0.352754019292137
2011-11-28,0.360767485726471
2011-11-29,0.383402539860475
2011-11-30,0.402982748296259
2011-12-01,0.419518401555243
2011-12-02,0.417659325179595
2011-12-03,0.372053497865356
2011-12-04,0.368294939017227
2011-12-05,0.370685307760572
2011-12-06,0.392553889514606
2011-12-07,0.386394635444936
2011-12-08,0.384905851209498
2011-12-09,0.379351443212893
2011-12-10,0.391392723368396
2011-12-11,0.415594937635239
2011-12-12,0.405014278597821
2011-12-13,0.412265173630226
2011-12-14,0.394832811162006
2011-12-15,0.404500930681565
2011-12-16,0.403205293268972
2011-12-17,0.402198440879406
2011-12-18,0.400651206566597
2011-12-19,0.441680906677193
2011-12-20,0.498220350262145
2011-12-21,0.484926428113303
2011-12-22,0.487427322830749
2011-12-23,0.490140623476863
2011-12-24,0.489352861318604
2011-12-25,0.525626915587475
2011-12-26,0.496046017413087
2011-12-27,0.509197883631148
2011-12-28,0.517718734746842
2011-12-29,0.516529500997399
2011-12-30,0.522751950356466
2011-12-31,0.580144242944428
2012-01-01,0.646195607990853
2012-01-02,0.640880907331278
2012-01-03,0.597150395310215
2012-01-04,0.684453997506416
2012-01-05,0.854482972372678
2012-01-06,0.819319540030963
2012-01-07,0.834312158244467
2012-01-08,0.874871565421573
2012-01-09,0.760753774892491
2012-01-10,0.793110358441246
2012-01-11,0.8488735094113
2012-01-12,0.814367710872031
2012-01-13,0.78682896482598
2012-01-14,0.826576810683237
2012-01-15,0.859994847820146
2012-01-16,0.813390964781798
2012-01-17,0.686279159388153
2012-01-18,0.723414885094942
2012-01-19,0.77329454212366
2012-01-20,0.778440453954656
2012-01-21,0.742378697431297
2012-01-22,0.757499352117655
2012-01-23,0.773401308232181
2012-01-24,0.759290809814558
2012-01-25,0.705687717002917
2012-01-26,0.648937586145374
2012-01-27,0.639444642801714
2012-01-28,0.686312438467309
2012-01-29,0.653326732733967
2012-01-30,0.665287384845389
2012-01-31,0.664262941644864
2012-02-01,0.735139160192837
2012-02-02,0.739482725326414
2012-02-03,0.720649792838561
2012-02-04,0.710904243060655
2012-02-05,0.683705622995018
2012-02-06,0.660318942491035
2012-02-07,0.687504731685177
2012-02-08,0.686123684382296
2012-02-09,0.708170859024019
2012-02-10,0.719799714235759
2012-02-11,0.681093265746612
2012-02-12,0.670435945088858
2012-02-13,0.65623025152158
2012-02-14,0.548074154625596
2012-02-15,0.542525289875325
2012-02-16,0.524361597063147
2012-02-17,0.537411689551693
2012-02-18,0.530629630922154
2012-02-19,0.542657333964442
2012-02-20,0.543625583623454
2012-02-21,0.534866434025895
2012-02-22,0.553025180401713
2012-02-23,0.624476094168971
2012-02-24,0.625950814028895
2012-02-25,0.594122101867617
2012-02-26,0.61372751444386
2012-02-27,0.618023967644478
2012-02-28,0.606316851991054
2012-02-29,0.611966428809754
2012-03-01,0.620099238722356
2012-03-02,0.5946284493055
2012-03-03,0.585053015894606
2012-03-04,0.608936765947619
2012-03-05,0.607085698116416
2012-03-06,0.630794741072422
2012-03-07,0.622053951559903
2012-03-08,0.623482326182588
2012-03-09,0.615171358836966
2012-03-10,0.612756197516876
2012-03-11,0.621172512819446
2012-03-12,0.62253339682176
2012-03-13,0.669920596946207
2012-03-14,0.684857618869824
2012-03-15,0.680475173769768
2012-03-16,0.679810884881809
2012-03-17,0.66013102015789
2012-03-18,0.671175457789192
2012-03-19,0.597271503528897
2012-03-20,0.621090571521481
2012-03-21,0.619072928860301
2012-03-22,0.613415879676234
2012-03-23,0.601758020880925
2012-03-24,0.603046366079273
2012-03-25,0.588651444172836
2012-03-26,0.60443082280506
2012-03-27,0.6247568615442
2012-03-28,0.625324941605708
2012-03-29,0.622230217608216
2012-03-30,0.646229382620212
2012-03-31,0.652065823566269
2012-04-01,0.644448924360729
2012-04-02,0.6661859805035
2012-04-03,0.665959915278127
2012-04-04,0.655844899280491
2012-04-05,0.66249758463452
2012-04-06,0.663478144379922
2012-04-07,0.634905746690969
2012-04-08,0.645095490591935
2012-04-09,0.649220099248223
2012-04-10,0.651891923268604
2012-04-11,0.660510047901486
2012-04-12,0.672584085989653
2012-04-13,0.673991131956107
2012-04-14,0.677795109291522
2012-04-15,0.683289031275729
2012-04-16,0.679483732676688
2012-04-17,0.684520740817567
2012-04-18,0.708102148696915
2012-04-19,0.729781336690784
2012-04-20,0.767970391504904
2012-04-21,0.750819561016111
2012-04-22,0.745828387717724
2012-04-23,0.737861120876853
2012-04-24,0.729196603840765
2012-04-25,0.734821024812202
2012-04-26,0.727288296456468
2012-04-27,0.729204712160758
2012-04-28,0.711183958100849
2012-04-29,0.702808046436344
2012-04-30,0.713115310298756
2012-05-01,0.723166991477254
2012-05-02,0.72910231024336
2012-05-03,0.740185312289501
2012-05-04,0.739603978985958
2012-05-05,0.732660891808016
2012-05-06,0.736448618320115
2012-05-07,0.736506800398136
2012-05-08,0.737569451094152
2012-05-09,0.7286659326927
2012-05-10,0.726988957301316
2012-05-11,0.727048664941793
2012-05-12,0.722073151728413
2012-05-13,0.720881528669077
2012-05-14,0.732833246221765
2012-05-15,0.733227342971039
2012-05-16,0.741774257608482
2012-05-17,0.749806159234446
2012-05-18,0.757169182279058
2012-05-19,0.756709616545212
2012-05-20,0.759671391249625
2012-05-21,0.761948126044176
2012-05-22,0.76308835049722
2012-05-23,0.771944501877758
2012-05-24,0.774517122253974
2012-05-25,0.778452387042402
2012-05-26,0.777466738483328
2012-05-27,0.777520298460058
2012-05-28,0.782860572755768
2012-05-29,0.785205914806594
2012-05-30,0.783482840699397
2012-05-31,0.796145836085887
2012-06-01,0.808263756728513
2012-06-02,0.787522688462302
2012-06-03,0.80256237353372
2012-06-04,0.811968991573928
2012-06-05,0.834604362342504
2012-06-06,0.837012518352439
2012-06-07,0.864053525660984
2012-06-08,0.870231058501137
2012-06-09,0.858977626141669
2012-06-10,0.844199073300111
2012-06-11,0.863228752780661
2012-06-12,0.885349347785356
2012-06-13,0.912614052572221
2012-06-14,0.919822192598625
2012-06-15,1.01296942151368
2012-06-16,0.996479880893864
2012-06-17,0.951889987667784
2012-06-18,0.973140186350071
2012-06-19,1.00546186973957
2012-06-20,1.03957484547456
2012-06-21,1.03819056740425
2012-06-22,1.01412022537784
2012-06-23,1.00062381552284
2012-06-24,0.987060871664429
2012-06-25,0.98038120703698
2012-06-26,1.00207768352383
2012-06-27,1.03125328238136
2012-06-28,1.02359274541981
2012-06-29,1.03769096724921
2012-06-30,1.04142868923565
2012-07-01,1.03056690805569
2012-07-02,1.05276171212008
2012-07-03,1.00492839614899
2012-07-04,1.01449106523913
2012-07-05,1.03801783995416
2012-07-06,1.04240965341058
2012-07-07,1.06858015386496
2012-07-08,1.06363238778485
2012-07-09,1.08714515486321
2012-07-10,1.15011088456033
2012-07-11,1.14613014013129
2012-07-12,1.22722505570561
2012-07-13,1.22114047575861
2012-07-14,1.2296204078297
2012-07-15,1.23792214167578
2012-07-16,1.36938081661977
2012-07-17,1.42125064667094
2012-07-18,1.48501383720071
2012-07-19,1.44492703821807
2012-07-20,1.3898031012963
2012-07-21,1.44190091792978
2012-07-22,1.38987636932712
2012-07-23,1.37796071318085
2012-07-24,1.39763424474107
2012-07-25,1.43361441559531
2012-07-26,1.4355221768366
2012-07-27,1.44657144600593
2012-07-28,1.447020807879
2012-07-29,1.4155447244717
2012-07-30,1.48761692044159
2012-07-31,1.53283483104866
2012-08-01,1.55922076188452
2012-08-02,1.69831199125027
2012-08-03,1.77977198754524
2012-08-04,1.7762877902592
2012-08-05,1.77517995066097
2012-08-06,1.7941004489245
2012-08-07,1.79169859722175
2012-08-08,1.82146283928952
2012-08-09,1.82927440986693
2012-08-10,1.88554405165861
2012-08-11,1.89950942131765
2012-08-12,1.91807037766006
2012-08-13,1.97447817180304
2012-08-14,2.01231740995755
2012-08-15,2.17833672081169
2012-08-16,2.22528373308858
2012-08-17,1.89971470873072
2012-08-18,1.88965766850799
2012-08-19,1.30894416580149
2012-08-20,1.62996390303454
2012-08-21,1.63250783196992
2012-08-22,1.60886975794456
2012-08-23,1.66760040033804
2012-08-24,1.75260801363003
2012-08-25,1.74395620110439
2012-08-26,1.75103958623904
2012-08-27,1.78983925438098
2012-08-28,1.80633446750358
2012-08-29,1.7842929764785
2012-08-30,1.76653983456877
2012-08-31,1.67047727648042
2012-09-01,1.6533009008315
2012-09-02,1.69055641110558
2012-09-03,1.74056285901965
2012-09-04,1.72084891075584
2012-09-05,1.82288332411796
2012-09-06,1.84086986943342
2012-09-07,1.82789622031593
2012-09-08,1.8322455885864
2012-09-09,1.82757070918173
2012-09-10,1.8457383764805
2012-09-11,1.86250498537935
2012-09-12,1.87303888102804
2012-09-13,1.8821145816974
2012-09-14,1.94911091136023
2012-09-15,1.94168082340502
2012-09-16,1.97444843246024
2012-09-17,1.98375045445574
2012-09-18,2.05857894253889
2012-09-19,2.09679663468789
2012-09-20,2.06674806155797
2012-09-21,2.07035155462529
2012-09-22,2.05244766677447
2012-09-23,2.04104216582617
2012-09-24,2.03061675026527
2012-09-25,2.03704832729662
2012-09-26,2.07546279259682
2012-09-27,2.07325613052569
2012-09-28,2.04456306855298
2012-09-29,2.09474268194343
2012-09-30,2.09036358008385
2012-10-01,2.09142871844208
2012-10-02,2.15561274683413
2012-10-03,2.12962831176728
2012-10-04,2.15414778011667
2012-10-05,2.14324150523557
2012-10-06,2.11582634871211
2012-10-07,1.99482941750155
2012-10-08,1.98164220884812
2012-10-09,2.01335862956443
2012-10-10,2.04847564423487
2012-10-11,2.05043401206027
2012-10-12,2.02178646547991
2012-10-13,2.01216650147694
2012-10-14,1.97823354341217
2012-10-15,2.00318316807218
2012-10-16,2.01819944606439
2012-10-17,2.01494201623177
2012-10-18,2.02374390070099
2012-10-19,1.99307456563067
2012-10-20,1.97845353675803
2012-10-21,1.97802698815932
2012-10-22,1.99053933966081
2012-10-23,1.98764926962224
2012-10-24,1.96867275723742
2012-10-25,1.82483445513791
2012-10-26,1.71136353101024
2012-10-27,1.7597020813826
2012-10-28,1.81179101990209
2012-10-29,1.80257434103936
2012-10-30,1.83059159382137
2012-10-31,1.87389052269273
2012-11-01,1.79825979335774
2012-11-02,1.79307640408392
2012-11-03,1.80071207675566
2012-11-04,1.83679649515763
2012-11-05,1.81893801540384
2012-11-06,1.84092249173825
2012-11-07,1.84886096265017
2012-11-08,1.83564837444504
2012-11-09,1.83992449522868
2012-11-10,1.85023505117381
2012-11-11,1.79231458733556
2012-11-12,1.8680715656409
2012-11-13,1.85045586242199
2012-11-14,1.86277650360248
2012-11-15,1.90258696653926
2012-11-16,1.99794866982612
2012-11-17,1.99360656571742
2012-11-18,1.97678636772578
2012-11-19,1.99293660530487
2012-11-20,1.9976309466472
2012-11-21,1.98723489915184
2012-11-22,2.09458595260211
2012-11-23,2.08903027179065
2012-11-24,2.10071447999604
2012-11-25,2.12050919032114
2012-11-26,2.07421744053783
2012-11-27,2.05253460801578
2012-11-28,2.08741627428812
2012-11-29,2.11217493856074
2012-11-30,2.12424512375176
2012-12-01,2.1233133944822
2012-12-02,2.10967610025016
2012-12-03,2.14635492147297
2012-12-04,2.26258576319647
2012-12-05,2.22671716368103
2012-12-06,2.25250013020696
2012-12-07,2.26363008758014
2012-12-08,2.28010984688194
2012-12-09,2.23985342921396
2012-12-10,2.2659084980899
2012-12-11,2.28435176001022
2012-12-12,2.28976261192744
2012-12-13,2.30571542936064
2012-12-14,2.28399257084549
2012-12-15,2.26514159800522
2012-12-16,2.23893638256157
2012-12-17,2.21020246967335
2012-12-18,2.2113970798167
2012-12-19,2.25204370259518
2012-12-20,2.24208731993539
2012-12-21,2.23191836093239
2012-12-22,2.21505804239552
2012-12-23,2.20791016902054
2012-12-24,2.21581303232584
2012-12-25,2.2056379427382
2012-12-26,2.21433696347742
2012-12-27,2.20653348872267
2012-12-28,2.20636278014199
2012-12-29,2.20013052642584
2012-12-30,2.20736865625517
2012-12-31,2.21313805388266
2013-01-01,2.15880815127833
2013-01-02,2.12326104716978
2013-01-03,2.14861186624959
2013-01-04,2.13971519921451
2013-01-05,2.1341299662983
2013-01-06,2.13166135753768
2013-01-07,2.13766133728672
2013-01-08,2.18380521273783
2013-01-09,2.19720075360112
2013-01-10,2.25415383941692
2013-01-11,2.25049816595182
2013-01-12,2.22959579499574
2013-01-13,2.18635448677044
2013-01-14,2.23741611862076
2013-01-15,2.27261532224099
2013-01-16,2.30025724680817
2013-01-17,2.45680187658846
2013-01-18,2.46595264123707
2013-01-19,2.44301658456661
2013-01-20,2.42628897255752
2013-01-21,2.59540446740917
2013-01-22,2.71067960343373
2013-01-23,2.73051982227829
2013-01-24,2.69797886023684
2013-01-25,2.72810366263419
2013-01-26,2.70484847591664
2013-01-27,2.72535296404373
2013-01-28,2.90222835866512
2013-01-29,3.00512769867467
2013-01-30,3.01666834301442
2013-01-31,3.17154954912925
2013-02-01,3.16395795533467
2013-02-02,3.06640119181528
2013-02-03,3.13897500968282
2013-02-04,3.14539144087739
2013-02-05,3.18155637186624
2013-02-06,3.23408896518512
2013-02-07,3.35684561714924
2013-02-08,3.47689630646842
2013-02-09,3.58495598651792
2013-02-10,3.66247027606296
2013-02-11,3.70270488179473
2013-02-12,3.89853144011393
2013-02-13,3.86179978246695
2013-02-14,4.23111269609361
2013-02-15,4.17016879576207
2013-02-16,4.23910590601643
2013-02-17,4.14680283544809
2013-02-18,4.13669640160278
2013-02-19,4.49787415511981
2013-02-20,4.58577505485077
2013-02-21,4.57277535918834
2013-02-22,4.62807157630231
2013-02-23,4.52012059941848
2013-02-24,4.5190469008616
2013-02-25,4.57858148153634
2013-02-26,4.67077345342605
2013-02-27,4.70656202043438
2013-02-28,5.01771908204756
2013-03-01,5.16779777333623
2013-03-02,5.08716567773961
2013-03-03,5.10399421038692
2013-03-04,5.41948200012349
2013-03-05,6.06825836144969
2013-03-06,6.28544045657774
2013-03-07,6.15248290419145
2013-03-08,6.45186689158633
2013-03-09,6.77291959440678
2013-03-10,6.66033195609425
2013-03-11,7.09139857266862
2013-03-12,6.56273840693363
2013-03-13,6.90791276226593
2013-03-14,6.88128306553431
2013-03-15,6.89400500990918
2013-03-16,6.83832933100676
2013-03-17,6.88257440822862
2013-03-18,7.36436954327596
2013-03-19,8.63847667571936
2013-03-20,9.51517265969251
2013-03-21,10.5395527257183
2013-03-22,10.1587854096127
2013-03-23,9.28583589702363
2013-03-24,10.2532351823912
2013-03-25,10.9362209960722
2013-03-26,11.6172579644199
2013-03-27,13.0031939303193
2013-03-28,12.9538479818317
2013-03-29,13.1091709131527
2013-03-30,13.5289281313634
2013-03-31,14.052182277817
2013-04-01,15.197459973971
2013-04-02,16.9613690734054
2013-04-03,19.5478037978723
2013-04-04,19.9027102530616
2013-04-05,20.96486919348
2013-04-06,21.0146820203327
2013-04-07,24.4115616661456
2013-04-08,27.6514118652091
2013-04-09,34.02219457018
2013-04-10,23.5654392194667
2013-04-11,12.0933848208827
2013-04-12,15.6497621472629
2013-04-13,14.4233291373273
2013-04-14,13.6000331974565
2013-04-15,11.0390684680706
2013-04-16,10.1469230137974
2013-04-17,13.4299187952193
2013-04-18,15.9220722107748
2013-04-19,17.5531186917436
2013-04-20,18.7828957114183
2013-04-21,17.5474511011304
2013-04-22,18.442281757785
2013-04-23,20.3912479168609
2013-04-24,22.2856840764842
2013-04-25,21.107254544975
2013-04-26,20.4587223663157
2013-04-27,19.1647537612219
2013-04-28,20.0051529233996
2013-04-29,21.1185135692193
2013-04-30,20.5781420750008
2013-05-01,17.2025660997629
2013-05-02,15.4629080244049
2013-05-03,14.4640736595092
2013-05-04,16.4584477643706
2013-05-05,17.2617669848377
2013-05-06,16.5511584113097
2013-05-07,16.4341435119555
2013-05-08,16.5984697071289
2013-05-09,16.2611126996883
2013-05-10,17.2128450994584
2013-05-11,16.8694503644644
2013-05-12,16.652539560558
2013-05-13,16.8800639104547
2013-05-14,15.5484625160084
2013-05-15,15.7567063587284
2013-05-16,16.4222176797185
2013-05-17,16.9755878776503
2013-05-18,17.1002451356307
2013-05-19,16.8008913333937
2013-05-20,16.9409232395736
2013-05-21,16.8280933491597
2013-05-22,16.9118325042011
2013-05-23,17.5784824226181
2013-05-24,18.2188498271474
2013-05-25,18.2787205651893
2013-05-26,18.4246552561794
2013-05-27,17.8836290203556
2013-05-28,17.8292047042853
2013-05-29,18.4462449590338
2013-05-30,17.8799559619252
2013-05-31,18.0597421516406
2013-06-01,18.1753180544449
2013-06-02,17.2503737099075
2013-06-03,17.3570240124959
2013-06-04,16.9140349722474
2013-06-05,16.9826784726995
2013-06-06,16.7916872550194
2013-06-07,15.473165899295
2013-06-08,15.1788617494005
2013-06-09,13.8623427342182
2013-06-10,14.4903346366933
2013-06-11,14.890667075391
2013-06-12,14.7944938409451
2013-06-13,14.1382600719241
2013-06-14,13.7218782022107
2013-06-15,13.7597552828461
2013-06-16,13.6500426033639
2013-06-17,13.7593449716666
2013-06-18,14.3055211131537
2013-06-19,14.3893737297413
2013-06-20,14.0602439555568
2013-06-21,13.8299366106331
2013-06-22,13.5786911614333
2013-06-23,13.6085408908396
2013-06-24,13.4364346016211
2013-06-25,13.2240099257139
2013-06-26,13.248221740547
2013-06-27,12.9814924532605
2013-06-28,11.9497154019425
2013-06-29,11.8342209375004
2013-06-30,11.8545107851465
2013-07-01,11.0764484837906
2013-07-02,11.5718135311529
2013-07-03,10.0711069946706
2013-07-04,10.1466097538197
2013-07-05,8.5862594748608
2013-07-06,8.29296426084899
2013-07-07,8.97433389397394
2013-07-08,9.22793821702056
2013-07-09,9.29216741142598
2013-07-10,10.64483494062
2013-07-11,10.8278020763758
2013-07-12,10.9485245483818
2013-07-13,11.182669774646
2013-07-14,10.9366993590827
2013-07-15,11.3705898872925
2013-07-16,11.0730948522976
2013-07-17,10.9663331268859
2013-07-18,10.2237642882774
2013-07-19,10.3022343929755
2013-07-20,10.0989546659127
2013-07-21,10.1788500333628
2013-07-22,10.0888181915559
2013-07-23,10.1980307782003
2013-07-24,10.3319312609272
2013-07-25,10.4937277191899
2013-07-26,10.4477325757695
2013-07-27,10.203200642024
2013-07-28,10.6354900166428
2013-07-29,10.7093954249505
2013-07-30,10.7288814462053
2013-07-31,10.7376659881119
2013-08-01,10.5641592520061
2013-08-02,10.4228616592123
2013-08-03,10.2874734834258
2013-08-04,10.3575423054891
2013-08-05,10.4310299102512
2013-08-06,10.3609027423304
2013-08-07,10.093433468731
2013-08-08,9.66258336775238
2013-08-09,9.39865829610265
2013-08-10,9.34752559570651
2013-08-11,9.29994768414526
2013-08-12,9.36738328742902
2013-08-13,9.50722421734012
2013-08-14,9.5689175079286
2013-08-15,9.38500009381657
2013-08-16,9.30697067399761
2013-08-17,9.37686992272424
2013-08-18,9.31427421044841
2013-08-19,9.60597392488522
2013-08-20,9.72007427571308
2013-08-21,10.2085641141011
2013-08-22,9.87921941656413
2013-08-23,9.54080323603497
2013-08-24,9.32222248542263
2013-08-25,9.54884247695852
2013-08-26,9.35202198043791
2013-08-27,9.65882259505695
2013-08-28,9.49869055835
2013-08-29,9.333557344422
2013-08-30,9.62347911473339
2013-08-31,9.62585238995051
2013-09-01,9.03423354172507
2013-09-02,8.80485962394464
2013-09-03,8.44376454412199
2013-09-04,7.60047204742328
2013-09-05,7.20642272314451
2013-09-06,6.63948230423206
2013-09-07,6.57432809732032
2013-09-08,6.27285757587634
2013-09-09,6.21379312305333
2013-09-10,5.95980977834038
2013-09-11,5.13354678007779
2013-09-12,4.63098458900578
2013-09-13,4.52233378080115
2013-09-14,4.35327206781728
2013-09-15,4.3485301166267
2013-09-16,4.34688364457259
2013-09-17,4.32472071460792
2013-09-18,4.3030149502004
2013-09-19,4.13507071774575
2013-09-20,4.03187743356824
2013-09-21,4.00961927103232
2013-09-22,3.96573085428404
2013-09-23,3.91306553206848
2013-09-24,3.91704089961843
2013-09-25,3.86363378417553
2013-09-26,3.75668933159584
2013-09-27,3.69390126026576
2013-09-28,3.62654730646606
2013-09-29,3.60595344045423
2013-09-30,3.54940405490114
2013-10-01,3.52176299574347
2013-10-02,2.80696551300401
2013-10-03,3.06210452266886
2013-10-04,3.16511832609037
2013-10-05,3.10817885607289
2013-10-06,3.13264528979994
2013-10-07,3.13905240482329
2013-10-08,3.1423154770053
2013-10-09,3.16493761517522
2013-10-10,3.18149187007889
2013-10-11,3.18174208410863
2013-10-12,3.17055681165605
2013-10-13,3.25797674320181
2013-10-14,3.32220467264763
2013-10-15,3.5226475102158
2013-10-16,3.34854508348873
2013-10-17,3.45656032178701
2013-10-18,3.66312660199652
2013-10-19,3.95503447258105
2013-10-20,3.95458498151522
2013-10-21,4.25387745346186
2013-10-22,4.48062651675778
2013-10-23,4.81451231515286
2013-10-24,4.57279810299164
2013-10-25,4.4830804090443
2013-10-26,4.26358209246974
2013-10-27,4.58619890305163
2013-10-28,4.62957374262638
2013-10-29,4.80553024192832
2013-10-30,4.64946000791632
2013-10-31,4.73846446885931
2013-11-01,4.71557824580384
2013-11-02,4.74780842933932
2013-11-03,4.85618575545601
2013-11-04,5.23701977821441
2013-11-05,5.58332213333391
2013-11-06,6.00521096803003
2013-11-07,6.63111919828096
2013-11-08,7.60078204016714
2013-11-09,7.61564219725906
2013-11-10,7.4066551810068
2013-11-11,7.81383897365512
2013-11-12,8.06908745543432
2013-11-13,8.94175542324112
2013-11-14,9.58767288124925
2013-11-15,9.50689568407019
2013-11-16,9.97600691163859
2013-11-17,10.9518449801758
2013-11-18,14.8087375050029
2013-11-19,12.5325897697137
2013-11-20,13.7166646874652
2013-11-21,16.5247061690491
2013-11-22,18.2372438525063
2013-11-23,19.1026345506793
2013-11-24,18.545439987022
2013-11-25,18.7571556851898
2013-11-26,21.5012578184403
2013-11-27,22.7532890704648
2013-11-28,23.8844097729509
2013-11-29,26.7822143738427
2013-11-30,26.4654868826599
2013-12-01,22.5537290590541
2013-12-02,24.6617737849967
2013-12-03,24.990930823492
2013-12-04,26.8980011127289
2013-12-05,24.6194856243008
2013-12-06,19.0407156543899
2013-12-07,16.4497233847322
2013-12-08,18.6418162092701
2013-12-09,21.2522683523302
2013-12-10,23.1585019410784
2013-12-11,20.7913953148826
2013-12-12,20.6741819876731
2013-12-13,20.9582788665116
2013-12-14,20.136655803588
2013-12-15,20.3807740698682
2013-12-16,16.1595882163986
2013-12-17,16.063167760573
2013-12-18,12.207577691193
2013-12-19,15.9049211159838
2013-12-20,14.0885778124181
2013-12-21,13.5602793462138
2013-12-22,13.8829328185025
2013-12-23,14.8507970168531
2013-12-24,14.6607979023761
2013-12-25,15.521514447015
2013-12-26,17.0690650368861
2013-12-27,16.4154818156936
2013-12-28,16.3491252111357
2013-12-29,16.5817791017877
2013-12-30,16.749361060742
2013-12-31,16.6292645366042
2014-01-01,17.0555282417275
2014-01-02,17.7400581942264
2014-01-03,18.2599709970916
2014-01-04,18.7601906582012
2014-01-05,20.4503419290047
2014-01-06,20.5554386931429
2014-01-07,18.2656457375853
2014-01-08,18.5044226989729
2014-01-09,18.5680120776901
2014-01-10,19.0962905408291
2014-01-11,19.8899396756069
2014-01-12,18.902022901863
2014-01-13,18.509565315029
2014-01-14,18.212912776027
2014-01-15,18.7256827686675
2014-01-16,18.1044653569137
2014-01-17,17.5736489352408
2014-01-18,17.9268455158896
2014-01-19,18.5802009502294
2014-01-20,18.2886985283623
2014-01-21,18.1283881711927
2014-01-22,17.964128885305
2014-01-23,17.7392924081526
2014-01-24,17.1301915240425
2014-01-25,17.510503481926
2014-01-26,17.7077934378607
2014-01-27,16.3482811491547
2014-01-28,17.078535008863
2014-01-29,17.2140631395512
2014-01-30,17.3057053843651
2014-01-31,17.3612079598131
2014-02-01,17.5783441497438
2014-02-02,17.5453830006364
2014-02-03,17.3309295142789
2014-02-04,17.178813998297
2014-02-05,16.4257146980689
2014-02-06,15.9985784380904
2014-02-07,14.851655935497
2014-02-08,14.1998590245735
2014-02-09,14.3178322493594
2014-02-10,14.3779723830542
2014-02-11,14.0447984000898
2014-02-12,13.5578931860538
2014-02-13,12.5941280213357
2014-02-14,13.8769954639644
2014-02-15,13.5471422570274
2014-02-16,12.8947487265234
2014-02-17,13.039037415328
2014-02-18,12.917956287035
2014-02-19,12.8563359406693
2014-02-20,11.5352770979929
2014-02-21,11.7145588262451
2014-02-22,12.4352926607786
2014-02-23,12.3456674249
2014-02-24,11.0563808848135
2014-02-25,10.905266649876
2014-02-26,11.8093732637969
2014-02-27,11.7898882962452
2014-02-28,11.0395791372504
2014-03-01,11.3419003277916
2014-03-02,11.0938103024112
2014-03-03,13.5270704760003
2014-03-04,13.4362777168144
2014-03-05,13.3411458302648
2014-03-06,13.1999315222802
2014-03-07,11.9878960351684
2014-03-08,11.7675427765635
2014-03-09,11.899062867205
2014-03-10,11.6730264194789
2014-03-11,11.5956089330009
2014-03-12,11.6164012682795
2014-03-13,11.7320677584574
2014-03-14,11.4997749587894
2014-03-15,11.5549293684586
2014-03-16,11.5479280388857
2014-03-17,11.3244402695154
2014-03-18,11.0894507839225
2014-03-19,11.032818496654
2014-03-20,10.5551318988715
2014-03-21,10.397675310001
2014-03-22,10.1808012460895
2014-03-23,10.0653450909786
2014-03-24,10.4738326121553
2014-03-25,10.4507027467943
2014-03-26,10.2546181658241
2014-03-27,8.00522936158581
2014-03-28,8.41900494394368
2014-03-29,7.76926146219029
2014-03-30,7.04293865639767
2014-03-31,7.00378462931951
2014-04-01,7.33640541723688
2014-04-02,6.66135484907808
2014-04-03,6.7750632866103
2014-04-04,6.77999375838565
2014-04-05,6.94936364334868
2014-04-06,6.84204764515949
2014-04-07,6.6970487267241
2014-04-08,6.71804820626175
2014-04-09,6.47418601274491
2014-04-10,5.33474384000654
2014-04-11,6.0673091974275
2014-04-12,5.94090850856167
2014-04-13,5.72722033679807
2014-04-14,6.22069990371865
2014-04-15,6.96756194842358
2014-04-16,6.89612119961029
2014-04-17,6.39411487192676
2014-04-18,5.98563471494213
2014-04-19,6.1299818750661
2014-04-20,5.96323396438692
2014-04-21,5.78650486574433
2014-04-22,5.52682713846492
2014-04-23,5.27175991844786
2014-04-24,5.21681304014405
2014-04-25,4.70157919262085
2014-04-26,4.44075233659495
2014-04-27,3.89079304919616
2014-04-28,3.82475456362428
2014-04-29,3.68744407483343
2014-04-30,3.14753494413739
2014-05-01,3.09464167785131
2014-05-02,2.93012511793368
2014-05-03,2.73047929420431
2014-05-04,2.67211193890439
2014-05-05,2.58518786042671
2014-05-06,2.50825766832261
2014-05-07,2.51853111921234
2014-05-08,2.44193288683871
2014-05-09,2.44254961466654
2014-05-10,2.42609113243387
2014-05-11,2.30308765861465
2014-05-12,2.30101215403637
2014-05-13,2.25381361096688
2014-05-14,2.26939689530117
2014-05-15,2.24722853570627
2014-05-16,2.2246659873412
2014-05-17,2.2188206185957
2014-05-18,2.19089668330365
2014-05-19,2.18325034291952
2014-05-20,2.35160112563469
2014-05-21,2.3573852294298
2014-05-22,2.51046906078624
2014-05-23,2.43553006686215
2014-05-24,2.43544605279014
2014-05-25,2.53493676297268
2014-05-26,2.5869333048019
2014-05-27,2.493213608608
2014-05-28,2.5152749700583
2014-05-29,2.39686955971099
2014-05-30,2.59335929948149
2014-05-31,2.60615470761407
2014-06-01,2.60752849958506
2014-06-02,2.7434817296116
2014-06-03,2.75695860282075
2014-06-04,2.63403093363068
2014-06-05,2.70999431687832
2014-06-06,2.65460189434768
2014-06-07,2.6609367252315
2014-06-08,2.65587226573409
2014-06-09,2.59799163424815
2014-06-10,2.5761690296042
2014-06-11,2.45651136060174
2014-06-12,2.23103895447459
2014-06-13,2.30509032198512
2014-06-14,2.20806556269176
2014-06-15,2.2488415614814
2014-06-16,2.26292996561539
2014-06-17,2.31847783061631
2014-06-18,2.29881534535766
2014-06-19,2.22267175114706
2014-06-20,2.19913413939908
2014-06-21,2.19160374160661
2014-06-22,2.22722303413581
2014-06-23,2.18242555426089
2014-06-24,2.12001345029195
2014-06-25,2.06592333880867
2014-06-26,2.12764176399054
2014-06-27,2.19808515345022
2014-06-28,2.15468431894218
2014-06-29,2.18012257122195
2014-06-30,2.3130354258305
2014-07-01,2.32507427087971
2014-07-02,2.34191893887512
2014-07-03,2.3251245970413
2014-07-04,2.24950061813881
2014-07-05,2.25166437446531
2014-07-06,2.24366523063409
2014-07-07,2.22211077654761
2014-07-08,2.21160208193052
2014-07-09,2.19446506742231
2014-07-10,2.12641139115149
2014-07-11,2.16204041391343
2014-07-12,2.1610933537399
2014-07-13,2.13374799586963
2014-07-14,2.09441434571842
2014-07-15,2.10170375069264
2014-07-16,2.07168522102166
2014-07-17,2.09823838682221
2014-07-18,2.11375311914859
2014-07-19,2.10950258529129
2014-07-20,2.0931359322691
2014-07-21,2.07620002840599
2014-07-22,2.0630695571432
2014-07-23,2.04793485722541
2014-07-24,1.99222124019124
2014-07-25,1.98644106779232
2014-07-26,1.96128077756402
2014-07-27,1.94527574526513
2014-07-28,1.93720518827885
2014-07-29,1.9205340314225
2014-07-30,1.84354951657856
2014-07-31,1.90207569154094
2014-08-01,1.95235174347126
2014-08-02,1.91612888858897
2014-08-03,1.90358479198997
2014-08-04,1.90345892927921
2014-08-05,1.86008849572908
2014-08-06,1.84398685483737
2014-08-07,1.84134086000384
2014-08-08,1.83836484280734
2014-08-09,1.83203379200136
2014-08-10,1.83483946559128
2014-08-11,1.78374190638954
2014-08-12,1.76039220912876
2014-08-13,1.70204989952652
2014-08-14,1.55181149493218
2014-08-15,1.53382087906506
2014-08-16,1.60159231847021
2014-08-17,1.50199184242583
2014-08-18,1.42444112805869
2014-08-19,1.47349293179327
2014-08-20,1.55533595910464
2014-08-21,1.56147205544689
2014-08-22,1.54051703100415
2014-08-23,1.47872362260795
2014-08-24,1.51265407694111
2014-08-25,1.49712991383672
2014-08-26,1.52362718916225
2014-08-27,1.51976418071545
2014-08-28,1.50161784764362
2014-08-29,1.51054795825595
2014-08-30,1.48630076656209
2014-08-31,1.41835641293065
2014-09-01,1.40902103519666
2014-09-02,1.40310807815048
2014-09-03,1.40525290877285
2014-09-04,1.44327279343604
2014-09-05,1.41140394038416
2014-09-06,1.41653533353859
2014-09-07,1.4096328676943
2014-09-08,1.38246202935537
2014-09-09,1.40196442890347
2014-09-10,1.41452445756357
2014-09-11,1.41401711522273
2014-09-12,1.40484969602933
2014-09-13,1.41392755123859
2014-09-14,1.40778762517832
2014-09-15,1.39198033754759
2014-09-16,1.37292625082173
2014-09-17,1.33842202026012
2014-09-18,1.25738910717916
2014-09-19,1.16699322896006
2014-09-20,1.21990787828317
2014-09-21,1.18452818160915
2014-09-22,1.18114087948695
2014-09-23,1.29999375514724
2014-09-24,1.25256265482079
2014-09-25,1.20934516746069
2014-09-26,1.19571387681822
2014-09-27,1.18443582743345
2014-09-28,1.10858452895275
2014-09-29,1.10465797981837
2014-09-30,1.15899856877589
2014-10-01,1.13653260355132
2014-10-02,1.11286635592547
2014-10-03,1.06089045206457
2014-10-04,0.97556750723986
2014-10-05,0.956176003145658
2014-10-06,0.972338317004968
2014-10-07,0.992004758832201
2014-10-08,1.0611885180911
2014-10-09,1.08171333295084
2014-10-10,1.06955397115686
2014-10-11,1.07602702721573
2014-10-12,1.13022249891924
2014-10-13,1.16358212012401
2014-10-14,1.20280392482425
2014-10-15,1.1770227726067
2014-10-16,1.14232499930242
2014-10-17,1.14155860871292
2014-10-18,1.16683060521093
2014-10-19,1.15612846998992
2014-10-20,1.13464994550936
2014-10-21,1.14658196984032
2014-10-22,1.13830789816482
2014-10-23,1.06099240780556
2014-10-24,1.06737011217533
2014-10-25,1.03285690705272
2014-10-26,1.05307778406937
2014-10-27,1.04220014751653
2014-10-28,1.05671370043722
2014-10-29,0.989378553747287
2014-10-30,1.02121072801286
2014-10-31,0.997321178228021
2014-11-01,0.953704455981231
2014-11-02,0.954731184637181
2014-11-03,0.958980667434784
2014-11-04,0.964408990705352
2014-11-05,0.991988253816759
2014-11-06,1.02222205063879
2014-11-07,0.996977858642001
2014-11-08,1.00647118632486
2014-11-09,1.0642002640696
2014-11-10,1.06400866146486
2014-11-11,1.07115583375771
2014-11-12,1.22244315061037
2014-11-13,1.19405107003589
2014-11-14,1.11583167424096
2014-11-15,1.05632073870684
2014-11-16,1.09189001678263
2014-11-17,1.08586923991172
2014-11-18,1.0500537915744
2014-11-19,1.06058719988724
2014-11-20,0.998667650871464
2014-11-21,0.983639818708258
2014-11-22,0.988513886058433
2014-11-23,1.02914871687385
2014-11-24,1.05333175291012
2014-11-25,1.05116445695711
2014-11-26,1.02275993060448
2014-11-27,1.03000913915748
2014-11-28,1.06541815915091
2014-11-29,1.06148324074118
2014-11-30,1.06422360272112
2014-12-01,1.06387835517168
2014-12-02,1.06850279319358
2014-12-03,1.05793163842603
2014-12-04,1.03610970562016
2014-12-05,1.05948791545487
2014-12-06,1.05514566724895
2014-12-07,1.05865702401741
2014-12-08,1.02956672836769
2014-12-09,0.999865265865508
2014-12-10,0.985390242746538
2014-12-11,0.989670679519721
2014-12-12,1.00122629299545
2014-12-13,0.996828512119107
2014-12-14,1.01477675308753
2014-12-15,0.984748235182797
2014-12-16,0.93162284983686
2014-12-17,0.909196350503107
2014-12-18,0.883692637216394
2014-12-19,0.901099080480226
2014-12-20,0.937651362548088
2014-12-21,0.907746181464418
2014-12-22,0.937802729086634
2014-12-23,0.948650307804698
2014-12-24,0.917281605079574
2014-12-25,0.905690202740661
2014-12-26,0.932869603038048
2014-12-27,0.89389370379601
2014-12-28,0.898054418121558
2014-12-29,0.883458022189473
2014-12-30,0.88144920743281
2014-12-31,0.908885203603117
2015-01-01,0.888596109428484
2015-01-02,0.892734662557944
2015-01-03,0.815927840628378
2015-01-04,0.745283829108652
2015-01-05,0.782140947393406
2015-01-06,0.780345403994171
2015-01-07,0.775463601990354
2015-01-08,0.795523858187244
2015-01-09,0.82202018770006
2015-01-10,0.770907322248988
2015-01-11,0.754145058670108
2015-01-12,0.746758915860809
2015-01-13,0.631892284604267
2015-01-14,0.464855990885452
2015-01-15,0.594260485913222
2015-01-16,0.582340954415277
2015-01-17,0.556478360655563
2015-01-18,0.586287356976545
2015-01-19,0.604930074643894
2015-01-20,0.588507306499469
2015-01-21,0.634363896510619
2015-01-22,0.648091196207338
2015-01-23,0.649634745980155
2015-01-24,0.694077495357571
2015-01-25,0.70753738697056
2015-01-26,0.764611851774344
2015-01-27,0.735413874327538
2015-01-28,0.661531943399715
2015-01-29,0.655761259257076
2015-01-30,0.636284974007602
2015-01-31,0.610769189280279
2015-02-01,0.634499126416939
2015-02-02,0.662018061443762
2015-02-03,0.633169741228712
2015-02-04,0.630199752759953
2015-02-05,0.604891310100959
2015-02-06,0.61894480618007
2015-02-07,0.635965659166665
2015-02-08,0.621659264111913
2015-02-09,0.613276539218295
2015-02-10,0.612885331517747
2015-02-11,0.60917464572923
2015-02-12,0.617710912575817
2015-02-13,0.656941910964219
2015-02-14,0.716423032171811
2015-02-15,0.651487776291749
2015-02-16,0.656110435688319
2015-02-17,0.673975579835361
2015-02-18,0.657898417806376
2015-02-19,0.672546278410353
2015-02-20,0.678451834691322
2015-02-21,0.678908010868066
2015-02-22,0.654950024462042
2015-02-23,0.659982984643587
2015-02-24,0.66359521484107
2015-02-25,0.659123159224861
2015-02-26,0.656355293631336
2015-02-27,0.703990483248726
2015-02-28,0.705154882767608
2015-03-01,0.715607951108722
2015-03-02,0.764056978888669
2015-03-03,0.783553208642321
2015-03-04,0.757834331569942
2015-03-05,0.764335494401258
2015-03-06,0.756215194115528
2015-03-07,0.766944627918165
2015-03-08,0.764270503742155
2015-03-09,0.804158149800095
2015-03-10,0.809889809048703
2015-03-11,0.821448607727077
2015-03-12,0.8195203422638
2015-03-13,0.792398787207357
2015-03-14,0.787174291508282
2015-03-15,0.797963480745794
2015-03-16,0.808406889477972
2015-03-17,0.794165799537229
2015-03-18,0.717537936061077
2015-03-19,0.727670369366832
2015-03-20,0.729947154400558
2015-03-21,0.724191059031317
2015-03-22,0.744186804197488
2015-03-23,0.738778535688614
2015-03-24,0.681872931823237
2015-03-25,0.685416753471509
2015-03-26,0.692875266341039
2015-03-27,0.688271661499884
2015-03-28,0.703250527908087
2015-03-29,0.674280938195995
2015-03-30,0.68995667872346
2015-03-31,0.679335479847531
2015-04-01,0.688865514564808
2015-04-02,0.706357719362211
2015-04-03,0.708943123569908
2015-04-04,0.706798852122986
2015-04-05,0.726974385380184
2015-04-06,0.713734934576691
2015-04-07,0.707119225398451
2015-04-08,0.68553286835154
2015-04-09,0.681073869314379
2015-04-10,0.659509039931411
2015-04-11,0.660277000899166
2015-04-12,0.659640592515485
2015-04-13,0.627476251753325
2015-04-14,0.613017905694426
2015-04-15,0.626264356525091
2015-04-16,0.637519882731085
2015-04-17,0.624091649601402
2015-04-18,0.625409378386518
2015-04-19,0.624878757105051
2015-04-20,0.629723240715659
2015-04-21,0.656918366704868
2015-04-22,0.653813613572393
2015-04-23,0.658671166940381
2015-04-24,0.644539223063885
2015-04-25,0.632136984547851
2015-04-26,0.615180889792912
2015-04-27,0.634748755120255
2015-04-28,0.628828061787335
2015-04-29,0.62992075158243
2015-04-30,0.659453608580055
2015-05-01,0.649610822431276
2015-05-02,0.656326492875147
2015-05-03,0.669913349668818
2015-05-04,0.666632792288703
2015-05-05,0.659049206773559
2015-05-06,0.640693076272182
2015-05-07,0.659626546139492
2015-05-08,0.681598040774086
2015-05-09,0.676449651782418
2015-05-10,0.669774207008797
2015-05-11,0.674381665823563
2015-05-12,0.674725131817302
2015-05-13,0.660849592049913
2015-05-14,0.662201345609668
2015-05-15,0.664161223469912
2015-05-16,0.660044316780034
2015-05-17,0.660445108949828
2015-05-18,0.650273285822668
2015-05-19,0.647815899014084
2015-05-20,0.654244583644296
2015-05-21,0.657565483214962
2015-05-22,0.670347423506963
2015-05-23,0.667381709356451
2015-05-24,0.671818107015227
2015-05-25,0.662698891797056
2015-05-26,0.662817693119972
2015-05-27,0.662918803543071
2015-05-28,0.663462124541675
2015-05-29,0.661214418528932
2015-05-30,0.652613531596055
2015-05-31,0.64561197731671
2015-06-01,0.627973388268274
2015-06-02,0.634288292974531
2015-06-03,0.634588812509164
2015-06-04,0.630894090260116
2015-06-05,0.632666417637208
2015-06-06,0.633420505103907
2015-06-07,0.629574054243719
2015-06-08,0.643382509443732
2015-06-09,0.645463589481518
2015-06-10,0.644700465027546
2015-06-11,0.647713731564652
2015-06-12,0.650249956207453
2015-06-13,0.659945358752424
2015-06-14,0.657507200172134
2015-06-15,0.67047665291017
2015-06-16,0.71189688703907
2015-06-17,0.706520448834116
2015-06-18,0.708024972471267
2015-06-19,0.700648973868569
2015-06-20,0.700198085616975
2015-06-21,0.696823242271903
2015-06-22,0.704360029368003
2015-06-23,0.696788490717359
2015-06-24,0.68567737479251
2015-06-25,0.692673211084493
2015-06-26,0.694674903361517
2015-06-27,0.719148658416913
2015-06-28,0.711945299686729
2015-06-29,0.735256739879128
2015-06-30,0.755494172390739
2015-07-01,0.739566132867848
2015-07-02,0.729727883492607
2015-07-03,0.73546822058719
2015-07-04,0.747973876464295
2015-07-05,0.781108047196781
2015-07-06,0.774159585820984
2015-07-07,0.764881710607125
2015-07-08,0.779006565194447
2015-07-09,0.776866858524962
2015-07-10,0.827556613629773
2015-07-11,0.848561402937686
2015-07-12,0.898028712387021
2015-07-13,0.84563742407787
2015-07-14,0.832169974880263
2015-07-15,0.826433761194067
2015-07-16,0.806563610874828
2015-07-17,0.809033968140249
2015-07-18,0.801536080790113
2015-07-19,0.796468321660755
2015-07-20,0.808037090598528
2015-07-21,0.803457932262033
2015-07-22,0.805468232536974
2015-07-23,0.80442687428977
2015-07-24,0.840078924506442
2015-07-25,0.840100030368772
2015-07-26,0.851680231292256
2015-07-27,0.85450369432743
2015-07-28,0.858168295121895
2015-07-29,0.843693406537469
2015-07-30,0.839841984593967
2015-07-31,0.827938355285319
2015-08-01,0.822042001150135
2015-08-02,0.822540091381874
2015-08-03,0.821310758980024
2015-08-04,0.831590405951149
2015-08-05,0.822376423692849
2015-08-06,0.812560437150185
2015-08-07,0.815805179263013
2015-08-08,0.763685201513983
2015-08-09,0.784369649277849
2015-08-10,0.77790588412886
2015-08-11,0.797570237368544
2015-08-12,0.787684023622676
2015-08-13,0.779105355648718
2015-08-14,0.785140726064077
2015-08-15,0.773995074258074
2015-08-16,0.763793002316295
2015-08-17,0.758561671936927
2015-08-18,0.657165123037603
2015-08-19,0.674536109856953
2015-08-20,0.697077736259228
2015-08-21,0.690270169066356
2015-08-22,0.684726551277239
2015-08-23,0.677724315191143
2015-08-24,0.625150059022221
2015-08-25,0.661679420447868
2015-08-26,0.673724455092461
2015-08-27,0.67176421311653
2015-08-28,0.689973658057696
2015-08-29,0.685176285901812
2015-08-30,0.682379469828542
2015-08-31,0.687960789703808
2015-09-01,0.679305983614529
2015-09-02,0.682722824076447
2015-09-03,0.67857039808382
2015-09-04,0.690961145045467
2015-09-05,0.704628857243977
2015-09-06,0.719312753431851
2015-09-07,0.719083143674172
2015-09-08,0.730446732887844
2015-09-09,0.71286571950314
2015-09-10,0.7142147863345
2015-09-11,0.720631455670113
2015-09-12,0.706040233209884
2015-09-13,0.689643436021387
2015-09-14,0.691259069123608
2015-09-15,0.691500267018125
2015-09-16,0.685638299971867
2015-09-17,0.700003949002719
2015-09-18,0.700334538017526
2015-09-19,0.695078095867127
2015-09-20,0.69361275073591
2015-09-21,0.681188260329596
2015-09-22,0.6931672842768
2015-09-23,0.691174378248237
2015-09-24,0.70568347825117
2015-09-25,0.709750584130099
2015-09-26,0.707543138305309
2015-09-27,0.703784249647659
2015-09-28,0.723128914418821
2015-09-29,0.716199995037638
2015-09-30,0.715625183844872
2015-10-01,0.718701534183514
2015-10-02,0.71991711437227
2015-10-03,0.724078777057405
2015-10-04,0.72349518495368
2015-10-05,0.727773035187055
2015-10-06,0.746591320221703
2015-10-07,0.73605468139478
2015-10-08,0.735114783707783
2015-10-09,0.739893073478559
2015-10-10,0.744471513628264
2015-10-11,0.752427401696112
2015-10-12,0.745083284234587
2015-10-13,0.758039600705292
2015-10-14,0.768324809791047
2015-10-15,0.773268646450552
2015-10-16,0.798231504037784
2015-10-17,0.828381580590527
2015-10-18,0.802489733923572
2015-10-19,0.804123240358319
2015-10-20,0.823582040116707
2015-10-21,0.815463345457743
2015-10-22,0.838048854713432
2015-10-23,0.847765746750763
2015-10-24,0.863295564710668
2015-10-25,0.87413990218216
2015-10-26,0.873087772317519
2015-10-27,0.898534062351808
2015-10-28,0.924156711196501
2015-10-29,0.960769836586863
2015-10-30,0.998234474842212
2015-10-31,0.946064632100004
2015-11-01,0.997522975965843
2015-11-02,1.10247187822145
2015-11-03,1.22817319920351
2015-11-04,1.24232980165259
2015-11-05,1.17390490209977
2015-11-06,1.13995237311166
2015-11-07,1.17681706685362
2015-11-08,1.13166611942704
2015-11-09,1.15818413170345
2015-11-10,1.02088558667534
2015-11-11,0.938757001775046
2015-11-12,1.0317148398565
2015-11-13,1.02276809786818
2015-11-14,1.01453664685472
2015-11-15,0.976032995539741
2015-11-16,1.01034968982541
2015-11-17,1.02503871875389
2015-11-18,1.02059247779234
2015-11-19,0.996059823906272
2015-11-20,0.982310911596251
2015-11-21,0.996240848422953
2015-11-22,0.988220032377231
2015-11-23,0.986030771948364
2015-11-24,0.978082312320082
2015-11-25,1.00479092412107
2015-11-26,1.07839210898616
2015-11-27,1.09429191718294
2015-11-28,1.08983647419282
2015-11-29,1.12794498319878
2015-11-30,1.15300227820622
2015-12-01,1.10969702861146
2015-12-02,1.09930865928082
2015-12-03,1.10616967025738
2015-12-04,1.11422608443366
2015-12-05,1.1874419949731
2015-12-06,1.18788306308296
2015-12-07,1.21007501789986
2015-12-08,1.27821040420234
2015-12-09,1.27921441006785
2015-12-10,1.27289223733093
2015-12-11,1.3892271125388
2015-12-12,1.33647347900971
2015-12-13,1.3309171534162
2015-12-14,1.36046218036053
2015-12-15,1.42227233875202
2015-12-16,1.39201090652906
2015-12-17,1.39863858582955
2015-12-18,1.42010099280809
2015-12-19,1.41488775088291
2015-12-20,1.35592469284136
2015-12-21,1.34119926690067
2015-12-22,1.33315334619143
2015-12-23,1.35757029221463
2015-12-24,1.39787490873294
2015-12-25,1.3973618783776
2015-12-26,1.28392856508664
2015-12-27,1.29588194315229
2015-12-28,1.29362505693775
2015-12-29,1.32913545774597
2015-12-30,1.31388752816174
2015-12-31,1.31961107663493
2016-01-01,1.33584492066251
2016-01-02,1.33596755939502
2016-01-03,1.3249047165251
2016-01-04,1.33326427357788
2016-01-05,1.33143587210197
2016-01-06,1.32169491613637
2016-01-07,1.40996686643762
2016-01-08,1.39139146581391
2016-01-09,1.38111850323641
2016-01-10,1.37754594325099
2016-01-11,1.37958442420727
2016-01-12,1.353121772513
2016-01-13,1.33255641171267
2016-01-14,1.3244215628001
2016-01-15,1.11676215128172
2016-01-16,1.19629938923711
2016-01-17,1.16851222005211
2016-01-18,1.18640224300345
2016-01-19,1.16130189421991
2016-01-20,1.29346526410436
2016-01-21,1.26216168707124
2016-01-22,1.19043904518535
2016-01-23,1.19958497267012
2016-01-24,1.25282511758725
2016-01-25,1.21917063451779
2016-01-26,1.22213620077487
2016-01-27,1.22917289051389
2016-01-28,1.18466719469138
2016-01-29,1.1815903189909
2016-01-30,1.17755171878873
2016-01-31,1.14809576475689
2016-02-01,1.15914162760349
2016-02-02,1.16698532760615
2016-02-03,1.153550912309
2016-02-04,1.21578213564699
2016-02-05,1.20281902339002
2016-02-06,1.1759592094429
2016-02-07,1.17982767361774
2016-02-08,1.16358718969688
2016-02-09,1.17109552083053
2016-02-10,1.18764046185295
2016-02-11,1.18686680414563
2016-02-12,1.20074653935097
2016-02-13,1.22169777225781
2016-02-14,1.27635975754251
2016-02-15,1.25376025054374
2016-02-16,1.27902223547151
2016-02-17,1.30411033835656
2016-02-18,1.3245238507177
2016-02-19,1.32184638396866
2016-02-20,1.36664355131661
2016-02-21,1.37851097932357
2016-02-22,1.37660174090114
2016-02-23,1.32062550866225
2016-02-24,1.33383006725509
2016-02-25,1.33346315701806
2016-02-26,1.35186187153261
2016-02-27,1.36351888289624
2016-02-28,1.35898296490732
2016-02-29,1.37327699136311
2016-03-01,1.36330061336704
2016-03-02,1.32360899364227
2016-03-03,1.32165353420107
2016-03-04,1.29032667341922
2016-03-05,1.2542406299207
2016-03-06,1.27575728199917
2016-03-07,1.31008640746605
2016-03-08,1.29715082010925
2016-03-09,1.30317133819579
2016-03-10,1.31677419999472
2016-03-11,1.32498952816928
2016-03-12,1.29875984228761
2016-03-13,1.30543965440333
2016-03-14,1.31179028355083
2016-03-15,1.31477900916298
2016-03-16,1.31729969554262
2016-03-17,1.32528538655377
2016-03-18,1.29805373617273
2016-03-19,1.29934764618747
2016-03-20,1.30555459713864
2016-03-21,1.30408109910146
2016-03-22,1.31974345941701
2016-03-23,1.32328180549577
2016-03-24,1.3079321244112
2016-03-25,1.31934690489854
2016-03-26,1.32041031465261
2016-03-27,1.34660263781792
2016-03-28,1.33934421075995
2016-03-29,1.31865824302173
2016-03-30,1.30747397585424
2016-03-31,1.31813290778991
2016-04-01,1.32304893195538
2016-04-02,1.32995784902861
2016-04-03,1.33017197245344
2016-04-04,1.32936639030537
2016-04-05,1.33696968080172
2016-04-06,1.33303385425828
2016-04-07,1.32876414648935
2016-04-08,1.31431859996192
2016-04-09,1.31622565495714
2016-04-10,1.32597651001233
2016-04-11,1.33008249468499
2016-04-12,1.3388316270873
2016-04-13,1.33533639731308
2016-04-14,1.336548527
2016-04-15,1.35171110106422
2016-04-16,1.35912837028714
2016-04-17,1.35078011837777
2016-04-18,1.34959996504731
2016-04-19,1.37075809125543
2016-04-20,1.3882713872325
2016-04-21,1.42038775425281
2016-04-22,1.40660137582199
2016-04-23,1.42455974656821
2016-04-24,1.45064723414306
2016-04-25,1.46364086360782
2016-04-26,1.47390483309084
2016-04-27,1.40307706593689
2016-04-28,1.41353309079899
2016-04-29,1.43569000599377
2016-04-30,1.41914503969751
2016-05-01,1.42982323034506
2016-05-02,1.39777332097015
2016-05-03,1.41569751058451
2016-05-04,1.40219246043196
2016-05-05,1.40721935799988
2016-05-06,1.44324470884638
2016-05-07,1.44238458477779
2016-05-08,1.44458552687308
2016-05-09,1.45148540521439
2016-05-10,1.41502613564845
2016-05-11,1.42140850974838
2016-05-12,1.42423837837788
2016-05-13,1.42902937577858
2016-05-14,1.42937902223778
2016-05-15,1.43793698406885
2016-05-16,1.41853679924382
2016-05-17,1.412810528452
2016-05-18,1.41658843611476
2016-05-19,1.37417139159936
2016-05-20,1.37885082904848
2016-05-21,1.38680880687779
2016-05-22,1.37129058871565
2016-05-23,1.38100640729991
2016-05-24,1.38704717506049
2016-05-25,1.39978063834096
2016-05-26,1.41059573622477
2016-05-27,1.46262737105335
2016-05-28,1.6216981664787
2016-05-29,1.61909320506998
2016-05-30,1.64684322856402
2016-05-31,1.64580300955184
2016-06-01,1.6614388258852
2016-06-02,1.66545143657246
2016-06-03,1.7606573109117
2016-06-04,1.77740870085052
2016-06-05,1.77685413376943
2016-06-06,1.81023286234064
2016-06-07,1.78822256453105
2016-06-08,1.80494577956548
2016-06-09,1.7837578224103
2016-06-10,1.7915105314264
2016-06-11,1.87135893329772
2016-06-12,2.07439587700853
2016-06-13,2.17946014580198
2016-06-14,2.11894206101143
2016-06-15,2.1483933138409
2016-06-16,2.37112025495539
2016-06-17,2.32452847960227
2016-06-18,2.3412416684678
2016-06-19,2.3723523089833
2016-06-20,2.21196943195455
2016-06-21,2.06565775614858
2016-06-22,1.8031617872918
2016-06-23,1.94170775610157
2016-06-24,2.06367169946269
2016-06-25,2.0624701174436
2016-06-26,1.96735053387096
2016-06-27,2.01413353256188
2016-06-28,1.99944150996078
2016-06-29,1.97093725501618
2016-06-30,2.07973143314461
2016-07-01,2.09874482709442
2016-07-02,2.17210645846063
2016-07-03,2.06101298213811
2016-07-04,2.10556149704217
2016-07-05,2.06773342113703
2016-07-06,2.09257008563718
2016-07-07,1.97935385127085
2016-07-08,2.05681950196467
2016-07-09,2.02956671478601
2016-07-10,2.00713758763353
2016-07-11,2.00774540190112
2016-07-12,2.04934947324163
2016-07-13,2.01989997713554
2016-07-14,2.03532986719963
2016-07-15,2.05740672175513
2016-07-16,2.0472067921577
2016-07-17,2.09005075662609
2016-07-18,2.07965077774188
2016-07-19,2.07787917916992
2016-07-20,2.05682060991008
2016-07-21,2.05354683136354
2016-07-22,2.00767880785837
2016-07-23,2.02387164656252
2016-07-24,2.02970021948388
2016-07-25,2.02190325687521
2016-07-26,2.01476226972034
2016-07-27,2.01652886667103
2016-07-28,2.01142282049571
2016-07-29,2.01588676354379
2016-07-30,2.01076879905588
2016-07-31,1.92364926106148
2016-08-01,1.85017812631507
2016-08-02,1.65958596636144
2016-08-03,1.7465662242997
2016-08-04,1.78964606317333
2016-08-05,1.77586882794874
2016-08-06,1.8083469714069
2016-08-07,1.8209822459376
2016-08-08,1.8102824316612
2016-08-09,1.79295812008947
2016-08-10,1.81258168491613
2016-08-11,1.79331071806152
2016-08-12,1.79539938577987
2016-08-13,1.78834554818614
2016-08-14,1.74521568550733
2016-08-15,1.73370611283395
2016-08-16,1.76568654969399
2016-08-17,1.75134943702701
2016-08-18,1.74953022995223
2016-08-19,1.75143510535304
2016-08-20,1.76801868647961
2016-08-21,1.768192055639
2016-08-22,1.78134032357283
2016-08-23,1.77204993793563
2016-08-24,1.76064254608729
2016-08-25,1.74998675042001
2016-08-26,1.75938860893505
2016-08-27,1.72943353606518
2016-08-28,1.74593798396984
2016-08-29,1.73943942448604
2016-08-30,1.74710367914292
2016-08-31,1.7349471488744
2016-09-01,1.73818671709811
2016-09-02,1.74231153684483
2016-09-03,1.80726932442864
2016-09-04,1.85472688466311
2016-09-05,1.83819156449802
2016-09-06,1.85569048541493
2016-09-07,1.86317279366923
2016-09-08,1.90123147534078
2016-09-09,1.88087904921947
2016-09-10,1.88275806128133
2016-09-11,1.83099155203514
2016-09-12,1.83203611165786
2016-09-13,1.83401450118097
2016-09-14,1.83508842927352
2016-09-15,1.8240020065462
2016-09-16,1.83048318400303
2016-09-17,1.81962942796577
2016-09-18,1.83766697282343
2016-09-19,1.8320837158947
2016-09-20,1.82515597137055
2016-09-21,1.7939532600469
2016-09-22,1.78926604614881
2016-09-23,1.80600944929435
2016-09-24,1.81050853822151
2016-09-25,1.80309174527162
2016-09-26,1.82003260185214
2016-09-27,1.81503778787483
2016-09-28,1.81265115433928
2016-09-29,1.81502093370909
2016-09-30,1.82352899329134
2016-10-01,1.84098161048932
2016-10-02,1.82317819820808
2016-10-03,1.83122312304349
2016-10-04,1.82169682866263
2016-10-05,1.82745197497401
2016-10-06,1.82731230687171
2016-10-07,1.84163874921185
2016-10-08,1.8483389212736
2016-10-09,1.83739506521737
2016-10-10,1.84535541551387
2016-10-11,1.91610002921314
2016-10-12,1.89741841379995
2016-10-13,1.89526629284679
2016-10-14,1.90161601605312
2016-10-15,1.89722268099321
2016-10-16,1.9069734973805
2016-10-17,1.90137887442228
2016-10-18,1.89025706843909
2016-10-19,1.86586796278126
2016-10-20,1.86305013233628
2016-10-21,1.86742039173388
2016-10-22,1.93215300933108
2016-10-23,1.92740832744581
2016-10-24,1.92079167075276
2016-10-25,1.93701098411701
2016-10-26,1.99679764594329
2016-10-27,2.02260304856179
2016-10-28,2.03489593049821
2016-10-29,2.11340470665723
2016-10-30,2.0641114627613
2016-10-31,2.06256569765529
2016-11-01,2.15511241671778
2016-11-02,2.16748703883778
2016-11-03,2.03345261826421
2016-11-04,2.07801655766671
2016-11-05,2.08180288188334
2016-11-06,2.10346985236671
2016-11-07,2.06954733578162
2016-11-08,2.09061719268641
2016-11-09,2.11912136749517
2016-11-10,2.09481517408303
2016-11-11,2.10147827256202
2016-11-12,2.05982358855303
2016-11-13,2.0585676809969
2016-11-14,2.05659396235061
2016-11-15,2.07608087538449
2016-11-16,2.14724320724764
2016-11-17,2.1218256735358
2016-11-18,2.16285733271911
2016-11-19,2.15761486302227
2016-11-20,2.08894209203349
2016-11-21,2.1084426402029
2016-11-22,2.13993443332142
2016-11-23,2.11250474105814
2016-11-24,2.08945431938842
2016-11-25,2.09607732158725
2016-11-26,2.07405279869594
2016-11-27,2.05852454093817
2016-11-28,2.05952617475424
2016-11-29,2.06322858739888
2016-11-30,2.09077893255077
2016-12-01,2.11800657557205
2016-12-02,2.16757503523665
2016-12-03,2.15520904172716
2016-12-04,2.15364961996839
2016-12-05,2.11194708252736
2016-12-06,2.12950573025173
2016-12-07,2.14216655852759
2016-12-08,2.15027818196927
2016-12-09,2.15197270375056
2016-12-10,2.16348655919025
2016-12-11,2.14452029645541
2016-12-12,2.16742521746348
2016-12-13,2.16453586015253
2016-12-14,2.15672542847311
2016-12-15,2.1539153729628
2016-12-16,2.17807954700672
2016-12-17,2.18937842020255
2016-12-18,2.1916456056029
2016-12-19,2.19011482334216
2016-12-20,2.2150252890062
2016-12-21,2.28622285079793
2016-12-22,2.36947288462364
2016-12-23,2.53125201917959
2016-12-24,2.46416188841203
2016-12-25,2.47135104017013
2016-12-26,2.48158398497115
2016-12-27,2.54675038515463
2016-12-28,2.69743066501747
2016-12-29,2.6671432715654
2016-12-30,2.63730718447095
2016-12-31,2.65353884235012
2017-01-01,2.73214699825776
2017-01-02,2.78259516327328
2017-01-03,2.81979854586786
2017-01-04,3.06628276636333
2017-01-05,2.7382207091121
2017-01-06,2.44022251321491
2017-01-07,2.46110062638631
2017-01-08,2.5120500137884
2017-01-09,2.46337378176636
2017-01-10,2.47239448999218
2017-01-11,2.15661001069357
2017-01-12,2.21099999153664
2017-01-13,2.25959713697378
2017-01-14,2.25385848925136
2017-01-15,2.26111315850983
2017-01-16,2.27098031549048
2017-01-17,2.47215566455416
2017-01-18,2.42019734013604
2017-01-19,2.45994946062584
2017-01-20,2.43877106323475
2017-01-21,2.5148818321997
2017-01-22,2.50848680158204
2017-01-23,2.50233495416143
2017-01-24,2.4095469320021
2017-01-25,2.43942229750267
2017-01-26,2.49003985580521
2017-01-27,2.50258743514928
2017-01-28,2.50297166069943
2017-01-29,2.47750590726106
2017-01-30,2.49522538595239
2017-01-31,2.62161851821656
2017-02-01,2.67841115256768
2017-02-02,2.72696206003378
2017-02-03,2.74936976883173
2017-02-04,2.79931277776252
2017-02-05,2.74654572345166
2017-02-06,2.76642537809662
2017-02-07,2.85157805539649
2017-02-08,2.8493930698665
2017-02-09,2.67329671397076
2017-02-10,2.70398358027715
2017-02-11,2.74679862500974
2017-02-12,2.71939591917853
2017-02-13,2.70789666498329
2017-02-14,2.72600776588471
2017-02-15,2.73335517310736
2017-02-16,2.79335211398985
2017-02-17,2.84300511586925
2017-02-18,2.85969310080874
2017-02-19,2.84961801818868
2017-02-20,2.93075866240924
2017-02-21,3.03416243742455
2017-02-22,3.04331966674128
2017-02-23,3.2111706472033
2017-02-24,3.18201465274713
2017-02-25,3.10367754416411
2017-02-26,3.17337218400482
2017-02-27,3.20786383249747
2017-02-28,3.21116156350128
2017-03-01,3.29465461807029
2017-03-02,3.39918195096573
2017-03-03,3.4620514383003
2017-03-04,3.39660636352809
2017-03-05,3.42225419792285
2017-03-06,3.4433332213062
2017-03-07,3.31390956646698
2017-03-08,3.09310581404404
2017-03-09,3.19001833511862
2017-03-10,2.9780774969862
2017-03-11,3.17550435493696
2017-03-12,3.30649481914224
2017-03-13,3.33097406493697
2017-03-14,3.33967875482813
2017-03-15,3.37792042530279
2017-03-16,3.15883068883737
2017-03-17,2.87666198241356
2017-03-18,2.59357197156918
2017-03-19,2.72670198243622
2017-03-20,2.79319942079371
2017-03-21,2.97908863664113
2017-03-22,2.77021103550513
2017-03-23,2.74199622541894
2017-03-24,2.50729457270028
2017-03-25,2.58759630722712
2017-03-26,2.60393548695224
2017-03-27,2.7969977814107
2017-03-28,2.80635793641863
2017-03-29,2.78834527248091
2017-03-30,2.77122972744954
2017-03-31,2.8894511760779
2017-04-01,2.91248174924592
2017-04-02,2.94163843761145
2017-04-03,3.04905002747123
2017-04-04,3.04682283511907
2017-04-05,3.01806165457972
2017-04-06,3.17591779850169
2017-04-07,3.17214167060914
2017-04-08,3.14000253855774
2017-04-09,3.210743029941
2017-04-10,3.21116931199913
2017-04-11,3.24125138093285
2017-04-12,3.21376606783313
2017-04-13,3.09340851166915
2017-04-14,3.09967763049872
2017-04-15,3.10911704138234
2017-04-16,3.09231732033384
2017-04-17,3.14864292941753
2017-04-18,3.16886766958668
2017-04-19,3.193730347393
2017-04-20,3.25352307961992
2017-04-21,3.28557965171163
2017-04-22,3.26323741520666
2017-04-23,3.28414248958209
2017-04-24,3.30377985826749
2017-04-25,3.35604011958947
2017-04-26,3.39586649412171
2017-04-27,3.52722179055638
2017-04-28,3.53544541434026
2017-04-29,3.56825950695617
2017-04-30,3.61732429551137
2017-05-01,3.74636020144911
2017-05-02,3.80809944379955
2017-05-03,3.93999462216687
2017-05-04,4.02883842627553
2017-05-05,3.95648968834264
2017-05-06,4.0970940326371
2017-05-07,4.10101275210274
2017-05-08,4.33269670146553
2017-05-09,4.41536166462273
2017-05-10,4.56980225726038
2017-05-11,4.69698745780008
2017-05-12,4.34035950878701
2017-05-13,4.57163864383193
2017-05-14,4.56101753082372
2017-05-15,4.40667491027733
2017-05-16,4.46347074410416
2017-05-17,4.60161294821302
2017-05-18,4.81576911580903
2017-05-19,5.0110971513334
2017-05-20,5.22857434091584
2017-05-21,5.18683195561017
2017-05-22,5.27652635408788
2017-05-23,5.78011581056835
2017-05-24,6.17263710710419
2017-05-25,5.94268679488788
2017-05-26,5.88210889639923
2017-05-27,5.28629356939291
2017-05-28,5.65577393294255
2017-05-29,5.80689012766187
2017-05-30,5.54701253447307
2017-05-31,5.80886099661438
2017-06-01,6.08541593016391
2017-06-02,6.24645478438671
2017-06-03,6.40822831136818
2017-06-04,6.32636764083834
2017-06-05,6.73922055014383
2017-06-06,7.19643242366818
2017-06-07,6.73266607568476
2017-06-08,6.98094883623006
2017-06-09,6.97747495908675
2017-06-10,7.24105271355997
2017-06-11,7.38207919032936
2017-06-12,6.63874522174567
2017-06-13,6.6559071114906
2017-06-14,6.01831844347771
2017-06-15,5.91290488691843
2017-06-16,6.06076940562073
2017-06-17,6.46767608667915
2017-06-18,6.12329589724148
2017-06-19,6.3199706466007
2017-06-20,6.67162555285896
2017-06-21,6.45831599409988
2017-06-22,6.5515275785882
2017-06-23,6.56699444000032
2017-06-24,6.24514247743513
2017-06-25,6.07937676793568
2017-06-26,5.89519831674926
2017-06-27,6.17192697169333
2017-06-28,6.19042477021586
2017-06-29,6.14040015133154
2017-06-30,5.94873326242544
2017-07-01,5.86258233717279
2017-07-02,6.09145572161617
2017-07-03,6.13083382599107
2017-07-04,6.25710608801599
2017-07-05,6.28094058071662
2017-07-06,6.25918183222625
2017-07-07,5.96131825088696
2017-07-08,6.12744194548443
2017-07-09,6.00768943920466
2017-07-10,5.6129619431657
2017-07-11,5.55743584015912
2017-07-12,5.68166317446414
2017-07-13,5.58786797302763
2017-07-14,5.29063241605048
2017-07-15,4.74926783545284
2017-07-16,4.53017938346315
2017-07-17,5.27255064796548
2017-07-18,5.46513512950483
2017-07-19,5.36243814753074
2017-07-20,6.71842552358211
2017-07-21,6.30994235928222
2017-07-22,6.68626695194626
2017-07-23,6.50464629543932
2017-07-24,6.48135372137416
2017-07-25,6.04904405023852
2017-07-26,5.92999387062758
2017-07-27,6.24431840089679
2017-07-28,6.53836158685127
2017-07-29,6.34414065944987
2017-07-30,6.43738814151537
2017-07-31,6.82860723254902
2017-08-01,6.51819939765542
2017-08-02,6.44994542000433
2017-08-03,6.6517108154394
2017-08-04,6.77403480214948
2017-08-05,7.71281464230303
2017-08-06,7.64622034444042
2017-08-07,8.05491549667869
2017-08-08,8.13990420135243
2017-08-09,7.93917620134663
2017-08-10,8.14966705855223
2017-08-11,8.66268556789783
2017-08-12,9.17240241281649
2017-08-13,9.59892077555944
2017-08-14,10.2196446347064
2017-08-15,9.82597521378833
2017-08-16,10.3166149552242
2017-08-17,10.1272950724876
2017-08-18,9.65354729223906
2017-08-19,9.66197675395634
2017-08-20,9.56321778787076
2017-08-21,9.2834392950438
2017-08-22,9.5251846447516
2017-08-23,9.60462366761884
2017-08-24,10.0201012238356
2017-08-25,10.0682384934923
2017-08-26,10.0544463314314
2017-08-27,10.033323096805
2017-08-28,10.1025642940018
2017-08-29,10.6135089853211
2017-08-30,10.5743922007935
2017-08-31,10.9172756258654
2017-09-01,11.3790117636128
2017-09-02,10.5728398751246
2017-09-03,10.637278852724
2017-09-04,9.99877693192311
2017-09-05,10.1445137796038
2017-09-06,10.5979388556748
2017-09-07,10.6106196640699
2017-09-08,9.91539583896976
2017-09-09,9.8854104682048
2017-09-10,9.71102967449611
2017-09-11,9.60391286811867
2017-09-12,9.51447774391688
2017-09-13,8.82240830105651
2017-09-14,7.38675455862994
2017-09-15,8.49162596734055
2017-09-16,8.49167854865821
2017-09-17,8.44159585196193
2017-09-18,9.26052408130724
2017-09-19,8.90389310195534
2017-09-20,8.85324243311426
2017-09-21,8.20025407685767
2017-09-22,8.16644767151548
2017-09-23,8.53722165771203
2017-09-24,8.27628639428305
2017-09-25,8.8630706833165
2017-09-26,8.78794836515998
2017-09-27,9.48503031147863
2017-09-28,9.45580536139811
2017-09-29,9.35090147265803
2017-09-30,9.71808011596092
2017-10-01,9.78693249891594
2017-10-02,9.80186729961969
2017-10-03,9.59214389949334
2017-10-04,9.37823942027546
2017-10-05,9.59017768979827
2017-10-06,9.62653115119796
2017-10-07,9.73033149668726
2017-10-08,10.1072821424641
2017-10-09,10.4370617789296
2017-10-10,10.3604772915982
2017-10-11,10.4777858597892
2017-10-12,11.7549699935108
2017-10-13,12.1304554432151
2017-10-14,12.4660942821589
2017-10-15,12.1527483849313
2017-10-16,12.2438671487654
2017-10-17,11.8843846977441
2017-10-18,11.805733723258
2017-10-19,11.9914927347677
2017-10-20,12.5826606903057
2017-10-21,12.5413234293571
2017-10-22,12.494661536165
2017-10-23,12.2281331311591
2017-10-24,11.3355546188757
2017-10-25,11.7259265748003
2017-10-26,11.95742463321
2017-10-27,11.5223437392663
2017-10-28,11.3778870440893
2017-10-29,12.2084257839803
2017-10-30,12.0602211982154
2017-10-31,12.5997332697477
2017-11-01,13.0975225609453
2017-11-02,13.6919277983175
2017-11-03,13.8599946433608
2017-11-04,14.2389602076747
2017-11-05,14.0750547700192
2017-11-06,13.1995465714107
2017-11-07,13.388538970656
2017-11-08,13.92438366252
2017-11-09,13.2046919110512
2017-11-10,12.1697957531605
2017-11-11,11.5178312154798
2017-11-12,10.5378780624543
2017-11-13,11.6634558397241
2017-11-14,11.5805324941152
2017-11-15,12.5363309183653
2017-11-16,13.363757078819
2017-11-17,13.150909698457
2017-11-18,13.2403251122243
2017-11-19,13.5656380250558
2017-11-20,13.9183915085057
2017-11-21,13.482609284283
2017-11-22,13.7202985560303
2017-11-23,13.4108079726335
2017-11-24,13.5733017844098
2017-11-25,14.3857723660204
2017-11-26,15.2782676526274
2017-11-27,15.9353656004269
2017-11-28,16.1595754455835
2017-11-29,16.0375105993304
2017-11-30,16.2217790808393
2017-12-01,17.5331904621009
2017-12-02,17.431382466577
2017-12-03,17.796151184713
2017-12-04,18.3059762204792
2017-12-05,18.3172112137619
2017-12-06,21.6726628490634
2017-12-07,26.4157438910295
2017-12-08,25.1061829198876
2017-12-09,22.773901061688
2017-12-10,23.0432891044706
2017-12-11,25.6507399483345
2017-12-12,26.3498522287098
2017-12-13,25.1530335271537
2017-12-14,25.2347107211077
2017-12-15,26.7493008720355
2017-12-16,29.5384837725981
2017-12-17,29.0972949395764
2017-12-18,28.6249508580614
2017-12-19,26.8616767841555
2017-12-20,24.7797400441559
2017-12-21,23.4694960206975
2017-12-22,21.0446366164454
2017-12-23,21.9575595088623
2017-12-24,20.8700636647956
2017-12-25,20.8815829815444
2017-12-26,23.2236459725918
2017-12-27,22.7670914761637
2017-12-28,20.8794573956481
2017-12-29,21.3158954129739
2017-12-30,18.3672721989602
2017-12-31,19.6005979601872
2018-01-01,18.0886209149314
2018-01-02,19.4624718387493
2018-01-03,19.5439637740101
2018-01-04,19.0710725266561
2018-01-05,21.1398900350455
2018-01-06,21.1525409191705
2018-01-07,19.5137959060275
2018-01-08,17.960670575092
2018-01-09,17.0116949295521
2018-01-10,17.0059147962787
2018-01-11,14.9751214061351
2018-01-12,15.3722842543444
2018-01-13,15.6936124164877
2018-01-14,15.0220847404604
2018-01-15,14.7064936453053
2018-01-16,12.350678439414
2018-01-17,11.9087076816234
2018-01-18,11.963417630653
2018-01-19,12.0658353489042
2018-01-20,13.2661924760735
2018-01-21,11.7319014907389
2018-01-22,10.8924937959988
2018-01-23,10.9545638024698
2018-01-24,11.2611988158787
2018-01-25,10.9934419493183
2018-01-26,10.9174304354012
2018-01-27,11.1109948943879
2018-01-28,11.3170665749142
2018-01-29,10.7729295952106
2018-01-30,9.54591324119717
2018-01-31,9.57422298998162
2018-02-01,8.51814753128012
2018-02-02,8.25038190178842
2018-02-03,8.46821684320015
2018-02-04,7.55527215887297
2018-02-05,6.30303853447137
2018-02-06,7.1220798699397
2018-02-07,6.8578652558115
2018-02-08,7.30673834015336
2018-02-09,7.69968675910813
2018-02-10,7.53858573349861
2018-02-11,7.09202172126995
2018-02-12,7.7851777586377
2018-02-13,7.40931353867936
2018-02-14,8.21272512190435
2018-02-15,8.68697987414602
2018-02-16,8.8014645648304
2018-02-17,9.4931176663295
2018-02-18,9.00233729630041
2018-02-19,9.50785660864863
2018-02-20,9.6443974718723
2018-02-21,8.98419580293459
2018-02-22,8.40453958155659
2018-02-23,8.59299213220032
2018-02-24,8.14875976965856
2018-02-25,7.99166111629797
2018-02-26,8.56554270028255
2018-02-27,8.72959823005959
2018-02-28,8.4422018619257
2018-03-01,8.85709693801515
2018-03-02,8.92566982199589
2018-03-03,9.24393059099462
2018-03-04,9.25869560150487
2018-03-05,9.30092105621024
2018-03-06,8.64632894928859
2018-03-07,7.97537940182951
2018-03-08,7.50939949667388
2018-03-09,7.4606462537012
2018-03-10,7.01808399316465
2018-03-11,7.58295923551979
2018-03-12,7.27953146181433
2018-03-13,7.2335729598272
2018-03-14,6.43578615661121
2018-03-15,6.42115272101586
2018-03-16,6.45766223800505
2018-03-17,6.0307327742062
2018-03-18,6.2305281027787
2018-03-19,6.46160188833026
2018-03-20,6.64915841645278
2018-03-21,6.61970381831121
2018-03-22,6.39396272563391
2018-03-23,6.41132564644984
2018-03-24,6.28628788099075
2018-03-25,6.11599389415775
2018-03-26,5.86071860433503
2018-03-27,5.47588699370861
2018-03-28,5.51117816957419
2018-03-29,4.9327643661155
2018-03-30,4.71306701611012
2018-03-31,4.73918696192085
2018-04-01,4.65020557263008
2018-04-02,4.78255368719541
2018-04-03,5.02570326816931
2018-04-04,4.59097033723712
2018-04-05,4.52261407414097
2018-04-06,4.33568262939232
2018-04-07,4.47903686981234
2018-04-08,4.5345715740898
2018-04-09,4.3087655469016
2018-04-10,4.32916966849524
2018-04-11,4.35644508505936
2018-04-12,4.95396927016046
2018-04-13,4.89700170549236
2018-04-14,4.9255786761265
2018-04-15,5.10314314434249
2018-04-16,4.85071559909789
2018-04-17,4.69330535923745
2018-04-18,4.82097710502793
2018-04-19,4.80739970194105
2018-04-20,5.0666103665175
2018-04-21,4.9982650262214
2018-04-22,4.88505472948647
2018-04-23,4.92425742374228
2018-04-24,5.29080079412174
2018-04-25,4.85183803546855
2018-04-26,4.94595729486318
2018-04-27,4.79442622408183
2018-04-28,4.91156566429546
2018-04-29,4.92628633580264
2018-04-30,4.78331673082197
2018-05-01,4.67099132135791
2018-05-02,4.66258373949473
2018-05-03,4.81161553623611
2018-05-04,4.74293647037193
2018-05-05,4.76202748606165
2018-05-06,4.6174008895625
2018-05-07,4.44991077856052
2018-05-08,4.36079571030258
2018-05-09,4.33707247924413
2018-05-10,4.15785918656257
2018-05-11,3.71091561836662
2018-05-12,3.62366052529185
2018-05-13,3.64738208237854
2018-05-14,3.59233052756124
2018-05-15,3.45412349048684
2018-05-16,3.27180494796926
2018-05-17,3.01679711497136
2018-05-18,3.02929641970687
2018-05-19,2.99070511562715
2018-05-20,2.99849747047834
2018-05-21,2.82152664198908
2018-05-22,2.66913856981579
2018-05-23,2.47325859438021
2018-05-24,2.44745193026452
2018-05-25,2.3604053704406
2018-05-26,2.31676539732101
2018-05-27,2.29868629593556
2018-05-28,2.21261234470039
2018-05-29,2.29887325651416
2018-05-30,2.25693757704815
2018-05-31,2.25261702672712
2018-06-01,2.24634299699229
2018-06-02,2.25335579515347
2018-06-03,2.20158492155516
2018-06-04,2.09241721293111
2018-06-05,2.10738094994674
2018-06-06,2.08831806301534
2018-06-07,2.08112346260052
2018-06-08,2.0471100394203
2018-06-09,2.01742993680896
2018-06-10,1.77354797296042
2018-06-11,1.73705454114523
2018-06-12,1.63932415117285
2018-06-13,1.57373359346329
2018-06-14,1.63541598262891
2018-06-15,1.57447893304923
2018-06-16,1.58192802141585
2018-06-17,1.56266225664343
2018-06-18,1.60829916203515
2018-06-19,1.60303789394413
2018-06-20,1.59549869231309
2018-06-21,1.57324373341052
2018-06-22,1.41466457228097
2018-06-23,1.42857470730257
2018-06-24,1.41699756786737
2018-06-25,1.43781284608092
2018-06-26,1.39446642047002
2018-06-27,1.4273542230231
2018-06-28,1.3648213540856
2018-06-29,1.43912203262806
2018-06-30,1.4668183130449
2018-07-01,1.45749722238734
2018-07-02,1.50591996608752
2018-07-03,1.47665009605488
2018-07-04,1.49220483548638
2018-07-05,1.49758133131538
2018-07-06,1.49758195014626
2018-07-07,1.53755132798065
2018-07-08,1.51229480352085
2018-07-09,1.50255178819831
2018-07-10,1.40752409092627
2018-07-11,1.41981199869154
2018-07-12,1.3676702372495
2018-07-13,1.38015922592118
2018-07-14,1.38591319679551
2018-07-15,1.4045780463762
2018-07-16,1.47815518932695
2018-07-17,1.60896029458326
2018-07-18,1.6208725200652
2018-07-19,1.63664484293913
2018-07-20,1.60674733486177
2018-07-21,1.61694805322488
2018-07-22,1.61375648332998
2018-07-23,1.67720913559644
2018-07-24,1.81670562701986
2018-07-25,1.77838894043058
2018-07-26,1.72095823358626
2018-07-27,1.74169178437768
2018-07-28,1.74411820842496
2018-07-29,1.74887627660934
2018-07-30,1.73283467195164
2018-07-31,1.64727912485846
2018-08-01,1.61004084314626
2018-08-02,1.59355506305744
2018-08-03,1.56252648161275
2018-08-04,1.4762617772918
2018-08-05,1.47846495402094
2018-08-06,1.45488244747598
2018-08-07,1.40356381884402
2018-08-08,1.30791861294257
2018-08-09,1.36241678943689
2018-08-10,1.27876420585648
2018-08-11,1.31038810968212
2018-08-12,1.30052314929471
2018-08-13,1.29145779796001
2018-08-14,1.27383715125141
2018-08-15,1.28763218417742
2018-08-16,1.29245084793264
2018-08-17,1.34335252869002
2018-08-18,1.31249866883686
2018-08-19,1.32463396437111
2018-08-20,1.2853106531214
2018-08-21,1.31954136474507
2018-08-22,1.29476418399637
2018-08-23,1.32513275584862
2018-08-24,1.35760125886527
2018-08-25,1.36946976745567
2018-08-26,1.35739074364694
2018-08-27,1.38881216763798
2018-08-28,1.43209956121686
2018-08-29,1.41875639061996
2018-08-30,1.4037801878483
2018-08-31,1.41483850991902
2018-09-01,1.44363381193126
2018-09-02,1.45996874037083
2018-09-03,1.4587756783242
2018-09-04,1.47699356023479
2018-09-05,1.3715889927541
2018-09-06,1.3137459126615
2018-09-07,1.30001643206451
2018-09-08,1.2498106355662
2018-09-09,1.26741099877098
2018-09-10,1.27035523839808
2018-09-11,1.27101492478206
2018-09-12,1.27682184878935
2018-09-13,1.31377631440575
2018-09-14,1.31206666232488
2018-09-15,1.31454554624914
2018-09-16,1.30769902448
2018-09-17,1.26326798479683
2018-09-18,1.2798710631693
2018-09-19,1.28498015135363
2018-09-20,1.31144864705295
2018-09-21,1.35548541308103
2018-09-22,1.34999260221821
2018-09-23,1.34685636734185
2018-09-24,1.32214588182469
2018-09-25,1.29439295774551
2018-09-26,1.30092824849996
2018-09-27,1.33853360614677
2018-09-28,1.32998846685691
2018-09-29,1.32470827896148
2018-09-30,1.32255248996975
2018-10-01,1.31527421398149
2018-10-02,1.30799444527668
2018-10-03,1.29805916978385
2018-10-04,1.30948138052686
2018-10-05,1.31708114484929
2018-10-06,1.30969992406327
2018-10-07,1.31619485231368
2018-10-08,1.32045897415167
2018-10-09,1.31671208921549
2018-10-10,1.30594616244066
2018-10-11,1.24421598550137
2018-10-12,1.24791342257718
2018-10-13,1.25028234955093
2018-10-14,1.25040359985898
2018-10-15,1.31242959657643
2018-10-16,1.30948117091281
2018-10-17,1.29807806848837
2018-10-18,1.28323093284089
2018-10-19,1.27374572150848
2018-10-20,1.28383280266449
2018-10-21,1.2835586467394
2018-10-22,1.28405789625862
2018-10-23,1.28128699799966
2018-10-24,1.28554858008924
2018-10-25,1.2818227255809
2018-10-26,1.28389669121526
2018-10-27,1.28347524306223
2018-10-28,1.28622576880797
2018-10-29,1.25563186169031
2018-10-30,1.25696466863339
2018-10-31,1.25234607324167
2018-11-01,1.26564669023655
2018-11-02,1.26572333105633
2018-11-03,1.26076297937141
2018-11-04,1.2514338995191
2018-11-05,1.27267406682042
2018-11-06,1.27936434879298
2018-11-07,1.2925081208379
2018-11-08,1.27773527896057
2018-11-09,1.2639250741484
2018-11-10,1.26459243692703
2018-11-11,1.2631717554176
2018-11-12,1.26017946269002
2018-11-13,1.25605278530747
2018-11-14,1.13060480108578
2018-11-15,1.12447011036999
2018-11-16,1.11135151635609
2018-11-17,1.10751110849079
2018-11-18,1.12050514913617
2018-11-19,0.976484574747431
2018-11-20,0.879689163070465
2018-11-21,0.922395498801488
2018-11-22,0.873897682698076
2018-11-23,0.869679005468736
2018-11-24,0.781405907660264
2018-11-25,0.80461095647079
2018-11-26,0.756484647913267
2018-11-27,0.76579669794809
2018-11-28,0.855295321172963
2018-11-29,0.858300548487986
2018-11-30,0.802696059800072
2018-12-01,0.838243067495552
2018-12-02,0.824503868791044
2018-12-03,0.770718583214194
2018-12-04,0.77567336720824
2018-12-05,0.737032099712957
2018-12-06,0.692801671295985
2018-12-07,0.670389053674371
2018-12-08,0.683782628689163
2018-12-09,0.711345024717423
2018-12-10,0.690075822581052
2018-12-11,0.675325276073181
2018-12-12,0.687261161453847
2018-12-13,0.653731298098783
2018-12-14,0.643003151771364
2018-12-15,0.638919617254776
2018-12-16,0.643246814366092
2018-12-17,0.700716355332592
2018-12-18,0.731272977350344
2018-12-19,0.74079260268014
2018-12-20,0.815376202215851
2018-12-21,0.771652776280393
2018-12-22,0.793310245616393
2018-12-23,0.790748050183254
2018-12-24,0.812646487007332
2018-12-25,0.754308436348286
2018-12-26,0.762330785864759
2018-12-27,0.72050266797897
2018-12-28,0.777263536917668
2018-12-29,0.784202951137193
2018-12-30,0.765511565076345
2018-12-31,0.739259351205675
2019-01-01,0.759261132030618
2019-01-02,0.778202718122673
2019-01-03,0.757238578759448
2019-01-04,0.76143987822276
2019-01-05,0.758640639522002
2019-01-06,0.805563582483883
2019-01-07,0.79421777622132
2019-01-08,0.796491204519542
2019-01-09,0.796471474229302
2019-01-10,0.728280192965878
2019-01-11,0.732898572563783
2019-01-12,0.728457080491921
2019-01-13,0.706037713048538
2019-01-14,0.7364439190827
2019-01-15,0.717726707150742
2019-01-16,0.720946498549669
2019-01-17,0.725711791288777
2019-01-18,0.720524938643841
2019-01-19,0.735362047516162
2019-01-20,0.710772941219727
2019-01-21,0.704554895475389
2019-01-22,0.711734380393546
2019-01-23,0.707454573039431
2019-01-24,0.710305122330251
2019-01-25,0.710313713597956
2019-01-26,0.710380668650635
2019-01-27,0.707088035889562
2019-01-28,0.685682612553623
2019-01-29,0.679605343132786
2019-01-30,0.686543507294072
2019-01-31,0.682476413937315
2019-02-01,0.686492320897901
2019-02-02,0.693838074422737
2019-02-03,0.681616338948349
2019-02-04,0.681306060272176
2019-02-05,0.680852046285704
2019-02-06,0.671231942580281
2019-02-07,0.668775400623936
2019-02-08,0.720254255141695
2019-02-09,0.721953081703254
2019-02-10,0.725831043425102
2019-02-11,0.717201871461644
2019-02-12,0.717739193067764
2019-02-13,0.714701354426481
2019-02-14,0.712047562372562
2019-02-15,0.711559527350589
2019-02-16,0.714096489273015
2019-02-17,0.72313849549041
2019-02-18,0.770342330891961
2019-02-19,0.776704204444094
2019-02-20,0.785648404029938
2019-02-21,0.776598023682042
2019-02-22,0.786670226593514
2019-02-23,0.814631404752652
2019-02-24,0.753631749580125
2019-02-25,0.764671142278959
2019-02-26,0.758174421298923
2019-02-27,0.757324831249551
2019-02-28,0.756998518393552
2019-03-01,0.758908783773272
2019-03-02,0.759031142074063
2019-03-03,0.754311461647397
2019-03-04,0.738313962437921
2019-03-05,0.764396908544877
2019-03-06,0.766296541781082
2019-03-07,0.767352320341483
2019-03-08,0.764963826977364
2019-03-09,0.777480517083935
2019-03-10,0.775202182905056
2019-03-11,0.767500483298992
2019-03-12,0.767405302234079
2019-03-13,0.767872463105934
2019-03-14,0.767925388831943
2019-03-15,0.777043988997518
2019-03-16,0.79497330948922
2019-03-17,0.79080587004114
2019-03-18,0.790811369377172
2019-03-19,0.798669786286338
2019-03-20,0.801304592421246
2019-03-21,0.790499912311137
2019-03-22,0.790195900126209
2019-03-23,0.791852780821382
2019-03-24,0.787893327508507
2019-03-25,0.776851730065123
2019-03-26,0.779967704257756
2019-03-27,0.800056386079395
2019-03-28,0.797055228440304
2019-03-29,0.800434629450704
2019-03-30,0.801138924071725
2019-03-31,0.80397440556346
2019-04-01,0.813568087393027
2019-04-02,0.952570116828275
2019-04-03,0.978785620379001
2019-04-04,0.962733745239106
2019-04-05,0.985835813197983
2019-04-06,0.992668912720963
2019-04-07,1.01955373315032
2019-04-08,1.03582070886496
2019-04-09,1.01882937244764
2019-04-10,1.04257019671201
2019-04-11,0.992952266190688
2019-04-12,0.996158633777771
2019-04-13,0.997038159323585
2019-04-14,1.01298535878377
2019-04-15,0.993031140105377
2019-04-16,1.02520261610336
2019-04-17,1.02951262037629
2019-04-18,1.0378926970237
2019-04-19,1.04018031722116
2019-04-20,1.0463283929309
2019-04-21,1.04161473455625
2019-04-22,1.05833731466587
2019-04-23,1.09269335237409
2019-04-24,1.07383681166932
2019-04-25,1.02510669248923
2019-04-26,1.03932713268015
2019-04-27,1.04562217521452
2019-04-28,1.04399852415879
2019-04-29,1.03799236522539
2019-04-30,1.05855049267286
2019-05-01,1.07374959845662
2019-05-02,1.09667117921013
2019-05-03,1.1496946317628
2019-05-04,1.16408913149219
2019-05-05,1.1604204618391
2019-05-06,1.15054636983644
2019-05-07,1.18428216155604
2019-05-08,1.20616626776995
2019-05-09,1.25188987693114
2019-05-10,1.29873266357109
2019-05-11,1.48384469399679
2019-05-12,1.42195389626571
2019-05-13,1.58758445668873
2019-05-14,1.62494649720633
2019-05-15,1.67672428804654
2019-05-16,1.60779082262678
2019-05-17,1.5010037120728
2019-05-18,1.49104470052368
2019-05-19,1.68998878213771
2019-05-20,1.63434279539768
2019-05-21,1.63845442629649
2019-05-22,1.59260628878231
2019-05-23,1.62408786668972
2019-05-24,1.64666993478872
2019-05-25,1.66008325803322
2019-05-26,1.78835383674942
2019-05-27,1.81835762417302
2019-05-28,1.80065085341728
2019-05-29,1.78798181324783
2019-05-30,1.71861756253233
2019-05-31,1.77240836872555
2019-06-01,1.77514319982358
2019-06-02,1.80980724546391
2019-06-03,1.69952638502089
2019-06-04,1.60453903736382
2019-06-05,1.64188423397172
2019-06-06,1.64151483638096
2019-06-07,1.68827671487502
2019-06-08,1.66728827662892
2019-06-09,1.61327899640764
2019-06-10,1.67905446614153
2019-06-11,1.66706484643708
2019-06-12,1.71019789092704
2019-06-13,1.73027267294736
2019-06-14,1.83043870392796
2019-06-15,1.85963949634419
2019-06-16,1.89285925083765
2019-06-17,1.96424544373428
2019-06-18,1.91027251563744
2019-06-19,1.96212196438453
2019-06-20,2.0166731221313
2019-06-21,2.14338177934629
2019-06-22,2.26873582747727
2019-06-23,2.29918013240948
2019-06-24,2.33728074265227
2019-06-25,2.50702310242613
2019-06-26,2.77154045934956
2019-06-27,2.3663768592079
2019-06-28,2.64873058786469
2019-06-29,2.5592183302554
2019-06-30,2.33226045800584
2019-07-01,2.26260654610623
2019-07-02,2.31081543758943
2019-07-03,2.55737619413227
2019-07-04,2.40518856632526
2019-07-05,2.35794977076051
2019-07-06,2.41007135411377
2019-07-07,2.45757818433773
2019-07-08,2.64693066879518
2019-07-09,2.70207644078396
2019-07-10,2.61026576884986
2019-07-11,2.43932823567166
2019-07-12,2.55046178617823
2019-07-13,2.45217073535323
2019-07-14,2.21167183174279
2019-07-15,2.35610141579166
2019-07-16,2.06271182380015
2019-07-17,2.09915106309736
2019-07-18,2.32418170984325
2019-07-19,2.28965162860168
2019-07-20,2.34188582578885
2019-07-21,2.30586623972967
2019-07-22,2.25076653021498
2019-07-23,2.1555402601163
2019-07-24,2.13309235981502
2019-07-25,2.15528475573191
2019-07-26,2.14744857363719
2019-07-27,2.05737301292288
2019-07-28,2.07928509418127
2019-07-29,2.0513474551972
2019-07-30,2.06670297186211
2019-07-31,2.17066276936555
2019-08-01,2.23840110716099
2019-08-02,2.26729200783266
2019-08-03,2.33231888002247
2019-08-04,2.36625263483133
2019-08-05,2.55567225934193
2019-08-06,2.48399952372137
2019-08-07,2.59122529839191
2019-08-08,2.59509331919172
2019-08-09,2.57819162272074
2019-08-10,2.47060330713061
2019-08-11,2.50653778732267
2019-08-12,2.47617811455259
2019-08-13,2.37461455757103
2019-08-14,2.18535728507586
2019-08-15,2.24518646988042
2019-08-16,2.25936420222868
2019-08-17,2.22639591182407
2019-08-18,2.25501065564852
2019-08-19,2.37094737418362
2019-08-20,2.34917687065619
2019-08-21,2.19989880006643
2019-08-22,2.21040953251708
2019-08-23,2.27078885402251
2019-08-24,2.21761004965616
2019-08-25,2.20696869849693
2019-08-26,2.2650825437507
2019-08-27,2.22490346774032
2019-08-28,2.13074384198601
2019-08-29,2.07833961316283
2019-08-30,2.09741148360629
2019-08-31,2.10506940399129
2019-09-01,2.13320433460393
2019-09-02,2.25973113115967
2019-09-03,2.32786162240684
2019-09-04,2.31714035458002
2019-09-05,2.31538285507904
2019-09-06,2.25513990032736
2019-09-07,2.29014529736314
2019-09-08,2.27583928194693
2019-09-09,2.25387601220165
2019-09-10,2.20482755496941
2019-09-11,2.21816633022506
2019-09-12,2.26599883690046
2019-09-13,2.25642555991166
2019-09-14,2.2556179841242
2019-09-15,2.25243857771486
2019-09-16,2.2369892597177
2019-09-17,2.23013074032621
2019-09-18,2.22206926090567
2019-09-19,2.23445224202987
2019-09-20,2.21505045528813
2019-09-21,2.18035613581889
2019-09-22,2.19031568403132
2019-09-23,2.11775120979525
2019-09-24,1.87656248009615
2019-09-25,1.8474591561003
2019-09-26,1.76509123256251
2019-09-27,1.79341020204961
2019-09-28,1.7917339056062
2019-09-29,1.76168570689339
2019-09-30,1.80129814255745
2019-10-01,1.81300899958836
2019-10-02,1.82366419132313
2019-10-03,1.79501162680153
2019-10-04,1.78133506940686
2019-10-05,1.77053220820543
2019-10-06,1.73322232065587
2019-10-07,1.78936281527887
2019-10-08,1.78626725815098
2019-10-09,1.86572810915957
2019-10-10,1.86219119524829
2019-10-11,1.80394357603896
2019-10-12,1.80893179883245
2019-10-13,1.79820232401894
2019-10-14,1.80415647876257
2019-10-15,1.76814109653129
2019-10-16,1.73292952183651
2019-10-17,1.74103546426302
2019-10-18,1.7149207060833
2019-10-19,1.71475444542698
2019-10-20,1.76225769016245
2019-10-21,1.76989657268625
2019-10-22,1.73474655874073
2019-10-23,1.61008015125922
2019-10-24,1.60711238100146
2019-10-25,1.8535964997909
2019-10-26,1.97968417959924
2019-10-27,2.04310618831459
2019-10-28,1.98009513117872
2019-10-29,2.01344171714661
2019-10-30,1.96443791306344
2019-10-31,1.9575567882613
2019-11-01,1.97243522050214
2019-11-02,1.98650777143045
2019-11-03,1.96782477878691
2019-11-04,2.00347278200522
2019-11-05,1.99419464083701
