t,indicators_sopr_more_155
2010-12-23,2.74453836864639
2010-12-24,2.74453836864639
2010-12-25,2.74453836864639
2010-12-26,2.74453836864639
2010-12-27,2.74453836864639
2010-12-28,2.74453836864639
2010-12-29,3.35513746505126
2010-12-30,5.76237623762376
2010-12-31,5.76237623762376
2011-01-01,5.76237623762376
2011-01-02,4.03488199000442
2011-01-03,4.73115913131382
2011-01-04,4.89983333333333
2011-01-05,4.37893098447062
2011-01-06,4.37893098447062
2011-01-07,4.37893098447062
2011-01-08,4.37893098447062
2011-01-09,5.37287853577371
2011-01-10,4.51288499202019
2011-01-11,4.51288499202019
2011-01-12,5.05244430693069
2011-01-13,6.30146583972024
2011-01-14,5.5532417048452
2011-01-15,5.5532417048452
2011-01-16,6.19536150703822
2011-01-17,6.36691358024691
2011-01-18,6.36691358024691
2011-01-19,5.12159680638722
2011-01-20,5.12159680638722
2011-01-21,5.12159680638722
2011-01-22,7.17591033439644
2011-01-23,6.76570015975784
2011-01-24,5.80289855072464
2011-01-25,5.80289855072464
2011-01-26,6.16439824241775
2011-01-27,6.43217885752105
2011-01-28,7.01976157323413
2011-01-29,6.85329141449764
2011-01-30,6.85329141449764
2011-01-31,8.1735448163144
2011-02-01,9.34038934648476
2011-02-02,12.1607969328826
2011-02-03,9.0307250157744
2011-02-04,11.6152921945746
2011-02-05,11.5340037216792
2011-02-06,14.8727198027938
2011-02-07,13.6827372290725
2011-02-08,12.7142857142857
2011-02-09,13.4982475314827
2011-02-10,15.1557169141972
2011-02-11,15.055351345082
2011-02-12,17.1455624824898
2011-02-13,16.7386824962015
2011-02-14,14.7326502809185
2011-02-15,16.8446218324652
2011-02-16,15.8485385616546
2011-02-17,17.8424772938165
2011-02-18,16.5721695303617
2011-02-19,14.9018815552249
2011-02-20,13.2602672561961
2011-02-21,13.6513253848682
2011-02-22,13.767644092931
2011-02-23,9.87155560434735
2011-02-24,13.8646026085337
2011-02-25,14.2820776631063
2011-02-26,11.4521254428006
2011-02-27,14.7502887934003
2011-02-28,12.6378106332327
2011-03-01,14.7473479779871
2011-03-02,15.2031467940797
2011-03-03,14.0246343341032
2011-03-04,13.5440700223026
2011-03-05,15.5055397914813
2011-03-06,13.5929414634146
2011-03-07,14.8026315789474
2011-03-08,11.6412578055308
2011-03-09,15.6038572236083
2011-03-10,14.8714782426671
2011-03-11,14.2904844641756
2011-03-12,14.2904844641756
2011-03-13,13.8196117924407
2011-03-14,14.3499435119432
2011-03-15,12.8169691660237
2011-03-16,12.6451614368903
2011-03-17,12.9055288629236
2011-03-18,13.4356448638116
2011-03-19,7.46467661691542
2011-03-20,7.46467661691542
2011-03-21,11.7409196387143
2011-03-22,12.6549477861739
2011-03-23,12.9173201260629
2011-03-24,9.81630119381672
2011-03-25,13.7621893677257
2011-03-26,8.86534164619552
2011-03-27,12.2937555097025
2011-03-28,12.4913560966045
2011-03-29,9.2826545322273
2011-03-30,14.0747875984018
2011-03-31,12.999454446263
2011-04-01,12.999454446263
2011-04-02,12.999454446263
2011-04-03,12.6221069882742
2011-04-04,11.3456666733431
2011-04-05,8.05354198216389
2011-04-06,7.57876190967006
2011-04-07,12.7504840271055
2011-04-08,8.45205343182392
2011-04-09,4.05117270788913
2011-04-10,8.50292736783956
2011-04-11,12.5161042950895
2011-04-12,8.58696229093589
2011-04-13,6.81783145665849
2011-04-14,15.3521029900558
2011-04-15,10.5904185201199
2011-04-16,8.73803923705943
2011-04-17,11.0817172235415
2011-04-18,14.3992975575436
2011-04-19,16.120259243621
2011-04-20,8.64383235489794
2011-04-21,9.23181617092149
2011-04-22,18.7813215232712
2011-04-23,8.92330571086026
2011-04-24,20.229909396185
2011-04-25,23.2068104049371
2011-04-26,10.5923234652092
2011-04-27,25.0548857353703
2011-04-28,11.9643746660619
2011-04-29,25.2511516906732
2011-04-30,38.5958110535647
2011-05-01,24.8066490503461
2011-05-02,29.4622633581476
2011-05-03,29.7820011185772
2011-05-04,10.9637852514118
2011-05-05,45.4485090070393
2011-05-06,13.9413742598655
2011-05-07,58.4034329885138
2011-05-08,37.6974835198424
2011-05-09,38.5197160064909
2011-05-10,75.2476358822535
2011-05-11,24.4835262277442
2011-05-12,22.6375014769093
2011-05-13,81.1640262630948
2011-05-14,60.0732037460287
2011-05-15,53.1088282988471
2011-05-16,94.0277685112885
2011-05-17,85.8265383526125
2011-05-18,53.6861165316476
2011-05-19,34.9548340208235
2011-05-20,29.8777126127478
2011-05-21,69.3783686656518
2011-05-22,72.9979398302144
2011-05-23,34.7646236065262
2011-05-24,30.5539825127273
2011-05-25,48.9304677236484
2011-05-26,56.8534439155915
2011-05-27,93.3254834468246
2011-05-28,82.3532837732318
2011-05-29,75.989106284641
2011-05-30,49.9656080600147
2011-05-31,72.403164977728
2011-06-01,67.845784561385
2011-06-02,46.8304613265649
2011-06-03,127.452184722007
2011-06-04,127.292919154124
2011-06-05,211.425018314308
2011-06-06,167.958706702316
2011-06-07,165.284786977607
2011-06-08,127.686508608884
2011-06-09,126.523105075581
2011-06-10,130.810763193882
2011-06-11,162.564114057241
2011-06-12,123.760137901418
2011-06-13,192.521658478001
2011-06-14,160.91827196544
2011-06-15,69.4415650398674
2011-06-16,103.817787052124
2011-06-17,74.1933952017399
2011-06-18,100.084171804239
2011-06-19,96.9215603097812
2011-06-20,103.947826969958
2011-06-21,115.655740111269
2011-06-22,72.4650630527017
2011-06-23,265.742580285514
2011-06-24,129.551980590632
2011-06-25,131.751763516283
2011-06-26,262.607298695767
2011-06-27,46.1943895635993
2011-06-28,73.0460349251043
2011-06-29,78.3142506596016
2011-06-30,72.9912805217282
2011-07-01,63.3142619740431
2011-07-02,82.0360130641268
2011-07-03,105.472592506187
2011-07-04,133.831922832986
2011-07-05,167.993582406448
2011-07-06,134.359826217003
2011-07-07,62.7385909088862
2011-07-08,133.796289483496
2011-07-09,111.879854920353
2011-07-10,155.30654657851
2011-07-11,184.891556770449
2011-07-12,47.7108766439756
2011-07-13,36.0036129560317
2011-07-14,70.9686442517531
2011-07-15,65.0192693245081
2011-07-16,101.366727953527
2011-07-17,58.372332899653
2011-07-18,49.5410628418811
2011-07-19,22.3543124730591
2011-07-20,40.0203599168678
2011-07-21,42.4468382230067
2011-07-22,45.6944334895767
2011-07-23,21.0733108917746
2011-07-24,19.56783143038
2011-07-25,121.971786494166
2011-07-26,40.5568928503477
2011-07-27,22.7400648849998
2011-07-28,32.1847776554739
2011-07-29,27.2556587376919
2011-07-30,13.100088547903
2011-07-31,38.7145570280565
2011-08-01,23.9772989746261
2011-08-02,178.880082694448
2011-08-03,39.9058468127867
2011-08-04,76.4124754461229
2011-08-05,92.5362288424665
2011-08-06,10.7530404108862
2011-08-07,14.0468602814234
2011-08-08,11.1696297433525
2011-08-09,45.675396209175
2011-08-10,154.46426687707
2011-08-11,147.674577630414
2011-08-12,32.1300822274825
2011-08-13,11.259439004451
2011-08-14,12.4028916326696
2011-08-15,39.4450528262954
2011-08-16,23.7360123918107
2011-08-17,21.5872811785457
2011-08-18,37.8786670655848
2011-08-19,46.0999570105274
2011-08-20,13.1563378787088
2011-08-21,40.1697768707559
2011-08-22,10.7426036252832
2011-08-23,134.887868799783
2011-08-24,40.9590149437823
2011-08-25,29.7779930206728
2011-08-26,20.3137057356166
2011-08-27,16.5639990444138
2011-08-28,9.98011884803029
2011-08-29,36.087569834782
2011-08-30,11.3626670979985
2011-08-31,10.9809527933081
2011-09-01,14.8061472536493
2011-09-02,24.0292276713161
2011-09-03,11.8533190947413
2011-09-04,22.8783790365785
2011-09-05,12.2143108092748
2011-09-06,9.87147366298504
2011-09-07,8.27172398442099
2011-09-08,8.64482600882538
2011-09-09,10.998255915496
2011-09-10,15.8658272085688
2011-09-11,10.2732371000283
2011-09-12,12.6309902426081
2011-09-13,7.20446900345226
2011-09-14,8.7192063388527
2011-09-15,6.25020144895017
2011-09-16,6.25358784759076
2011-09-17,6.94779287265605
2011-09-18,5.93904658076156
2011-09-19,7.68621188165944
2011-09-20,13.0945719384606
2011-09-21,8.84404809783688
2011-09-22,9.52314795395242
2011-09-23,32.6212049972524
2011-09-24,6.71140523298098
2011-09-25,6.67937996134924
2011-09-26,5.81736783053466
2011-09-27,72.4545664984422
2011-09-28,3.15253677971111
2011-09-29,5.17813591349805
2011-09-30,5.33582036173452
2011-10-01,4.13364229579416
2011-10-02,5.32896126086976
2011-10-03,27.3393590775995
2011-10-04,4.20140832973175
2011-10-05,7.92874727768362
2011-10-06,3.0487354518302
2011-10-07,4.7146996652698
2011-10-08,1.62357405657887
2011-10-09,4.71790294792718
2011-10-10,4.75662708117462
2011-10-11,1.47188514230941
2011-10-12,4.46446166837792
2011-10-13,7.27155973911652
2011-10-14,5.050594844234
2011-10-15,5.12524786994183
2011-10-16,3.83519285053377
2011-10-17,2.77477730244701
2011-10-18,0.642894816475742
2011-10-19,0.461042235534569
2011-10-20,0.51863938515884
2011-10-21,3.98268055728671
2011-10-22,0.685312110158478
2011-10-23,1.61172451287009
2011-10-24,1.18760497552779
2011-10-25,0.555826136201055
2011-10-26,3.02409052861104
2011-10-27,3.04503991330517
2011-10-28,2.52641727500295
2011-10-29,2.84655482864488
2011-10-30,4.17460569569123
2011-10-31,2.70432337427757
2011-11-01,0.705263501047362
2011-11-02,0.789326771167855
2011-11-03,0.631056168332432
2011-11-04,0.436987098422775
2011-11-05,1.07355220281161
2011-11-06,0.573163601655427
2011-11-07,2.98895391172196
2011-11-08,2.30726032812016
2011-11-09,1.03302552178045
2011-11-10,7.98297714426034
2011-11-11,0.457850584717463
2011-11-12,0.642659706490282
2011-11-13,0.592350765345503
2011-11-14,0.609189899440066
2011-11-15,0.325994192501453
2011-11-16,2.09106541520034
2011-11-17,0.261307507894124
2011-11-18,0.245483703854092
2011-11-19,0.330788374331969
2011-11-20,0.103218060778737
2011-11-21,0.307556882664572
2011-11-22,0.136945625864875
2011-11-23,1.01665112077137
2011-11-24,0.149394275611535
2011-11-25,2.19508501634165
2011-11-26,0.16089626386122
2011-11-27,0.21155466414025
2011-11-28,0.139916607184386
2011-11-29,0.717230020481718
2011-11-30,0.138216892538725
2011-12-01,0.234090944221117
2011-12-02,0.251980259711798
2011-12-03,0.258858264805476
2011-12-04,0.2067390462842
2011-12-05,0.163684270065965
2011-12-06,0.168252202898569
2011-12-07,0.173987242829441
2011-12-08,1.6694993460107
2011-12-09,0.218086949466968
2011-12-10,0.33238340146162
2011-12-11,0.333205186984335
2011-12-12,0.196199622811519
2011-12-13,0.218986625237154
2011-12-14,0.231142913204556
2011-12-15,0.273535528642606
2011-12-16,0.279377922663875
2011-12-17,0.196150807586984
2011-12-18,0.148760870351611
2011-12-19,0.414429957677363
2011-12-20,0.390787646800453
2011-12-21,0.313922838495649
2011-12-22,0.434601549165602
2011-12-23,0.275124036173191
2011-12-24,0.300096371029043
2011-12-25,0.242473862916722
2011-12-26,0.204252280023778
2011-12-27,0.28063867747624
2011-12-28,0.241762138409173
2011-12-29,0.373309128708609
2011-12-30,0.323235336719231
2011-12-31,0.430199474862905
2012-01-01,0.988664994584781
2012-01-02,0.287579367821961
2012-01-03,0.615252529168488
2012-01-04,0.409142086279268
2012-01-05,0.736415743753305
2012-01-06,0.587659903930081
2012-01-07,0.550159916673806
2012-01-08,0.600217845625557
2012-01-09,0.466262819497993
2012-01-10,0.43730833962923
2012-01-11,0.501215468440916
2012-01-12,1.80208217764098
2012-01-13,0.589624281778691
2012-01-14,0.445269546864757
2012-01-15,0.478470170178243
2012-01-16,0.498714885162711
2012-01-17,0.491940185996195
2012-01-18,0.554209013295715
2012-01-19,0.546013238645157
2012-01-20,0.465131068753567
2012-01-21,0.592544196744198
2012-01-22,0.4879389887125
2012-01-23,0.620146644598357
2012-01-24,0.783277057130963
2012-01-25,0.786123728590039
2012-01-26,0.387184630721118
2012-01-27,0.351556357086545
2012-01-28,0.49138694469488
2012-01-29,0.472062596370021
2012-01-30,0.439156225384651
2012-01-31,0.363476419464994
2012-02-01,0.568151032818446
2012-02-02,0.522676367820216
2012-02-03,0.446405141847951
2012-02-04,0.418033949454764
2012-02-05,0.717524775298353
2012-02-06,0.360406083476218
2012-02-07,0.775995695051958
2012-02-08,0.443539095012778
2012-02-09,0.444401851115478
2012-02-10,0.377583655408351
2012-02-11,0.881641932858397
2012-02-12,1.17502365153429
2012-02-13,0.414048577813515
2012-02-14,0.283054413769334
2012-02-15,0.319649313438775
2012-02-16,0.678154112336456
2012-02-17,0.412244905785014
2012-02-18,0.243741866961459
2012-02-19,0.391499650202477
2012-02-20,0.350831740844466
2012-02-21,0.429736195805424
2012-02-22,0.443939984233746
2012-02-23,0.65178713388043
2012-02-24,0.567601666627998
2012-02-25,0.97404645489727
2012-02-26,0.389091299396883
2012-02-27,0.393140145229053
2012-02-28,1.71673258945242
2012-02-29,0.237039520947491
2012-03-01,0.637571232860293
2012-03-02,0.536479394981823
2012-03-03,0.654574227795801
2012-03-04,0.360578418522866
2012-03-05,0.483243497390622
2012-03-06,0.464701052827886
2012-03-07,0.727567509736318
2012-03-08,0.525599181857506
2012-03-09,0.717785910935486
2012-03-10,0.48735353717428
2012-03-11,0.453401195385193
2012-03-12,0.550229729565443
2012-03-13,0.876253433248852
2012-03-14,0.44391019396769
2012-03-15,0.790456075373425
2012-03-16,0.448103301298533
2012-03-17,0.390780986149332
2012-03-18,0.340919298616081
2012-03-19,0.416083337925247
2012-03-20,0.569640255597154
2012-03-21,0.330948428209816
2012-03-22,0.409965531939415
2012-03-23,2.55746612228156
2012-03-24,0.368111974541762
2012-03-25,0.466179317962386
2012-03-26,0.456414961249825
2012-03-27,0.476833547904616
2012-03-28,0.790069716490634
2012-03-29,0.308735043707886
2012-03-30,0.276437939129153
2012-03-31,0.842724883136881
2012-04-01,0.701293895551043
2012-04-02,0.526797502611967
2012-04-03,0.295851638575136
2012-04-04,0.758685050323866
2012-04-05,1.36292419287772
2012-04-06,2.263717709102
2012-04-07,0.521206534750127
2012-04-08,1.09977323034837
2012-04-09,1.19766737332431
2012-04-10,0.734407311812469
2012-04-11,0.799339656516992
2012-04-12,1.53979149261372
2012-04-13,1.25038656051782
2012-04-14,0.735503795381487
2012-04-15,2.4042779361704
2012-04-16,2.08403361055927
2012-04-17,0.530910929465213
2012-04-18,1.08431420306623
2012-04-19,1.09434040162365
2012-04-20,0.866658643148233
2012-04-21,0.380999531424057
2012-04-22,0.868104566200562
2012-04-23,0.298370132015446
2012-04-24,0.582329892650177
2012-04-25,1.5351389868599
2012-04-26,0.299589314860695
2012-04-27,0.649107889822174
2012-04-28,0.870124927426129
2012-04-29,0.472755072055914
2012-04-30,0.334721936895556
2012-05-01,0.980787148093079
2012-05-02,0.68423239341549
2012-05-03,1.16131558492537
2012-05-04,1.06467905005277
2012-05-05,0.953985198018345
2012-05-06,0.296292712556986
2012-05-07,0.67014303856242
2012-05-08,0.844133581483676
2012-05-09,1.49281827705186
2012-05-10,1.54756985827104
2012-05-11,0.622316579120976
2012-05-12,12.3903388693907
2012-05-13,0.449046428543844
2012-05-14,0.802348006737798
2012-05-15,0.684667800620798
2012-05-16,0.420389378890732
2012-05-17,0.418719977543697
2012-05-18,0.252724318938661
2012-05-19,0.652377849936781
2012-05-20,0.229631270675146
2012-05-21,0.23689425900882
2012-05-22,0.689179921175659
2012-05-23,1.37218059313578
2012-05-24,0.209518953447011
2012-05-25,1.44974758004345
2012-05-26,0.202659716732084
2012-05-27,1.27917313182883
2012-05-28,0.605413528252102
2012-05-29,0.66587740480017
2012-05-30,0.774250224060584
2012-05-31,0.472337715312762
2012-06-01,1.21565800236224
2012-06-02,1.30098690272449
2012-06-03,0.841981181777405
2012-06-04,0.45290804728494
2012-06-05,1.17731541569193
2012-06-06,1.10460136172325
2012-06-07,0.967987606122044
2012-06-08,1.30874521420427
2012-06-09,1.03231335844759
2012-06-10,1.43056431732069
2012-06-11,1.01873655040145
2012-06-12,0.651597646825255
2012-06-13,0.922122274399913
2012-06-14,0.482033545744933
2012-06-15,0.556725146695274
2012-06-16,0.841503671383027
2012-06-17,1.21890651179216
2012-06-18,0.708623162467888
2012-06-19,0.444196205213942
2012-06-20,0.514818560956372
2012-06-21,1.03174142157477
2012-06-22,1.56249905726268
2012-06-23,1.53443417720059
2012-06-24,0.904752454533085
2012-06-25,0.982235461785539
2012-06-26,1.39897003071313
2012-06-27,0.966569463089681
2012-06-28,0.986238998039702
2012-06-29,0.736396487307035
2012-06-30,0.704132865843975
2012-07-01,1.42520911260105
2012-07-02,1.0633543565448
2012-07-03,0.960665879233771
2012-07-04,1.34241884280628
2012-07-05,0.954072008584721
2012-07-06,1.01416815026192
2012-07-07,0.498871402708267
2012-07-08,1.54976230345796
2012-07-09,0.894720168804115
2012-07-10,0.39957144882506
2012-07-11,4.43759577028397
2012-07-12,1.13429992879243
2012-07-13,1.26874095877837
2012-07-14,0.402200927129284
2012-07-15,1.333724832411
2012-07-16,1.0637789668516
2012-07-17,1.28969529785493
2012-07-18,1.04428663854553
2012-07-19,1.2315554988981
2012-07-20,1.39618488040925
2012-07-21,1.56045004199692
2012-07-22,1.15168586737232
2012-07-23,1.59515129109405
2012-07-24,1.42651207705541
2012-07-25,1.1259651363248
2012-07-26,1.41743560309357
2012-07-27,1.92241761699118
2012-07-28,1.38590160684069
2012-07-29,1.37352442686393
2012-07-30,1.47973526643473
2012-07-31,1.30601137263328
2012-08-01,2.00761702710991
2012-08-02,2.22309581632543
2012-08-03,1.21315149861719
2012-08-04,1.37518766877251
2012-08-05,1.69068649334601
2012-08-06,2.04410961281119
2012-08-07,0.947106001155571
2012-08-08,1.74393221636436
2012-08-09,1.85841391543218
2012-08-10,1.30413248342738
2012-08-11,1.60823175716527
2012-08-12,1.82010661611926
2012-08-13,1.43537340570403
2012-08-14,2.53138932287222
2012-08-15,2.44687168376069
2012-08-16,1.84378412928479
2012-08-17,3.02450673552076
2012-08-18,2.16685853337883
2012-08-19,1.79868329775661
2012-08-20,1.55658441499909
2012-08-21,1.79430462502528
2012-08-22,2.28218933830063
2012-08-23,1.02264876426086
2012-08-24,1.80070835430694
2012-08-25,1.65654603890117
2012-08-26,1.4310519513251
2012-08-27,2.28236036827667
2012-08-28,4.27761556551577
2012-08-29,1.52314811873696
2012-08-30,2.09234132761912
2012-08-31,2.03602414995293
2012-09-01,2.34328590470138
2012-09-02,0.755166371536049
2012-09-03,1.23647227699892
2012-09-04,1.94849997509233
2012-09-05,1.59981739728816
2012-09-06,1.83901406829768
2012-09-07,1.76466581512615
2012-09-08,1.67337647698755
2012-09-09,1.5148443627905
2012-09-10,2.0068195332095
2012-09-11,1.82924858537432
2012-09-12,1.26303698683602
2012-09-13,2.11934665303063
2012-09-14,2.10265510082476
2012-09-15,1.69553180742554
2012-09-16,1.58444860012164
2012-09-17,1.22037662270276
2012-09-18,1.14527719900817
2012-09-19,2.37823525635032
2012-09-20,1.90470433170927
2012-09-21,1.47359363860597
2012-09-22,1.72577495119222
2012-09-23,1.6873720663993
2012-09-24,1.2835767535017
2012-09-25,1.26321654710368
2012-09-26,2.00631782527412
2012-09-27,2.35081287367332
2012-09-28,3.55851094591674
2012-09-29,2.35809809478974
2012-09-30,2.16595772721979
2012-10-01,2.19767877817387
2012-10-02,2.52362667383301
2012-10-03,1.1879356777164
2012-10-04,3.36456021210507
2012-10-05,2.16754590835692
2012-10-06,1.83128357571514
2012-10-07,2.03379332067894
2012-10-08,1.88081089029755
2012-10-09,2.21288177597118
2012-10-10,1.4768284677444
2012-10-11,2.33018071877159
2012-10-12,2.3101858057948
2012-10-13,2.16033413290238
2012-10-14,2.43762291726349
2012-10-15,2.32302297361525
2012-10-16,2.07716106889129
2012-10-17,4.99125673322968
2012-10-18,3.26269690928217
2012-10-19,3.45166434034696
2012-10-20,1.74753747771266
2012-10-21,2.27443669683227
2012-10-22,1.81259904090754
2012-10-23,1.69783120411252
2012-10-24,1.80973680874447
2012-10-25,2.91796922891261
2012-10-26,1.69691049974604
2012-10-27,1.60250632241514
2012-10-28,2.24120040752299
2012-10-29,1.90943156351778
2012-10-30,1.86099759607944
2012-10-31,2.10933030065107
2012-11-01,1.71308553485947
2012-11-02,1.70771137370181
2012-11-03,2.08399079264262
2012-11-04,1.94096013528747
2012-11-05,1.68937378741526
2012-11-06,1.81594264046688
2012-11-07,1.72298291430743
2012-11-08,2.03542633214774
2012-11-09,0.92752379444948
2012-11-10,1.74329902974624
2012-11-11,1.80382558756895
2012-11-12,2.74218264740609
2012-11-13,2.17380498723344
2012-11-14,1.32053030783258
2012-11-15,1.86251668406937
2012-11-16,2.22200864226287
2012-11-17,1.82077195866634
2012-11-18,2.16887159708555
2012-11-19,3.07587379158893
2012-11-20,2.07797650356672
2012-11-21,2.28607582770702
2012-11-22,1.97611314687993
2012-11-23,4.46495754039277
2012-11-24,1.36832566363655
2012-11-25,2.29976407458659
2012-11-26,2.29955160556633
2012-11-27,1.71308811030914
2012-11-28,2.7645414056348
2012-11-29,2.281603093859
2012-11-30,2.76529094337698
2012-12-01,0.795683019444935
2012-12-02,2.33574518389188
2012-12-03,2.16907447405819
2012-12-04,10.6109317705582
2012-12-05,2.12655541454597
2012-12-06,2.20335623587179
2012-12-07,3.10973635190393
2012-12-08,2.309230441601
2012-12-09,2.56503159539685
2012-12-10,1.68505461754661
2012-12-11,2.00889775645717
2012-12-12,3.71399168778582
2012-12-13,2.95308491587422
2012-12-14,2.67480393926925
2012-12-15,1.48712416653417
2012-12-16,2.76381921432203
2012-12-17,2.08434942538097
2012-12-18,2.19750521928853
2012-12-19,2.29834084712704
2012-12-20,3.76814324867941
2012-12-21,2.38639959440754
2012-12-22,2.20440283537777
2012-12-23,1.72185579074287
2012-12-24,2.18198588199801
2012-12-25,2.19573345746745
2012-12-26,2.09883975635592
2012-12-27,1.86189207243674
2012-12-28,2.01318197155223
2012-12-29,1.95320412235475
2012-12-30,1.76703272634393
2012-12-31,9.31224267523787
2013-01-01,1.94261574909492
2013-01-02,1.98619320681411
2013-01-03,2.27519815739194
2013-01-04,2.22613662731785
2013-01-05,2.08492515584961
2013-01-06,1.60830137081681
2013-01-07,1.79457069105509
2013-01-08,2.07217852456092
2013-01-09,1.00231120532069
2013-01-10,1.63708379480484
2013-01-11,2.07316186936768
2013-01-12,1.84260369291573
2013-01-13,2.49947199922885
2013-01-14,1.93902217808009
2013-01-15,1.47206728547657
2013-01-16,2.00034102658351
2013-01-17,2.48133628988597
2013-01-18,2.36940884947183
2013-01-19,2.353754985513
2013-01-20,2.34463309831549
2013-01-21,2.13091924861138
2013-01-22,2.5261910641683
2013-01-23,2.4214447733082
2013-01-24,1.66656081380961
2013-01-25,1.89836191063784
2013-01-26,1.64537540175836
2013-01-27,2.7425254769839
2013-01-28,2.84128349452348
2013-01-29,2.56032644032057
2013-01-30,2.62888339062788
2013-01-31,2.86075737979874
2013-02-01,3.84223843622609
2013-02-02,1.52200151497926
2013-02-03,2.68525971435247
2013-02-04,1.58248271452222
2013-02-05,4.76867942474578
2013-02-06,1.67712044258726
2013-02-07,2.06531276386332
2013-02-08,2.8903722290013
2013-02-09,1.74809871290534
2013-02-10,2.92740287688395
2013-02-11,3.04168697859613
2013-02-12,3.69596766780191
2013-02-13,3.02059934852523
2013-02-14,3.13903381100409
2013-02-15,3.82584605109018
2013-02-16,3.84516722554459
2013-02-17,3.53024289504236
2013-02-18,3.52769526059388
2013-02-19,3.76362402383299
2013-02-20,2.69464275751084
2013-02-21,4.52504588703355
2013-02-22,3.98324768967313
2013-02-23,3.16210678653088
2013-02-24,2.7322575901645
2013-02-25,6.49205215688001
2013-02-26,3.38560073024207
2013-02-27,4.60913179442697
2013-02-28,4.03458132326958
2013-03-01,3.97305472167849
2013-03-02,4.35383005763792
2013-03-03,3.64718692451984
2013-03-04,3.84537944455318
2013-03-05,4.03677335489222
2013-03-06,4.87122166860661
2013-03-07,5.21826688815798
2013-03-08,4.72210921212871
2013-03-09,6.71317497253129
2013-03-10,5.05610228637072
2013-03-11,5.89004268334686
2013-03-12,4.96577696366454
2013-03-13,4.99097183783373
2013-03-14,9.15251191705712
2013-03-15,6.08546788715508
2013-03-16,4.55389823403022
2013-03-17,7.05940484378686
2013-03-18,6.10545140742166
2013-03-19,8.05758899951349
2013-03-20,7.30277210400942
2013-03-21,8.47230563082552
2013-03-22,9.03119122999318
2013-03-23,7.34022685615658
2013-03-24,7.75873465769098
2013-03-25,7.58825470843593
2013-03-26,10.7479908360372
2013-03-27,9.86494281032012
2013-03-28,10.3780683306986
2013-03-29,9.77245039406233
2013-03-30,9.52215942161501
2013-03-31,9.19378845848766
2013-04-01,14.1792962962948
2013-04-02,12.9637335425124
2013-04-03,11.9507228123583
2013-04-04,15.8502994248175
2013-04-05,15.4262594732222
2013-04-06,18.9100252193017
2013-04-07,18.3146011807036
2013-04-08,26.2047145875979
2013-04-09,34.2340831637441
2013-04-10,19.5034288398052
2013-04-11,10.2764862976241
2013-04-12,7.89930202745205
2013-04-13,13.5062253540652
2013-04-14,9.52319002783683
2013-04-15,10.774054144579
2013-04-16,8.68646767898358
2013-04-17,8.92078612957925
2013-04-18,11.1058381017595
2013-04-19,15.6062820749504
2013-04-20,16.7912579667234
2013-04-21,8.10739530726047
2013-04-22,12.5899892010858
2013-04-23,23.7607839949646
2013-04-24,15.289428794027
2013-04-25,20.50777571026
2013-04-26,14.9768885194186
2013-04-27,18.3026024130076
2013-04-28,13.637096758662
2013-04-29,16.7889971854716
2013-04-30,16.4897421440442
2013-05-01,17.0999601567004
2013-05-02,12.7686005637488
2013-05-03,9.43908088824064
2013-05-04,9.57769232565021
2013-05-05,10.6336188931854
2013-05-06,10.8632765520682
2013-05-07,16.6309811840669
2013-05-08,10.020541259633
2013-05-09,16.1764778834774
2013-05-10,10.5273385389828
2013-05-11,12.597445125273
2013-05-12,13.0612742694854
2013-05-13,11.9008386888111
2013-05-14,13.3536614524676
2013-05-15,12.3110339660121
2013-05-16,11.0610055850845
2013-05-17,12.420965074022
2013-05-18,11.9836243793369
2013-05-19,11.1841966070068
2013-05-20,14.8905657180356
2013-05-21,13.0089331702336
2013-05-22,13.349021756533
2013-05-23,13.3608620259768
2013-05-24,11.4746580083767
2013-05-25,13.5181374610527
2013-05-26,13.0374261510905
2013-05-27,14.2893311425447
2013-05-28,20.2069973521865
2013-05-29,10.6788473493669
2013-05-30,14.5578247434761
2013-05-31,55.4413788104535
2013-06-01,10.2219701492855
2013-06-02,12.037724835766
2013-06-03,11.3252536904107
2013-06-04,53.4284838006825
2013-06-05,8.0718100554816
2013-06-06,15.5931385982718
2013-06-07,14.2677196553233
2013-06-08,15.399112333892
2013-06-09,11.821155516852
2013-06-10,10.3200057387931
2013-06-11,26.6570171798156
2013-06-12,10.7289987260796
2013-06-13,16.0272611657267
2013-06-14,22.9402505138475
2013-06-15,20.6290930158262
2013-06-16,17.058385249204
2013-06-17,9.26723203109486
2013-06-18,9.64708152224737
2013-06-19,15.207420049607
2013-06-20,14.6745626139047
2013-06-21,8.65462436557828
2013-06-22,8.45084116489084
2013-06-23,26.5403976418411
2013-06-24,9.38496447108288
2013-06-25,10.0524906512207
2013-06-26,8.015180819245
2013-06-27,11.0543052175197
2013-06-28,20.4265277525597
2013-06-29,25.3280323552222
2013-06-30,37.6359206110642
2013-07-01,16.6274669360931
2013-07-02,9.15159026391183
2013-07-03,15.071027572834
2013-07-04,8.06801044862536
2013-07-05,5.53977388051664
2013-07-06,5.73965791717202
2013-07-07,4.26139638843855
2013-07-08,6.6225592320119
2013-07-09,8.14394865367913
2013-07-10,5.77057650625204
2013-07-11,7.07407071766935
2013-07-12,8.76129682814066
2013-07-13,4.62248218655057
2013-07-14,7.96469199349889
2013-07-15,8.75715255021731
2013-07-16,9.66157513946643
2013-07-17,7.748533105028
2013-07-18,6.47426758528747
2013-07-19,7.31816865849355
2013-07-20,10.4404465177621
2013-07-21,9.44988584009594
2013-07-22,8.10543949929555
2013-07-23,7.95062699965583
2013-07-24,7.02777274374557
2013-07-25,16.2837141499583
2013-07-26,11.9450100342697
2013-07-27,6.00516405636434
2013-07-28,7.77602707077326
2013-07-29,6.261434501475
2013-07-30,6.262964624358
2013-07-31,8.97795755828357
2013-08-01,8.19421514246213
2013-08-02,29.9474010137916
2013-08-03,21.3119388819396
2013-08-04,6.53611597867005
2013-08-05,5.90354621210673
2013-08-06,7.1372573611727
2013-08-07,5.51576471253016
2013-08-08,8.27403630776056
2013-08-09,8.1961443653356
2013-08-10,5.2931664370029
2013-08-11,7.95645319253061
2013-08-12,7.09998549985521
2013-08-13,17.413299231264
2013-08-14,7.48755572580797
2013-08-15,8.03937233798616
2013-08-16,11.689656646423
2013-08-17,3.53209144165439
2013-08-18,5.82924404882717
2013-08-19,3.49463218943093
2013-08-20,5.03351672209127
2013-08-21,6.97455019202516
2013-08-22,4.2149402598767
2013-08-23,3.50318626405915
2013-08-24,8.54099529364747
2013-08-25,7.64297002982736
2013-08-26,3.68054692901032
2013-08-27,4.04822913594491
2013-08-28,5.63054399923363
2013-08-29,3.08789528081093
2013-08-30,8.48505597185147
2013-08-31,4.07079492553628
2013-09-01,8.23800169161213
2013-09-02,5.71216179573179
2013-09-03,4.08299861383917
2013-09-04,4.47942699480639
2013-09-05,2.34812184618275
2013-09-06,4.99172789073569
2013-09-07,3.62970318818702
2013-09-08,3.33959670063363
2013-09-09,8.5423273306518
2013-09-10,2.69343726967334
2013-09-11,3.23058964548774
2013-09-12,4.89808367675498
2013-09-13,6.11620408477374
2013-09-14,3.34597231300071
2013-09-15,1.57621455574632
2013-09-16,2.31702055786083
2013-09-17,1.59796486660429
2013-09-18,8.30592612807599
2013-09-19,8.15832371106087
2013-09-20,2.44442646346643
2013-09-21,1.08331236898908
2013-09-22,4.96389519814158
2013-09-23,1.63840266810251
2013-09-24,2.5351505502784
2013-09-25,1.56703583719048
2013-09-26,2.02844037194842
2013-09-27,2.44898955013345
2013-09-28,2.45273635519769
2013-09-29,1.87708492093992
2013-09-30,3.44903753674102
2013-10-01,1.47895424766787
2013-10-02,1.99382192900488
2013-10-03,1.59951027543894
2013-10-04,1.78658705457037
2013-10-05,1.94031159574805
2013-10-06,2.11466756568493
2013-10-07,6.91662428468995
2013-10-08,1.67906672228812
2013-10-09,3.50665502158595
2013-10-10,1.14020393000855
2013-10-11,1.9825410184638
2013-10-12,4.39327142573071
2013-10-13,3.53830534765791
2013-10-14,2.47273482975396
2013-10-15,1.74023945413757
2013-10-16,3.45205515890172
2013-10-17,1.65046676320289
2013-10-18,1.5473351541667
2013-10-19,2.15693390421058
2013-10-20,5.96333477835236
2013-10-21,7.0158956274386
2013-10-22,3.40266128558578
2013-10-23,1.8238228440913
2013-10-24,3.09547902060089
2013-10-25,2.70651075395943
2013-10-26,5.90246565995662
2013-10-27,5.88679235289624
2013-10-28,2.2819431495124
2013-10-29,3.25180810611236
2013-10-30,3.1673348257952
2013-10-31,6.82067904897775
2013-11-01,3.23134842945706
2013-11-02,2.86985127581746
2013-11-03,5.30341459614699
2013-11-04,2.88380918309434
2013-11-05,4.61223662484527
2013-11-06,2.95544716057374
2013-11-07,4.67514213959343
2013-11-08,4.20080260700476
2013-11-09,5.93776536250035
2013-11-10,4.25626858845827
2013-11-11,6.2191558044715
2013-11-12,6.69977663462709
2013-11-13,6.57743154386456
2013-11-14,3.95143048578889
2013-11-15,8.3093387561413
2013-11-16,10.1476590277559
2013-11-17,11.4306265221225
2013-11-18,10.6793950631655
2013-11-19,8.89941839485444
2013-11-20,14.4566106621196
2013-11-21,9.33697520899339
2013-11-22,13.0136328925887
2013-11-23,8.51275499627886
2013-11-24,15.0308665803766
2013-11-25,16.7662960054311
2013-11-26,10.5791174872317
2013-11-27,16.163538435547
2013-11-28,15.7101153612063
2013-11-29,16.6694970763904
2013-11-30,15.5203051956936
2013-12-01,15.5234449472321
2013-12-02,17.4443385043775
2013-12-03,11.1804752072307
2013-12-04,16.4093129097672
2013-12-05,10.5849233154951
2013-12-06,13.6555858437374
2013-12-07,9.74476404159711
2013-12-08,11.1423617309561
2013-12-09,11.2009369687904
2013-12-10,16.7169673120791
2013-12-11,14.4297051745705
2013-12-12,14.6886821245072
2013-12-13,11.5262150546767
2013-12-14,19.3732417461254
2013-12-15,11.4145514110793
2013-12-16,34.928761091893
2013-12-17,13.1140202636748
2013-12-18,12.6354344877057
2013-12-19,15.943894283032
2013-12-20,37.8706590179403
2013-12-21,301.245621055934
2013-12-22,6.80394536018453
2013-12-23,13.5422319656875
2013-12-24,15.0807115492922
2013-12-25,8.26394475286345
2013-12-26,7.62989939515492
2013-12-27,13.4351709305668
2013-12-28,10.0274040154863
2013-12-29,19.7301307385432
2013-12-30,7.73619812411803
2013-12-31,8.46100644761783
2014-01-01,15.7928311545642
2014-01-02,8.40940814875314
2014-01-03,10.5724464704174
2014-01-04,13.07306780172
2014-01-05,10.5310478598941
2014-01-06,12.7365452795061
2014-01-07,11.7651312286168
2014-01-08,11.3066627998337
2014-01-09,15.1855133375892
2014-01-10,15.7668971879062
2014-01-11,18.9252020392367
2014-01-12,11.9318538300648
2014-01-13,10.0263016190342
2014-01-14,10.7486840700096
2014-01-15,14.8125083359405
2014-01-16,17.3919240803474
2014-01-17,15.473657041224
2014-01-18,20.7689497645437
2014-01-19,22.6574633850113
2014-01-20,19.3391242169177
2014-01-21,13.1849318264253
2014-01-22,13.0726043586879
2014-01-23,11.0734435031507
2014-01-24,9.76912409153686
2014-01-25,10.7605411872527
2014-01-26,12.6635646961517
2014-01-27,9.17543023093788
2014-01-28,11.0828957810782
2014-01-29,8.11901420128911
2014-01-30,10.8927647958604
2014-01-31,12.1161207068378
2014-02-01,8.39254352059999
2014-02-02,14.1359966199062
2014-02-03,12.8320780156993
2014-02-04,6.74404592843712
2014-02-05,35.9257340673983
2014-02-06,16.2754750216524
2014-02-07,11.1389570081508
2014-02-08,7.38567625849582
2014-02-09,10.2467007914783
2014-02-10,8.79099592897935
2014-02-11,12.0545220166948
2014-02-12,7.69991949716856
2014-02-13,7.99341063250152
2014-02-14,7.19000922482419
2014-02-15,12.4999506186116
2014-02-16,7.03279806273454
2014-02-17,9.22349091512646
2014-02-18,22.4594826384602
2014-02-19,7.97621726974749
2014-02-20,8.21101276645869
2014-02-21,5.66499116010958
2014-02-22,7.20142130975145
2014-02-23,9.85830957998951
2014-02-24,6.74924109668617
2014-02-25,6.24605647179985
2014-02-26,11.2513540015105
2014-02-27,6.83829593935889
2014-02-28,19.7831985158025
2014-03-01,19.941892565407
2014-03-02,6.54910163531318
2014-03-03,7.14913796509489
2014-03-04,7.34879486615203
2014-03-05,8.33011208630724
2014-03-06,8.57572584496579
2014-03-07,137.077785889055
2014-03-08,5.85952787689475
2014-03-09,50.1148104808756
2014-03-10,18.9668132147442
2014-03-11,13.0470001467028
2014-03-12,5.39899111425324
2014-03-13,8.35430765309358
2014-03-14,7.61694140864086
2014-03-15,7.44931301133954
2014-03-16,10.3947316181341
2014-03-17,14.6946782262993
2014-03-18,8.6593825298909
2014-03-19,7.64204783257823
2014-03-20,12.0622424031534
2014-03-21,4.43423351358281
2014-03-22,12.3531314262035
2014-03-23,8.24282841453203
2014-03-24,7.52198615047083
2014-03-25,6.40215646010655
2014-03-26,6.8140569603935
2014-03-27,5.90606145188002
2014-03-28,6.13592543260195
2014-03-29,6.6401303332236
2014-03-30,4.90604248055497
2014-03-31,4.57359911121498
2014-04-01,4.3045400557972
2014-04-02,4.11179667925672
2014-04-03,16.065231611589
2014-04-04,5.83786749032269
2014-04-05,6.90425778767901
2014-04-06,6.87543327303303
2014-04-07,7.08686525253592
2014-04-08,4.32837037326309
2014-04-09,4.36878097370571
2014-04-10,5.59489510084373
2014-04-11,5.39699619898902
2014-04-12,6.60953123239854
2014-04-13,3.70774338936889
2014-04-14,5.50951042563465
2014-04-15,4.62602790207498
2014-04-16,9.47855774478537
2014-04-17,5.41223673907845
2014-04-18,4.18902880239946
2014-04-19,4.39098052860072
2014-04-20,7.46659409634463
2014-04-21,3.99250707606785
2014-04-22,3.55459616232972
2014-04-23,3.92122024017592
2014-04-24,4.21233886825787
2014-04-25,3.70173223015509
2014-04-26,4.12558465169415
2014-04-27,3.3667491061895
2014-04-28,4.29265631008386
2014-04-29,3.39701246922523
2014-04-30,2.14633488252991
2014-05-01,3.10210802119165
2014-05-02,1.81209322343277
2014-05-03,1.65153676267001
2014-05-04,2.43883358459771
2014-05-05,2.26390082943757
2014-05-06,2.13671357543428
2014-05-07,3.30199112624619
2014-05-08,1.98020466523783
2014-05-09,1.57156065717417
2014-05-10,2.94064886024697
2014-05-11,1.89556441029972
2014-05-12,1.73589088838728
2014-05-13,0.950961645756137
2014-05-14,1.1412027023662
2014-05-15,1.86875108020602
2014-05-16,0.927375129761888
2014-05-17,1.28007168150944
2014-05-18,1.96298446078454
2014-05-19,1.20614335514254
2014-05-20,1.9477087044601
2014-05-21,1.69358831618343
2014-05-22,2.27203783091137
2014-05-23,1.03560175997707
2014-05-24,1.28700518016264
2014-05-25,2.50179515519204
2014-05-26,1.17742271075514
2014-05-27,13.5475477522885
2014-05-28,1.39145155401629
2014-05-29,1.35432294234356
2014-05-30,2.50699302033867
2014-05-31,2.55015012631558
2014-06-01,1.2411365765435
2014-06-02,0.969594611787536
2014-06-03,1.15886120157276
2014-06-04,1.60772001194659
2014-06-05,1.25568026190106
2014-06-06,1.73132972635271
2014-06-07,1.4744674512404
2014-06-08,4.73753822161249
2014-06-09,2.29444897563349
2014-06-10,1.42149728504637
2014-06-11,2.48453449265548
2014-06-12,3.35192619189938
2014-06-13,2.03753672092791
2014-06-14,1.08340822166404
2014-06-15,1.05546164535065
2014-06-16,1.96175410129098
2014-06-17,0.947921844495747
2014-06-18,1.49237985927759
2014-06-19,1.10000890728885
2014-06-20,1.3945594280452
2014-06-21,1.59244289602885
2014-06-22,1.69421103400042
2014-06-23,1.01138085140221
2014-06-24,2.78686337775401
2014-06-25,1.03249249446213
2014-06-26,2.61886340548345
2014-06-27,2.9873553815763
2014-06-28,1.34709095943082
2014-06-29,11.4972429267428
2014-06-30,2.69035102524755
2014-07-01,1.20307035324781
2014-07-02,1.35291940930382
2014-07-03,2.52645979149412
2014-07-04,2.5029636222587
2014-07-05,1.32852925940548
2014-07-06,1.6864707256614
2014-07-07,1.83004467721271
2014-07-08,1.09468027072693
2014-07-09,3.09563767230199
2014-07-10,3.42415216399207
2014-07-11,1.62397427137838
2014-07-12,2.05041423802451
2014-07-13,1.83815883406089
2014-07-14,1.11616826620914
2014-07-15,2.16547814038567
2014-07-16,1.51059217872012
2014-07-17,1.37833251217895
2014-07-18,1.29007753383052
2014-07-19,0.877616306289427
2014-07-20,0.960509935616141
2014-07-21,1.35001856969695
2014-07-22,1.74935654424634
2014-07-23,2.47782842374864
2014-07-24,1.96004396524093
2014-07-25,1.20112339280401
2014-07-26,0.991727115179078
2014-07-27,1.33417200552358
2014-07-28,1.58165113489321
2014-07-29,0.874704239012943
2014-07-30,1.07272291371154
2014-07-31,1.67585440644278
2014-08-01,1.07360305107939
2014-08-02,1.82383797956579
2014-08-03,1.04405342933499
2014-08-04,1.74847319621037
2014-08-05,2.79333897561058
2014-08-06,1.68794458860554
2014-08-07,1.25134783758832
2014-08-08,1.45831407219563
2014-08-09,1.57136686300707
2014-08-10,1.19524659692763
2014-08-11,1.56047346994061
2014-08-12,1.23319050320739
2014-08-13,1.65476419357977
2014-08-14,1.16481234301875
2014-08-15,1.32244956161818
2014-08-16,1.70194263369791
2014-08-17,2.69671349991575
2014-08-18,1.12781324016076
2014-08-19,1.13891144278264
2014-08-20,1.72343131104801
2014-08-21,0.948229109112369
2014-08-22,1.66818407813956
2014-08-23,2.45885187666422
2014-08-24,0.957611772316284
2014-08-25,1.35343645141361
2014-08-26,1.3667267067914
2014-08-27,0.944421769558429
2014-08-28,1.44211175354626
2014-08-29,0.829126153107151
2014-08-30,1.05790476639276
2014-08-31,1.84143057233194
2014-09-01,1.92337861195175
2014-09-02,0.840110980330502
2014-09-03,1.45038119791745
2014-09-04,1.70630326908361
2014-09-05,2.05812022127786
2014-09-06,2.55926159870168
2014-09-07,0.687007013601185
2014-09-08,1.02557965163144
2014-09-09,0.855405321276708
2014-09-10,1.0229690987185
2014-09-11,0.862706676686314
2014-09-12,0.759565824564476
2014-09-13,1.03213199006881
2014-09-14,1.37025901418964
2014-09-15,0.900002110040693
2014-09-16,0.9341305828775
2014-09-17,1.18323351008773
2014-09-18,1.22263624099115
2014-09-19,0.866600931456306
2014-09-20,0.715717106038786
2014-09-21,1.03954566098386
2014-09-22,0.717911354318601
2014-09-23,1.02973596763637
2014-09-24,0.881815911236824
2014-09-25,0.909039260726709
2014-09-26,0.61206194644274
2014-09-27,0.603840893848183
2014-09-28,1.70040792620571
2014-09-29,0.57719072741232
2014-09-30,0.984966749879003
2014-10-01,0.584676091060539
2014-10-02,0.746335180671183
2014-10-03,0.670408886118056
2014-10-04,0.860533621384823
2014-10-05,1.49153462029883
2014-10-06,0.53573732498966
2014-10-07,0.625839777953651
2014-10-08,0.829751990679394
2014-10-09,0.856429369903757
2014-10-10,0.791654787503012
2014-10-11,0.728377126703864
2014-10-12,0.500877342726822
2014-10-13,1.35325079966681
2014-10-14,0.711851823542927
2014-10-15,0.915300502764457
2014-10-16,1.04685475442092
2014-10-17,0.647193883706557
2014-10-18,1.15726053083378
2014-10-19,0.910728289104793
2014-10-20,0.692445592254466
2014-10-21,0.826638673172969
2014-10-22,0.844294450570189
2014-10-23,0.796105544591783
2014-10-24,0.660609413924939
2014-10-25,0.9859988797826
2014-10-26,0.820576662263294
2014-10-27,0.766107471358826
2014-10-28,0.998313090594374
2014-10-29,0.632667216336426
2014-10-30,0.590071335163403
2014-10-31,0.987059162853793
2014-11-01,1.26409828050866
2014-11-02,0.805630068165889
2014-11-03,0.579002481116509
2014-11-04,0.871972379614954
2014-11-05,0.989170368788894
2014-11-06,1.32984556403596
2014-11-07,2.80675231684796
2014-11-08,1.15812683249155
2014-11-09,0.612298275093029
2014-11-10,0.715876767868135
2014-11-11,0.712121686198097
2014-11-12,0.743385830929395
2014-11-13,0.654686053663763
2014-11-14,0.841393130431805
2014-11-15,0.784008120092172
2014-11-16,1.16476836604364
2014-11-17,0.715550669927935
2014-11-18,0.955256063478676
2014-11-19,0.67065161123434
2014-11-20,0.718272947084654
2014-11-21,0.641625033674376
2014-11-22,0.806213843844539
2014-11-23,0.77916150233949
2014-11-24,0.899480322211789
2014-11-25,0.67946223555341
2014-11-26,0.853936094640963
2014-11-27,0.783832603519382
2014-11-28,0.598960698916648
2014-11-29,0.794607158257737
2014-11-30,1.13730851840066
2014-12-01,0.76907629788155
2014-12-02,0.812559109957151
2014-12-03,0.941295018858759
2014-12-04,0.660466271102419
2014-12-05,0.812843800710988
2014-12-06,0.744507454505736
2014-12-07,0.912364296795935
2014-12-08,0.606190205674492
2014-12-09,1.40954806349349
2014-12-10,0.838911797785732
2014-12-11,0.799811228973029
2014-12-12,0.581383881887737
2014-12-13,0.703049542524275
2014-12-14,0.872241902227391
2014-12-15,0.499635757733452
2014-12-16,0.965774546814101
2014-12-17,0.755446223252135
2014-12-18,0.717950160235443
2014-12-19,0.582150181841771
2014-12-20,0.473590179302354
2014-12-21,0.520057401166657
2014-12-22,0.615712457623295
2014-12-23,0.659776980285684
2014-12-24,0.52407347368722
2014-12-25,0.649644348437096
2014-12-26,0.554951955538846
2014-12-27,0.612882442423787
2014-12-28,0.544590266445818
2014-12-29,0.569028514260598
2014-12-30,0.647542847698008
2014-12-31,0.541385741469665
2015-01-01,0.76548163450677
2015-01-02,0.697524387413767
2015-01-03,0.589290906819203
2015-01-04,0.715561231190395
2015-01-05,0.483084955274444
2015-01-06,1.35596416525129
2015-01-07,0.640826413796623
2015-01-08,0.805216513470912
2015-01-09,0.53878592008451
2015-01-10,0.607611853984035
2015-01-11,1.02638849737103
2015-01-12,0.484541650774111
2015-01-13,0.719375866629078
2015-01-14,0.494954767683347
2015-01-15,0.784036368995983
2015-01-16,0.412985558799689
2015-01-17,0.350292699163322
2015-01-18,0.559955244035485
2015-01-19,0.401531209455951
2015-01-20,0.466808491193706
2015-01-21,0.446086287385761
2015-01-22,0.445560716366375
2015-01-23,0.433272806854928
2015-01-24,0.724062655681263
2015-01-25,0.374882453334592
2015-01-26,0.515818524087962
2015-01-27,0.484532130535762
2015-01-28,0.449222637996951
2015-01-29,0.558490900883167
2015-01-30,0.431478894946587
2015-01-31,0.547182213286667
2015-02-01,0.480322131451853
2015-02-02,0.359075813798073
2015-02-03,0.870644362000306
2015-02-04,0.614745065107888
2015-02-05,0.396205925365818
2015-02-06,0.671812773803703
2015-02-07,0.590400160021769
2015-02-08,0.453696249985368
2015-02-09,0.53414842729128
2015-02-10,0.484607830872971
2015-02-11,0.5244319180773
2015-02-12,0.482788063260208
2015-02-13,0.517825296469915
2015-02-14,0.501490100349194
2015-02-15,1.13720963630407
2015-02-16,0.408695367036147
2015-02-17,0.523179424561517
2015-02-18,0.558687010774025
2015-02-19,0.435450177235447
2015-02-20,5.15311132363793
2015-02-21,0.412815757475858
2015-02-22,0.413646663534762
2015-02-23,0.484091415611334
2015-02-24,0.428777614615259
2015-02-25,0.439253173736465
2015-02-26,0.423018643346925
2015-02-27,0.525610799199648
2015-02-28,0.610672221987376
2015-03-01,1.49054401606963
2015-03-02,0.442008117860559
2015-03-03,0.484833318275707
2015-03-04,1.22456662965945
2015-03-05,0.669116268006678
2015-03-06,1.35483705370057
2015-03-07,0.470921756770683
2015-03-08,0.467395509268036
2015-03-09,0.570839630934773
2015-03-10,1.85888188739594
2015-03-11,0.665348641456474
2015-03-12,1.17773448061082
2015-03-13,0.474319734643361
2015-03-14,0.69495019085901
2015-03-15,0.612739597744038
2015-03-16,0.708939005697757
2015-03-17,0.829175738268046
2015-03-18,0.616067278847937
2015-03-19,0.546642731012732
2015-03-20,0.570206463074744
2015-03-21,0.969081916140635
2015-03-22,0.551798001145557
2015-03-23,0.546536441195871
2015-03-24,0.490618514612179
2015-03-25,0.547759471648192
2015-03-26,0.586848885826769
2015-03-27,0.580364800980351
2015-03-28,0.647451720188656
2015-03-29,0.544262618025363
2015-03-30,0.570129279101947
2015-03-31,0.520759778663124
2015-04-01,0.403335420963033
2015-04-02,1.08828031818353
2015-04-03,0.438400330845109
2015-04-04,1.00756826517817
2015-04-05,0.59807015710376
2015-04-06,0.585960687147206
2015-04-07,0.500849003217616
2015-04-08,0.787075382063785
2015-04-09,0.480667254963283
2015-04-10,0.542893927803387
2015-04-11,0.553708413323328
2015-04-12,0.481821296716797
2015-04-13,0.474940538919049
2015-04-14,0.50339171756676
2015-04-15,0.36676229155756
2015-04-16,0.457749255571347
2015-04-17,0.469775392521083
2015-04-18,0.477289109329227
2015-04-19,0.476323025416248
2015-04-20,0.570490786409825
2015-04-21,0.561843295426201
2015-04-22,0.449368792921977
2015-04-23,0.987335034416544
2015-04-24,0.451190609827158
2015-04-25,0.69349707792346
2015-04-26,0.443990227154771
2015-04-27,0.510435801862144
2015-04-28,0.626257762678138
2015-04-29,0.619810235225427
2015-04-30,0.56784097259506
2015-05-01,0.483164986401491
2015-05-02,0.445502563694506
2015-05-03,0.950836987067945
2015-05-04,0.483897334839657
2015-05-05,0.485960679522321
2015-05-06,0.655210780844827
2015-05-07,0.361027386678092
2015-05-08,0.566558339454517
2015-05-09,0.581575431607584
2015-05-10,0.506397919935796
2015-05-11,0.456194299738023
2015-05-12,0.472830515377542
2015-05-13,0.587966693712877
2015-05-14,0.511063773342921
2015-05-15,0.547124960352315
2015-05-16,0.561106955560532
2015-05-17,0.592232421542618
2015-05-18,0.450869440544731
2015-05-19,0.662158278984139
2015-05-20,0.534065348690501
2015-05-21,0.472061418640521
2015-05-22,0.66643518632817
2015-05-23,0.410998119579003
2015-05-24,0.611276960166559
2015-05-25,0.450371571044644
2015-05-26,0.554391378503427
2015-05-27,0.581735607894026
2015-05-28,0.556114443675714
2015-05-29,0.749670973050856
2015-05-30,0.422233832794396
2015-05-31,0.479745482326554
2015-06-01,0.518029020360436
2015-06-02,0.440824041045835
2015-06-03,0.465984848112146
2015-06-04,0.511586282419926
2015-06-05,0.553936461680795
2015-06-06,0.492998822668636
2015-06-07,0.366320226220984
2015-06-08,0.580264874718443
2015-06-09,0.52778923490867
2015-06-10,0.501026202153186
2015-06-11,0.440050018624795
2015-06-12,0.96822128693906
2015-06-13,0.430418206024498
2015-06-14,0.574126468567027
2015-06-15,0.55755563680721
2015-06-16,0.775050569475843
2015-06-17,0.65130451939701
2015-06-18,0.609929345364667
2015-06-19,0.595725982378303
2015-06-20,1.03259774921276
2015-06-21,1.28976995310425
2015-06-22,0.607991692348092
2015-06-23,0.735252669250174
2015-06-24,0.475558445758518
2015-06-25,0.502995695293319
2015-06-26,0.664777092603081
2015-06-27,0.888151359687546
2015-06-28,0.729711080990198
2015-06-29,0.720790391030972
2015-06-30,0.861944859983466
2015-07-01,0.75656568520308
2015-07-02,0.602076511756643
2015-07-03,0.418066214511845
2015-07-04,0.755737613126049
2015-07-05,0.501254872415465
2015-07-06,0.799852313557074
2015-07-07,1.26346633155838
2015-07-08,0.877802815393129
2015-07-09,0.460478971528106
2015-07-10,0.713485232752192
2015-07-11,0.748811587720752
2015-07-12,1.17296699532684
2015-07-13,0.681852660107783
2015-07-14,0.670147669461846
2015-07-15,0.625633910209151
2015-07-16,0.628035446058853
2015-07-17,1.00412803442547
2015-07-18,0.620425405391867
2015-07-19,0.79058133824646
2015-07-20,0.512281632040346
2015-07-21,0.625342419092845
2015-07-22,0.637338408975182
2015-07-23,0.85667996658967
2015-07-24,0.67994417208614
2015-07-25,1.05148068560205
2015-07-26,0.884624460184048
2015-07-27,0.646961619582206
2015-07-28,0.699831186808923
2015-07-29,0.529934841611321
2015-07-30,0.605694068984897
2015-07-31,1.40991301377689
2015-08-01,0.865215143731339
2015-08-02,1.06120731801613
2015-08-03,0.982885762863228
2015-08-04,0.495269465881475
2015-08-05,0.802046062055916
2015-08-06,0.750545121428804
2015-08-07,0.75563154481416
2015-08-08,0.640445551003831
2015-08-09,0.634668848582934
2015-08-10,0.710901756125579
2015-08-11,0.939247287657712
2015-08-12,0.878562441527016
2015-08-13,0.853725623593158
2015-08-14,0.651207344914965
2015-08-15,0.619648253633428
2015-08-16,0.475779823079209
2015-08-17,0.608026452678054
2015-08-18,0.757745356375785
2015-08-19,0.65887706054531
2015-08-20,0.532433606807307
2015-08-21,0.409890040551933
2015-08-22,0.703563555058578
2015-08-23,1.3341328562303
2015-08-24,0.63365374346969
2015-08-25,0.339575951594502
2015-08-26,0.642946190285274
2015-08-27,0.864866429941867
2015-08-28,0.751666634213858
2015-08-29,0.653347654513204
2015-08-30,0.841496364330161
2015-08-31,0.585938515183606
2015-09-01,0.700214662799606
2015-09-02,0.605335627630409
2015-09-03,0.609157187903
2015-09-04,0.532557517396887
2015-09-05,0.598892220134418
2015-09-06,0.702590966712541
2015-09-07,0.536429076855569
2015-09-08,0.563752971477891
2015-09-09,0.863323277494457
2015-09-10,0.556171085717676
2015-09-11,0.567337021616778
2015-09-12,0.70146180337914
2015-09-13,0.646367061013942
2015-09-14,0.5500022980777
2015-09-15,0.636664362954411
2015-09-16,0.780276360519716
2015-09-17,0.739646089764268
2015-09-18,0.700935371683351
2015-09-19,0.604335951364591
2015-09-20,0.479262650984831
2015-09-21,1.5257604543903
2015-09-22,0.806931643867103
2015-09-23,0.604510100966909
2015-09-24,0.727605367140882
2015-09-25,0.538011346147352
2015-09-26,0.610089334367504
2015-09-27,0.691417458566675
2015-09-28,0.576935460551359
2015-09-29,0.684959945808908
2015-09-30,0.796704400651385
2015-10-01,0.693991444281357
2015-10-02,0.698508987066686
2015-10-03,0.901850112256236
2015-10-04,0.590421793630023
2015-10-05,0.704546593990943
2015-10-06,0.589093947779151
2015-10-07,0.812806847715069
2015-10-08,0.546601040997736
2015-10-09,0.741576313348321
2015-10-10,0.604256249858366
2015-10-11,0.552001641013754
2015-10-12,0.457087670317932
2015-10-13,0.798378503588748
2015-10-14,0.474230028278216
2015-10-15,0.702158878555663
2015-10-16,0.749213526502972
2015-10-17,0.72768205077089
2015-10-18,0.870199699987036
2015-10-19,0.59202787318067
2015-10-20,0.977248801081856
2015-10-21,0.857702755050094
2015-10-22,0.679294672290546
2015-10-23,0.749055598688856
2015-10-24,0.816587760066784
2015-10-25,0.996375811087856
2015-10-26,0.784088197447557
2015-10-27,0.975121376327796
2015-10-28,1.02752674853902
2015-10-29,1.11782187329364
2015-10-30,1.22014147797644
2015-10-31,1.75917085341818
2015-11-01,1.92623477432502
2015-11-02,0.9764882484717
2015-11-03,0.950295973595656
2015-11-04,1.44382735872512
2015-11-05,1.34683086899298
2015-11-06,1.07184351002067
2015-11-07,1.94898602184185
2015-11-08,0.960558614738867
2015-11-09,1.23817404701787
2015-11-10,0.76548029747854
2015-11-11,0.885363390389517
2015-11-12,0.989245286547877
2015-11-13,1.5373936881979
2015-11-14,1.12360060369595
2015-11-15,0.983670673462211
2015-11-16,1.14338643668242
2015-11-17,1.11193111968853
2015-11-18,0.8279149391275
2015-11-19,0.962615128767698
2015-11-20,0.964013543463262
2015-11-21,1.07368765822839
2015-11-22,1.82441855323714
2015-11-23,0.812912368936724
2015-11-24,1.05112498085956
2015-11-25,1.14959064123608
2015-11-26,1.11759079849324
2015-11-27,0.986704289586861
2015-11-28,1.19235171606961
2015-11-29,0.905782452984292
2015-11-30,0.765789988362875
2015-12-01,1.09906803569889
2015-12-02,0.857012361434583
2015-12-03,0.952840177026253
2015-12-04,1.31108872935063
2015-12-05,0.687699574726583
2015-12-06,1.31548028913983
2015-12-07,1.09323917910985
2015-12-08,1.15249766462084
2015-12-09,1.58215049459765
2015-12-10,1.38310914940891
2015-12-11,1.11548319568394
2015-12-12,1.20513683494668
2015-12-13,1.20650690538631
2015-12-14,2.07398302609675
2015-12-15,1.39164273322815
2015-12-16,1.39319789702538
2015-12-17,1.12864646812031
2015-12-18,1.59172652476529
2015-12-19,1.46861773625028
2015-12-20,1.2827846015244
2015-12-21,1.06503575902757
2015-12-22,1.63952912266461
2015-12-23,1.23919949699732
2015-12-24,1.31807103136379
2015-12-25,1.51599744672455
2015-12-26,1.14865358683985
2015-12-27,0.945045611944885
2015-12-28,1.22514392431072
2015-12-29,1.23847566408019
2015-12-30,1.11861415944671
2015-12-31,1.04148005975545
2016-01-01,1.32141279091673
2016-01-02,1.16613218334967
2016-01-03,0.812907020567944
2016-01-04,1.14156570985306
2016-01-05,1.10701377897979
2016-01-06,1.23620104262672
2016-01-07,4.04934621765354
2016-01-08,1.26242123547616
2016-01-09,1.06891368701156
2016-01-10,1.94326255665401
2016-01-11,1.29125830009219
2016-01-12,1.21988207304464
2016-01-13,1.00770219349316
2016-01-14,1.32598313955875
2016-01-15,1.06804395221573
2016-01-16,1.18226958297998
2016-01-17,1.27237833962023
2016-01-18,1.2204267880957
2016-01-19,1.38989830895527
2016-01-20,1.11178009809614
2016-01-21,1.50180975190115
2016-01-22,0.578308017524604
2016-01-23,0.964960631354047
2016-01-24,1.23461813927604
2016-01-25,1.25861442645312
2016-01-26,1.07856206253326
2016-01-27,1.25888150093506
2016-01-28,1.0090763008179
2016-01-29,1.18360058662203
2016-01-30,1.35205413063233
2016-01-31,1.54688096879069
2016-02-01,0.507358035046369
2016-02-02,1.1599603137224
2016-02-03,0.841274624078664
2016-02-04,1.08273337564851
2016-02-05,0.987358305109918
2016-02-06,1.01438617820915
2016-02-07,1.28821215647516
2016-02-08,0.990292348243828
2016-02-09,0.658380138612354
2016-02-10,1.25397731988238
2016-02-11,1.52651420888803
2016-02-12,1.03301713392392
2016-02-13,1.17612252161134
2016-02-14,1.19178251844193
2016-02-15,0.893996181000635
2016-02-16,1.17359857648977
2016-02-17,1.59931325630266
2016-02-18,1.10283602161961
2016-02-19,1.51239999334283
2016-02-20,1.32502501121529
2016-02-21,0.864982676396851
2016-02-22,1.25080052990313
2016-02-23,1.45590887203991
2016-02-24,1.68764179029781
2016-02-25,1.08100997091145
2016-02-26,1.54617187886764
2016-02-27,1.01037523438565
2016-02-28,1.80682910547169
2016-02-29,1.8305737076402
2016-03-01,1.2710668630563
2016-03-02,1.9286709789938
2016-03-03,1.05136436148772
2016-03-04,1.20639832656524
2016-03-05,1.64976028758412
2016-03-06,1.3386614697802
2016-03-07,1.48613956672491
2016-03-08,1.0632361381184
2016-03-09,0.774277696978913
2016-03-10,1.09490435658357
2016-03-11,1.10511969668069
2016-03-12,1.52867812068991
2016-03-13,1.23520202275036
2016-03-14,1.48721309375374
2016-03-15,1.2359710820721
2016-03-16,1.29828800239264
2016-03-17,1.30072297511076
2016-03-18,1.62075256205106
2016-03-19,0.802635848761653
2016-03-20,0.826625439277341
2016-03-21,1.41153311526409
2016-03-22,2.12345042640702
2016-03-23,1.35429702367828
2016-03-24,1.58732923221648
2016-03-25,1.52433290460672
2016-03-26,1.69447610533902
2016-03-27,1.35386084421581
2016-03-28,1.41849393190424
2016-03-29,1.49533388169177
2016-03-30,1.30412431349225
2016-03-31,1.23043139248007
2016-04-01,1.8796811246687
2016-04-02,1.78132878855329
2016-04-03,1.52977330914606
2016-04-04,1.5116773509709
2016-04-05,1.76557708960625
2016-04-06,1.52606342818457
2016-04-07,1.71858255287739
2016-04-08,0.984784223655216
2016-04-09,1.13073106242193
2016-04-10,1.63553166151591
2016-04-11,1.43627828691244
2016-04-12,1.43186782757345
2016-04-13,1.05793155249902
2016-04-14,1.06964773769142
2016-04-15,1.17751911136013
2016-04-16,1.07674989250953
2016-04-17,0.967371151401162
2016-04-18,1.13405633477097
2016-04-19,1.28806769558197
2016-04-20,1.24165705995916
2016-04-21,1.36489160687441
2016-04-22,1.84959198948351
2016-04-23,1.55490731456572
2016-04-24,1.66387702987348
2016-04-25,1.37057914235766
2016-04-26,1.40901895876203
2016-04-27,1.61152638352502
2016-04-28,1.51583057265287
2016-04-29,1.23146381512809
2016-04-30,1.50939025517509
2016-05-01,1.90469085242766
2016-05-02,1.54018811701567
2016-05-03,1.46430781786529
2016-05-04,1.18190467177141
2016-05-05,1.41524368096913
2016-05-06,1.64913120932185
2016-05-07,0.989943006309458
2016-05-08,1.52179027150375
2016-05-09,1.4449019606459
2016-05-10,2.14992956108288
2016-05-11,1.34653844804055
2016-05-12,1.39962741196286
2016-05-13,1.20911795890138
2016-05-14,2.10475716151141
2016-05-15,1.41032856864759
2016-05-16,0.933462790041739
2016-05-17,1.56061635753001
2016-05-18,1.09262146555656
2016-05-19,1.60654064165452
2016-05-20,1.45191104875711
2016-05-21,1.2780392650887
2016-05-22,1.53539684309668
2016-05-23,1.47465873654728
2016-05-24,1.08480480193006
2016-05-25,1.31559366512968
2016-05-26,1.25522138388923
2016-05-27,1.8443455304434
2016-05-28,1.2693482846585
2016-05-29,1.6257364799201
2016-05-30,1.57114319569849
2016-05-31,1.66511950173012
2016-06-01,1.21859456509059
2016-06-02,2.70025657926609
2016-06-03,1.35245549276029
2016-06-04,1.561840041439
2016-06-05,1.79488483782501
2016-06-06,1.3543565698806
2016-06-07,1.41379370656353
2016-06-08,1.59419920872406
2016-06-09,1.63673127492474
2016-06-10,1.78522890410633
2016-06-11,1.81468015491363
2016-06-12,1.66766108297744
2016-06-13,1.81897809837372
2016-06-14,1.2724667677911
2016-06-15,1.96352813068164
2016-06-16,1.77374789061026
2016-06-17,1.84954948643312
2016-06-18,1.93976762637106
2016-06-19,1.97832893159359
2016-06-20,1.84505413702778
2016-06-21,1.7724005376385
2016-06-22,1.6666194536048
2016-06-23,1.82140239563848
2016-06-24,1.89474678290943
2016-06-25,1.39811102319782
2016-06-26,2.16685179366476
2016-06-27,2.48096350861348
2016-06-28,1.76336502943591
2016-06-29,1.65428400882498
2016-06-30,1.75057868167941
2016-07-01,1.74012697776385
2016-07-02,2.30084035870888
2016-07-03,1.90345703637572
2016-07-04,1.70500441273496
2016-07-05,2.23780191750955
2016-07-06,2.02570574012045
2016-07-07,1.56733335888486
2016-07-08,1.71051369470192
2016-07-09,1.81829625252023
2016-07-10,4.02628808205197
2016-07-11,3.23339214118396
2016-07-12,2.10755232519883
2016-07-13,1.74614812480024
2016-07-14,1.75683831025807
2016-07-15,1.75975964285615
2016-07-16,1.98630817972327
2016-07-17,2.2664781273804
2016-07-18,1.75713965066597
2016-07-19,1.4048913738286
2016-07-20,1.55638373673106
2016-07-21,1.69999827128191
2016-07-22,1.64297284959056
2016-07-23,1.30203989926183
2016-07-24,2.52381764707051
2016-07-25,1.67260584057743
2016-07-26,1.88367351959819
2016-07-27,1.88336860533609
2016-07-28,2.14599387849044
2016-07-29,2.48116434144343
2016-07-30,2.29235376088338
2016-07-31,1.93264306684277
2016-08-01,1.53187729659797
2016-08-02,1.61771320117312
2016-08-03,1.47983226384553
2016-08-04,1.43978777165286
2016-08-05,1.60301589898924
2016-08-06,1.59931652862055
2016-08-07,1.56874161779242
2016-08-08,1.49892555122571
2016-08-09,1.57930215037708
2016-08-10,1.71291439077298
2016-08-11,1.74180820730659
2016-08-12,1.44832386105121
2016-08-13,1.58569535366853
2016-08-14,1.37610367374798
2016-08-15,1.400717607292
2016-08-16,1.46051107502162
2016-08-17,1.60849058935026
2016-08-18,2.51639990089118
2016-08-19,1.58447036168612
2016-08-20,1.84483339850085
2016-08-21,1.64602292955524
2016-08-22,1.45126542233574
2016-08-23,1.51364037407375
2016-08-24,1.49874596658309
2016-08-25,2.48589290668333
2016-08-26,1.73774262715943
2016-08-27,1.42908410805993
2016-08-28,1.54179409734206
2016-08-29,1.19013065589454
2016-08-30,1.41814791356411
2016-08-31,1.5337057979091
2016-09-01,1.8531416154579
2016-09-02,1.6674067815072
2016-09-03,1.51009299029032
2016-09-04,1.46293174648824
2016-09-05,1.48897850498109
2016-09-06,1.58472039851061
2016-09-07,1.51212787283543
2016-09-08,1.95103741645872
2016-09-09,1.59152286286442
2016-09-10,2.12876901611392
2016-09-11,2.22715063000153
2016-09-12,1.53651358601648
2016-09-13,2.00020644898734
2016-09-14,1.68027931608458
2016-09-15,1.71047409333427
2016-09-16,1.8472602069841
2016-09-17,1.49986930050949
2016-09-18,1.85663070162492
2016-09-19,1.67369115464575
2016-09-20,2.1921246745168
2016-09-21,1.46220324045638
2016-09-22,1.56334001619348
2016-09-23,1.53296968310147
2016-09-24,0.850643518391297
2016-09-25,2.3123302740189
2016-09-26,1.87058726305026
2016-09-27,1.78563798186978
2016-09-28,1.47364319882561
2016-09-29,1.60150042836888
2016-09-30,1.65089802612803
2016-10-01,1.62689932235291
2016-10-02,1.77431598866748
2016-10-03,1.69494052081947
2016-10-04,2.56123849637624
2016-10-05,1.48487237296989
2016-10-06,1.76662953072249
2016-10-07,1.62745086847365
2016-10-08,1.74271352871175
2016-10-09,1.511022053733
2016-10-10,1.59662004437818
2016-10-11,1.52772617982205
2016-10-12,1.78677491909029
2016-10-13,1.59626357833332
2016-10-14,1.59884998533134
2016-10-15,1.51988222706649
2016-10-16,1.87213238168885
2016-10-17,1.96663857114967
2016-10-18,1.70331103032671
2016-10-19,1.77556914063795
2016-10-20,1.59872962112788
2016-10-21,1.9825981639276
2016-10-22,1.93169639142299
2016-10-23,1.70800937522582
2016-10-24,1.23027902136959
2016-10-25,1.61629509504386
2016-10-26,1.8112752507836
2016-10-27,1.84682636302271
2016-10-28,1.80670346046871
2016-10-29,1.75382029388493
2016-10-30,1.4044549554391
2016-10-31,1.69782737274403
2016-11-01,2.15548623212658
2016-11-02,1.76947947975931
2016-11-03,1.74754807049734
2016-11-04,1.91726926477362
2016-11-05,1.88421859421488
2016-11-06,2.15836916683577
2016-11-07,1.88520256648573
2016-11-08,2.31297205951486
2016-11-09,1.72142114450739
2016-11-10,2.85119155496035
2016-11-11,2.14999818636735
2016-11-12,1.66963919503179
2016-11-13,1.78923487971517
2016-11-14,1.91328365488326
2016-11-15,1.54167767394897
2016-11-16,2.1452618277727
2016-11-17,1.42236916037173
2016-11-18,2.06798149065689
2016-11-19,1.98382730360212
2016-11-20,1.83279901977729
2016-11-21,1.78428925600563
2016-11-22,1.24491581928318
2016-11-23,1.96717682665521
2016-11-24,2.67860302194508
2016-11-25,1.87871006224859
2016-11-26,1.72373424658734
2016-11-27,1.90229453065982
2016-11-28,1.73147304083395
2016-11-29,1.84109323638514
2016-11-30,1.55807374213306
2016-12-01,1.71768086685627
2016-12-02,1.55227334669683
2016-12-03,2.01387488458142
2016-12-04,1.68447528077467
2016-12-05,2.16326843191808
2016-12-06,1.66965615947404
2016-12-07,1.82866182358879
2016-12-08,2.11962241340995
2016-12-09,1.80148923463837
2016-12-10,1.90457441419857
2016-12-11,1.70031943797554
2016-12-12,1.70390086238625
2016-12-13,2.28411120445057
2016-12-14,1.81012168981105
2016-12-15,1.93952818725465
2016-12-16,1.40680985181671
2016-12-17,1.4777579534271
2016-12-18,2.31623330986835
2016-12-19,1.63513537888913
2016-12-20,2.14282892814576
2016-12-21,2.7958675609571
2016-12-22,2.21410916982613
2016-12-23,2.17040252761597
2016-12-24,1.90849951195187
2016-12-25,1.77928739563592
2016-12-26,1.66514781363062
2016-12-27,2.01305413412641
2016-12-28,3.17857586782633
2016-12-29,2.5657474466486
2016-12-30,2.63300649381887
2016-12-31,2.17323373272943
2017-01-01,2.11230084277898
2017-01-02,2.57132275685627
2017-01-03,2.57704165824319
2017-01-04,1.95115672587646
2017-01-05,2.08640287138618
2017-01-06,1.88504163162978
2017-01-07,2.05022048852329
2017-01-08,1.76450925021564
2017-01-09,1.72337432574754
2017-01-10,1.92681816276189
2017-01-11,1.51597556139168
2017-01-12,1.69817955318535
2017-01-13,1.43951878597185
2017-01-14,1.91622565626699
2017-01-15,1.79103926073966
2017-01-16,1.93254682060534
2017-01-17,1.70772310940889
2017-01-18,2.07491110495167
2017-01-19,1.80950467080258
2017-01-20,1.52777110758913
2017-01-21,2.29195222760428
2017-01-22,2.3416072111018
2017-01-23,2.27243074425814
2017-01-24,1.68126270947986
2017-01-25,1.76975349104723
2017-01-26,1.73179251868649
2017-01-27,3.11695368043238
2017-01-28,2.45339420647866
2017-01-29,2.85980822151391
2017-01-30,2.09572405098877
2017-01-31,1.95655462075293
2017-02-01,2.19675413588725
2017-02-02,2.20156441252163
2017-02-03,1.89020386856066
2017-02-04,2.45722336385709
2017-02-05,2.31056153942382
2017-02-06,1.9868386048531
2017-02-07,1.99071136529706
2017-02-08,2.16372941359107
2017-02-09,2.08520144938654
2017-02-10,2.16699802453306
2017-02-11,2.49561977735329
2017-02-12,2.30962797882211
2017-02-13,2.2450247689678
2017-02-14,2.32928056661545
2017-02-15,2.1085969991787
2017-02-16,2.06987061858595
2017-02-17,2.96428380359462
2017-02-18,2.82812756492235
2017-02-19,2.92475571069662
2017-02-20,2.67885786372583
2017-02-21,2.90249108988699
2017-02-22,2.65531780602098
2017-02-23,2.2103401747202
2017-02-24,4.70457969488792
2017-02-25,2.58639832192409
2017-02-26,2.2559151888685
2017-02-27,2.50324157320247
2017-02-28,2.65728593483349
2017-03-01,2.82060248983336
2017-03-02,2.88529087068345
2017-03-03,2.58969496488379
2017-03-04,2.71981492748903
2017-03-05,2.92542933830755
2017-03-06,2.44103358259317
2017-03-07,2.55470901671934
2017-03-08,2.59972985024634
2017-03-09,2.39855622855117
2017-03-10,2.35933392646198
2017-03-11,3.0352705562625
2017-03-12,2.68971716802962
2017-03-13,2.84821817532465
2017-03-14,2.70579504712217
2017-03-15,2.49486869934514
2017-03-16,2.69106164130226
2017-03-17,2.76834108093541
2017-03-18,1.94718738891241
2017-03-19,2.42235225530687
2017-03-20,2.32682105047605
2017-03-21,2.41441341021347
2017-03-22,2.31774862410397
2017-03-23,1.80904462842567
2017-03-24,1.48828473953467
2017-03-25,1.66389795600907
2017-03-26,2.81524536408774
2017-03-27,2.59795445332178
2017-03-28,2.29963487441939
2017-03-29,2.33050036212661
2017-03-30,2.20729518003123
2017-03-31,2.99582059258261
2017-04-01,4.04023147948895
2017-04-02,3.58461098970403
2017-04-03,2.92453999387814
2017-04-04,2.56074207937978
2017-04-05,2.58861415056553
2017-04-06,2.57975969654785
2017-04-07,4.11555170950683
2017-04-08,4.0720354531228
2017-04-09,2.31564253845829
2017-04-10,2.64395823552071
2017-04-11,2.55110476945093
2017-04-12,4.94062405146004
2017-04-13,2.33741942431948
2017-04-14,1.93303674125613
2017-04-15,2.88255702625511
2017-04-16,2.9619541401647
2017-04-17,2.18525163648324
2017-04-18,2.52833431582944
2017-04-19,3.05908498180324
2017-04-20,2.44209864277167
2017-04-21,2.90242805996555
2017-04-22,2.52706430355117
2017-04-23,2.62490704228142
2017-04-24,2.88039105028092
2017-04-25,2.76227795873545
2017-04-26,2.63745335766742
2017-04-27,2.44065012204536
2017-04-28,2.75817237919311
2017-04-29,3.42915969785097
2017-04-30,3.77709855840176
2017-05-01,4.38182176650054
2017-05-02,2.99126566798876
2017-05-03,2.9437700760744
2017-05-04,2.97108796140216
2017-05-05,3.29894763897302
2017-05-06,3.62192609842166
2017-05-07,3.32887115758787
2017-05-08,3.65194260471454
2017-05-09,3.14885405493153
2017-05-10,3.60024484406263
2017-05-11,6.44153132445902
2017-05-12,3.55572243648565
2017-05-13,3.56265537983183
2017-05-14,3.36444501650945
2017-05-15,3.42844890788496
2017-05-16,4.08594865665252
2017-05-17,3.53773644171284
2017-05-18,3.71231673910441
2017-05-19,3.59931260993193
2017-05-20,4.9177465099177
2017-05-21,3.89401770873155
2017-05-22,4.19286696285934
2017-05-23,4.73166390304138
2017-05-24,4.80222191254093
2017-05-25,4.67697248494747
2017-05-26,5.0804364671709
2017-05-27,4.13671854811769
2017-05-28,3.50432310583844
2017-05-29,4.21989977768256
2017-05-30,4.68548046907956
2017-05-31,6.57708305572624
2017-06-01,5.5231517105822
2017-06-02,4.41003454183476
2017-06-03,4.60203924740073
2017-06-04,4.73302838901294
2017-06-05,4.86656808442807
2017-06-06,5.90591179240506
2017-06-07,5.37679281795525
2017-06-08,4.49867352525341
2017-06-09,5.17954590753585
2017-06-10,10.2005687176652
2017-06-11,5.95207973403047
2017-06-12,9.8091201366929
2017-06-13,11.8319316651382
2017-06-14,4.86532058115646
2017-06-15,5.34254163032172
2017-06-16,7.40263537580813
2017-06-17,4.82325448636246
2017-06-18,4.80998602491045
2017-06-19,5.29059211108798
2017-06-20,5.29926492380935
2017-06-21,4.40312787738147
2017-06-22,5.56189528713272
2017-06-23,4.1254790819262
2017-06-24,4.12228475462664
2017-06-25,4.1694064425701
2017-06-26,4.07294456450363
2017-06-27,3.68822353984551
2017-06-28,4.70460430600868
2017-06-29,4.47641331406037
2017-06-30,4.48567033867617
2017-07-01,4.14526163799822
2017-07-02,4.85595810372195
2017-07-03,5.27796868418931
2017-07-04,5.91341911134108
2017-07-05,5.21323824813731
2017-07-06,4.94356847159787
2017-07-07,4.25599855832054
2017-07-08,4.18805019876287
2017-07-09,6.42730731408383
2017-07-10,3.84613913381041
2017-07-11,3.89790700515313
2017-07-12,3.7317687779108
2017-07-13,4.36112422001511
2017-07-14,3.66762657280173
2017-07-15,4.08722522688057
2017-07-16,3.04069460585652
2017-07-17,6.16774694128939
2017-07-18,3.95046483246383
2017-07-19,3.7318876764993
2017-07-20,4.53659261087274
2017-07-21,5.48354132392434
2017-07-22,4.74791341762859
2017-07-23,5.23700927902846
2017-07-24,5.93842254327387
2017-07-25,4.01457860785203
2017-07-26,4.15923683897231
2017-07-27,4.22644609398246
2017-07-28,6.38057463061034
2017-07-29,4.34527144081113
2017-07-30,3.95099800877769
2017-07-31,4.41603693480503
2017-08-01,4.1874319146329
2017-08-02,4.83348381323188
2017-08-03,6.19313187124846
2017-08-04,7.09203118465961
2017-08-05,5.57495705552065
2017-08-06,5.98365227833904
2017-08-07,4.9831869386332
2017-08-08,5.08683381996937
2017-08-09,5.13362947427273
2017-08-10,5.42305466002342
2017-08-11,5.85150393944545
2017-08-12,6.45941218358866
2017-08-13,7.83280116149316
2017-08-14,6.54243512755696
2017-08-15,7.3465918505016
2017-08-16,7.21715007250451
2017-08-17,6.30167208183148
2017-08-18,8.13841403975201
2017-08-19,8.35924522144986
2017-08-20,7.80852538519688
2017-08-21,5.90310357282487
2017-08-22,6.69524432434892
2017-08-23,11.2483605600065
2017-08-24,7.36449232250371
2017-08-25,7.90824971321295
2017-08-26,9.15371677098837
2017-08-27,7.14958020333633
2017-08-28,6.18937151754256
2017-08-29,6.45697601706563
2017-08-30,6.69563154803354
2017-08-31,7.13382963996813
2017-09-01,6.00899768046765
2017-09-02,6.44171186632072
2017-09-03,8.56150074036114
2017-09-04,6.84963375719043
2017-09-05,6.65383431705536
2017-09-06,8.3220975265858
2017-09-07,6.61930546905337
2017-09-08,6.58789194974169
2017-09-09,6.88618383254657
2017-09-10,4.40772640365002
2017-09-11,7.68290300132669
2017-09-12,5.42781130044737
2017-09-13,5.49961725936884
2017-09-14,5.39130761114007
2017-09-15,4.06570915552509
2017-09-16,6.16665558929994
2017-09-17,6.13880578520644
2017-09-18,5.59902875312711
2017-09-19,5.40865111470106
2017-09-20,6.9583902937398
2017-09-21,5.60718049258886
2017-09-22,7.80062754387911
2017-09-23,4.54432193342507
2017-09-24,5.3351461087185
2017-09-25,5.71284019163082
2017-09-26,5.78628358871855
2017-09-27,6.95169616681101
2017-09-28,5.48584789444705
2017-09-29,6.18533713093333
2017-09-30,5.79890434917552
2017-10-01,9.67783904343791
2017-10-02,7.16159718830478
2017-10-03,6.85619190141866
2017-10-04,5.98411663708513
2017-10-05,7.0952057283801
2017-10-06,8.09318049294542
2017-10-07,9.11816992396958
2017-10-08,6.42716853043122
2017-10-09,7.8232308815509
2017-10-10,7.4815219827506
2017-10-11,7.19149427039586
2017-10-12,8.285217588473
2017-10-13,9.58878132953039
2017-10-14,7.54006892920836
2017-10-15,14.5634493128154
2017-10-16,16.1140111012739
2017-10-17,6.63117815647358
2017-10-18,6.91281284775622
2017-10-19,17.1034761075513
2017-10-20,7.79385110108822
2017-10-21,6.90081234209653
2017-10-22,7.28612962439596
2017-10-23,9.31611195065386
2017-10-24,9.3285356121897
2017-10-25,6.00689185123827
2017-10-26,9.93317388009421
2017-10-27,4.42458255081166
2017-10-28,7.53585202761338
2017-10-29,8.31979037824326
2017-10-30,7.99242877494127
2017-10-31,13.3294383717375
2017-11-01,15.2061388027907
2017-11-02,6.86201031211028
2017-11-03,9.38296557523472
2017-11-04,9.57333266666375
2017-11-05,21.5366303591133
2017-11-06,9.54846867724766
2017-11-07,10.1711966518308
2017-11-08,12.4568498699278
2017-11-09,6.92167804465259
2017-11-10,11.2055146298366
2017-11-11,13.9508293857326
2017-11-12,18.0619262086287
2017-11-13,11.0196000493568
2017-11-14,10.3303837929223
2017-11-15,11.2432234335308
2017-11-16,11.9268120432483
2017-11-17,11.7431341911333
2017-11-18,12.4079829566918
2017-11-19,6.73439902376218
2017-11-20,11.5433965450255
2017-11-21,10.1430893881609
2017-11-22,6.5295210782905
2017-11-23,8.55590863968147
2017-11-24,10.1121705594792
2017-11-25,10.3866112403788
2017-11-26,12.7323928118553
2017-11-27,9.94853054235832
2017-11-28,11.9819733030949
2017-11-29,11.2827544335081
2017-11-30,9.81529076370706
2017-12-01,13.0341176930374
2017-12-02,12.0548346431622
2017-12-03,14.5085574633304
2017-12-04,9.3927879690427
2017-12-05,12.7734171245691
2017-12-06,9.7401872766816
2017-12-07,18.2210333327068
2017-12-08,16.5370462213794
2017-12-09,17.0889653420356
2017-12-10,16.0467596426159
2017-12-11,17.4433264496673
2017-12-12,21.6452135115625
2017-12-13,15.0925877298224
2017-12-14,15.6801085493233
2017-12-15,14.0867867783713
2017-12-16,20.6366499549743
2017-12-17,28.9905355752875
2017-12-18,19.5867543191921
2017-12-19,16.4628920564519
2017-12-20,29.7208843114599
2017-12-21,12.9713351642556
2017-12-22,15.91097296649
2017-12-23,19.4397672978316
2017-12-24,8.77423994009542
2017-12-25,17.0320446206976
2017-12-26,14.4780684822651
2017-12-27,14.5276154571731
2017-12-28,10.5442763827322
2017-12-29,12.9272445326093
2017-12-30,15.0488257509229
2017-12-31,19.2222584077189
2018-01-01,14.5222391411378
2018-01-02,14.00234133965
2018-01-03,13.7777839363914
2018-01-04,12.227136053033
2018-01-05,7.32823938877407
2018-01-06,11.2311769388958
2018-01-07,55.9917495858791
2018-01-08,10.4990517259776
2018-01-09,7.50204122767688
2018-01-10,8.62237345971524
2018-01-11,7.75516522513404
2018-01-12,14.952621300939
2018-01-13,11.3924821839991
2018-01-14,7.67303235321992
2018-01-15,9.56094046711129
2018-01-16,7.02973472942435
2018-01-17,6.21105962378629
2018-01-18,9.14391231035438
2018-01-19,5.48800904834148
2018-01-20,9.29998646831637
2018-01-21,7.12147581205609
2018-01-22,11.9164076538614
2018-01-23,8.15967344043568
2018-01-24,7.90885790962862
2018-01-25,5.712695800491
2018-01-26,6.93301605766272
2018-01-27,7.38034932424726
2018-01-28,5.39582769105324
2018-01-29,6.75648551376666
2018-01-30,5.4930877265658
2018-01-31,9.06912312644192
2018-02-01,4.32296636485712
2018-02-02,5.3904147405851
2018-02-03,5.35728308998105
2018-02-04,17.0827657695476
2018-02-05,5.63294727627956
2018-02-06,6.04416129867549
2018-02-07,6.23737793765067
2018-02-08,10.6484684579748
2018-02-09,4.28389677974505
2018-02-10,5.02140083559599
2018-02-11,7.29513074500223
2018-02-12,3.56394281022956
2018-02-13,5.08993703638966
2018-02-14,3.55461289152541
2018-02-15,5.34440655824505
2018-02-16,6.11664922781147
2018-02-17,6.33715532938981
2018-02-18,8.43873575525123
2018-02-19,5.97824137983714
2018-02-20,8.02189425369276
2018-02-21,7.07439898833762
2018-02-22,8.20236670025056
2018-02-23,5.31894055553448
2018-02-24,4.69515748908598
2018-02-25,5.48375649037741
2018-02-26,4.75306486890347
2018-02-27,7.07683077785132
2018-02-28,2.88838065268626
2018-03-01,5.91982826944035
2018-03-02,5.34264671957989
2018-03-03,5.70568605168862
2018-03-04,4.40875092072373
2018-03-05,3.47114944309362
2018-03-06,3.51496265177911
2018-03-07,4.33574618174038
2018-03-08,3.81717697751278
2018-03-09,4.26809967364023
2018-03-10,5.31015295511385
2018-03-11,3.22445706981064
2018-03-12,4.39696870033321
2018-03-13,4.03168012738432
2018-03-14,3.08089211597371
2018-03-15,4.18646777480798
2018-03-16,3.43490531101261
2018-03-17,5.16431626786831
2018-03-18,4.2082763620103
2018-03-19,2.90175368395358
2018-03-20,3.83079431108375
2018-03-21,3.25503428134519
2018-03-22,3.25645132805768
2018-03-23,4.10575521632685
2018-03-24,3.50770911966859
2018-03-25,3.13266260350443
2018-03-26,2.98905469891471
2018-03-27,3.09852297351086
2018-03-28,3.32948925577419
2018-03-29,2.56316427268161
2018-03-30,1.63867269636813
2018-03-31,3.18934371507096
2018-04-01,1.98366544300949
2018-04-02,2.28430534501923
2018-04-03,3.78067523356499
2018-04-04,2.09987755653024
2018-04-05,2.79508908850393
2018-04-06,1.9678228109542
2018-04-07,2.4752803532326
2018-04-08,2.33346641945605
2018-04-09,3.06028924228429
2018-04-10,1.78427126590126
2018-04-11,4.14584726682438
2018-04-12,3.19960908577259
2018-04-13,3.90548619954687
2018-04-14,3.30901890796289
2018-04-15,3.06535954575437
2018-04-16,1.79908911665235
2018-04-17,3.01380863166343
2018-04-18,3.80658600933522
2018-04-19,8.28956044619492
2018-04-20,4.1091265166062
2018-04-21,4.70759304732565
2018-04-22,4.7608382414053
2018-04-23,5.05619315012784
2018-04-24,2.28131686935939
2018-04-25,3.62644237638039
2018-04-26,5.71887338022034
2018-04-27,2.7447657034011
2018-04-28,2.12740613213629
2018-04-29,1.61147896489183
2018-04-30,2.97247600856163
2018-05-01,2.67494304700262
2018-05-02,4.57446602586988
2018-05-03,2.22086572606128
2018-05-04,2.60048781460007
2018-05-05,1.95427486092766
2018-05-06,1.87583449452893
2018-05-07,2.21824943288272
2018-05-08,2.24490153162417
2018-05-09,2.20401459605719
2018-05-10,5.53846438386624
2018-05-11,2.11022252178558
2018-05-12,2.69785727769064
2018-05-13,1.76688131447025
2018-05-14,3.42306803377751
2018-05-15,1.94664528488743
2018-05-16,1.36667770307345
2018-05-17,4.34138472882769
2018-05-18,1.36772434990249
2018-05-19,2.13896692379365
2018-05-20,2.09136748407437
2018-05-21,2.72692627383
2018-05-22,1.73791854965533
2018-05-23,1.82503629983435
2018-05-24,2.15685376490071
2018-05-25,1.49139607238566
2018-05-26,0.971052565507478
2018-05-27,1.34189913402899
2018-05-28,1.23977222564545
2018-05-29,1.1547567684923
2018-05-30,1.49143987058162
2018-05-31,1.10580459699216
2018-06-01,1.11673608665472
2018-06-02,1.43960983939588
2018-06-03,2.23448059460353
2018-06-04,1.49915329700307
2018-06-05,0.899491171221093
2018-06-06,1.71767201299912
2018-06-07,1.08561075816496
2018-06-08,1.12963246819732
2018-06-09,0.816057832245298
2018-06-10,0.981635638036776
2018-06-11,0.861429897518352
2018-06-12,0.799005485817717
2018-06-13,1.00242008258982
2018-06-14,0.667789878604698
2018-06-15,0.724458118886906
2018-06-16,1.04682648959547
2018-06-17,0.964695492125966
2018-06-18,0.85831107566046
2018-06-19,0.706397189730816
2018-06-20,0.788472218600613
2018-06-21,2.24553227010913
2018-06-22,0.663586606976725
2018-06-23,0.892986274147541
2018-06-24,0.81279354055729
2018-06-25,0.725460471827799
2018-06-26,1.08897623826617
2018-06-27,0.339360774339247
2018-06-28,0.665990829027471
2018-06-29,0.712785397480991
2018-06-30,0.730343090324491
2018-07-01,0.954072340059922
2018-07-02,0.976498476724885
2018-07-03,0.803088628711228
2018-07-04,1.43406619681499
2018-07-05,0.740892936346252
2018-07-06,0.811077472467984
2018-07-07,0.75912600435056
2018-07-08,0.778557474170455
2018-07-09,0.819795938603459
2018-07-10,0.918847382622894
2018-07-11,0.756276839641154
2018-07-12,0.558288469885035
2018-07-13,0.615278670495466
2018-07-14,0.801067423562775
2018-07-15,1.14523828271943
2018-07-16,1.21418885306673
2018-07-17,0.842589186929746
2018-07-18,0.716280311442571
2018-07-19,1.03379762401963
2018-07-20,0.906438809300581
2018-07-21,1.24364828965457
2018-07-22,1.32647534194737
2018-07-23,0.994650953121582
2018-07-24,0.841249387395873
2018-07-25,0.949181389115172
2018-07-26,0.8458316558104
2018-07-27,0.990387428787477
2018-07-28,1.10081301858867
2018-07-29,0.792947396446288
2018-07-30,0.889199259563615
2018-07-31,1.06464197199054
2018-08-01,0.995301389538363
2018-08-02,0.867057423218137
2018-08-03,0.734181890911245
2018-08-04,0.744699218512611
2018-08-05,0.86121390625446
2018-08-06,0.742690463673594
2018-08-07,0.751418634884472
2018-08-08,0.854005045174065
2018-08-09,0.719718144486746
2018-08-10,1.09758449793074
2018-08-11,0.683297535111698
2018-08-12,0.836995330028549
2018-08-13,1.28850839927817
2018-08-14,0.711572351333045
2018-08-15,0.735243800505633
2018-08-16,1.13279845285708
2018-08-17,1.29923277691757
2018-08-18,0.667673885218217
2018-08-19,1.94562891646587
2018-08-20,1.15068308619051
2018-08-21,1.29037642868151
2018-08-22,1.27218964630679
2018-08-23,1.58868698069399
2018-08-24,0.957879067605891
2018-08-25,1.74179038315689
2018-08-26,1.92526904863273
2018-08-27,1.73330293700875
2018-08-28,1.48664404614829
2018-08-29,1.7875585180938
2018-08-30,1.58137054063951
2018-08-31,0.761729145169746
2018-09-01,1.001292054993
2018-09-02,1.07755300489483
2018-09-03,0.718510104554655
2018-09-04,0.735773938538021
2018-09-05,0.660283015381236
2018-09-06,0.779778651553589
2018-09-07,0.64302928414017
2018-09-08,0.783943194596076
2018-09-09,0.938029587663328
2018-09-10,1.27574445918145
2018-09-11,0.707094274302483
2018-09-12,0.695358089083676
2018-09-13,0.862908990179512
2018-09-14,0.871107251358714
2018-09-15,0.804290714512409
2018-09-16,0.894259452569754
2018-09-17,0.99372062539873
2018-09-18,0.731421850918065
2018-09-19,0.800182093239579
2018-09-20,0.771886966350682
2018-09-21,0.536707139885442
2018-09-22,0.744871984376781
2018-09-23,0.991348143732138
2018-09-24,0.858249902061257
2018-09-25,0.764013967921652
2018-09-26,0.841218791283205
2018-09-27,0.850129578076489
2018-09-28,1.07986376522339
2018-09-29,0.707777136722844
2018-09-30,0.90158062845347
2018-10-01,0.6795324189394
2018-10-02,0.845752322106524
2018-10-03,0.786130151510669
2018-10-04,0.715736328855079
2018-10-05,0.787904263255659
2018-10-06,0.885569709747946
2018-10-07,0.810768518136492
2018-10-08,1.064521901564
2018-10-09,0.929948224503357
2018-10-10,0.959386644459539
2018-10-11,0.392589388331186
2018-10-12,0.921886110010298
2018-10-13,0.805717478593695
2018-10-14,0.758040018828748
2018-10-15,0.825722705511494
2018-10-16,0.770362881650505
2018-10-17,0.727351031317048
2018-10-18,0.7144712779867
2018-10-19,1.29163311328639
2018-10-20,0.45609334611859
2018-10-21,0.813914761551771
2018-10-22,0.830883187217908
2018-10-23,0.794867418640149
2018-10-24,0.740126468188858
2018-10-25,0.708123716902881
2018-10-26,0.769654640650009
2018-10-27,0.810358680189724
2018-10-28,0.772118684255562
2018-10-29,0.864945177276593
2018-10-30,0.768803737125222
2018-10-31,0.732154607812869
2018-11-01,0.64933446512174
2018-11-02,0.944150152852341
2018-11-03,0.727797957557199
2018-11-04,0.87889509894288
2018-11-05,0.803138050788829
2018-11-06,0.824498601527446
2018-11-07,0.982770279040474
2018-11-08,1.0578696666459
2018-11-09,1.13379063444767
2018-11-10,0.889619221529305
2018-11-11,0.956870384539502
2018-11-12,0.983252989322711
2018-11-13,0.786751425184507
2018-11-14,1.05548996011363
2018-11-15,0.637851981050008
2018-11-16,0.722336938354909
2018-11-17,0.692130542914837
2018-11-18,0.846568489248723
2018-11-19,0.645429347493314
2018-11-20,0.561520376701917
2018-11-21,0.509561181903425
2018-11-22,0.584310300393281
2018-11-23,0.491687067008175
2018-11-24,0.636752427742849
2018-11-25,0.476695735449689
2018-11-26,0.433065866781315
2018-11-27,0.452090434997715
2018-11-28,0.903461595475255
2018-11-29,1.6431305297227
2018-11-30,0.880334449178489
2018-12-01,2.70586201895183
2018-12-02,0.488904154348917
2018-12-03,2.44489834677481
2018-12-04,2.22343838100583
2018-12-05,0.435187680726495
2018-12-06,0.538084370398496
2018-12-07,0.471324099792009
2018-12-08,0.514463284099659
2018-12-09,0.522868963506377
2018-12-10,0.414292706251715
2018-12-11,0.415899031041307
2018-12-12,0.431855659294693
2018-12-13,0.549618221843372
2018-12-14,0.342425792566406
2018-12-15,0.418670256234483
2018-12-16,0.474749238025052
2018-12-17,0.460114118479751
2018-12-18,0.59139161421953
2018-12-19,0.601513595342428
2018-12-20,0.553023967879466
2018-12-21,0.450324512232366
2018-12-22,0.500907718857108
2018-12-23,0.393286757756464
2018-12-24,0.483768865260572
2018-12-25,0.373544871451082
2018-12-26,0.488028616699067
2018-12-27,0.54141626509765
2018-12-28,0.439445310250139
2018-12-29,0.611432887304752
2018-12-30,0.456967469494249
2018-12-31,0.453857493464928
2019-01-01,0.4149784975195
2019-01-02,0.56330105015504
2019-01-03,0.466708555137149
2019-01-04,0.527182626776015
2019-01-05,0.579843547750407
2019-01-06,0.45353836936653
2019-01-07,0.683583341397126
2019-01-08,0.430965358305909
2019-01-09,0.665410331796156
2019-01-10,0.349428799703828
2019-01-11,0.496838400108186
2019-01-12,0.491813310081927
2019-01-13,0.559928385691531
2019-01-14,1.3737191096112
2019-01-15,2.32675175308966
2019-01-16,1.65538365444165
2019-01-17,0.478586900109408
2019-01-18,0.505522121490764
2019-01-19,0.439946768213884
2019-01-20,0.466594987654943
2019-01-21,1.28408047345551
2019-01-22,0.273417252737454
2019-01-23,0.476631913009077
2019-01-24,0.529694176282021
2019-01-25,0.317793511830377
2019-01-26,0.377124579507675
2019-01-27,0.452548095050219
2019-01-28,0.443123866951132
2019-01-29,0.431232653021675
2019-01-30,0.628465200809767
2019-01-31,0.530463787447436
2019-02-01,0.464489949894973
2019-02-02,0.520707275280576
2019-02-03,0.425350559692296
2019-02-04,0.350693440947759
2019-02-05,0.515720373369053
2019-02-06,0.618651472495651
2019-02-07,0.50998994841586
2019-02-08,0.462550430249642
2019-02-09,0.671522341047446
2019-02-10,0.583181779537229
2019-02-11,0.538051427354836
2019-02-12,0.493908333100832
2019-02-13,0.440387469209865
2019-02-14,0.697445456863372
2019-02-15,0.462717619709165
2019-02-16,0.423783223974484
2019-02-17,0.388178354224416
2019-02-18,0.468240867737131
2019-02-19,0.593353333400241
2019-02-20,1.61163337316606
2019-02-21,0.614940060494713
2019-02-22,0.618819903629385
2019-02-23,0.585174657072119
2019-02-24,0.568493734097964
2019-02-25,0.586158877158295
2019-02-26,0.671878841458819
2019-02-27,0.502156377896005
2019-02-28,0.936144284149115
2019-03-01,0.630313341135782
2019-03-02,0.463154947540108
2019-03-03,0.508821516075818
2019-03-04,0.633697321057768
2019-03-05,0.701473191259737
2019-03-06,0.559466082101817
2019-03-07,0.646776807651644
2019-03-08,0.535980452477265
2019-03-09,0.528351291337477
2019-03-10,0.665500601126117
2019-03-11,0.556131996518584
2019-03-12,0.604423655618145
2019-03-13,0.669716369815989
2019-03-14,0.503375675320214
2019-03-15,0.550058333486879
2019-03-16,0.423576253163485
2019-03-17,0.626848706571156
2019-03-18,0.579163090872405
2019-03-19,0.739684791993168
2019-03-20,0.675464992452802
2019-03-21,0.677171656019206
2019-03-22,0.517542193787148
2019-03-23,0.577324153106994
2019-03-24,0.536953783916997
2019-03-25,0.529623702620261
2019-03-26,0.687979605367197
2019-03-27,0.67109784127495
2019-03-28,0.590279602506751
2019-03-29,1.2355433132973
2019-03-30,0.570851612096057
2019-03-31,0.309538416823296
2019-04-01,0.645777922989158
2019-04-02,0.704861097574214
2019-04-03,0.959368692796537
2019-04-04,0.675952475139201
2019-04-05,0.703246603118775
2019-04-06,0.656595983706056
2019-04-07,0.620772186619563
2019-04-08,0.749100568584657
2019-04-09,0.686703462439736
2019-04-10,1.04454997145607
2019-04-11,0.831329805715376
2019-04-12,1.52865188605726
2019-04-13,0.946532713579617
2019-04-14,0.685110425138388
2019-04-15,0.641183856550975
2019-04-16,0.750419784439861
2019-04-17,0.870238095837703
2019-04-18,0.920866305683134
2019-04-19,0.738443470016479
2019-04-20,0.812519323605393
2019-04-21,0.652173429267529
2019-04-22,0.864200517597536
2019-04-23,0.910087325215082
2019-04-24,0.728907139816674
2019-04-25,0.707645697500031
2019-04-26,0.643403023458808
2019-04-27,0.654569229152839
2019-04-28,0.715902645796435
2019-04-29,0.735033360697575
2019-04-30,0.771083344251252
2019-05-01,0.554995552740044
2019-05-02,0.693252832177526
2019-05-03,0.845052799449447
2019-05-04,1.19152008866013
2019-05-05,1.34525901305103
2019-05-06,1.05986460848337
2019-05-07,0.795284892932135
2019-05-08,0.926541772907668
2019-05-09,0.706451770989728
2019-05-10,0.910294974008945
2019-05-11,0.887604123521602
2019-05-12,1.10842833877735
2019-05-13,1.47432819742464
2019-05-14,1.7389625242104
2019-05-15,1.38033970687512
2019-05-16,1.14738102345182
2019-05-17,0.868032479373956
2019-05-18,1.09458107167435
2019-05-19,1.25863706243601
2019-05-20,1.0316125995502
2019-05-21,0.953660195691533
2019-05-22,1.03633262748617
2019-05-23,1.2443977324205
2019-05-24,1.19095244619553
2019-05-25,1.99993291365446
2019-05-26,1.1957109064091
2019-05-27,1.35845108662278
2019-05-28,1.29320361956766
2019-05-29,1.44263505124312
2019-05-30,1.27278606112868
2019-05-31,1.48934633880557
2019-06-01,1.13394446000141
2019-06-02,1.37633918744379
2019-06-03,2.36283960755548
2019-06-04,0.57188249914504
2019-06-05,0.885161648388876
2019-06-06,1.07302838142303
2019-06-07,1.35228775714521
2019-06-08,1.23162975499928
2019-06-09,1.41266215805936
2019-06-10,1.41833655086676
2019-06-11,1.13177435456627
2019-06-12,1.29602018461147
2019-06-13,1.3373697997108
2019-06-14,2.10452757929895
2019-06-15,1.21573503523536
2019-06-16,1.43711815312696
2019-06-17,1.13790429537894
2019-06-18,1.35007689124547
2019-06-19,1.36011818147312
2019-06-20,1.38842254735716
2019-06-21,1.59990768916863
2019-06-22,1.2718067939799
2019-06-23,1.74947988051704
2019-06-24,1.8649815996806
2019-06-25,1.71636514789643
2019-06-26,1.89268830869576
2019-06-27,1.83907095876722
2019-06-28,1.94337436917383
2019-06-29,2.18216178309178
2019-06-30,5.33903804523382
2019-07-01,1.5975807864546
2019-07-02,1.89222271995987
2019-07-03,1.62278342445559
2019-07-04,1.73042290982568
2019-07-05,1.13198155771773
2019-07-06,1.60555219819145
2019-07-07,1.53708121576589
2019-07-08,1.88519088534036
2019-07-09,2.48452538884253
2019-07-10,2.1071770121157
2019-07-11,1.35000463265253
2019-07-12,1.7975392336139
2019-07-13,1.48910100891057
2019-07-14,1.53998907427703
2019-07-15,1.87572206190307
2019-07-16,1.53558966516409
2019-07-17,1.54608519546676
2019-07-18,2.51491794259349
2019-07-19,1.164438884805
2019-07-20,1.85698659580243
2019-07-21,1.88626509371334
2019-07-22,1.32373395757074
2019-07-23,1.61239965230837
2019-07-24,11.7245025541301
2019-07-25,1.20768261163756
2019-07-26,2.18805937034477
2019-07-27,2.08387939201933
2019-07-28,1.5497293012431
2019-07-29,5.22390591382312
2019-07-30,1.55582377498181
2019-07-31,1.75307550955432
2019-08-01,2.33732145626663
2019-08-02,1.89468459419846
2019-08-03,1.97641267786525
2019-08-04,1.38902893116318
2019-08-05,1.50436336150152
2019-08-06,1.71220477081887
2019-08-07,1.82546761553034
2019-08-08,2.4540350596381
2019-08-09,2.0071571237347
2019-08-10,2.18579247973677
2019-08-11,1.60290204173347
2019-08-12,2.38734563395278
2019-08-13,1.81766267806944
2019-08-14,1.86216797890006
2019-08-15,1.86453473866058
2019-08-16,2.16334618102095
2019-08-17,1.90263809587754
2019-08-18,2.22354520845334
2019-08-19,1.13268321772117
2019-08-20,2.23411061009038
2019-08-21,2.51610734109064
2019-08-22,2.06141787050394
2019-08-23,2.37503186734761
2019-08-24,1.69917936499618
2019-08-25,1.77287219655301
2019-08-26,2.03899470440646
2019-08-27,1.83046667723326
2019-08-28,1.77489633442265
2019-08-29,1.99266869323063
2019-08-30,2.00809610261181
2019-08-31,1.6134675056611
2019-09-01,1.84196074199067
2019-09-02,1.94060608471163
2019-09-03,1.71968908116225
2019-09-04,1.48272147026881
2019-09-05,1.73086195018501
2019-09-06,4.80040683421242
2019-09-07,2.28085704778548
2019-09-08,1.8460751610532
2019-09-09,1.52807718507518
2019-09-10,2.02582917456493
2019-09-11,1.96405770186697
2019-09-12,1.79421246770878
2019-09-13,2.34414099761489
2019-09-14,2.15971902959466
2019-09-15,2.16586161510931
2019-09-16,1.74551261407606
2019-09-17,1.32788643932661
2019-09-18,3.43924766172511
2019-09-19,1.66539496602061
2019-09-20,1.89226616343256
2019-09-21,2.30281865159301
2019-09-22,1.71902466182842
2019-09-23,1.23424704651928
2019-09-24,1.91592622634506
2019-09-25,1.68901185819519
2019-09-26,1.80438489389908
2019-09-27,1.7752964166594
2019-09-28,1.44495718740337
2019-09-29,1.56395791977283
2019-09-30,1.46470355911824
2019-10-01,1.44957015162991
2019-10-02,1.60521228333777
2019-10-03,1.5403861582003
2019-10-04,2.03637108115231
2019-10-05,1.61408020698096
2019-10-06,1.19311097348726
2019-10-07,1.2845407806188
2019-10-08,1.42134320882373
2019-10-09,1.38417349302606
2019-10-10,1.77746694694409
2019-10-11,1.36113708838125
2019-10-12,1.78480639061182
2019-10-13,1.44973674805773
2019-10-14,2.22877562366433
2019-10-15,0.84899802323193
2019-10-16,1.4821507348411
2019-10-17,1.64603044299772
2019-10-18,1.09480251874469
2019-10-19,1.58207190620973
2019-10-20,1.91725797293007
2019-10-21,0.881857895683487
2019-10-22,1.21776221507733
2019-10-23,1.3293216320962
2019-10-24,1.07650757924124
2019-10-25,1.38908007056172
2019-10-26,1.33054752114236
2019-10-27,1.40350507497635
2019-10-28,1.68522220566873
2019-10-29,1.77611062645017
2019-10-30,1.43737872861242
2019-10-31,1.29297549409871
2019-11-01,1.40860068411763
2019-11-02,2.1693307252879
2019-11-03,1.36076165203709
2019-11-04,1.6032776991743
2019-11-05,1.0220626274407
