t,addresses_min_1k_count
2010-01-01,9
2010-01-02,9
2010-01-03,9
2010-01-04,9
2010-01-05,9
2010-01-06,9
2010-01-07,9
2010-01-08,9
2010-01-09,9
2010-01-10,9
2010-01-11,9
2010-01-12,9
2010-01-13,9
2010-01-14,9
2010-01-15,9
2010-01-16,9
2010-01-17,9
2010-01-18,9
2010-01-19,9
2010-01-20,9
2010-01-21,9
2010-01-22,9
2010-01-23,9
2010-01-24,9
2010-01-25,10
2010-01-26,10
2010-01-27,10
2010-01-28,10
2010-01-29,10
2010-01-30,11
2010-01-31,11
2010-02-01,11
2010-02-02,11
2010-02-03,11
2010-02-04,11
2010-02-05,12
2010-02-06,13
2010-02-07,13
2010-02-08,14
2010-02-09,16
2010-02-10,17
2010-02-11,17
2010-02-12,17
2010-02-13,17
2010-02-14,17
2010-02-15,17
2010-02-16,18
2010-02-17,19
2010-02-18,20
2010-02-19,20
2010-02-20,20
2010-02-21,20
2010-02-22,20
2010-02-23,20
2010-02-24,21
2010-02-25,21
2010-02-26,21
2010-02-27,21
2010-02-28,22
2010-03-01,22
2010-03-02,22
2010-03-03,22
2010-03-04,23
2010-03-05,23
2010-03-06,22
2010-03-07,22
2010-03-08,23
2010-03-09,24
2010-03-10,25
2010-03-11,26
2010-03-12,26
2010-03-13,27
2010-03-14,27
2010-03-15,27
2010-03-16,28
2010-03-17,29
2010-03-18,30
2010-03-19,32
2010-03-20,33
2010-03-21,33
2010-03-22,33
2010-03-23,34
2010-03-24,35
2010-03-25,36
2010-03-26,38
2010-03-27,39
2010-03-28,38
2010-03-29,38
2010-03-30,38
2010-03-31,38
2010-04-01,38
2010-04-02,38
2010-04-03,39
2010-04-04,39
2010-04-05,40
2010-04-06,40
2010-04-07,40
2010-04-08,41
2010-04-09,42
2010-04-10,45
2010-04-11,46
2010-04-12,47
2010-04-13,47
2010-04-14,46
2010-04-15,48
2010-04-16,49
2010-04-17,51
2010-04-18,54
2010-04-19,55
2010-04-20,58
2010-04-21,60
2010-04-22,59
2010-04-23,59
2010-04-24,59
2010-04-25,61
2010-04-26,64
2010-04-27,65
2010-04-28,64
2010-04-29,64
2010-04-30,61
2010-05-01,62
2010-05-02,63
2010-05-03,65
2010-05-04,67
2010-05-05,66
2010-05-06,67
2010-05-07,67
2010-05-08,70
2010-05-09,71
2010-05-10,72
2010-05-11,74
2010-05-12,71
2010-05-13,71
2010-05-14,70
2010-05-15,71
2010-05-16,72
2010-05-17,71
2010-05-18,71
2010-05-19,71
2010-05-20,71
2010-05-21,68
2010-05-22,71
2010-05-23,74
2010-05-24,74
2010-05-25,76
2010-05-26,79
2010-05-27,80
2010-05-28,81
2010-05-29,82
2010-05-30,82
2010-05-31,81
2010-06-01,82
2010-06-02,82
2010-06-03,83
2010-06-04,81
2010-06-05,81
2010-06-06,82
2010-06-07,81
2010-06-08,82
2010-06-09,85
2010-06-10,85
2010-06-11,87
2010-06-12,88
2010-06-13,89
2010-06-14,91
2010-06-15,90
2010-06-16,90
2010-06-17,91
2010-06-18,91
2010-06-19,83
2010-06-20,85
2010-06-21,86
2010-06-22,86
2010-06-23,85
2010-06-24,84
2010-06-25,85
2010-06-26,86
2010-06-27,88
2010-06-28,90
2010-06-29,90
2010-06-30,90
2010-07-01,92
2010-07-02,93
2010-07-03,95
2010-07-04,95
2010-07-05,95
2010-07-06,96
2010-07-07,97
2010-07-08,98
2010-07-09,97
2010-07-10,98
2010-07-11,100
2010-07-12,101
2010-07-13,103
2010-07-14,105
2010-07-15,105
2010-07-16,108
2010-07-17,112
2010-07-18,117
2010-07-19,119
2010-07-20,121
2010-07-21,121
2010-07-22,124
2010-07-23,124
2010-07-24,127
2010-07-25,131
2010-07-26,128
2010-07-27,130
2010-07-28,132
2010-07-29,130
2010-07-30,133
2010-07-31,138
2010-08-01,140
2010-08-02,144
2010-08-03,146
2010-08-04,148
2010-08-05,148
2010-08-06,152
2010-08-07,153
2010-08-08,155
2010-08-09,150
2010-08-10,154
2010-08-11,154
2010-08-12,156
2010-08-13,157
2010-08-14,160
2010-08-15,162
2010-08-16,161
2010-08-17,159
2010-08-18,165
2010-08-19,164
2010-08-20,168
2010-08-21,169
2010-08-22,171
2010-08-23,174
2010-08-24,176
2010-08-25,178
2010-08-26,179
2010-08-27,179
2010-08-28,180
2010-08-29,181
2010-08-30,186
2010-08-31,192
2010-09-01,195
2010-09-02,198
2010-09-03,196
2010-09-04,196
2010-09-05,198
2010-09-06,200
2010-09-07,201
2010-09-08,202
2010-09-09,205
2010-09-10,205
2010-09-11,208
2010-09-12,212
2010-09-13,216
2010-09-14,220
2010-09-15,221
2010-09-16,220
2010-09-17,223
2010-09-18,223
2010-09-19,226
2010-09-20,227
2010-09-21,231
2010-09-22,232
2010-09-23,232
2010-09-24,233
2010-09-25,232
2010-09-26,231
2010-09-27,233
2010-09-28,236
2010-09-29,239
2010-09-30,241
2010-10-01,244
2010-10-02,237
2010-10-03,239
2010-10-04,248
2010-10-05,247
2010-10-06,248
2010-10-07,239
2010-10-08,241
2010-10-09,244
2010-10-10,241
2010-10-11,245
2010-10-12,243
2010-10-13,250
2010-10-14,249
2010-10-15,251
2010-10-16,254
2010-10-17,254
2010-10-18,253
2010-10-19,259
2010-10-20,257
2010-10-21,259
2010-10-22,261
2010-10-23,261
2010-10-24,261
2010-10-25,262
2010-10-26,259
2010-10-27,260
2010-10-28,262
2010-10-29,267
2010-10-30,267
2010-10-31,269
2010-11-01,269
2010-11-02,268
2010-11-03,270
2010-11-04,271
2010-11-05,273
2010-11-06,273
2010-11-07,277
2010-11-08,280
2010-11-09,285
2010-11-10,289
2010-11-11,297
2010-11-12,299
2010-11-13,301
2010-11-14,306
2010-11-15,307
2010-11-16,312
2010-11-17,310
2010-11-18,312
2010-11-19,315
2010-11-20,312
2010-11-21,311
2010-11-22,312
2010-11-23,315
2010-11-24,317
2010-11-25,314
2010-11-26,316
2010-11-27,318
2010-11-28,316
2010-11-29,318
2010-11-30,316
2010-12-01,318
2010-12-02,317
2010-12-03,316
2010-12-04,314
2010-12-05,315
2010-12-06,319
2010-12-07,327
2010-12-08,328
2010-12-09,326
2010-12-10,324
2010-12-11,324
2010-12-12,325
2010-12-13,329
2010-12-14,331
2010-12-15,330
2010-12-16,336
2010-12-17,335
2010-12-18,336
2010-12-19,338
2010-12-20,341
2010-12-21,344
2010-12-22,346
2010-12-23,346
2010-12-24,347
2010-12-25,348
2010-12-26,350
2010-12-27,353
2010-12-28,349
2010-12-29,356
2010-12-30,358
2010-12-31,362
2011-01-01,365
2011-01-02,366
2011-01-03,365
2011-01-04,368
2011-01-05,371
2011-01-06,376
2011-01-07,377
2011-01-08,373
2011-01-09,376
2011-01-10,375
2011-01-11,375
2011-01-12,378
2011-01-13,378
2011-01-14,381
2011-01-15,383
2011-01-16,379
2011-01-17,378
2011-01-18,378
2011-01-19,379
2011-01-20,380
2011-01-21,379
2011-01-22,378
2011-01-23,375
2011-01-24,378
2011-01-25,377
2011-01-26,380
2011-01-27,344
2011-01-28,348
2011-01-29,348
2011-01-30,348
2011-01-31,347
2011-02-01,341
2011-02-02,342
2011-02-03,345
2011-02-04,346
2011-02-05,350
2011-02-06,350
2011-02-07,347
2011-02-08,349
2011-02-09,349
2011-02-10,349
2011-02-11,354
2011-02-12,359
2011-02-13,362
2011-02-14,364
2011-02-15,362
2011-02-16,365
2011-02-17,365
2011-02-18,370
2011-02-19,373
2011-02-20,376
2011-02-21,379
2011-02-22,382
2011-02-23,378
2011-02-24,378
2011-02-25,387
2011-02-26,392
2011-02-27,387
2011-02-28,401
2011-03-01,395
2011-03-02,431
2011-03-03,434
2011-03-04,438
2011-03-05,441
2011-03-06,444
2011-03-07,445
2011-03-08,445
2011-03-09,449
2011-03-10,455
2011-03-11,460
2011-03-12,461
2011-03-13,462
2011-03-14,464
2011-03-15,469
2011-03-16,469
2011-03-17,463
2011-03-18,464
2011-03-19,466
2011-03-20,469
2011-03-21,470
2011-03-22,472
2011-03-23,473
2011-03-24,473
2011-03-25,474
2011-03-26,476
2011-03-27,483
2011-03-28,485
2011-03-29,485
2011-03-30,488
2011-03-31,490
2011-04-01,489
2011-04-02,493
2011-04-03,493
2011-04-04,500
2011-04-05,503
2011-04-06,508
2011-04-07,507
2011-04-08,508
2011-04-09,511
2011-04-10,513
2011-04-11,516
2011-04-12,525
2011-04-13,527
2011-04-14,520
2011-04-15,519
2011-04-16,529
2011-04-17,526
2011-04-18,523
2011-04-19,494
2011-04-20,501
2011-04-21,499
2011-04-22,503
2011-04-23,509
2011-04-24,512
2011-04-25,512
2011-04-26,515
2011-04-27,519
2011-04-28,527
2011-04-29,526
2011-04-30,508
2011-05-01,510
2011-05-02,510
2011-05-03,512
2011-05-04,513
2011-05-05,513
2011-05-06,519
2011-05-07,517
2011-05-08,523
2011-05-09,528
2011-05-10,521
2011-05-11,515
2011-05-12,512
2011-05-13,516
2011-05-14,519
2011-05-15,515
2011-05-16,516
2011-05-17,516
2011-05-18,519
2011-05-19,523
2011-05-20,531
2011-05-21,520
2011-05-22,524
2011-05-23,532
2011-05-24,535
2011-05-25,540
2011-05-26,545
2011-05-27,547
2011-05-28,547
2011-05-29,544
2011-05-30,542
2011-05-31,540
2011-06-01,541
2011-06-02,541
2011-06-03,544
2011-06-04,547
2011-06-05,550
2011-06-06,556
2011-06-07,560
2011-06-08,582
2011-06-09,583
2011-06-10,590
2011-06-11,604
2011-06-12,561
2011-06-13,567
2011-06-14,590
2011-06-15,595
2011-06-16,605
2011-06-17,611
2011-06-18,613
2011-06-19,584
2011-06-20,588
2011-06-21,589
2011-06-22,591
2011-06-23,586
2011-06-24,589
2011-06-25,591
2011-06-26,589
2011-06-27,585
2011-06-28,591
2011-06-29,593
2011-06-30,595
2011-07-01,590
2011-07-02,592
2011-07-03,592
2011-07-04,592
2011-07-05,593
2011-07-06,594
2011-07-07,593
2011-07-08,594
2011-07-09,594
2011-07-10,593
2011-07-11,597
2011-07-12,598
2011-07-13,598
2011-07-14,597
2011-07-15,597
2011-07-16,598
2011-07-17,599
2011-07-18,600
2011-07-19,597
2011-07-20,598
2011-07-21,599
2011-07-22,603
2011-07-23,604
2011-07-24,607
2011-07-25,607
2011-07-26,609
2011-07-27,612
2011-07-28,625
2011-07-29,625
2011-07-30,626
2011-07-31,629
2011-08-01,630
2011-08-02,634
2011-08-03,641
2011-08-04,638
2011-08-05,637
2011-08-06,632
2011-08-07,621
2011-08-08,622
2011-08-09,620
2011-08-10,622
2011-08-11,623
2011-08-12,624
2011-08-13,624
2011-08-14,625
2011-08-15,624
2011-08-16,626
2011-08-17,622
2011-08-18,624
2011-08-19,627
2011-08-20,625
2011-08-21,625
2011-08-22,627
2011-08-23,625
2011-08-24,623
2011-08-25,642
2011-08-26,646
2011-08-27,637
2011-08-28,641
2011-08-29,640
2011-08-30,640
2011-08-31,640
2011-09-01,640
2011-09-02,640
2011-09-03,641
2011-09-04,645
2011-09-05,649
2011-09-06,650
2011-09-07,640
2011-09-08,644
2011-09-09,644
2011-09-10,645
2011-09-11,636
2011-09-12,633
2011-09-13,633
2011-09-14,634
2011-09-15,638
2011-09-16,637
2011-09-17,638
2011-09-18,635
2011-09-19,635
2011-09-20,638
2011-09-21,633
2011-09-22,631
2011-09-23,634
2011-09-24,629
2011-09-25,631
2011-09-26,632
2011-09-27,634
2011-09-28,633
2011-09-29,633
2011-09-30,634
2011-10-01,631
2011-10-02,632
2011-10-03,630
2011-10-04,641
2011-10-05,639
2011-10-06,644
2011-10-07,647
2011-10-08,650
2011-10-09,652
2011-10-10,652
2011-10-11,648
2011-10-12,644
2011-10-13,642
2011-10-14,643
2011-10-15,641
2011-10-16,642
2011-10-17,642
2011-10-18,645
2011-10-19,648
2011-10-20,652
2011-10-21,654
2011-10-22,654
2011-10-23,652
2011-10-24,651
2011-10-25,651
2011-10-26,655
2011-10-27,657
2011-10-28,664
2011-10-29,659
2011-10-30,662
2011-10-31,663
2011-11-01,667
2011-11-02,665
2011-11-03,667
2011-11-04,671
2011-11-05,674
2011-11-06,676
2011-11-07,674
2011-11-08,676
2011-11-09,677
2011-11-10,677
2011-11-11,682
2011-11-12,684
2011-11-13,681
2011-11-14,686
2011-11-15,691
2011-11-16,692
2011-11-17,698
2011-11-18,702
2011-11-19,704
2011-11-20,709
2011-11-21,712
2011-11-22,720
2011-11-23,721
2011-11-24,719
2011-11-25,720
2011-11-26,727
2011-11-27,727
2011-11-28,717
2011-11-29,722
2011-11-30,724
2011-12-01,724
2011-12-02,727
2011-12-03,730
2011-12-04,730
2011-12-05,731
2011-12-06,738
2011-12-07,741
2011-12-08,770
2011-12-09,837
2011-12-10,813
2011-12-11,782
2011-12-12,753
2011-12-13,750
2011-12-14,756
2011-12-15,755
2011-12-16,763
2011-12-17,762
2011-12-18,761
2011-12-19,765
2011-12-20,775
2011-12-21,777
2011-12-22,785
2011-12-23,788
2011-12-24,790
2011-12-25,794
2011-12-26,800
2011-12-27,800
2011-12-28,804
2011-12-29,798
2011-12-30,800
2011-12-31,799
2012-01-01,802
2012-01-02,803
2012-01-03,801
2012-01-04,807
2012-01-05,811
2012-01-06,811
2012-01-07,812
2012-01-08,815
2012-01-09,819
2012-01-10,820
2012-01-11,818
2012-01-12,822
2012-01-13,828
2012-01-14,830
2012-01-15,829
2012-01-16,833
2012-01-17,822
2012-01-18,820
2012-01-19,797
2012-01-20,799
2012-01-21,791
2012-01-22,789
2012-01-23,798
2012-01-24,802
2012-01-25,803
2012-01-26,806
2012-01-27,801
2012-01-28,799
2012-01-29,799
2012-01-30,798
2012-01-31,799
2012-02-01,807
2012-02-02,805
2012-02-03,809
2012-02-04,809
2012-02-05,814
2012-02-06,810
2012-02-07,809
2012-02-08,812
2012-02-09,810
2012-02-10,810
2012-02-11,818
2012-02-12,817
2012-02-13,819
2012-02-14,815
2012-02-15,842
2012-02-16,816
2012-02-17,822
2012-02-18,827
2012-02-19,829
2012-02-20,830
2012-02-21,833
2012-02-22,837
2012-02-23,837
2012-02-24,840
2012-02-25,839
2012-02-26,837
2012-02-27,842
2012-02-28,841
2012-02-29,845
2012-03-01,839
2012-03-02,848
2012-03-03,865
2012-03-04,867
2012-03-05,866
2012-03-06,874
2012-03-07,874
2012-03-08,881
2012-03-09,883
2012-03-10,879
2012-03-11,878
2012-03-12,878
2012-03-13,877
2012-03-14,875
2012-03-15,871
2012-03-16,871
2012-03-17,866
2012-03-18,866
2012-03-19,872
2012-03-20,866
2012-03-21,869
2012-03-22,872
2012-03-23,866
2012-03-24,866
2012-03-25,868
2012-03-26,871
2012-03-27,871
2012-03-28,868
2012-03-29,869
2012-03-30,871
2012-03-31,873
2012-04-01,870
2012-04-02,869
2012-04-03,872
2012-04-04,871
2012-04-05,873
2012-04-06,874
2012-04-07,876
2012-04-08,879
2012-04-09,900
2012-04-10,881
2012-04-11,879
2012-04-12,884
2012-04-13,888
2012-04-14,886
2012-04-15,890
2012-04-16,889
2012-04-17,885
2012-04-18,886
2012-04-19,892
2012-04-20,881
2012-04-21,880
2012-04-22,891
2012-04-23,893
2012-04-24,892
2012-04-25,897
2012-04-26,907
2012-04-27,909
2012-04-28,907
2012-04-29,905
2012-04-30,905
2012-05-01,909
2012-05-02,914
2012-05-03,916
2012-05-04,921
2012-05-05,920
2012-05-06,921
2012-05-07,928
2012-05-08,933
2012-05-09,932
2012-05-10,936
2012-05-11,923
2012-05-12,930
2012-05-13,932
2012-05-14,932
2012-05-15,929
2012-05-16,926
2012-05-17,919
2012-05-18,930
2012-05-19,918
2012-05-20,921
2012-05-21,922
2012-05-22,916
2012-05-23,910
2012-05-24,905
2012-05-25,908
2012-05-26,908
2012-05-27,905
2012-05-28,906
2012-05-29,904
2012-05-30,905
2012-05-31,907
2012-06-01,913
2012-06-02,912
2012-06-03,911
2012-06-04,917
2012-06-05,923
2012-06-06,919
2012-06-07,924
2012-06-08,929
2012-06-09,923
2012-06-10,931
2012-06-11,937
2012-06-12,943
2012-06-13,934
2012-06-14,937
2012-06-15,938
2012-06-16,933
2012-06-17,945
2012-06-18,957
2012-06-19,949
2012-06-20,945
2012-06-21,945
2012-06-22,943
2012-06-23,952
2012-06-24,941
2012-06-25,947
2012-06-26,957
2012-06-27,964
2012-06-28,956
2012-06-29,961
2012-06-30,962
2012-07-01,961
2012-07-02,975
2012-07-03,983
2012-07-04,985
2012-07-05,990
2012-07-06,992
2012-07-07,994
2012-07-08,1001
2012-07-09,1008
2012-07-10,1006
2012-07-11,1002
2012-07-12,1002
2012-07-13,1001
2012-07-14,1005
2012-07-15,1008
2012-07-16,1021
2012-07-17,1027
2012-07-18,1023
2012-07-19,1019
2012-07-20,1020
2012-07-21,1011
2012-07-22,1015
2012-07-23,1019
2012-07-24,1031
2012-07-25,1033
2012-07-26,1033
2012-07-27,1035
2012-07-28,1041
2012-07-29,1039
2012-07-30,1041
2012-07-31,1042
2012-08-01,1043
2012-08-02,1057
2012-08-03,1049
2012-08-04,1055
2012-08-05,1060
2012-08-06,1060
2012-08-07,1058
2012-08-08,1082
2012-08-09,1086
2012-08-10,1090
2012-08-11,1088
2012-08-12,1087
2012-08-13,1098
2012-08-14,1090
2012-08-15,1095
2012-08-16,1087
2012-08-17,1095
2012-08-18,1102
2012-08-19,1104
2012-08-20,1088
2012-08-21,1086
2012-08-22,1078
2012-08-23,1071
2012-08-24,1074
2012-08-25,1084
2012-08-26,1081
2012-08-27,1081
2012-08-28,1083
2012-08-29,1085
2012-08-30,1086
2012-08-31,1093
2012-09-01,1088
2012-09-02,1092
2012-09-03,1090
2012-09-04,1090
2012-09-05,1093
2012-09-06,1094
2012-09-07,1095
2012-09-08,1100
2012-09-09,1093
2012-09-10,1098
2012-09-11,1100
2012-09-12,1105
2012-09-13,1107
2012-09-14,1111
2012-09-15,1109
2012-09-16,1117
2012-09-17,1110
2012-09-18,1101
2012-09-19,1106
2012-09-20,1121
2012-09-21,1107
2012-09-22,1117
2012-09-23,1121
2012-09-24,1111
2012-09-25,1109
2012-09-26,1110
2012-09-27,1111
2012-09-28,1112
2012-09-29,1115
2012-09-30,1119
2012-10-01,1116
2012-10-02,1116
2012-10-03,1115
2012-10-04,1117
2012-10-05,1113
2012-10-06,1116
2012-10-07,1118
2012-10-08,1127
2012-10-09,1131
2012-10-10,1130
2012-10-11,1129
2012-10-12,1139
2012-10-13,1149
2012-10-14,1157
2012-10-15,1154
2012-10-16,1151
2012-10-17,1148
2012-10-18,1145
2012-10-19,1140
2012-10-20,1139
2012-10-21,1135
2012-10-22,1139
2012-10-23,1146
2012-10-24,1143
2012-10-25,1147
2012-10-26,1149
2012-10-27,1151
2012-10-28,1150
2012-10-29,1150
2012-10-30,1148
2012-10-31,1152
2012-11-01,1169
2012-11-02,1165
2012-11-03,1162
2012-11-04,1161
2012-11-05,1159
2012-11-06,1160
2012-11-07,1163
2012-11-08,1164
2012-11-09,1166
2012-11-10,1168
2012-11-11,1170
2012-11-12,1172
2012-11-13,1171
2012-11-14,1168
2012-11-15,1171
2012-11-16,1173
2012-11-17,1170
2012-11-18,1164
2012-11-19,1162
2012-11-20,1166
2012-11-21,1166
2012-11-22,1165
2012-11-23,1166
2012-11-24,1168
2012-11-25,1177
2012-11-26,1180
2012-11-27,1182
2012-11-28,1181
2012-11-29,1177
2012-11-30,1178
2012-12-01,1180
2012-12-02,1176
2012-12-03,1179
2012-12-04,1198
2012-12-05,1199
2012-12-06,1202
2012-12-07,1207
2012-12-08,1206
2012-12-09,1212
2012-12-10,1206
2012-12-11,1212
2012-12-12,1221
2012-12-13,1217
2012-12-14,1217
2012-12-15,1217
2012-12-16,1222
2012-12-17,1230
2012-12-18,1245
2012-12-19,1250
2012-12-20,1254
2012-12-21,1260
2012-12-22,1258
2012-12-23,1256
2012-12-24,1267
2012-12-25,1262
2012-12-26,1258
2012-12-27,1255
2012-12-28,1257
2012-12-29,1263
2012-12-30,1260
2012-12-31,1259
2013-01-01,1256
2013-01-02,1258
2013-01-03,1256
2013-01-04,1254
2013-01-05,1259
2013-01-06,1257
2013-01-07,1255
2013-01-08,1263
2013-01-09,1254
2013-01-10,1256
2013-01-11,1257
2013-01-12,1260
2013-01-13,1252
2013-01-14,1257
2013-01-15,1268
2013-01-16,1270
2013-01-17,1278
2013-01-18,1280
2013-01-19,1276
2013-01-20,1279
2013-01-21,1274
2013-01-22,1276
2013-01-23,1283
2013-01-24,1296
2013-01-25,1296
2013-01-26,1291
2013-01-27,1296
2013-01-28,1299
2013-01-29,1308
2013-01-30,1304
2013-01-31,1314
2013-02-01,1329
2013-02-02,1331
2013-02-03,1338
2013-02-04,1339
2013-02-05,1339
2013-02-06,1350
2013-02-07,1349
2013-02-08,1356
2013-02-09,1350
2013-02-10,1345
2013-02-11,1347
2013-02-12,1337
2013-02-13,1346
2013-02-14,1354
2013-02-15,1350
2013-02-16,1351
2013-02-17,1360
2013-02-18,1357
2013-02-19,1357
2013-02-20,1368
2013-02-21,1380
2013-02-22,1374
2013-02-23,1376
2013-02-24,1379
2013-02-25,1389
2013-02-26,1383
2013-02-27,1380
2013-02-28,1363
2013-03-01,1364
2013-03-02,1366
2013-03-03,1362
2013-03-04,1362
2013-03-05,1364
2013-03-06,1354
2013-03-07,1338
2013-03-08,1332
2013-03-09,1328
2013-03-10,1336
2013-03-11,1337
2013-03-12,1331
2013-03-13,1332
2013-03-14,1334
2013-03-15,1338
2013-03-16,1339
2013-03-17,1338
2013-03-18,1330
2013-03-19,1337
2013-03-20,1339
2013-03-21,1333
2013-03-22,1336
2013-03-23,1335
2013-03-24,1333
2013-03-25,1333
2013-03-26,1328
2013-03-27,1328
2013-03-28,1335
2013-03-29,1330
2013-03-30,1328
2013-03-31,1336
2013-04-01,1342
2013-04-02,1349
2013-04-03,1364
2013-04-04,1359
2013-04-05,1365
2013-04-06,1368
2013-04-07,1372
2013-04-08,1359
2013-04-09,1357
2013-04-10,1358
2013-04-11,1354
2013-04-12,1337
2013-04-13,1334
2013-04-14,1338
2013-04-15,1336
2013-04-16,1316
2013-04-17,1326
2013-04-18,1332
2013-04-19,1336
2013-04-20,1329
2013-04-21,1331
2013-04-22,1331
2013-04-23,1328
2013-04-24,1330
2013-04-25,1334
2013-04-26,1334
2013-04-27,1334
2013-04-28,1344
2013-04-29,1357
2013-04-30,1372
2013-05-01,1369
2013-05-02,1364
2013-05-03,1379
2013-05-04,1382
2013-05-05,1383
2013-05-06,1384
2013-05-07,1382
2013-05-08,1389
2013-05-09,1385
2013-05-10,1380
2013-05-11,1387
2013-05-12,1389
2013-05-13,1390
2013-05-14,1390
2013-05-15,1399
2013-05-16,1403
2013-05-17,1407
2013-05-18,1404
2013-05-19,1405
2013-05-20,1404
2013-05-21,1407
2013-05-22,1409
2013-05-23,1407
2013-05-24,1419
2013-05-25,1426
2013-05-26,1427
2013-05-27,1426
2013-05-28,1429
2013-05-29,1434
2013-05-30,1438
2013-05-31,1443
2013-06-01,1438
2013-06-02,1439
2013-06-03,1435
2013-06-04,1435
2013-06-05,1432
2013-06-06,1447
2013-06-07,1440
2013-06-08,1435
2013-06-09,1429
2013-06-10,1435
2013-06-11,1428
2013-06-12,1430
2013-06-13,1431
2013-06-14,1432
2013-06-15,1431
2013-06-16,1431
2013-06-17,1431
2013-06-18,1433
2013-06-19,1432
2013-06-20,1433
2013-06-21,1444
2013-06-22,1451
2013-06-23,1446
2013-06-24,1451
2013-06-25,1444
2013-06-26,1448
2013-06-27,1450
2013-06-28,1449
2013-06-29,1442
2013-06-30,1444
2013-07-01,1449
2013-07-02,1442
2013-07-03,1451
2013-07-04,1441
2013-07-05,1441
2013-07-06,1436
2013-07-07,1434
2013-07-08,1432
2013-07-09,1429
2013-07-10,1430
2013-07-11,1432
2013-07-12,1427
2013-07-13,1425
2013-07-14,1429
2013-07-15,1436
2013-07-16,1439
2013-07-17,1442
2013-07-18,1433
2013-07-19,1438
2013-07-20,1444
2013-07-21,1446
2013-07-22,1449
2013-07-23,1454
2013-07-24,1456
2013-07-25,1458
2013-07-26,1462
2013-07-27,1467
2013-07-28,1467
2013-07-29,1467
2013-07-30,1501
2013-07-31,1498
2013-08-01,1503
2013-08-02,1507
2013-08-03,1504
2013-08-04,1503
2013-08-05,1512
2013-08-06,1511
2013-08-07,1512
2013-08-08,1515
2013-08-09,1515
2013-08-10,1523
2013-08-11,1522
2013-08-12,1518
2013-08-13,1518
2013-08-14,1517
2013-08-15,1527
2013-08-16,1532
2013-08-17,1549
2013-08-18,1553
2013-08-19,1553
2013-08-20,1560
2013-08-21,1551
2013-08-22,1551
2013-08-23,1561
2013-08-24,1564
2013-08-25,1564
2013-08-26,1563
2013-08-27,1564
2013-08-28,1572
2013-08-29,1576
2013-08-30,1573
2013-08-31,1567
2013-09-01,1576
2013-09-02,1579
2013-09-03,1544
2013-09-04,1546
2013-09-05,1552
2013-09-06,1560
2013-09-07,1558
2013-09-08,1558
2013-09-09,1563
2013-09-10,1558
2013-09-11,1560
2013-09-12,1559
2013-09-13,1561
2013-09-14,1558
2013-09-15,1563
2013-09-16,1567
2013-09-17,1569
2013-09-18,1575
2013-09-19,1569
2013-09-20,1568
2013-09-21,1566
2013-09-22,1573
2013-09-23,1576
2013-09-24,1575
2013-09-25,1572
2013-09-26,1569
2013-09-27,1573
2013-09-28,1575
2013-09-29,1575
2013-09-30,1575
2013-10-01,1568
2013-10-02,1565
2013-10-03,1560
2013-10-04,1559
2013-10-05,1558
2013-10-06,1560
2013-10-07,1561
2013-10-08,1562
2013-10-09,1556
2013-10-10,1558
2013-10-11,1557
2013-10-12,1555
2013-10-13,1555
2013-10-14,1560
2013-10-15,1570
2013-10-16,1582
2013-10-17,1573
2013-10-18,1572
2013-10-19,1573
2013-10-20,1566
2013-10-21,1579
2013-10-22,1587
2013-10-23,1580
2013-10-24,1587
2013-10-25,1486
2013-10-26,1484
2013-10-27,1480
2013-10-28,1483
2013-10-29,1482
2013-10-30,1482
2013-10-31,1480
2013-11-01,1474
2013-11-02,1473
2013-11-03,1478
2013-11-04,1459
2013-11-05,1459
2013-11-06,1461
2013-11-07,1451
2013-11-08,1454
2013-11-09,1462
2013-11-10,1465
2013-11-11,1455
2013-11-12,1456
2013-11-13,1451
2013-11-14,1454
2013-11-15,1458
2013-11-16,1453
2013-11-17,1449
2013-11-18,1446
2013-11-19,1449
2013-11-20,1461
2013-11-21,1448
2013-11-22,1433
2013-11-23,1446
2013-11-24,1445
2013-11-25,1446
2013-11-26,1449
2013-11-27,1450
2013-11-28,1443
2013-11-29,1445
2013-11-30,1452
2013-12-01,1452
2013-12-02,1450
2013-12-03,1453
2013-12-04,1452
2013-12-05,1458
2013-12-06,1458
2013-12-07,1473
2013-12-08,1482
2013-12-09,1475
2013-12-10,1475
2013-12-11,1444
2013-12-12,1440
2013-12-13,1441
2013-12-14,1440
2013-12-15,1443
2013-12-16,1447
2013-12-17,1443
2013-12-18,1433
2013-12-19,1429
2013-12-20,1421
2013-12-21,1420
2013-12-22,1417
2013-12-23,1422
2013-12-24,1413
2013-12-25,1425
2013-12-26,1421
2013-12-27,1420
2013-12-28,1420
2013-12-29,1421
2013-12-30,1427
2013-12-31,1428
2014-01-01,1445
2014-01-02,1449
2014-01-03,1437
2014-01-04,1441
2014-01-05,1443
2014-01-06,1443
2014-01-07,1444
2014-01-08,1443
2014-01-09,1444
2014-01-10,1443
2014-01-11,1446
2014-01-12,1442
2014-01-13,1444
2014-01-14,1443
2014-01-15,1444
2014-01-16,1442
2014-01-17,1439
2014-01-18,1437
2014-01-19,1439
2014-01-20,1435
2014-01-21,1439
2014-01-22,1438
2014-01-23,1439
2014-01-24,1421
2014-01-25,1424
2014-01-26,1424
2014-01-27,1418
2014-01-28,1415
2014-01-29,1422
2014-01-30,1423
2014-01-31,1426
2014-02-01,1422
2014-02-02,1420
2014-02-03,1423
2014-02-04,1419
2014-02-05,1431
2014-02-06,1430
2014-02-07,1425
2014-02-08,1430
2014-02-09,1428
2014-02-10,1429
2014-02-11,1440
2014-02-12,1440
2014-02-13,1439
2014-02-14,1436
2014-02-15,1430
2014-02-16,1428
2014-02-17,1426
2014-02-18,1425
2014-02-19,1429
2014-02-20,1428
2014-02-21,1426
2014-02-22,1427
2014-02-23,1429
2014-02-24,1422
2014-02-25,1435
2014-02-26,1423
2014-02-27,1426
2014-02-28,1425
2014-03-01,1428
2014-03-02,1425
2014-03-03,1435
2014-03-04,1416
2014-03-05,1417
2014-03-06,1421
2014-03-07,1477
2014-03-08,1418
2014-03-09,1422
2014-03-10,1438
2014-03-11,1437
2014-03-12,1441
2014-03-13,1442
2014-03-14,1459
2014-03-15,1512
2014-03-16,1508
2014-03-17,1505
2014-03-18,1501
2014-03-19,1504
2014-03-20,1509
2014-03-21,1518
2014-03-22,1516
2014-03-23,1513
2014-03-24,1512
2014-03-25,1512
2014-03-26,1510
2014-03-27,1519
2014-03-28,1510
2014-03-29,1513
2014-03-30,1510
2014-03-31,1505
2014-04-01,1508
2014-04-02,1505
2014-04-03,1512
2014-04-04,1511
2014-04-05,1510
2014-04-06,1510
2014-04-07,1507
2014-04-08,1509
2014-04-09,1514
2014-04-10,1520
2014-04-11,1519
2014-04-12,1517
2014-04-13,1516
2014-04-14,1512
2014-04-15,1514
2014-04-16,1514
2014-04-17,1510
2014-04-18,1508
2014-04-19,1508
2014-04-20,1507
2014-04-21,1508
2014-04-22,1510
2014-04-23,1510
2014-04-24,1510
2014-04-25,1511
2014-04-26,1511
2014-04-27,1510
2014-04-28,1516
2014-04-29,1515
2014-04-30,1517
2014-05-01,1513
2014-05-02,1517
2014-05-03,1517
2014-05-04,1519
2014-05-05,1519
2014-05-06,1517
2014-05-07,1521
2014-05-08,1525
2014-05-09,1526
2014-05-10,1523
2014-05-11,1523
2014-05-12,1525
2014-05-13,1525
2014-05-14,1521
2014-05-15,1523
2014-05-16,1522
2014-05-17,1521
2014-05-18,1522
2014-05-19,1526
2014-05-20,1524
2014-05-21,1524
2014-05-22,1525
2014-05-23,1529
2014-05-24,1512
2014-05-25,1511
2014-05-26,1515
2014-05-27,1520
2014-05-28,1523
2014-05-29,1523
2014-05-30,1524
2014-05-31,1519
2014-06-01,1520
2014-06-02,1522
2014-06-03,1519
2014-06-04,1518
2014-06-05,1522
2014-06-06,1523
2014-06-07,1516
2014-06-08,1520
2014-06-09,1520
2014-06-10,1516
2014-06-11,1514
2014-06-12,1516
2014-06-13,1517
2014-06-14,1520
2014-06-15,1518
2014-06-16,1519
2014-06-17,1522
2014-06-18,1517
2014-06-19,1518
2014-06-20,1517
2014-06-21,1519
2014-06-22,1517
2014-06-23,1520
2014-06-24,1524
2014-06-25,1523
2014-06-26,1526
2014-06-27,1525
2014-06-28,1528
2014-06-29,1532
2014-06-30,1526
2014-07-01,1522
2014-07-02,1523
2014-07-03,1529
2014-07-04,1525
2014-07-05,1526
2014-07-06,1527
2014-07-07,1527
2014-07-08,1526
2014-07-09,1528
2014-07-10,1529
2014-07-11,1526
2014-07-12,1525
2014-07-13,1526
2014-07-14,1525
2014-07-15,1528
2014-07-16,1535
2014-07-17,1538
2014-07-18,1536
2014-07-19,1541
2014-07-20,1539
2014-07-21,1540
2014-07-22,1538
2014-07-23,1542
2014-07-24,1541
2014-07-25,1542
2014-07-26,1540
2014-07-27,1544
2014-07-28,1540
2014-07-29,1548
2014-07-30,1544
2014-07-31,1546
2014-08-01,1548
2014-08-02,1548
2014-08-03,1550
2014-08-04,1557
2014-08-05,1541
2014-08-06,1546
2014-08-07,1547
2014-08-08,1547
2014-08-09,1547
2014-08-10,1550
2014-08-11,1550
2014-08-12,1549
2014-08-13,1550
2014-08-14,1555
2014-08-15,1558
2014-08-16,1555
2014-08-17,1562
2014-08-18,1559
2014-08-19,1560
2014-08-20,1558
2014-08-21,1555
2014-08-22,1555
2014-08-23,1559
2014-08-24,1558
2014-08-25,1552
2014-08-26,1549
2014-08-27,1551
2014-08-28,1550
2014-08-29,1558
2014-08-30,1546
2014-08-31,1547
2014-09-01,1552
2014-09-02,1549
2014-09-03,1549
2014-09-04,1547
2014-09-05,1549
2014-09-06,1546
2014-09-07,1546
2014-09-08,1544
2014-09-09,1543
2014-09-10,1540
2014-09-11,1540
2014-09-12,1538
2014-09-13,1538
2014-09-14,1537
2014-09-15,1536
2014-09-16,1534
2014-09-17,1536
2014-09-18,1532
2014-09-19,1535
2014-09-20,1534
2014-09-21,1534
2014-09-22,1538
2014-09-23,1539
2014-09-24,1538
2014-09-25,1537
2014-09-26,1537
2014-09-27,1539
2014-09-28,1539
2014-09-29,1542
2014-09-30,1544
2014-10-01,1540
2014-10-02,1536
2014-10-03,1541
2014-10-04,1539
2014-10-05,1538
2014-10-06,1533
2014-10-07,1529
2014-10-08,1535
2014-10-09,1532
2014-10-10,1527
2014-10-11,1524
2014-10-12,1522
2014-10-13,1529
2014-10-14,1533
2014-10-15,1531
2014-10-16,1528
2014-10-17,1528
2014-10-18,1531
2014-10-19,1533
2014-10-20,1534
2014-10-21,1534
2014-10-22,1528
2014-10-23,1531
2014-10-24,1532
2014-10-25,1535
2014-10-26,1533
2014-10-27,1532
2014-10-28,1532
2014-10-29,1530
2014-10-30,1531
2014-10-31,1530
2014-11-01,1533
2014-11-02,1536
2014-11-03,1539
2014-11-04,1538
2014-11-05,1538
2014-11-06,1539
2014-11-07,1547
2014-11-08,1547
2014-11-09,1546
2014-11-10,1552
2014-11-11,1559
2014-11-12,1553
2014-11-13,1548
2014-11-14,1550
2014-11-15,1551
2014-11-16,1553
2014-11-17,1570
2014-11-18,1561
2014-11-19,1561
2014-11-20,1563
2014-11-21,1566
2014-11-22,1567
2014-11-23,1567
2014-11-24,1571
2014-11-25,1571
2014-11-26,1569
2014-11-27,1567
2014-11-28,1562
2014-11-29,1559
2014-11-30,1561
2014-12-01,1555
2014-12-02,1552
2014-12-03,1557
2014-12-04,1543
2014-12-05,1538
2014-12-06,1533
2014-12-07,1531
2014-12-08,1531
2014-12-09,1521
2014-12-10,1523
2014-12-11,1524
2014-12-12,1522
2014-12-13,1523
2014-12-14,1524
2014-12-15,1529
2014-12-16,1531
2014-12-17,1531
2014-12-18,1533
2014-12-19,1543
2014-12-20,1543
2014-12-21,1556
2014-12-22,1557
2014-12-23,1563
2014-12-24,1553
2014-12-25,1551
2014-12-26,1553
2014-12-27,1551
2014-12-28,1553
2014-12-29,1553
2014-12-30,1539
2014-12-31,1530
2015-01-01,1530
2015-01-02,1532
2015-01-03,1537
2015-01-04,1536
2015-01-05,1528
2015-01-06,1528
2015-01-07,1531
2015-01-08,1538
2015-01-09,1548
2015-01-10,1544
2015-01-11,1543
2015-01-12,1541
2015-01-13,1532
2015-01-14,1537
2015-01-15,1534
2015-01-16,1532
2015-01-17,1529
2015-01-18,1531
2015-01-19,1527
2015-01-20,1534
2015-01-21,1544
2015-01-22,1528
2015-01-23,1524
2015-01-24,1530
2015-01-25,1531
2015-01-26,1532
2015-01-27,1541
2015-01-28,1536
2015-01-29,1532
2015-01-30,1532
2015-01-31,1542
2015-02-01,1548
2015-02-02,1550
2015-02-03,1547
2015-02-04,1548
2015-02-05,1548
2015-02-06,1550
2015-02-07,1545
2015-02-08,1545
2015-02-09,1551
2015-02-10,1550
2015-02-11,1545
2015-02-12,1547
2015-02-13,1542
2015-02-14,1546
2015-02-15,1543
2015-02-16,1544
2015-02-17,1543
2015-02-18,1541
2015-02-19,1534
2015-02-20,1534
2015-02-21,1532
2015-02-22,1532
2015-02-23,1542
2015-02-24,1545
2015-02-25,1547
2015-02-26,1548
2015-02-27,1546
2015-02-28,1545
2015-03-01,1544
2015-03-02,1546
2015-03-03,1547
2015-03-04,1551
2015-03-05,1546
2015-03-06,1544
2015-03-07,1560
2015-03-08,1684
2015-03-09,1689
2015-03-10,1687
2015-03-11,1697
2015-03-12,1704
2015-03-13,1701
2015-03-14,1711
2015-03-15,1713
2015-03-16,1719
2015-03-17,1712
2015-03-18,1706
2015-03-19,1699
2015-03-20,1695
2015-03-21,1697
2015-03-22,1696
2015-03-23,1687
2015-03-24,1688
2015-03-25,1695
2015-03-26,1685
2015-03-27,1682
2015-03-28,1680
2015-03-29,1679
2015-03-30,1684
2015-03-31,1683
2015-04-01,1688
2015-04-02,1704
2015-04-03,1702
2015-04-04,1705
2015-04-05,1703
2015-04-06,1700
2015-04-07,1699
2015-04-08,1696
2015-04-09,1699
2015-04-10,1699
2015-04-11,1701
2015-04-12,1701
2015-04-13,1699
2015-04-14,1692
2015-04-15,1686
2015-04-16,1684
2015-04-17,1682
2015-04-18,1683
2015-04-19,1683
2015-04-20,1681
2015-04-21,1680
2015-04-22,1678
2015-04-23,1678
2015-04-24,1678
2015-04-25,1678
2015-04-26,1676
2015-04-27,1671
2015-04-28,1670
2015-04-29,1672
2015-04-30,1666
2015-05-01,1664
2015-05-02,1665
2015-05-03,1662
2015-05-04,1661
2015-05-05,1660
2015-05-06,1659
2015-05-07,1658
2015-05-08,1658
2015-05-09,1659
2015-05-10,1655
2015-05-11,1653
2015-05-12,1651
2015-05-13,1650
2015-05-14,1649
2015-05-15,1646
2015-05-16,1652
2015-05-17,1652
2015-05-18,1650
2015-05-19,1642
2015-05-20,1649
2015-05-21,1650
2015-05-22,1657
2015-05-23,1657
2015-05-24,1660
2015-05-25,1658
2015-05-26,1656
2015-05-27,1657
2015-05-28,1658
2015-05-29,1657
2015-05-30,1666
2015-05-31,1670
2015-06-01,1665
2015-06-02,1666
2015-06-03,1667
2015-06-04,1669
2015-06-05,1669
2015-06-06,1668
2015-06-07,1666
2015-06-08,1667
2015-06-09,1664
2015-06-10,1662
2015-06-11,1663
2015-06-12,1661
2015-06-13,1664
2015-06-14,1663
2015-06-15,1661
2015-06-16,1668
2015-06-17,1675
2015-06-18,1678
2015-06-19,1669
2015-06-20,1678
2015-06-21,1673
2015-06-22,1672
2015-06-23,1678
2015-06-24,1679
2015-06-25,1674
2015-06-26,1684
2015-06-27,1691
2015-06-28,1688
2015-06-29,1691
2015-06-30,1689
2015-07-01,1688
2015-07-02,1684
2015-07-03,1689
2015-07-04,1689
2015-07-05,1689
2015-07-06,1682
2015-07-07,1684
2015-07-08,1688
2015-07-09,1690
2015-07-10,1689
2015-07-11,1693
2015-07-12,1724
2015-07-13,1725
2015-07-14,1730
2015-07-15,1729
2015-07-16,1731
2015-07-17,1721
2015-07-18,1720
2015-07-19,1723
2015-07-20,1722
2015-07-21,1713
2015-07-22,1714
2015-07-23,1719
2015-07-24,1717
2015-07-25,1727
2015-07-26,1734
2015-07-27,1723
2015-07-28,1715
2015-07-29,1711
2015-07-30,1712
2015-07-31,1714
2015-08-01,1712
2015-08-02,1710
2015-08-03,1712
2015-08-04,1711
2015-08-05,1707
2015-08-06,1714
2015-08-07,1713
2015-08-08,1726
2015-08-09,1733
2015-08-10,1717
2015-08-11,1716
2015-08-12,1709
2015-08-13,1705
2015-08-14,1703
2015-08-15,1712
2015-08-16,1713
2015-08-17,1711
2015-08-18,1708
2015-08-19,1707
2015-08-20,1709
2015-08-21,1704
2015-08-22,1705
2015-08-23,1706
2015-08-24,1709
2015-08-25,1711
2015-08-26,1714
2015-08-27,1713
2015-08-28,1714
2015-08-29,1713
2015-08-30,1713
2015-08-31,1713
2015-09-01,1719
2015-09-02,1727
2015-09-03,1721
2015-09-04,1721
2015-09-05,1717
2015-09-06,1717
2015-09-07,1723
2015-09-08,1736
2015-09-09,1740
2015-09-10,1748
2015-09-11,1753
2015-09-12,1749
2015-09-13,1751
2015-09-14,1748
2015-09-15,1747
2015-09-16,1746
2015-09-17,1748
2015-09-18,1746
2015-09-19,1745
2015-09-20,1743
2015-09-21,1744
2015-09-22,1737
2015-09-23,1736
2015-09-24,1727
2015-09-25,1736
2015-09-26,1735
2015-09-27,1735
2015-09-28,1727
2015-09-29,1724
2015-09-30,1723
2015-10-01,1716
2015-10-02,1719
2015-10-03,1726
2015-10-04,1744
2015-10-05,1739
2015-10-06,1748
2015-10-07,1746
2015-10-08,1747
2015-10-09,1748
2015-10-10,1751
2015-10-11,1759
2015-10-12,1758
2015-10-13,1760
2015-10-14,1760
2015-10-15,1776
2015-10-16,1778
2015-10-17,1780
2015-10-18,1785
2015-10-19,1787
2015-10-20,1782
2015-10-21,1800
2015-10-22,1792
2015-10-23,1788
2015-10-24,1780
2015-10-25,1773
2015-10-26,1773
2015-10-27,1767
2015-10-28,1780
2015-10-29,1772
2015-10-30,1792
2015-10-31,1788
2015-11-01,1786
2015-11-02,1780
2015-11-03,1770
2015-11-04,1790
2015-11-05,1817
2015-11-06,1813
2015-11-07,1806
2015-11-08,1809
2015-11-09,1810
2015-11-10,1825
2015-11-11,1815
2015-11-12,1815
2015-11-13,1818
2015-11-14,1796
2015-11-15,1781
2015-11-16,1769
2015-11-17,1768
2015-11-18,1793
2015-11-19,1791
2015-11-20,1783
2015-11-21,1784
2015-11-22,1783
2015-11-23,1778
2015-11-24,1767
2015-11-25,1759
2015-11-26,1749
2015-11-27,1786
2015-11-28,1796
2015-11-29,1794
2015-11-30,1794
2015-12-01,1769
2015-12-02,1755
2015-12-03,1768
2015-12-04,1763
2015-12-05,1732
2015-12-06,1715
2015-12-07,1703
2015-12-08,1729
2015-12-09,1715
2015-12-10,1712
2015-12-11,1707
2015-12-12,1710
2015-12-13,1709
2015-12-14,1706
2015-12-15,1709
2015-12-16,1718
2015-12-17,1730
2015-12-18,1726
2015-12-19,1742
2015-12-20,1742
2015-12-21,1741
2015-12-22,1742
2015-12-23,1740
2015-12-24,1731
2015-12-25,1727
2015-12-26,1722
2015-12-27,1723
2015-12-28,1731
2015-12-29,1729
2015-12-30,1733
2015-12-31,1730
2016-01-01,1731
2016-01-02,1733
2016-01-03,1731
2016-01-04,1733
2016-01-05,1737
2016-01-06,1752
2016-01-07,1734
2016-01-08,1737
2016-01-09,1734
2016-01-10,1738
2016-01-11,1738
2016-01-12,1737
2016-01-13,1741
2016-01-14,1744
2016-01-15,1742
2016-01-16,1738
2016-01-17,1741
2016-01-18,1733
2016-01-19,1737
2016-01-20,1739
2016-01-21,1737
2016-01-22,1755
2016-01-23,1753
2016-01-24,1752
2016-01-25,1754
2016-01-26,1752
2016-01-27,1762
2016-01-28,1759
2016-01-29,1776
2016-01-30,1770
2016-01-31,1775
2016-02-01,1773
2016-02-02,1774
2016-02-03,1772
2016-02-04,1765
2016-02-05,1790
2016-02-06,1789
2016-02-07,1788
2016-02-08,1793
2016-02-09,1786
2016-02-10,1791
2016-02-11,1786
2016-02-12,1782
2016-02-13,1778
2016-02-14,1781
2016-02-15,1781
2016-02-16,1780
2016-02-17,1803
2016-02-18,1799
2016-02-19,1800
2016-02-20,1798
2016-02-21,1800
2016-02-22,1801
2016-02-23,1801
2016-02-24,1801
2016-02-25,1788
2016-02-26,1790
2016-02-27,1809
2016-02-28,1811
2016-02-29,1795
2016-03-01,1778
2016-03-02,1776
2016-03-03,1783
2016-03-04,1779
2016-03-05,1783
2016-03-06,1780
2016-03-07,1804
2016-03-08,1818
2016-03-09,1821
2016-03-10,1819
2016-03-11,1849
2016-03-12,1849
2016-03-13,1853
2016-03-14,1851
2016-03-15,1849
2016-03-16,1860
2016-03-17,1854
2016-03-18,1865
2016-03-19,1864
2016-03-20,1860
2016-03-21,1858
2016-03-22,1848
2016-03-23,1843
2016-03-24,1843
2016-03-25,1838
2016-03-26,1847
2016-03-27,1847
2016-03-28,1845
2016-03-29,1868
2016-03-30,1873
2016-03-31,1872
2016-04-01,1876
2016-04-02,1871
2016-04-03,1872
2016-04-04,1874
2016-04-05,1872
2016-04-06,1881
2016-04-07,1842
2016-04-08,1845
2016-04-09,1851
2016-04-10,1834
2016-04-11,1835
2016-04-12,1845
2016-04-13,1834
2016-04-14,1841
2016-04-15,1850
2016-04-16,1868
2016-04-17,1867
2016-04-18,1858
2016-04-19,1865
2016-04-20,1864
2016-04-21,1872
2016-04-22,1868
2016-04-23,1866
2016-04-24,1860
2016-04-25,1868
2016-04-26,1869
2016-04-27,1861
2016-04-28,1865
2016-04-29,1869
2016-04-30,1870
2016-05-01,1870
2016-05-02,1873
2016-05-03,1872
2016-05-04,1861
2016-05-05,1854
2016-05-06,1880
2016-05-07,1880
2016-05-08,1882
2016-05-09,1888
2016-05-10,1886
2016-05-11,1886
2016-05-12,1886
2016-05-13,1885
2016-05-14,1887
2016-05-15,1881
2016-05-16,1888
2016-05-17,1892
2016-05-18,1889
2016-05-19,1888
2016-05-20,1896
2016-05-21,1890
2016-05-22,1896
2016-05-23,1896
2016-05-24,1892
2016-05-25,1875
2016-05-26,1865
2016-05-27,1845
2016-05-28,1832
2016-05-29,1822
2016-05-30,1821
2016-05-31,1820
2016-06-01,1819
2016-06-02,1828
2016-06-03,1822
2016-06-04,1818
2016-06-05,1823
2016-06-06,1827
2016-06-07,1826
2016-06-08,1833
2016-06-09,1838
2016-06-10,1840
2016-06-11,1838
2016-06-12,1827
2016-06-13,1842
2016-06-14,1842
2016-06-15,1862
2016-06-16,1871
2016-06-17,1884
2016-06-18,1886
2016-06-19,1886
2016-06-20,1886
2016-06-21,1876
2016-06-22,1883
2016-06-23,1883
2016-06-24,1882
2016-06-25,1896
2016-06-26,1895
2016-06-27,1896
2016-06-28,1888
2016-06-29,1894
2016-06-30,1892
2016-07-01,1890
2016-07-02,1892
2016-07-03,1884
2016-07-04,1886
2016-07-05,1876
2016-07-06,1890
2016-07-07,1884
2016-07-08,1874
2016-07-09,1881
2016-07-10,1882
2016-07-11,1885
2016-07-12,1885
2016-07-13,1882
2016-07-14,1882
2016-07-15,1883
2016-07-16,1879
2016-07-17,1886
2016-07-18,1890
2016-07-19,1886
2016-07-20,1887
2016-07-21,1892
2016-07-22,1889
2016-07-23,1887
2016-07-24,1886
2016-07-25,1886
2016-07-26,1886
2016-07-27,1887
2016-07-28,1886
2016-07-29,1885
2016-07-30,1886
2016-07-31,1886
2016-08-01,1889
2016-08-02,1891
2016-08-03,1890
2016-08-04,1892
2016-08-05,1888
2016-08-06,1885
2016-08-07,1872
2016-08-08,1867
2016-08-09,1872
2016-08-10,1882
2016-08-11,1885
2016-08-12,1881
2016-08-13,1880
2016-08-14,1875
2016-08-15,1870
2016-08-16,1882
2016-08-17,1884
2016-08-18,1889
2016-08-19,1886
2016-08-20,1892
2016-08-21,1890
2016-08-22,1895
2016-08-23,1892
2016-08-24,1879
2016-08-25,1881
2016-08-26,1876
2016-08-27,1881
2016-08-28,1884
2016-08-29,1878
2016-08-30,1887
2016-08-31,1891
2016-09-01,1891
2016-09-02,1887
2016-09-03,1886
2016-09-04,1889
2016-09-05,1890
2016-09-06,1881
2016-09-07,1883
2016-09-08,1876
2016-09-09,1879
2016-09-10,1877
2016-09-11,1882
2016-09-12,1873
2016-09-13,1867
2016-09-14,1864
2016-09-15,1855
2016-09-16,1853
2016-09-17,1857
2016-09-18,1853
2016-09-19,1854
2016-09-20,1853
2016-09-21,1850
2016-09-22,1842
2016-09-23,1845
2016-09-24,1848
2016-09-25,1849
2016-09-26,1846
2016-09-27,1842
2016-09-28,1839
2016-09-29,1836
2016-09-30,1841
2016-10-01,1843
2016-10-02,1841
2016-10-03,1838
2016-10-04,1839
2016-10-05,1841
2016-10-06,1840
2016-10-07,1843
2016-10-08,1850
2016-10-09,1849
2016-10-10,1841
2016-10-11,1818
2016-10-12,1826
2016-10-13,1820
2016-10-14,1830
2016-10-15,1825
2016-10-16,1825
2016-10-17,1827
2016-10-18,1824
2016-10-19,1824
2016-10-20,1822
2016-10-21,1824
2016-10-22,1823
2016-10-23,1820
2016-10-24,1820
2016-10-25,1820
2016-10-26,1813
2016-10-27,1807
2016-10-28,1810
2016-10-29,1810
2016-10-30,1812
2016-10-31,1819
2016-11-01,1815
2016-11-02,1807
2016-11-03,1803
2016-11-04,1799
2016-11-05,1805
2016-11-06,1804
2016-11-07,1808
2016-11-08,1807
2016-11-09,1811
2016-11-10,1811
2016-11-11,1810
2016-11-12,1816
2016-11-13,1810
2016-11-14,1809
2016-11-15,1812
2016-11-16,1800
2016-11-17,1794
2016-11-18,1786
2016-11-19,1788
2016-11-20,1790
2016-11-21,1794
2016-11-22,1794
2016-11-23,1793
2016-11-24,1802
2016-11-25,1796
2016-11-26,1797
2016-11-27,1799
2016-11-28,1799
2016-11-29,1794
2016-11-30,1794
2016-12-01,1795
2016-12-02,1787
2016-12-03,1785
2016-12-04,1787
2016-12-05,1781
2016-12-06,1780
2016-12-07,1786
2016-12-08,1782
2016-12-09,1785
2016-12-10,1787
2016-12-11,1786
2016-12-12,1787
2016-12-13,1780
2016-12-14,1773
2016-12-15,1765
2016-12-16,1762
2016-12-17,1759
2016-12-18,1759
2016-12-19,1757
2016-12-20,1761
2016-12-21,1759
2016-12-22,1756
2016-12-23,1745
2016-12-24,1744
2016-12-25,1735
2016-12-26,1736
2016-12-27,1741
2016-12-28,1731
2016-12-29,1726
2016-12-30,1738
2016-12-31,1741
2017-01-01,1739
2017-01-02,1737
2017-01-03,1726
2017-01-04,1734
2017-01-05,1719
2017-01-06,1725
2017-01-07,1727
2017-01-08,1722
2017-01-09,1722
2017-01-10,1731
2017-01-11,1720
2017-01-12,1718
2017-01-13,1719
2017-01-14,1723
2017-01-15,1720
2017-01-16,1722
2017-01-17,1722
2017-01-18,1722
2017-01-19,1726
2017-01-20,1722
2017-01-21,1727
2017-01-22,1732
2017-01-23,1726
2017-01-24,1721
2017-01-25,1728
2017-01-26,1724
2017-01-27,1725
2017-01-28,1725
2017-01-29,1724
2017-01-30,1721
2017-01-31,1721
2017-02-01,1711
2017-02-02,1712
2017-02-03,1716
2017-02-04,1715
2017-02-05,1722
2017-02-06,1712
2017-02-07,1710
2017-02-08,1712
2017-02-09,1716
2017-02-10,1718
2017-02-11,1715
2017-02-12,1716
2017-02-13,1716
2017-02-14,1714
2017-02-15,1716
2017-02-16,1718
2017-02-17,1713
2017-02-18,1706
2017-02-19,1727
2017-02-20,1724
2017-02-21,1734
2017-02-22,1725
2017-02-23,1733
2017-02-24,1742
2017-02-25,1747
2017-02-26,1751
2017-02-27,1757
2017-02-28,1751
2017-03-01,1752
2017-03-02,1741
2017-03-03,1745
2017-03-04,1740
2017-03-05,1739
2017-03-06,1738
2017-03-07,1757
2017-03-08,1760
2017-03-09,1755
2017-03-10,1760
2017-03-11,1759
2017-03-12,1764
2017-03-13,1764
2017-03-14,1765
2017-03-15,1758
2017-03-16,1759
2017-03-17,1759
2017-03-18,1749
2017-03-19,1754
2017-03-20,1764
2017-03-21,1766
2017-03-22,1765
2017-03-23,1758
2017-03-24,1768
2017-03-25,1783
2017-03-26,1780
2017-03-27,1768
2017-03-28,1767
2017-03-29,1770
2017-03-30,1785
2017-03-31,1779
2017-04-01,1780
2017-04-02,1779
2017-04-03,1790
2017-04-04,1792
2017-04-05,1784
2017-04-06,1785
2017-04-07,1786
2017-04-08,1793
2017-04-09,1792
2017-04-10,1796
2017-04-11,1800
2017-04-12,1790
2017-04-13,1793
2017-04-14,1791
2017-04-15,1792
2017-04-16,1794
2017-04-17,1797
2017-04-18,1794
2017-04-19,1799
2017-04-20,1799
2017-04-21,1798
2017-04-22,1799
2017-04-23,1798
2017-04-24,1810
2017-04-25,1796
2017-04-26,1792
2017-04-27,1789
2017-04-28,1782
2017-04-29,1784
2017-04-30,1784
2017-05-01,1785
2017-05-02,1785
2017-05-03,1785
2017-05-04,1771
2017-05-05,1773
2017-05-06,1772
2017-05-07,1773
2017-05-08,1778
2017-05-09,1781
2017-05-10,1770
2017-05-11,1775
2017-05-12,1775
2017-05-13,1779
2017-05-14,1773
2017-05-15,1751
2017-05-16,1752
2017-05-17,1747
2017-05-18,1738
2017-05-19,1745
2017-05-20,1747
2017-05-21,1744
2017-05-22,1737
2017-05-23,1742
2017-05-24,1741
2017-05-25,1732
2017-05-26,1717
2017-05-27,1725
2017-05-28,1725
2017-05-29,1727
2017-05-30,1728
2017-05-31,1740
2017-06-01,1733
2017-06-02,1722
2017-06-03,1735
2017-06-04,1732
2017-06-05,1724
2017-06-06,1721
2017-06-07,1728
2017-06-08,1728
2017-06-09,1737
2017-06-10,1745
2017-06-11,1740
2017-06-12,1729
2017-06-13,1734
2017-06-14,1730
2017-06-15,1736
2017-06-16,1747
2017-06-17,1751
2017-06-18,1747
2017-06-19,1765
2017-06-20,1749
2017-06-21,1746
2017-06-22,1756
2017-06-23,1755
2017-06-24,1758
2017-06-25,1758
2017-06-26,1756
2017-06-27,1756
2017-06-28,1764
2017-06-29,1766
2017-06-30,1770
2017-07-01,1772
2017-07-02,1772
2017-07-03,1780
2017-07-04,1772
2017-07-05,1763
2017-07-06,1760
2017-07-07,1756
2017-07-08,1762
2017-07-09,1755
2017-07-10,1760
2017-07-11,1764
2017-07-12,1770
2017-07-13,1775
2017-07-14,1770
2017-07-15,1768
2017-07-16,1782
2017-07-17,1787
2017-07-18,1785
2017-07-19,1787
2017-07-20,1782
2017-07-21,1782
2017-07-22,1780
2017-07-23,1774
2017-07-24,1768
2017-07-25,1770
2017-07-26,1792
2017-07-27,1794
2017-07-28,1774
2017-07-29,1787
2017-07-30,1784
2017-07-31,1781
2017-08-01,1799
2017-08-02,1824
2017-08-03,1801
2017-08-04,1795
2017-08-05,1806
2017-08-06,1798
2017-08-07,1797
2017-08-08,1799
2017-08-09,1804
2017-08-10,1790
2017-08-11,1788
2017-08-12,1788
2017-08-13,1787
2017-08-14,1781
2017-08-15,1785
2017-08-16,1792
2017-08-17,1789
2017-08-18,1787
2017-08-19,1793
2017-08-20,1791
2017-08-21,1793
2017-08-22,1783
2017-08-23,1777
2017-08-24,1781
2017-08-25,1775
2017-08-26,1776
2017-08-27,1778
2017-08-28,1778
2017-08-29,1775
2017-08-30,1769
2017-08-31,1761
2017-09-01,1759
2017-09-02,1747
2017-09-03,1753
2017-09-04,1744
2017-09-05,1744
2017-09-06,1741
2017-09-07,1754
2017-09-08,1757
2017-09-09,1750
2017-09-10,1750
2017-09-11,1753
2017-09-12,1752
2017-09-13,1750
2017-09-14,1741
2017-09-15,1744
2017-09-16,1747
2017-09-17,1741
2017-09-18,1745
2017-09-19,1742
2017-09-20,1735
2017-09-21,1737
2017-09-22,1734
2017-09-23,1739
2017-09-24,1740
2017-09-25,1733
2017-09-26,1734
2017-09-27,1733
2017-09-28,1741
2017-09-29,1733
2017-09-30,1733
2017-10-01,1729
2017-10-02,1729
2017-10-03,1734
2017-10-04,1729
2017-10-05,1731
2017-10-06,1733
2017-10-07,1728
2017-10-08,1722
2017-10-09,1719
2017-10-10,1726
2017-10-11,1723
2017-10-12,1720
2017-10-13,1719
2017-10-14,1718
2017-10-15,1720
2017-10-16,1724
2017-10-17,1721
2017-10-18,1724
2017-10-19,1720
2017-10-20,1721
2017-10-21,1716
2017-10-22,1711
2017-10-23,1709
2017-10-24,1712
2017-10-25,1722
2017-10-26,1727
2017-10-27,1727
2017-10-28,1722
2017-10-29,1726
2017-10-30,1730
2017-10-31,1727
2017-11-01,1734
2017-11-02,1733
2017-11-03,1733
2017-11-04,1724
2017-11-05,1731
2017-11-06,1738
2017-11-07,1739
2017-11-08,1735
2017-11-09,1720
2017-11-10,1716
2017-11-11,1712
2017-11-12,1713
2017-11-13,1707
2017-11-14,1715
2017-11-15,1715
2017-11-16,1716
2017-11-17,1707
2017-11-18,1700
2017-11-19,1699
2017-11-20,1699
2017-11-21,1692
2017-11-22,1697
2017-11-23,1699
2017-11-24,1700
2017-11-25,1699
2017-11-26,1699
2017-11-27,1692
2017-11-28,1678
2017-11-29,1680
2017-11-30,1676
2017-12-01,1680
2017-12-02,1691
2017-12-03,1687
2017-12-04,1680
2017-12-05,1675
2017-12-06,1671
2017-12-07,1670
2017-12-08,1672
2017-12-09,1672
2017-12-10,1674
2017-12-11,1680
2017-12-12,1675
2017-12-13,1663
2017-12-14,1662
2017-12-15,1652
2017-12-16,1655
2017-12-17,1651
2017-12-18,1650
2017-12-19,1652
2017-12-20,1656
2017-12-21,1659
2017-12-22,1655
2017-12-23,1657
2017-12-24,1654
2017-12-25,1661
2017-12-26,1651
2017-12-27,1653
2017-12-28,1656
2017-12-29,1641
2017-12-30,1634
2017-12-31,1638
2018-01-01,1642
2018-01-02,1641
2018-01-03,1635
2018-01-04,1630
2018-01-05,1622
2018-01-06,1621
2018-01-07,1618
2018-01-08,1622
2018-01-09,1621
2018-01-10,1617
2018-01-11,1625
2018-01-12,1629
2018-01-13,1627
2018-01-14,1630
2018-01-15,1623
2018-01-16,1613
2018-01-17,1610
2018-01-18,1615
2018-01-19,1616
2018-01-20,1619
2018-01-21,1621
2018-01-22,1619
2018-01-23,1621
2018-01-24,1620
2018-01-25,1619
2018-01-26,1620
2018-01-27,1622
2018-01-28,1632
2018-01-29,1630
2018-01-30,1627
2018-01-31,1627
2018-02-01,1639
2018-02-02,1631
2018-02-03,1633
2018-02-04,1642
2018-02-05,1630
2018-02-06,1636
2018-02-07,1635
2018-02-08,1641
2018-02-09,1642
2018-02-10,1645
2018-02-11,1644
2018-02-12,1643
2018-02-13,1643
2018-02-14,1651
2018-02-15,1661
2018-02-16,1657
2018-02-17,1645
2018-02-18,1638
2018-02-19,1641
2018-02-20,1646
2018-02-21,1649
2018-02-22,1643
2018-02-23,1640
2018-02-24,1643
2018-02-25,1642
2018-02-26,1638
2018-02-27,1643
2018-02-28,1649
2018-03-01,1656
2018-03-02,1654
2018-03-03,1658
2018-03-04,1658
2018-03-05,1662
2018-03-06,1661
2018-03-07,1659
2018-03-08,1660
2018-03-09,1665
2018-03-10,1667
2018-03-11,1662
2018-03-12,1670
2018-03-13,1664
2018-03-14,1668
2018-03-15,1668
2018-03-16,1670
2018-03-17,1675
2018-03-18,1674
2018-03-19,1668
2018-03-20,1669
2018-03-21,1663
2018-03-22,1659
2018-03-23,1654
2018-03-24,1653
2018-03-25,1646
2018-03-26,1651
2018-03-27,1662
2018-03-28,1659
2018-03-29,1662
2018-03-30,1665
2018-03-31,1666
2018-04-01,1666
2018-04-02,1659
2018-04-03,1663
2018-04-04,1665
2018-04-05,1666
2018-04-06,1668
2018-04-07,1664
2018-04-08,1658
2018-04-09,1657
2018-04-10,1653
2018-04-11,1657
2018-04-12,1656
2018-04-13,1650
2018-04-14,1650
2018-04-15,1648
2018-04-16,1648
2018-04-17,1653
2018-04-18,1654
2018-04-19,1653
2018-04-20,1648
2018-04-21,1648
2018-04-22,1649
2018-04-23,1639
2018-04-24,1637
2018-04-25,1647
2018-04-26,1645
2018-04-27,1645
2018-04-28,1657
2018-04-29,1654
2018-04-30,1651
2018-05-01,1648
2018-05-02,1660
2018-05-03,1659
2018-05-04,1655
2018-05-05,1655
2018-05-06,1653
2018-05-07,1653
2018-05-08,1660
2018-05-09,1653
2018-05-10,1653
2018-05-11,1653
2018-05-12,1651
2018-05-13,1648
2018-05-14,1643
2018-05-15,1640
2018-05-16,1646
2018-05-17,1645
2018-05-18,1649
2018-05-19,1650
2018-05-20,1647
2018-05-21,1646
2018-05-22,1645
2018-05-23,1647
2018-05-24,1649
2018-05-25,1655
2018-05-26,1655
2018-05-27,1656
2018-05-28,1653
2018-05-29,1651
2018-05-30,1657
2018-05-31,1655
2018-06-01,1665
2018-06-02,1660
2018-06-03,1664
2018-06-04,1657
2018-06-05,1651
2018-06-06,1654
2018-06-07,1657
2018-06-08,1653
2018-06-09,1656
2018-06-10,1655
2018-06-11,1653
2018-06-12,1654
2018-06-13,1651
2018-06-14,1648
2018-06-15,1652
2018-06-16,1652
2018-06-17,1651
2018-06-18,1646
2018-06-19,1645
2018-06-20,1642
2018-06-21,1641
2018-06-22,1637
2018-06-23,1639
2018-06-24,1637
2018-06-25,1638
2018-06-26,1641
2018-06-27,1642
2018-06-28,1642
2018-06-29,1646
2018-06-30,1642
2018-07-01,1644
2018-07-02,1638
2018-07-03,1642
2018-07-04,1639
2018-07-05,1639
2018-07-06,1644
2018-07-07,1644
2018-07-08,1651
2018-07-09,1651
2018-07-10,1648
2018-07-11,1656
2018-07-12,1656
2018-07-13,1658
2018-07-14,1657
2018-07-15,1655
2018-07-16,1657
2018-07-17,1655
2018-07-18,1657
2018-07-19,1660
2018-07-20,1654
2018-07-21,1652
2018-07-22,1649
2018-07-23,1650
2018-07-24,1645
2018-07-25,1649
2018-07-26,1648
2018-07-27,1645
2018-07-28,1647
2018-07-29,1655
2018-07-30,1653
2018-07-31,1650
2018-08-01,1646
2018-08-02,1646
2018-08-03,1647
2018-08-04,1644
2018-08-05,1646
2018-08-06,1645
2018-08-07,1650
2018-08-08,1654
2018-08-09,1652
2018-08-10,1657
2018-08-11,1658
2018-08-12,1657
2018-08-13,1657
2018-08-14,1649
2018-08-15,1650
2018-08-16,1648
2018-08-17,1647
2018-08-18,1647
2018-08-19,1652
2018-08-20,1652
2018-08-21,1652
2018-08-22,1651
2018-08-23,1649
2018-08-24,1650
2018-08-25,1653
2018-08-26,1651
2018-08-27,1650
2018-08-28,1649
2018-08-29,1651
2018-08-30,1646
2018-08-31,1647
2018-09-01,1646
2018-09-02,1645
2018-09-03,1640
2018-09-04,1640
2018-09-05,1642
2018-09-06,1639
2018-09-07,1636
2018-09-08,1638
2018-09-09,1641
2018-09-10,1650
2018-09-11,1648
2018-09-12,1651
2018-09-13,1651
2018-09-14,1649
2018-09-15,1653
2018-09-16,1651
2018-09-17,1656
2018-09-18,1658
2018-09-19,1655
2018-09-20,1656
2018-09-21,1651
2018-09-22,1653
2018-09-23,1656
2018-09-24,1652
2018-09-25,1655
2018-09-26,1658
2018-09-27,1658
2018-09-28,1656
2018-09-29,1655
2018-09-30,1660
2018-10-01,1652
2018-10-02,1670
2018-10-03,1682
2018-10-04,1684
2018-10-05,1688
2018-10-06,1691
2018-10-07,1690
2018-10-08,1690
2018-10-09,1692
2018-10-10,1699
2018-10-11,1693
2018-10-12,1707
2018-10-13,1704
2018-10-14,1710
2018-10-15,1709
2018-10-16,1711
2018-10-17,1711
2018-10-18,1717
2018-10-19,1721
2018-10-20,1722
2018-10-21,1724
2018-10-22,1737
2018-10-23,1744
2018-10-24,1745
2018-10-25,1750
2018-10-26,1759
2018-10-27,1757
2018-10-28,1758
2018-10-29,1750
2018-10-30,1755
2018-10-31,1760
2018-11-01,1765
2018-11-02,1762
2018-11-03,1760
2018-11-04,1761
2018-11-05,1764
2018-11-06,1760
2018-11-07,1761
2018-11-08,1766
2018-11-09,1767
2018-11-10,1772
2018-11-11,1770
2018-11-12,1773
2018-11-13,1772
2018-11-14,1772
2018-11-15,1780
2018-11-16,1783
2018-11-17,1776
2018-11-18,1777
2018-11-19,1775
2018-11-20,1780
2018-11-21,1780
2018-11-22,1782
2018-11-23,1782
2018-11-24,1779
2018-11-25,1778
2018-11-26,1779
2018-11-27,1788
2018-11-28,1789
2018-11-29,1793
2018-11-30,1806
2018-12-01,1808
2018-12-02,1808
2018-12-03,1819
2018-12-04,1847
2018-12-05,1860
2018-12-06,1865
2018-12-07,1859
2018-12-08,1858
2018-12-09,1857
2018-12-10,1854
2018-12-11,1858
2018-12-12,1858
2018-12-13,1856
2018-12-14,1856
2018-12-15,1851
2018-12-16,1849
2018-12-17,1853
2018-12-18,1851
2018-12-19,1851
2018-12-20,1858
2018-12-21,1855
2018-12-22,1854
2018-12-23,1858
2018-12-24,1862
2018-12-25,1860
2018-12-26,1859
2018-12-27,1858
2018-12-28,1855
2018-12-29,1853
2018-12-30,1851
2018-12-31,1846
2019-01-01,1848
2019-01-02,1844
2019-01-03,1844
2019-01-04,1843
2019-01-05,1841
2019-01-06,1839
2019-01-07,1844
2019-01-08,1843
2019-01-09,1852
2019-01-10,1849
2019-01-11,1842
2019-01-12,1841
2019-01-13,1843
2019-01-14,1840
2019-01-15,1841
2019-01-16,1837
2019-01-17,1836
2019-01-18,1837
2019-01-19,1837
2019-01-20,1836
2019-01-21,1837
2019-01-22,1837
2019-01-23,1837
2019-01-24,1838
2019-01-25,1838
2019-01-26,1839
2019-01-27,1836
2019-01-28,1839
2019-01-29,1840
2019-01-30,1839
2019-01-31,1841
2019-02-01,1841
2019-02-02,1842
2019-02-03,1843
2019-02-04,1840
2019-02-05,1836
2019-02-06,1840
2019-02-07,1835
2019-02-08,1837
2019-02-09,1842
2019-02-10,1840
2019-02-11,1846
2019-02-12,1841
2019-02-13,1835
2019-02-14,1829
2019-02-15,1830
2019-02-16,1832
2019-02-17,1832
2019-02-18,1828
2019-02-19,1823
2019-02-20,1824
2019-02-21,1809
2019-02-22,1811
2019-02-23,1811
2019-02-24,1813
2019-02-25,1817
2019-02-26,1817
2019-02-27,1816
2019-02-28,1882
2019-03-01,1883
2019-03-02,1886
2019-03-03,1890
2019-03-04,1883
2019-03-05,1878
2019-03-06,1882
2019-03-07,1881
2019-03-08,1884
2019-03-09,1882
2019-03-10,1884
2019-03-11,1879
2019-03-12,1877
2019-03-13,1880
2019-03-14,1881
2019-03-15,1883
2019-03-16,1961
2019-03-17,1961
2019-03-18,1962
2019-03-19,1963
2019-03-20,1958
2019-03-21,1962
2019-03-22,1962
2019-03-23,1962
2019-03-24,1960
2019-03-25,1957
2019-03-26,1955
2019-03-27,1961
2019-03-28,1966
2019-03-29,1974
2019-03-30,1975
2019-03-31,1977
2019-04-01,1977
2019-04-02,1981
2019-04-03,1980
2019-04-04,1981
2019-04-05,1986
2019-04-06,1983
2019-04-07,1981
2019-04-08,1977
2019-04-09,1979
2019-04-10,1977
2019-04-11,1977
2019-04-12,1974
2019-04-13,1972
2019-04-14,1973
2019-04-15,1976
2019-04-16,1980
2019-04-17,1982
2019-04-18,1981
2019-04-19,1983
2019-04-20,1983
2019-04-21,1983
2019-04-22,1988
2019-04-23,1984
2019-04-24,2003
2019-04-25,1995
2019-04-26,1995
2019-04-27,1993
2019-04-28,1995
2019-04-29,2004
2019-04-30,2014
2019-05-01,2010
2019-05-02,2011
2019-05-03,2011
2019-05-04,2010
2019-05-05,2006
2019-05-06,2008
2019-05-07,2013
2019-05-08,2014
2019-05-09,2008
2019-05-10,1990
2019-05-11,1993
2019-05-12,2000
2019-05-13,1997
2019-05-14,2003
2019-05-15,2005
2019-05-16,2004
2019-05-17,2001
2019-05-18,2000
2019-05-19,1999
2019-05-20,1994
2019-05-21,1995
2019-05-22,1999
2019-05-23,2004
2019-05-24,2000
2019-05-25,1998
2019-05-26,1998
2019-05-27,1994
2019-05-28,2000
2019-05-29,1995
2019-05-30,1996
2019-05-31,1995
2019-06-01,2002
2019-06-02,2000
2019-06-03,1998
2019-06-04,1999
2019-06-05,2002
2019-06-06,1998
2019-06-07,2004
2019-06-08,2005
2019-06-09,2003
2019-06-10,2003
2019-06-11,2000
2019-06-12,2005
2019-06-13,1995
2019-06-14,1999
2019-06-15,1997
2019-06-16,1995
2019-06-17,1990
2019-06-18,1992
2019-06-19,1996
2019-06-20,1995
2019-06-21,1993
2019-06-22,1994
2019-06-23,1991
2019-06-24,1994
2019-06-25,1991
2019-06-26,1984
2019-06-27,1986
2019-06-28,1998
2019-06-29,1999
2019-06-30,1979
2019-07-01,1976
2019-07-02,1975
2019-07-03,1973
2019-07-04,1973
2019-07-05,1977
2019-07-06,1974
2019-07-07,1974
2019-07-08,1972
2019-07-09,1969
2019-07-10,1971
2019-07-11,1973
2019-07-12,1966
2019-07-13,1968
2019-07-14,1966
2019-07-15,1964
2019-07-16,1966
2019-07-17,1959
2019-07-18,1967
2019-07-19,1969
2019-07-20,1964
2019-07-21,1962
2019-07-22,1967
2019-07-23,1963
2019-07-24,1969
2019-07-25,1968
2019-07-26,1975
2019-07-27,1973
2019-07-28,1973
2019-07-29,2008
2019-07-30,2005
2019-07-31,2006
2019-08-01,2008
2019-08-02,2012
2019-08-03,2011
2019-08-04,2011
2019-08-05,2023
2019-08-06,2050
2019-08-07,2079
2019-08-08,2071
2019-08-09,2072
2019-08-10,2071
2019-08-11,2070
2019-08-12,2076
2019-08-13,2079
2019-08-14,2083
2019-08-15,2080
2019-08-16,2080
2019-08-17,2067
2019-08-18,2064
2019-08-19,2063
2019-08-20,2060
2019-08-21,2055
2019-08-22,2060
2019-08-23,2043
2019-08-24,2044
2019-08-25,2048
2019-08-26,2042
2019-08-27,2047
2019-08-28,2050
2019-08-29,2045
2019-08-30,2047
2019-08-31,2047
2019-09-01,2047
2019-09-02,2050
2019-09-03,2048
2019-09-04,2055
2019-09-05,2049
2019-09-06,2044
2019-09-07,2044
2019-09-08,2044
2019-09-09,2049
2019-09-10,2052
2019-09-11,2056
2019-09-12,2051
2019-09-13,2056
2019-09-14,2059
2019-09-15,2056
2019-09-16,2049
2019-09-17,2047
2019-09-18,2048
2019-09-19,2055
2019-09-20,2052
2019-09-21,2054
2019-09-22,2054
2019-09-23,2049
2019-09-24,2140
2019-09-25,2158
2019-09-26,2178
2019-09-27,2190
2019-09-28,2184
2019-09-29,2179
2019-09-30,2173
2019-10-01,2172
2019-10-02,2173
2019-10-03,2170
2019-10-04,2171
2019-10-05,2170
2019-10-06,2169
2019-10-07,2167
2019-10-08,2171
2019-10-09,2173
2019-10-10,2172
2019-10-11,2173
2019-10-12,2169
2019-10-13,2171
2019-10-14,2168
2019-10-15,2150
2019-10-16,2145
2019-10-17,2144
2019-10-18,2148
2019-10-19,2148
2019-10-20,2146
2019-10-21,2145
2019-10-22,2148
2019-10-23,2144
2019-10-24,2124
2019-10-25,2132
2019-10-26,2135
2019-10-27,2135
2019-10-28,2138
2019-10-29,2136
2019-10-30,2137
2019-10-31,2135
2019-11-01,2146
2019-11-02,2147
2019-11-03,2147
2019-11-04,2146
2019-11-05,2146
2019-11-06,2147
2019-11-07,2151
2019-11-08,2149
2019-11-09,2148
2019-11-10,2146
2019-11-11,2145
2019-11-12,2153
2019-11-13,2155
2019-11-14,2154
2019-11-15,2159
2019-11-16,2156
2019-11-17,2153
2019-11-18,2153
2019-11-19,2149
2019-11-20,2152
2019-11-21,2150
2019-11-22,2139
2019-11-23,2136
2019-11-24,2136
2019-11-25,2129
2019-11-26,2132
2019-11-27,2120
2019-11-28,2120
2019-11-29,2126
2019-11-30,2123
2019-12-01,2121
2019-12-02,2123
2019-12-03,2123
2019-12-04,2132
2019-12-05,2133
2019-12-06,2135
2019-12-07,2133
2019-12-08,2132
2019-12-09,2135
2019-12-10,2136
2019-12-11,2139
2019-12-12,2139
2019-12-13,2139
2019-12-14,2137
2019-12-15,2139
2019-12-16,2137
2019-12-17,2137
2019-12-18,2132
2019-12-19,2132
2019-12-20,2129
2019-12-21,2130
2019-12-22,2128
2019-12-23,2133
2019-12-24,2131
2019-12-25,2126
2019-12-26,2122
2019-12-27,2121
2019-12-28,2124
2019-12-29,2122
2019-12-30,2119
2019-12-31,2120
2020-01-01,2118
2020-01-02,2122
2020-01-03,2122
2020-01-04,2121
2020-01-05,2121
2020-01-06,2121
2020-01-07,2117
2020-01-08,2117
2020-01-09,2121
2020-01-10,2115
2020-01-11,2120
2020-01-12,2118
2020-01-13,2113
2020-01-14,2112
2020-01-15,2120
2020-01-16,2121
2020-01-17,2121
2020-01-18,2125
2020-01-19,2123
2020-01-20,2125
2020-01-21,2127
2020-01-22,2132
2020-01-23,2130
2020-01-24,2132
2020-01-25,2133
2020-01-26,2134
2020-01-27,2134
2020-01-28,2128
2020-01-29,2122
2020-01-30,2129
2020-01-31,2136
2020-02-01,2136
2020-02-02,2137
2020-02-03,2136
2020-02-04,2136
2020-02-05,2138
2020-02-06,2135
2020-02-07,2141
2020-02-08,2163
2020-02-09,2164
2020-02-10,2162
2020-02-11,2163
2020-02-12,2156
2020-02-13,2147
2020-02-14,2150
2020-02-15,2155
2020-02-16,2153
2020-02-17,2153
2020-02-18,2154
2020-02-19,2157
2020-02-20,2153
2020-02-21,2155
2020-02-22,2156
2020-02-23,2156
2020-02-24,2154
2020-02-25,2152
2020-02-26,2154
2020-02-27,2147
2020-02-28,2145
2020-02-29,2142
2020-03-01,2146
2020-03-02,2147
2020-03-03,2144
2020-03-04,2151
2020-03-05,2158
2020-03-06,2162
2020-03-07,2162
2020-03-08,2161
2020-03-09,2154
2020-03-10,2153
2020-03-11,2150
2020-03-12,2158
2020-03-13,2140
2020-03-14,2141
2020-03-15,2141
2020-03-16,2145
2020-03-17,2136
2020-03-18,2152
2020-03-19,2143
2020-03-20,2142
2020-03-21,2141
2020-03-22,2144
2020-03-23,2131
2020-03-24,2139
2020-03-25,2134
2020-03-26,2131
2020-03-27,2134
2020-03-28,2134
2020-03-29,2131
2020-03-30,2133
2020-03-31,2131
2020-04-01,2131
2020-04-02,2124
2020-04-03,2134
2020-04-04,2131
2020-04-05,2129
2020-04-06,2124
2020-04-07,2128
2020-04-08,2127
2020-04-09,2120
2020-04-10,2115
2020-04-11,2115
2020-04-12,2118
2020-04-13,2122
2020-04-14,2122
2020-04-15,2124
2020-04-16,2108
2020-04-17,2107
2020-04-18,2105
2020-04-19,2105
2020-04-20,2105
2020-04-21,2105
2020-04-22,2099
2020-04-23,2104
2020-04-24,2105
2020-04-25,2104
2020-04-26,2104
2020-04-27,2108
2020-04-28,2110
2020-04-29,2104
2020-04-30,2106
2020-05-01,2112
2020-05-02,2111
2020-05-03,2115
2020-05-04,2104
2020-05-05,2105
2020-05-06,2109
2020-05-07,2119
2020-05-08,2118
2020-05-09,2122
2020-05-10,2122
2020-05-11,2129
2020-05-12,2136
2020-05-13,2142
2020-05-14,2147
2020-05-15,2144
2020-05-16,2143
2020-05-17,2144
2020-05-18,2144
2020-05-19,2136
2020-05-20,2135
2020-05-21,2136
2020-05-22,2136
2020-05-23,2134
2020-05-24,2133
2020-05-25,2135
2020-05-26,2131
2020-05-27,2132
2020-05-28,2132
2020-05-29,2131
2020-05-30,2135
2020-05-31,2136
2020-06-01,2134
2020-06-02,2138
2020-06-03,2140
2020-06-04,2143
2020-06-05,2143
2020-06-06,2141
2020-06-07,2142
2020-06-08,2143
2020-06-09,2146
2020-06-10,2144
2020-06-11,2147
2020-06-12,2149
2020-06-13,2151
2020-06-14,2151
2020-06-15,2154
2020-06-16,2152
2020-06-17,2148
2020-06-18,2146
2020-06-19,2155
2020-06-20,2157
2020-06-21,2157
2020-06-22,2161
2020-06-23,2161
2020-06-24,2158
2020-06-25,2153
2020-06-26,2152
2020-06-27,2153
2020-06-28,2152
2020-06-29,2149
2020-06-30,2150
2020-07-01,2151
2020-07-02,2147
2020-07-03,2154
2020-07-04,2153
2020-07-05,2154
2020-07-06,2157
2020-07-07,2155
2020-07-08,2163
2020-07-09,2160
2020-07-10,2155
2020-07-11,2154
2020-07-12,2155
2020-07-13,2152
2020-07-14,2154
2020-07-15,2157
2020-07-16,2158
2020-07-17,2161
2020-07-18,2163
2020-07-19,2160
2020-07-20,2160
2020-07-21,2161
2020-07-22,2162
2020-07-23,2165
2020-07-24,2167
2020-07-25,2171
2020-07-26,2170
2020-07-27,2160
2020-07-28,2165
2020-07-29,2169
2020-07-30,2170
2020-07-31,2171
2020-08-01,2175
2020-08-02,2178
2020-08-03,2178
2020-08-04,2178
2020-08-05,2176
2020-08-06,2177
2020-08-07,2195
2020-08-08,2193
2020-08-09,2193
2020-08-10,2197
2020-08-11,2194
2020-08-12,2196
2020-08-13,2197
2020-08-14,2192
2020-08-15,2196
2020-08-16,2194
2020-08-17,2200
2020-08-18,2187
2020-08-19,2192
2020-08-20,2193
2020-08-21,2190
2020-08-22,2190
2020-08-23,2189
2020-08-24,2190
2020-08-25,2188
2020-08-26,2189
2020-08-27,2187
2020-08-28,2197
2020-08-29,2196
2020-08-30,2195
2020-08-31,2201
2020-09-01,2200
2020-09-02,2207
2020-09-03,2209
2020-09-04,2203
2020-09-05,2198
2020-09-06,2196
2020-09-07,2193
2020-09-08,2187
2020-09-09,2190
2020-09-10,2197
2020-09-11,2203
2020-09-12,2198
2020-09-13,2200
2020-09-14,2202
2020-09-15,2202
2020-09-16,2198
2020-09-17,2194
2020-09-18,2194
2020-09-19,2193
2020-09-20,2196
2020-09-21,2190
2020-09-22,2191
2020-09-23,2193
2020-09-24,2188
2020-09-25,2187
2020-09-26,2192
2020-09-27,2188
2020-09-28,2188
2020-09-29,2195
2020-09-30,2194
2020-10-01,2194
2020-10-02,2180
2020-10-03,2182
2020-10-04,2184
2020-10-05,2183
2020-10-06,2183
2020-10-07,2184
2020-10-08,2186
2020-10-09,2177
2020-10-10,2176
2020-10-11,2174
2020-10-12,2180
2020-10-13,2178
2020-10-14,2176
2020-10-15,2172
2020-10-16,2176
2020-10-17,2178
2020-10-18,2178
2020-10-19,2183
2020-10-20,2178
2020-10-21,2185
2020-10-22,2199
2020-10-23,2229
2020-10-24,2228
2020-10-25,2231
2020-10-26,2221
2020-10-27,2223
2020-10-28,2217
2020-10-29,2225
2020-10-30,2224
2020-10-31,2218
2020-11-01,2216
2020-11-02,2227
2020-11-03,2223
2020-11-04,2216
2020-11-05,2224
2020-11-06,2226
2020-11-07,2234
2020-11-08,2233
2020-11-09,2227
2020-11-10,2234
2020-11-11,2231
2020-11-12,2230
