t,transactions_transfers_volume_miners_to_exchanges
2011-08-18,7.08243195898143
2011-08-19,0.0
2011-08-20,0.0
2011-08-21,0.0
2011-08-22,0.0
2011-08-23,0.0
2011-08-24,0.0
2011-08-25,0.0
2011-08-26,0.0
2011-08-27,0.0
2011-08-28,0.0
2011-08-29,0.0
2011-08-30,0.0
2011-08-31,0.0
2011-09-01,0.0
2011-09-02,0.0
2011-09-03,0.0
2011-09-04,0.0
2011-09-05,0.0
2011-09-06,0.0
2011-09-07,0.0
2011-09-08,0.0
2011-09-09,0.0
2011-09-10,0.0
2011-09-11,0.0
2011-09-12,0.0
2011-09-13,0.0
2011-09-14,0.0
2011-09-15,0.0
2011-09-16,0.0
2011-09-17,0.0
2011-09-18,0.0
2011-09-19,0.0
2011-09-20,0.0
2011-09-21,0.0
2011-09-22,0.0
2011-09-23,0.0
2011-09-24,0.0
2011-09-25,0.0
2011-09-26,0.0
2011-09-27,0.0
2011-09-28,0.0
2011-09-29,0.0
2011-09-30,0.0
2011-10-01,0.0
2011-10-02,0.0
2011-10-03,0.0
2011-10-04,0.0
2011-10-05,0.0
2011-10-06,4.18755879241732
2011-10-07,0.0
2011-10-08,0.0
2011-10-09,0.505099455381958
2011-10-10,0.0
2011-10-11,0.0
2011-10-12,0.0
2011-10-13,0.0
2011-10-14,0.0
2011-10-15,0.0
2011-10-16,0.0
2011-10-17,0.0
2011-10-18,0.0
2011-10-19,0.0
2011-10-20,0.0
2011-10-21,0.0
2011-10-22,0.0
2011-10-23,0.0
2011-10-24,0.0
2011-10-25,0.0
2011-10-26,0.0
2011-10-27,0.0
2011-10-28,0.0
2011-10-29,0.0
2011-10-30,0.0
2011-10-31,0.0
2011-11-01,0.0
2011-11-02,0.0
2011-11-03,0.0
2011-11-04,0.0
2011-11-05,0.0
2011-11-06,0.0
2011-11-07,0.0
2011-11-08,0.0
2011-11-09,0.0
2011-11-10,0.0
2011-11-11,0.0
2011-11-12,0.0
2011-11-13,0.0
2011-11-14,0.0
2011-11-15,0.0
2011-11-16,0.0
2011-11-17,0.0
2011-11-18,0.0
2011-11-19,0.0
2011-11-20,0.0
2011-11-21,0.0
2011-11-22,0.0
2011-11-23,0.0
2011-11-24,0.0
2011-11-25,0.0
2011-11-26,0.0
2011-11-27,0.0
2011-11-28,0.0
2011-11-29,0.0
2011-11-30,0.0
2011-12-01,0.0
2011-12-02,0.0
2011-12-03,0.0
2011-12-04,0.0
2011-12-05,0.0
2011-12-06,0.0
2011-12-07,15.0
2011-12-08,0.0
2011-12-09,0.0
2011-12-10,0.0
2011-12-11,0.0
2011-12-12,5.9422113848933
2011-12-13,1.47837900341776
2011-12-14,1.924
2011-12-15,0.0
2011-12-16,2.814417707863
2011-12-17,0.0
2011-12-18,2.3311065331414
2011-12-19,0.0
2011-12-20,0.0
2011-12-21,0.0
2011-12-22,0.0
2011-12-23,0.0
2011-12-24,0.0
2011-12-25,0.0
2011-12-26,0.0
2011-12-27,1.76178644915121
2011-12-28,0.0
2011-12-29,9.66114455076402
2011-12-30,0.0
2011-12-31,0.0
2012-01-01,0.0
2012-01-02,2.34
2012-01-03,0.0
2012-01-04,5.0
2012-01-05,0.0
2012-01-06,0.0995233822734838
2012-01-07,5.79772115993393
2012-01-08,0.366318909574045
2012-01-09,0.653465346534653
2012-01-10,0.0
2012-01-11,0.0
2012-01-12,0.0
2012-01-13,0.0
2012-01-14,0.0
2012-01-15,0.0
2012-01-16,0.0
2012-01-17,0.0
2012-01-18,0.0
2012-01-19,0.07190235
2012-01-20,5.79
2012-01-21,0.29835
2012-01-22,0.0
2012-01-23,0.0
2012-01-24,0.759802786315928
2012-01-25,0.0
2012-01-26,2.54840514775269
2012-01-27,6.20821379
2012-01-28,0.872456686881033
2012-01-29,0.0
2012-01-30,0.0
2012-01-31,14.64827754
2012-02-01,1.41269215849093
2012-02-02,3.59416446319973
2012-02-03,13.7858299495584
2012-02-04,0.0
2012-02-05,28.654811841646
2012-02-06,10.76261168
2012-02-07,0.0
2012-02-08,0.0
2012-02-09,0.803206409047619
2012-02-10,0.0
2012-02-11,0.0
2012-02-12,0.0
2012-02-13,0.0043495791905238
2012-02-14,0.919641252043662
2012-02-15,1.00847575080068
2012-02-16,0.120980304696765
2012-02-17,7.0
2012-02-18,0.113701363636364
2012-02-19,0.0
2012-02-20,1.80924362539319
2012-02-21,0.0
2012-02-22,0.6766
2012-02-23,0.703061017252216
2012-02-24,1.99664517100176
2012-02-25,0.0
2012-02-26,0.0
2012-02-27,0.0
2012-02-28,0.0
2012-02-29,2.5154384325438
2012-03-01,0.0
2012-03-02,0.0
2012-03-03,0.0
2012-03-04,0.126556078386638
2012-03-05,0.0
2012-03-06,0.0
2012-03-07,0.0
2012-03-08,32.1363025740726
2012-03-09,0.28567966893827
2012-03-10,0.0
2012-03-11,0.0
2012-03-12,0.0
2012-03-13,0.0
2012-03-14,3.43818298344465
2012-03-15,0.0
2012-03-16,0.0
2012-03-17,0.476453160156928
2012-03-18,0.0
2012-03-19,97.6334073639973
2012-03-20,0.0
2012-03-21,0.0
2012-03-22,300.072
2012-03-23,0.0
2012-03-24,0.171789879237908
2012-03-25,0.3
2012-03-26,0.4
2012-03-27,0.2
2012-03-28,0.886005111669715
2012-03-29,0.318903063153513
2012-03-30,3.25186707574899
2012-03-31,0.184728817230392
2012-04-01,0.2
2012-04-02,0.4
2012-04-03,0.195080372680588
2012-04-04,0.0
2012-04-05,0.486786400433909
2012-04-06,0.4
2012-04-07,0.2
2012-04-08,1.0
2012-04-09,0.4
2012-04-10,0.4
2012-04-11,0.2
2012-04-12,0.0
2012-04-13,0.0
2012-04-14,0.0
2012-04-15,0.0
2012-04-16,0.100579326136917
2012-04-17,0.0
2012-04-18,0.0
2012-04-19,0.0
2012-04-20,0.0
2012-04-21,0.0
2012-04-22,0.0
2012-04-23,0.0
2012-04-24,0.0
2012-04-25,0.0
2012-04-26,0.0
2012-04-27,0.0
2012-04-28,4.01544876552797
2012-04-29,0.0
2012-04-30,0.0
2012-05-01,0.0
2012-05-02,0.0
2012-05-03,0.0
2012-05-04,0.0
2012-05-05,0.305848685446302
2012-05-06,0.0
2012-05-07,0.0
2012-05-08,0.0
2012-05-09,0.0
2012-05-10,0.0
2012-05-11,0.0
2012-05-12,0.0
2012-05-13,0.0
2012-05-14,0.0
2012-05-15,0.0
2012-05-16,1.0
2012-05-17,0.0
2012-05-18,1.0
2012-05-19,1.15471782
2012-05-20,0.0486068987704729
2012-05-21,0.0
2012-05-22,0.0
2012-05-23,0.0
2012-05-24,0.0
2012-05-25,0.0917415599938327
2012-05-26,0.0415741434859361
2012-05-27,0.0
2012-05-28,2.0
2012-05-29,0.0
2012-05-30,0.0
2012-05-31,0.0
2012-06-01,0.0
2012-06-02,3.84328081432304
2012-06-03,0.0
2012-06-04,1.57215094343675
2012-06-05,2.0
2012-06-06,0.0
2012-06-07,0.0
2012-06-08,0.0
2012-06-09,1.53372066374799
2012-06-10,0.0
2012-06-11,0.0
2012-06-12,0.469606500662671
2012-06-13,0.839148593010494
2012-06-14,0.0
2012-06-15,0.0
2012-06-16,0.0
2012-06-17,0.69015162758963
2012-06-18,5.64309938988017
2012-06-19,100.351705402631
2012-06-20,0.0
2012-06-21,7.96109385737309
2012-06-22,0.548265665388717
2012-06-23,0.0
2012-06-24,0.0
2012-06-25,0.0
2012-06-26,9.08327143817518
2012-06-27,0.195490769489173
2012-06-28,21.6007348880216
2012-06-29,0.0
2012-06-30,1.36881463291995
2012-07-01,0.0
2012-07-02,0.0
2012-07-03,50.0503415913901
2012-07-04,0.0
2012-07-05,0.0
2012-07-06,0.0
2012-07-07,54.024693583657
2012-07-08,0.0
2012-07-09,101.771613079045
2012-07-10,25.3203901311004
2012-07-11,0.70166803873183
2012-07-12,1.441
2012-07-13,5.31085456236478e-05
2012-07-14,50.0111466531157
2012-07-15,10.1393285025538
2012-07-16,61.5518648037269
2012-07-17,0.0
2012-07-18,0.0
2012-07-19,50.0522930578486
2012-07-20,14.908583330234
2012-07-21,0.0
2012-07-22,50.0302822377269
2012-07-23,0.0
2012-07-24,104.379514447191
2012-07-25,0.0
2012-07-26,0.0
2012-07-27,99.9017988397215
2012-07-28,38.1553302567482
2012-07-29,100.0
2012-07-30,0.0
2012-07-31,0.0
2012-08-01,0.0
2012-08-02,0.0
2012-08-03,30.6093824344852
2012-08-04,0.339875141978254
2012-08-05,0.0
2012-08-06,4.74496613391774
2012-08-07,0.0
2012-08-08,10.2449363922601
2012-08-09,6.1110224658973
2012-08-10,0.0
2012-08-11,0.0
2012-08-12,0.0
2012-08-13,49.8932861034815
2012-08-14,105.738957403475
2012-08-15,49.9437883825514
2012-08-16,100.342284209416
2012-08-17,8.08994056250546
2012-08-18,0.0
2012-08-19,63.3159975918102
2012-08-20,199.940824511802
2012-08-21,0.444353596686231
2012-08-22,0.786926909843488
2012-08-23,9.0
2012-08-24,120.000524648446
2012-08-25,0.406192738487623
2012-08-26,0.0
2012-08-27,6.64654818
2012-08-28,29.0311953700772
2012-08-29,54.7842745494569
2012-08-30,11.6332345562152
2012-08-31,7.87259973
2012-09-01,3.15772224223315
2012-09-02,22.71414183
2012-09-03,4.80904085002945
2012-09-04,10.50651467
2012-09-05,6.24325216
2012-09-06,11.95664195
2012-09-07,7.56618062
2012-09-08,9.93743606
2012-09-09,10.47019302
2012-09-10,9.0222951370077
2012-09-11,4.81627012
2012-09-12,11.99315652
2012-09-13,70.5856362969437
2012-09-14,11.62970246
2012-09-15,7.38160504
2012-09-16,11.9147356484877
2012-09-17,7.97606436
2012-09-18,25.67343608
2012-09-19,44.2046086665457
2012-09-20,11.7311881096873
2012-09-21,65.4337312222726
2012-09-22,16.9890408227487
2012-09-23,8.06662082
2012-09-24,106.165498839999
2012-09-25,8.25517951614275
2012-09-26,9.94941679
2012-09-27,6.93683634387964
2012-09-28,13.25929888
2012-09-29,26.7887791363721
2012-09-30,9.98625989409489
2012-10-01,17.2333704869361
2012-10-02,9.27045981416285
2012-10-03,7.99204023
2012-10-04,15.1061237022367
2012-10-05,11.2924328598718
2012-10-06,8.30474459779933
2012-10-07,15.0107132592665
2012-10-08,5.17831271
2012-10-09,14.7128218
2012-10-10,6.27570273
2012-10-11,9.66896624746452
2012-10-12,35.4609500014771
2012-10-13,15.74921469
2012-10-14,5.85255692
2012-10-15,22.1315040457243
2012-10-16,12.1080459795218
2012-10-17,11.48120182
2012-10-18,12.8754537461665
2012-10-19,8.42818725
2012-10-20,4.45703860137275
2012-10-21,6.18634251731611
2012-10-22,3.52906595739094
2012-10-23,7.06865480725514
2012-10-24,5.07726822
2012-10-25,17.4893653902278
2012-10-26,10.2122663354061
2012-10-27,9.88429792241526
2012-10-28,8.97884428
2012-10-29,63.3910935929306
2012-10-30,8.28357524
2012-10-31,4.72986499075262
2012-11-01,13.37477128
2012-11-02,12.6135388147315
2012-11-03,12.63013576
2012-11-04,24.3614381347068
2012-11-05,50.3221820553445
2012-11-06,1.78946127
2012-11-07,9.59689272
2012-11-08,15.2770796408128
2012-11-09,17.0435097641527
2012-11-10,7.05001238
2012-11-11,13.4670678374863
2012-11-12,10.938298035821
2012-11-13,3.49185126098572
2012-11-14,3.54008957523168
2012-11-15,14.8390764144522
2012-11-16,10.8541986500162
2012-11-17,12.2080805629168
2012-11-18,8.64711095
2012-11-19,5.18919931
2012-11-20,6.30287068057268
2012-11-21,13.9633443409827
2012-11-22,20.6352367389404
2012-11-23,4.34358644
2012-11-24,11.79373585
2012-11-25,15.4770292681878
2012-11-26,58.2493371699425
2012-11-27,6.60175032149285
2012-11-28,6.27793045985322
2012-11-29,17.70177379
2012-11-30,5.37764743
2012-12-01,2.01951043
2012-12-02,1.24
2012-12-03,3.00865659
2012-12-04,14.9514235144876
2012-12-05,0.08045878
2012-12-06,1.30019894
2012-12-07,0.5734801098226
2012-12-08,2.00092376
2012-12-09,3.602731
2012-12-10,0.23002828
2012-12-11,4.026102516337
2012-12-12,0.11744625
2012-12-13,2.24023892
2012-12-14,0.579196574462038
2012-12-15,4.28260029358723
2012-12-16,5.33265981309977
2012-12-17,0.136437043824117
2012-12-18,5.09656480750817
2012-12-19,2.80481929144937
2012-12-20,40.9869792145891
2012-12-21,0.02002252
2012-12-22,2.90402053596236
2012-12-23,21.501982710586
2012-12-24,2.00496284
2012-12-25,3.46021023685389
2012-12-26,11.9
2012-12-27,17.2815483970745
2012-12-28,5.40024300065601
2012-12-29,7.39962380713488
2012-12-30,7.95661078644915
2012-12-31,1.32962853704229
2013-01-01,3.77780967
2013-01-02,9.01053629588636
2013-01-03,4.17505137
2013-01-04,0.451594949643662
2013-01-05,8.63461612140299
2013-01-06,17.49759021574
2013-01-07,29.2281286464428
2013-01-08,0.0
2013-01-09,4.82436290454082
2013-01-10,3.95060953737969
2013-01-11,1.86640527423137
2013-01-12,0.0
2013-01-13,5.24578209663025
2013-01-14,6.47594160887668
2013-01-15,13.8656139238875
2013-01-16,7.5400508045041
2013-01-17,22.8046222691232
2013-01-18,37.9214580154333
2013-01-19,20.1032348881115
2013-01-20,4.59763923677645
2013-01-21,16.4008560848515
2013-01-22,4.7449898707406
2013-01-23,9.8246770949779
2013-01-24,78.8604351064698
2013-01-25,6.41701980206585
2013-01-26,12.7351257909985
2013-01-27,3.27387322830624
2013-01-28,34.9556545349163
2013-01-29,4.15615518291899
2013-01-30,12.5136057977573
2013-01-31,7.76911867374607
2013-02-01,8.74377288576147
2013-02-02,22.4319924727531
2013-02-03,16.29400746
2013-02-04,5.57875679037716
2013-02-05,8.00351043062461
2013-02-06,14.9155321861396
2013-02-07,6.55434947534962
2013-02-08,15.4923072418606
2013-02-09,29.06744897
2013-02-10,64.3291447738339
2013-02-11,58.0589697734228
2013-02-12,5.22724916031596
2013-02-13,11.0280914543314
2013-02-14,9.67123729004363
2013-02-15,83.0302591536875
2013-02-16,7.00583750004005
2013-02-17,12.2006848985157
2013-02-18,11.6510724373543
2013-02-19,41.8786524523274
2013-02-20,5.81764167801266
2013-02-21,11.6795364315083
2013-02-22,6.27684359250009
2013-02-23,22.976283635161
2013-02-24,13.0974534745372
2013-02-25,15.4019077132513
2013-02-26,46.1701064918976
2013-02-27,31.9631298579353
2013-02-28,17.7972961051591
2013-03-01,33.4368359809249
2013-03-02,16.9830341598805
2013-03-03,8.79140522580098
2013-03-04,41.8771592211564
2013-03-05,17.5785985613939
2013-03-06,35.2378904092239
2013-03-07,227.377929645071
2013-03-08,7.73407827913478
2013-03-09,6.71279815226369
2013-03-10,14.116311435597
2013-03-11,26.754792391153
2013-03-12,113.108056857741
2013-03-13,15.7035841906539
2013-03-14,193.60306518509
2013-03-15,8.10902006379763
2013-03-16,16.31688780672
2013-03-17,35.3008566521329
2013-03-18,29.0223945266821
2013-03-19,20.4854152279426
2013-03-20,24.7608111555456
2013-03-21,222.047883447806
2013-03-22,41.2276579342772
2013-03-23,55.9616595205945
2013-03-24,72.8763165155035
2013-03-25,25.3907336167225
2013-03-26,50.3261192286333
2013-03-27,70.2318531746189
2013-03-28,94.719227644684
2013-03-29,12.1900873900122
2013-03-30,15.1466857824145
2013-03-31,37.3380285265716
2013-04-01,29.1060033046309
2013-04-02,12.7296060856925
2013-04-03,47.4448138475864
2013-04-04,79.5818606175338
2013-04-05,399.752148736482
2013-04-06,15.5665979373399
2013-04-07,10.2226561994283
2013-04-08,35.1887325511238
2013-04-09,151.175019714788
2013-04-10,606.156814009055
2013-04-11,42.4312343608085
2013-04-12,167.826636987516
2013-04-13,12.5597737326735
2013-04-14,45.1714022705621
2013-04-15,54.445415747575
2013-04-16,112.434351777444
2013-04-17,15.5564827927609
2013-04-18,67.8774421609093
2013-04-19,18.4117564829995
2013-04-20,17.6996718429414
2013-04-21,3.3020022712887
2013-04-22,17.7376013600324
2013-04-23,68.4012494599123
2013-04-24,28.1782442397422
2013-04-25,12.2915597117327
2013-04-26,8.61895517576805
2013-04-27,5.40611287325326
2013-04-28,9.31587868600445
2013-04-29,24.5541727118357
2013-04-30,24.598140666104
2013-05-01,26.904303774027
2013-05-02,13.7754660413879
2013-05-03,18.4828775220276
2013-05-04,13.4476234044741
2013-05-05,9.01375079055468
2013-05-06,15.7380224458141
2013-05-07,20.0925079214
2013-05-08,59.4225192328466
2013-05-09,4.7980784489821
2013-05-10,9.01093888884514
2013-05-11,8.59778634619605
2013-05-12,7.168343195799
2013-05-13,16.5997199431908
2013-05-14,415.610963231391
2013-05-15,62.0364663535027
2013-05-16,11.7162701085059
2013-05-17,6.66840007103477
2013-05-18,19.9870362930881
2013-05-19,35.5180303576627
2013-05-20,24.5299137843793
2013-05-21,8.95793852185383
2013-05-22,8.92939062809416
2013-05-23,5.33919976292613
2013-05-24,40.2030759672864
2013-05-25,8.20270509842272
2013-05-26,27.019698394684
2013-05-27,40.514182026186
2013-05-28,16.6188239434504
2013-05-29,9.89666799522714
2013-05-30,5.61086727535732
2013-05-31,16.0200168661704
2013-06-01,5.95615632998301
2013-06-02,12.195669346943
2013-06-03,20.3380801055745
2013-06-04,10.3374910919106
2013-06-05,33.8533062263978
2013-06-06,20.5114159860641
2013-06-07,30.6108098802918
2013-06-08,5.65584896129352
2013-06-09,194.259292993405
2013-06-10,4.83262824064627
2013-06-11,8.88305720402372
2013-06-12,28.4405015774129
2013-06-13,34.1869819880872
2013-06-14,4.79651003378767
2013-06-15,10.5858684769274
2013-06-16,6.01059057613246
2013-06-17,11.570863713745
2013-06-18,3.6334201485396
2013-06-19,11.2621239672834
2013-06-20,24.5113796412875
2013-06-21,5.44229755423908
2013-06-22,22.6862176662372
2013-06-23,183.108179951615
2013-06-24,82.0723741755006
2013-06-25,365.202446549056
2013-06-26,34.7359870380727
2013-06-27,23.740106141453
2013-06-28,43.2509611235673
2013-06-29,5.58681982262272
2013-06-30,14.0296306195781
2013-07-01,141.36958952701
2013-07-02,3.94548982118874
2013-07-03,64.2262034964266
2013-07-04,175.688726978191
2013-07-05,3.51585379162279
2013-07-06,125.634933526937
2013-07-07,24.1210591397647
2013-07-08,20.8614518501827
2013-07-09,18.2944416437736
2013-07-10,13.2255196353239
2013-07-11,46.6583638075611
2013-07-12,126.057352124705
2013-07-13,31.6713608666617
2013-07-14,3.32362827788458
2013-07-15,91.2782185788538
2013-07-16,39.2084874305831
2013-07-17,44.447927139833
2013-07-18,637.462522621629
2013-07-19,4.04628819100378
2013-07-20,396.846785476666
2013-07-21,7.55514991741945
2013-07-22,51.0953133570849
2013-07-23,5.71966150784791
2013-07-24,26.5232895631714
2013-07-25,24.5980262039351
2013-07-26,103.612103707032
2013-07-27,17.1844905083991
2013-07-28,26.554474403578
2013-07-29,67.1547767023969
2013-07-30,17.4779829591656
2013-07-31,73.7531176358705
2013-08-01,40.0833895346886
2013-08-02,29.8008893930578
2013-08-03,31.7153161900295
2013-08-04,11.8201174965734
2013-08-05,61.2536858564002
2013-08-06,205.366701979876
2013-08-07,37.1395463498642
2013-08-08,31.339096778407
2013-08-09,17.9872852516866
2013-08-10,19.6332735345206
2013-08-11,26.6379248591714
2013-08-12,44.2765058451599
2013-08-13,8.19778020859961
2013-08-14,9.08368289362003
2013-08-15,52.8330566613887
2013-08-16,62.5532869899888
2013-08-17,28.8265186212559
2013-08-18,10.577497247385
2013-08-19,80.0277794374715
2013-08-20,17.1773276755388
2013-08-21,278.817989653021
2013-08-22,55.4284253867273
2013-08-23,217.98164096774
2013-08-24,51.9093189149146
2013-08-25,170.026300050714
2013-08-26,35.6320071996742
2013-08-27,404.944619923158
2013-08-28,185.539719902478
2013-08-29,10.5091481703086
2013-08-30,116.476449898189
2013-08-31,77.4479668602224
2013-09-01,17.3414482009491
2013-09-02,27.6535610640073
2013-09-03,278.994643293697
2013-09-04,406.082197308643
2013-09-05,435.503929980359
2013-09-06,18.1366993062588
2013-09-07,180.575399551223
2013-09-08,12.8528416480343
2013-09-09,885.524442308702
2013-09-10,29.4987907595174
2013-09-11,19.0757527007237
2013-09-12,15.3453552581973
2013-09-13,20.1984801318781
2013-09-14,262.611418468294
2013-09-15,26.2980181022224
2013-09-16,490.194390012847
2013-09-17,706.529040332751
2013-09-18,13.0779348256853
2013-09-19,43.7669402605904
2013-09-20,172.508824795659
2013-09-21,918.095731492083
2013-09-22,124.94919164912
2013-09-23,276.886820964587
2013-09-24,137.062539492487
2013-09-25,135.238478585775
2013-09-26,85.9838012756614
2013-09-27,629.337115710122
2013-09-28,11.4382352251064
2013-09-29,19.9027084846267
2013-09-30,18.7183421357803
2013-10-01,41.4689475588296
2013-10-02,90.6707930922793
2013-10-03,59.5568181902197
2013-10-04,726.005264516829
2013-10-05,317.655581615027
2013-10-06,168.667170480846
2013-10-07,292.942085966614
2013-10-08,202.780048336469
2013-10-09,472.110056802956
2013-10-10,106.421845354925
2013-10-11,45.2917381399312
2013-10-12,321.925419359407
2013-10-13,543.616873323439
2013-10-14,107.436175460945
2013-10-15,45.3386808165198
2013-10-16,220.992078742361
2013-10-17,15.5669237974479
2013-10-18,707.513918558907
2013-10-19,377.940445294438
2013-10-20,89.8480166661538
2013-10-21,1222.50692582144
2013-10-22,346.074080958741
2013-10-23,84.5033818188597
2013-10-24,111.296904998378
2013-10-25,593.10811306035
2013-10-26,69.5869985855146
2013-10-27,1828.0398983587
2013-10-28,164.609202949899
2013-10-29,93.1284696516981
2013-10-30,163.059877707466
2013-10-31,1032.58625090621
2013-11-01,1145.48208950468
2013-11-02,95.9383081098713
2013-11-03,676.184353898462
2013-11-04,487.937327988198
2013-11-05,252.01522226759
2013-11-06,231.11926268378
2013-11-07,351.046019722306
2013-11-08,573.59445695662
2013-11-09,351.853178818739
2013-11-10,167.314182116028
2013-11-11,138.029740241298
2013-11-12,377.354078643712
2013-11-13,1257.97009321053
2013-11-14,2330.3910116952
2013-11-15,169.789004351106
2013-11-16,265.975826702804
2013-11-17,1376.191370998
2013-11-18,314.396526334439
2013-11-19,2151.21268640652
2013-11-20,356.662618531613
2013-11-21,301.600213904715
2013-11-22,1217.78967154237
2013-11-23,271.677918498345
2013-11-24,99.6592388567327
2013-11-25,119.873925589228
2013-11-26,400.50819903449
2013-11-27,93.4510998187094
2013-11-28,126.363392041209
2013-11-29,109.49859431167
2013-11-30,379.437377439565
2013-12-01,929.216665818168
2013-12-02,147.40419307597
2013-12-03,95.3261067472889
2013-12-04,213.421624744979
2013-12-05,96.1279050996245
2013-12-06,284.405877653748
2013-12-07,236.917337315845
2013-12-08,75.6031101327254
2013-12-09,48.9577464337086
2013-12-10,83.3993299386776
2013-12-11,95.5183027190831
2013-12-12,77.0641852356299
2013-12-13,55.0597365386039
2013-12-14,46.3547245477396
2013-12-15,66.4002290515701
2013-12-16,256.681455180072
2013-12-17,553.945735985227
2013-12-18,972.556553570182
2013-12-19,91.2996339210608
2013-12-20,795.519251826819
2013-12-21,135.233706905365
2013-12-22,135.437162641749
2013-12-23,95.7544103914342
2013-12-24,136.587369332851
2013-12-25,99.1025668688505
2013-12-26,338.52428491573
2013-12-27,140.194487346936
2013-12-28,97.5157649183044
2013-12-29,94.1665252572122
2013-12-30,115.090539821131
2013-12-31,375.692190251316
2014-01-01,214.48296039435
2014-01-02,299.556205387938
2014-01-03,205.830903446243
2014-01-04,161.411238191592
2014-01-05,380.29996327716
2014-01-06,408.852295520644
2014-01-07,454.765682063546
2014-01-08,262.339248277654
2014-01-09,188.141828826904
2014-01-10,386.65653601265
2014-01-11,410.810488608305
2014-01-12,462.733797271058
2014-01-13,325.632558933093
2014-01-14,172.449799069695
2014-01-15,189.58114764513
2014-01-16,506.119355119371
2014-01-17,128.962333556384
2014-01-18,176.709702535945
2014-01-19,202.984957367574
2014-01-20,635.168025756348
2014-01-21,150.050402987503
2014-01-22,197.364632793281
2014-01-23,405.697099056268
2014-01-24,358.217947825914
2014-01-25,113.967950950604
2014-01-26,143.020044820605
2014-01-27,122.363852773448
2014-01-28,172.243274730567
2014-01-29,156.244710494817
2014-01-30,331.906835355101
2014-01-31,125.305143439206
2014-02-01,429.035948257987
2014-02-02,294.441876226789
2014-02-03,300.149595825456
2014-02-04,271.699685281526
2014-02-05,88.0529050426905
2014-02-06,206.331751090883
2014-02-07,772.684556787732
2014-02-08,424.27941359639
2014-02-09,168.122475232922
2014-02-10,379.386858945922
2014-02-11,356.744806215079
2014-02-12,131.201936785103
2014-02-13,384.853723720989
2014-02-14,851.200589092249
2014-02-15,177.455547958916
2014-02-16,319.087563370504
2014-02-17,475.559076621511
2014-02-18,166.00997908319
2014-02-19,161.882581648901
2014-02-20,2455.95512633083
2014-02-21,826.785295047901
2014-02-22,70.5944646887948
2014-02-23,85.8469950870161
2014-02-24,893.284577879216
2014-02-25,2512.12793623618
2014-02-26,533.478087850403
2014-02-27,312.845173941105
2014-02-28,234.037260438351
2014-03-01,104.491992058439
2014-03-02,83.1770805469307
2014-03-03,1695.42538333477
2014-03-04,460.457175944508
2014-03-05,89.0836218135275
2014-03-06,130.682081922818
2014-03-07,301.170241622169
2014-03-08,65.3601453653066
2014-03-09,197.676766050096
2014-03-10,311.406577359294
2014-03-11,142.368532109484
2014-03-12,214.936035231936
2014-03-13,127.475271870415
2014-03-14,229.204579634178
2014-03-15,72.8449549384387
2014-03-16,217.571164811199
2014-03-17,254.378623841484
2014-03-18,1058.48695049198
2014-03-19,214.80603300452
2014-03-20,429.359017962005
2014-03-21,928.072907199248
2014-03-22,1115.92197431027
2014-03-23,138.953612441886
2014-03-24,519.672109452524
2014-03-25,269.426963422692
2014-03-26,166.778749486951
2014-03-27,2299.45376040988
2014-03-28,304.434267568142
2014-03-29,91.995675107381
2014-03-30,171.59556389791
2014-03-31,335.14754374342
2014-04-01,370.04583379278
2014-04-02,1297.0647248419
2014-04-03,911.132716153901
2014-04-04,355.767159658389
2014-04-05,141.191920583321
2014-04-06,351.907128861481
2014-04-07,80.4088520297661
2014-04-08,192.504682602446
2014-04-09,675.001179152875
2014-04-10,1106.62186079806
2014-04-11,445.720385472772
2014-04-12,176.92628102963
2014-04-13,595.020230734176
2014-04-14,279.164539935813
2014-04-15,582.607429419759
2014-04-16,471.568861284942
2014-04-17,500.233078962254
2014-04-18,150.709184370085
2014-04-19,144.285450436638
2014-04-20,130.997095920259
2014-04-21,252.180036816541
2014-04-22,712.28758007536
2014-04-23,257.770956385074
2014-04-24,488.344098907141
2014-04-25,1645.54292041948
2014-04-26,591.543135397899
2014-04-27,320.844776899834
2014-04-28,690.362335387294
2014-04-29,397.200397066566
2014-04-30,269.472905400587
2014-05-01,488.54077812979
2014-05-02,319.224789537695
2014-05-03,100.769114145587
2014-05-04,120.025080409097
2014-05-05,166.063086486131
2014-05-06,191.073084787765
2014-05-07,329.790314020403
2014-05-08,198.247978048948
2014-05-09,267.232011278671
2014-05-10,167.744884462541
2014-05-11,71.6432279329736
2014-05-12,389.744046136311
2014-05-13,183.48017677663
2014-05-14,336.880442707268
2014-05-15,434.821858275424
2014-05-16,398.923447862573
2014-05-17,163.9363868679
2014-05-18,93.6355705706592
2014-05-19,728.242135793601
2014-05-20,291.34419962057
2014-05-21,501.762692612941
2014-05-22,291.348901478755
2014-05-23,496.940380720364
2014-05-24,251.609744998942
2014-05-25,302.532794272404
2014-05-26,230.188891437108
2014-05-27,460.986119807885
2014-05-28,268.096600520879
2014-05-29,189.227788107538
2014-05-30,541.727879656615
2014-05-31,338.957719602782
2014-06-01,363.129761816397
2014-06-02,667.533151448438
2014-06-03,653.974271862203
2014-06-04,344.201943104661
2014-06-05,298.173571550865
2014-06-06,96.5813311029843
2014-06-07,190.888599268949
2014-06-08,116.053514963959
2014-06-09,116.500379424141
2014-06-10,194.013980575885
2014-06-11,176.197547252487
2014-06-12,404.728136571825
2014-06-13,210.39702141088
2014-06-14,148.117033988875
2014-06-15,115.200510726613
2014-06-16,361.587781573273
2014-06-17,840.737286109838
2014-06-18,223.089164811186
2014-06-19,929.343245411004
2014-06-20,345.481774941562
2014-06-21,204.445346056742
2014-06-22,162.228219008909
2014-06-23,538.835721161051
2014-06-24,503.645516571399
2014-06-25,405.403608253984
2014-06-26,457.2346447565
2014-06-27,137.446431024457
2014-06-28,129.022358734606
2014-06-29,146.998331471183
2014-06-30,644.3053229072
2014-07-01,466.715466959965
2014-07-02,414.537508084025
2014-07-03,149.918478292068
2014-07-04,604.376708297337
2014-07-05,601.218505370473
2014-07-06,95.7690236906393
2014-07-07,699.84699948854
2014-07-08,407.292641570771
2014-07-09,264.963844210583
2014-07-10,287.035829728471
2014-07-11,105.627879663486
2014-07-12,152.339574880356
2014-07-13,318.557247202052
2014-07-14,649.460205379124
2014-07-15,274.884080691326
2014-07-16,621.537526569083
2014-07-17,624.450153389886
2014-07-18,148.97992879336
2014-07-19,104.864010984367
2014-07-20,84.2187476531382
2014-07-21,270.15014233533
2014-07-22,443.132260499547
2014-07-23,610.436002106931
2014-07-24,109.547970464851
2014-07-25,190.772861164519
2014-07-26,113.589575836583
2014-07-27,215.045603752468
2014-07-28,150.664958036178
2014-07-29,102.908740423448
2014-07-30,182.490048836197
2014-07-31,752.282919411134
2014-08-01,1134.48937327158
2014-08-02,852.760197072866
2014-08-03,174.768954761722
2014-08-04,122.170809987858
2014-08-05,3210.49429467897
2014-08-06,6143.33562925679
2014-08-07,124.269920576505
2014-08-08,255.460733748017
2014-08-09,226.113968233905
2014-08-10,346.940534434496
2014-08-11,242.402166527894
2014-08-12,136.970786072898
2014-08-13,349.967557299903
2014-08-14,687.47590001279
2014-08-15,1000.44432859587
2014-08-16,202.384231527397
2014-08-17,539.24611735338
2014-08-18,1174.71166776321
2014-08-19,693.404467850727
2014-08-20,667.248045469772
2014-08-21,263.5372471043
2014-08-22,532.870290443763
2014-08-23,188.14842660309
2014-08-24,441.24454179511
2014-08-25,2180.27966714157
2014-08-26,170.847891349447
2014-08-27,2195.64225421415
2014-08-28,1302.30149526995
2014-08-29,326.258009007829
2014-08-30,677.062738289134
2014-08-31,757.481336134269
2014-09-01,225.701507387764
2014-09-02,167.449366953575
2014-09-03,159.708452062363
2014-09-04,185.594946777346
2014-09-05,174.698931451543
2014-09-06,4188.10813508351
2014-09-07,407.460246323462
2014-09-08,192.996577539816
2014-09-09,743.390844612599
2014-09-10,4175.95344283222
2014-09-11,147.663017596357
2014-09-12,4190.02118293085
2014-09-13,927.699050272563
2014-09-14,176.042723380249
2014-09-15,4168.72838469072
2014-09-16,318.375755958187
2014-09-17,390.712692492068
2014-09-18,207.803164657113
2014-09-19,378.377289963765
2014-09-20,298.209686317007
2014-09-21,253.332985914055
2014-09-22,676.843752863216
2014-09-23,359.601118087286
2014-09-24,202.850169335838
2014-09-25,176.290431768197
2014-09-26,515.730857437593
2014-09-27,39.977809803344
2014-09-28,2825.61389786936
2014-09-29,421.122687994221
2014-09-30,438.301399335285
2014-10-01,189.179523413978
2014-10-02,158.250267551576
2014-10-03,3166.3270008367
2014-10-04,286.83153560362
2014-10-05,526.583484237412
2014-10-06,148.925845251711
2014-10-07,265.773718584682
2014-10-08,592.004119453989
2014-10-09,202.87426141019
2014-10-10,1966.52310164294
2014-10-11,220.447419417301
2014-10-12,213.192835576105
2014-10-13,199.067545422372
2014-10-14,170.407218187445
2014-10-15,214.537290744531
2014-10-16,154.062355298027
2014-10-17,2186.71135782512
2014-10-18,158.494126200944
2014-10-19,568.84387964706
2014-10-20,236.659844901995
2014-10-21,182.386350968529
2014-10-22,272.731397340386
2014-10-23,193.802308816043
2014-10-24,542.011557494154
2014-10-25,274.399115590162
2014-10-26,178.268068392661
2014-10-27,234.7168166951
2014-10-28,184.747307257613
2014-10-29,337.654416225618
2014-10-30,357.436555986361
2014-10-31,511.023398974186
2014-11-01,250.295239737829
2014-11-02,182.556248445947
2014-11-03,215.866355640272
2014-11-04,8355.26862262154
2014-11-05,1075.78332938318
2014-11-06,281.785284966392
2014-11-07,227.683389761488
2014-11-08,103.931282255073
2014-11-09,142.503219207441
2014-11-10,537.289703729037
2014-11-11,305.01636957268
2014-11-12,783.720185497035
2014-11-13,346.990240972157
2014-11-14,189.230325575934
2014-11-15,145.630660340642
2014-11-16,212.722535278529
2014-11-17,17961.3868454176
2014-11-18,184.35208413045
2014-11-19,197.379537199437
2014-11-20,236.948235144273
2014-11-21,126.34394889412
2014-11-22,155.145333654696
2014-11-23,149.38102836067
2014-11-24,332.9207035141
2014-11-25,320.481722522042
2014-11-26,146.785291469063
2014-11-27,105.181912854163
2014-11-28,318.86781470534
2014-11-29,168.877659380727
2014-11-30,374.78427396414
2014-12-01,267.040355180666
2014-12-02,272.004220934453
2014-12-03,1371.54992671271
2014-12-04,413.16309340358
2014-12-05,95.0734862182571
2014-12-06,202.896791813437
2014-12-07,118.100653181869
2014-12-08,125.845229472416
2014-12-09,214.777742691896
2014-12-10,598.825719084591
2014-12-11,177.989707320277
2014-12-12,195.336181582715
2014-12-13,187.468655139252
2014-12-14,235.530699686123
2014-12-15,213.61231903504
2014-12-16,1185.80088717945
2014-12-17,361.265699929315
2014-12-18,290.626638228323
2014-12-19,216.671380078576
2014-12-20,111.86615628629
2014-12-21,131.549319577495
2014-12-22,2131.21539672906
2014-12-23,6515.71496700246
2014-12-24,213.419672280502
2014-12-25,179.861606763606
2014-12-26,153.830735628576
2014-12-27,142.288484243907
2014-12-28,127.57185322432
2014-12-29,365.738611986873
2014-12-30,254.907093806912
2014-12-31,1009.01567001541
2015-01-01,129.621742519272
2015-01-02,450.252779771797
2015-01-03,1115.20826612864
2015-01-04,428.27270515559
2015-01-05,308.618670822732
2015-01-06,175.425100709667
2015-01-07,218.041220074356
2015-01-08,168.983078199635
2015-01-09,617.423081034474
2015-01-10,196.072999436709
2015-01-11,246.606377547262
2015-01-12,178.937469993256
2015-01-13,665.606610217469
2015-01-14,1110.46394669823
2015-01-15,115.364710434319
2015-01-16,140.012675981095
2015-01-17,202.324039833592
2015-01-18,318.02520680277
2015-01-19,291.525625965067
2015-01-20,376.875088003861
2015-01-21,10719.5633638176
2015-01-22,405.507810141635
2015-01-23,190.844656897777
2015-01-24,136.680066949401
2015-01-25,168.750835479666
2015-01-26,633.926528782387
2015-01-27,220.778951737086
2015-01-28,4763.15870971265
2015-01-29,1670.09292191636
2015-01-30,1822.94260895849
2015-01-31,176.363280460671
2015-02-01,170.381861936386
2015-02-02,1469.09957906336
2015-02-03,1619.46262291937
2015-02-04,1430.92862187221
2015-02-05,2107.07091813314
2015-02-06,225.313927209075
2015-02-07,271.818953538397
2015-02-08,3909.38189968132
2015-02-09,277.015635143711
2015-02-10,4011.33062626982
2015-02-11,2761.7076199985
2015-02-12,186.593788543261
2015-02-13,1208.09672189016
2015-02-14,250.378555230742
2015-02-15,161.11930752168
2015-02-16,328.340591645497
2015-02-17,404.214412440203
2015-02-18,377.905980850436
2015-02-19,284.552126469682
2015-02-20,243.665706678905
2015-02-21,114.560940797536
2015-02-22,404.964361103522
2015-02-23,187.785012463309
2015-02-24,179.014796942465
2015-02-25,143.042325252173
2015-02-26,184.700545548088
2015-02-27,726.169318078539
2015-02-28,189.122269404391
2015-03-01,116.065416994842
2015-03-02,585.334441672435
2015-03-03,230.514874279041
2015-03-04,383.06733716571
2015-03-05,173.167989138419
2015-03-06,196.8905500064
2015-03-07,191.859231168611
2015-03-08,163.339097525581
2015-03-09,517.361984942554
2015-03-10,203.111884619349
2015-03-11,197.168749089351
2015-03-12,267.948011599767
2015-03-13,156.828031619254
2015-03-14,166.738880024172
2015-03-15,225.048989519623
2015-03-16,202.469637452675
2015-03-17,199.325109162666
2015-03-18,381.954964641867
2015-03-19,420.86651519217
2015-03-20,226.495604899308
2015-03-21,381.757211730644
2015-03-22,368.812525476097
2015-03-23,831.282571736144
2015-03-24,252.90636743254
2015-03-25,222.650120186105
2015-03-26,199.407659623763
2015-03-27,200.514333441866
2015-03-28,237.403251479879
2015-03-29,260.888037964073
2015-03-30,829.558918264363
2015-03-31,197.939270701759
2015-04-01,900.70771860068
2015-04-02,299.386429690937
2015-04-03,308.71465555233
2015-04-04,240.919713710152
2015-04-05,357.756557931517
2015-04-06,388.511560156549
2015-04-07,314.572241686166
2015-04-08,277.404321755984
2015-04-09,148.694433923657
2015-04-10,264.185613200662
2015-04-11,177.218607887585
2015-04-12,152.865095366419
2015-04-13,3225.53563079466
2015-04-14,292.670748075091
2015-04-15,274.250081087053
2015-04-16,439.466120223086
2015-04-17,224.227914231497
2015-04-18,109.604515379188
2015-04-19,179.122101027454
2015-04-20,309.685107726232
2015-04-21,246.62594978402
2015-04-22,256.475747472013
2015-04-23,238.45147056231
2015-04-24,156.941712443521
2015-04-25,207.680074920287
2015-04-26,159.751684160555
2015-04-27,536.079158200897
2015-04-28,492.864258065826
2015-04-29,189.536221945661
2015-04-30,263.136003805372
2015-05-01,199.747252555346
2015-05-02,188.018548571488
2015-05-03,194.873047164125
2015-05-04,1850.76585728568
2015-05-05,252.620063937276
2015-05-06,251.286924290155
2015-05-07,489.749617917628
2015-05-08,131.057322062192
2015-05-09,423.046652417298
2015-05-10,171.376465073784
2015-05-11,3206.24856933579
2015-05-12,760.060247906932
2015-05-13,191.323062475283
2015-05-14,165.969183403875
2015-05-15,223.811881299465
2015-05-16,116.579034699983
2015-05-17,176.53953459368
2015-05-18,636.631792291868
2015-05-19,291.395928009294
2015-05-20,413.128298762616
2015-05-21,123.826069880866
2015-05-22,93.3932391770332
2015-05-23,135.397012933689
2015-05-24,139.921534497313
2015-05-25,93.0090622173462
2015-05-26,407.793774223803
2015-05-27,2488.26435607426
2015-05-28,173.889658441606
2015-05-29,93.3069336973798
2015-05-30,144.521911861581
2015-05-31,144.428772196501
2015-06-01,298.3359698639
2015-06-02,230.078903530379
2015-06-03,462.948643955253
2015-06-04,291.681087888043
2015-06-05,184.550757233901
2015-06-06,174.39355223784
2015-06-07,207.392864003603
2015-06-08,268.415341496132
2015-06-09,311.662720465725
2015-06-10,264.054603143283
2015-06-11,504.87235181753
2015-06-12,174.668430561552
2015-06-13,187.928229363655
2015-06-14,170.60347228461
2015-06-15,3272.70309894416
2015-06-16,3740.90588079549
2015-06-17,183.456088932942
2015-06-18,647.935882354181
2015-06-19,11010.5823030025
2015-06-20,192.593664498687
2015-06-21,161.757390480882
2015-06-22,104.904370983976
2015-06-23,196.107363868497
2015-06-24,243.107752699195
2015-06-25,245.454348041127
2015-06-26,205.820172991641
2015-06-27,190.486079495748
2015-06-28,203.723460393253
2015-06-29,406.14246805291
2015-06-30,136.110491018734
2015-07-01,1139.23897733243
2015-07-02,315.622421376184
2015-07-03,208.97539478199
2015-07-04,150.665920288268
2015-07-05,179.31966409827
2015-07-06,494.935245858646
2015-07-07,179.633762810778
2015-07-08,3131.43147974198
2015-07-09,131.014438102887
2015-07-10,307.763335778973
2015-07-11,376.517199441251
2015-07-12,167.205790766037
2015-07-13,194.70146451975
2015-07-14,215.452329240437
2015-07-15,158.018380917985
2015-07-16,156.883579932435
2015-07-17,145.546545408866
2015-07-18,198.438786087144
2015-07-19,1923.72453113973
2015-07-20,274.50589108608
2015-07-21,226.332156456036
2015-07-22,108.119454835384
2015-07-23,201.91803006535
2015-07-24,149.159187111602
2015-07-25,184.713440884861
2015-07-26,96.8243319011891
2015-07-27,2151.59629056063
2015-07-28,252.296772283283
2015-07-29,332.605035960547
2015-07-30,151.740677427962
2015-07-31,216.58176188858
2015-08-01,241.305070039648
2015-08-02,181.996156097826
2015-08-03,305.980736927192
2015-08-04,94.3671296226729
2015-08-05,208.149471452051
2015-08-06,122.082952722932
2015-08-07,213.480908112931
2015-08-08,122.186088839827
2015-08-09,272.053358361518
2015-08-10,2095.27933001654
2015-08-11,191.895964790473
2015-08-12,185.313447631014
2015-08-13,134.722517288064
2015-08-14,235.716848327317
2015-08-15,257.541738541116
2015-08-16,166.894725388257
2015-08-17,223.671962984523
2015-08-18,327.251895574632
2015-08-19,318.019815804267
2015-08-20,159.976188814913
2015-08-21,170.018645825206
2015-08-22,462.114193391357
2015-08-23,151.06668528599
2015-08-24,304.577250956547
2015-08-25,172.40963500357
2015-08-26,184.236326156114
2015-08-27,127.515384596927
2015-08-28,234.09659988366
2015-08-29,172.973165007168
2015-08-30,168.095104732408
2015-08-31,220.687169778929
2015-09-01,178.83924200179
2015-09-02,356.949629527217
2015-09-03,205.360624108465
2015-09-04,189.460651192148
2015-09-05,216.111695370968
2015-09-06,294.247746932408
2015-09-07,191.7790682682
2015-09-08,171.852662722959
2015-09-09,354.109360139635
2015-09-10,1628.18556409065
2015-09-11,236.102474054939
2015-09-12,166.209174557911
2015-09-13,174.298109473599
2015-09-14,257.892780606181
2015-09-15,158.529308396379
2015-09-16,254.791529676177
2015-09-17,148.630298250744
2015-09-18,243.276180514552
2015-09-19,161.275808895402
2015-09-20,293.490744800035
2015-09-21,156.251366875459
2015-09-22,342.781922841816
2015-09-23,277.089460460075
2015-09-24,145.863685578995
2015-09-25,321.402571687792
2015-09-26,166.467632672026
2015-09-27,157.810476637256
2015-09-28,1721.18540944274
2015-09-29,288.889920729044
2015-09-30,173.328972266888
2015-10-01,352.257719677381
2015-10-02,170.276001322527
2015-10-03,198.348102485507
2015-10-04,149.912318093654
2015-10-05,1573.25159032069
2015-10-06,221.403384447914
2015-10-07,315.507641693682
2015-10-08,145.183755641906
2015-10-09,136.333820553516
2015-10-10,223.999418046083
2015-10-11,219.209271441048
2015-10-12,156.283232236576
2015-10-13,202.513842913302
2015-10-14,122.40140247471
2015-10-15,214.89010381274
2015-10-16,202.55083871535
2015-10-17,252.179500541528
2015-10-18,117.9438477124
2015-10-19,377.742965034501
2015-10-20,187.817531221617
2015-10-21,216.504995569484
2015-10-22,175.254037955532
2015-10-23,169.625339419859
2015-10-24,133.271939082427
2015-10-25,436.090664264664
2015-10-26,234.021359036957
2015-10-27,525.784438851523
2015-10-28,500.135221161068
2015-10-29,281.401615139596
2015-10-30,203.863446687747
2015-10-31,206.491473903968
2015-11-01,227.795972805913
2015-11-02,291.397427198497
2015-11-03,342.47459397737
2015-11-04,706.619122356972
2015-11-05,646.124693179914
2015-11-06,299.28985429871
2015-11-07,184.985248270597
2015-11-08,247.91063730193
2015-11-09,284.03102943753
2015-11-10,300.126229388651
2015-11-11,271.002088611264
2015-11-12,224.249813979337
2015-11-13,209.377339172709
2015-11-14,346.59097854153
2015-11-15,204.668445089095
2015-11-16,255.175463111712
2015-11-17,161.021915301175
2015-11-18,218.307647924358
2015-11-19,229.527381900477
2015-11-20,222.115921050265
2015-11-21,203.878433152756
2015-11-22,199.587364822148
2015-11-23,317.139118409197
2015-11-24,235.175548437799
2015-11-25,220.351194507959
2015-11-26,260.956965761442
2015-11-27,411.169313656736
2015-11-28,163.866235213165
2015-11-29,193.316616134608
2015-11-30,213.274764858194
2015-12-01,215.315454236995
2015-12-02,301.220264655366
2015-12-03,178.454197994905
2015-12-04,225.580711093049
2015-12-05,261.528239143568
2015-12-06,266.16138242677
2015-12-07,413.076945814682
2015-12-08,165.598770381219
2015-12-09,413.458666200296
2015-12-10,263.126781228973
2015-12-11,264.41382051365
2015-12-12,201.211867595064
2015-12-13,256.794302072682
2015-12-14,226.389738860964
2015-12-15,333.686182101785
2015-12-16,193.081715482591
2015-12-17,180.720645880083
2015-12-18,338.438129835271
2015-12-19,231.146937436918
2015-12-20,175.350552981499
2015-12-21,230.015676202123
2015-12-22,269.694774910715
2015-12-23,192.793853485223
2015-12-24,150.127384075963
2015-12-25,162.532290349433
2015-12-26,386.565708205842
2015-12-27,409.870567493693
2015-12-28,209.566146731472
2015-12-29,169.898428411442
2015-12-30,163.997711750191
2015-12-31,274.073126681044
2016-01-01,217.731360017685
2016-01-02,138.048046610845
2016-01-03,363.949807808489
2016-01-04,343.698286780739
2016-01-05,834.364565464226
2016-01-06,531.47253712497
2016-01-07,150.219583835224
2016-01-08,526.928237361747
2016-01-09,222.233344251478
2016-01-10,178.864420938992
2016-01-11,256.101317464615
2016-01-12,222.340850992259
2016-01-13,277.773497863783
2016-01-14,201.500518165606
2016-01-15,280.032890476975
2016-01-16,238.18885729714
2016-01-17,199.382843604563
2016-01-18,208.039912107722
2016-01-19,215.868528964341
2016-01-20,304.170977853751
2016-01-21,448.210719193924
2016-01-22,215.639712967073
2016-01-23,317.157184477136
2016-01-24,200.399675566037
2016-01-25,210.428115137137
2016-01-26,197.755505428986
2016-01-27,211.856273355837
2016-01-28,191.737724473517
2016-01-29,199.03345027178
2016-01-30,181.922822502659
2016-01-31,202.137877423555
2016-02-01,257.41984284375
2016-02-02,200.088748810422
2016-02-03,209.472253247318
2016-02-04,252.757977612029
2016-02-05,206.059420664369
2016-02-06,221.81421826109
2016-02-07,219.234561447468
2016-02-08,181.930024944112
2016-02-09,146.971813199106
2016-02-10,170.55305229664
2016-02-11,162.612307448756
2016-02-12,183.581468692223
2016-02-13,139.752608283122
2016-02-14,168.093358043418
2016-02-15,177.777524392953
2016-02-16,167.575365474231
2016-02-17,250.286937511226
2016-02-18,173.038183066345
2016-02-19,204.908070601807
2016-02-20,169.128357820189
2016-02-21,173.332955024361
2016-02-22,186.008025829901
2016-02-23,198.394356086506
2016-02-24,137.638047557047
2016-02-25,201.173372180526
2016-02-26,147.495298987709
2016-02-27,314.849259920226
2016-02-28,154.593008336537
2016-02-29,136.16635109116
2016-03-01,346.202896576817
2016-03-02,180.548811123039
2016-03-03,351.969921405869
2016-03-04,188.391261017401
2016-03-05,159.065927672372
2016-03-06,178.962129965497
2016-03-07,146.438611787837
2016-03-08,155.860403150665
2016-03-09,175.046140470431
2016-03-10,192.434059228336
2016-03-11,189.729407371278
2016-03-12,189.058465590792
2016-03-13,198.236681692637
2016-03-14,244.660617950612
2016-03-15,195.845244740335
2016-03-16,250.832691598647
2016-03-17,178.629307567932
2016-03-18,223.661683794852
2016-03-19,190.822941038068
2016-03-20,223.058778511223
2016-03-21,206.137641030574
2016-03-22,352.278246434505
2016-03-23,272.851091359983
2016-03-24,224.622560836164
2016-03-25,253.737004739394
2016-03-26,225.356191003266
2016-03-27,200.526321352122
2016-03-28,284.458841318042
2016-03-29,188.098225083038
2016-03-30,195.185936517593
2016-03-31,206.206978569536
2016-04-01,215.716894294674
2016-04-02,320.295672688859
2016-04-03,216.112286396807
2016-04-04,231.169269686466
2016-04-05,291.906587327528
2016-04-06,239.109913317373
2016-04-07,234.486077923057
2016-04-08,275.132020638993
2016-04-09,297.820797908661
2016-04-10,264.571921376916
2016-04-11,265.227067103059
2016-04-12,250.531402928509
2016-04-13,373.440743995227
2016-04-14,280.262508281843
2016-04-15,220.848729826025
2016-04-16,216.907884273161
2016-04-17,268.799048600295
2016-04-18,208.359757044762
2016-04-19,197.566515399622
2016-04-20,260.026815226866
2016-04-21,247.773787142531
2016-04-22,205.164674108836
2016-04-23,236.262796150228
2016-04-24,245.260761552664
2016-04-25,269.341936743311
2016-04-26,359.937977219724
2016-04-27,201.554034850611
2016-04-28,240.59574131165
2016-04-29,278.638747685545
2016-04-30,245.36005144911
2016-05-01,210.911285241803
2016-05-02,214.648347867327
2016-05-03,250.686267192944
2016-05-04,236.266404804144
2016-05-05,232.879780621613
2016-05-06,200.490943102806
2016-05-07,217.518058531863
2016-05-08,203.311195535238
2016-05-09,191.001488263648
2016-05-10,211.400908250821
2016-05-11,254.81173505152
2016-05-12,197.044527274494
2016-05-13,353.201721037906
2016-05-14,261.657004941048
2016-05-15,213.291520675547
2016-05-16,192.1185693881
2016-05-17,208.652785519446
2016-05-18,336.738945556035
2016-05-19,246.17406580301
2016-05-20,190.569199701362
2016-05-21,192.500564717357
2016-05-22,224.454904973438
2016-05-23,188.085363382945
2016-05-24,214.380192959397
2016-05-25,232.683687836032
2016-05-26,230.198151579776
2016-05-27,211.967265077388
2016-05-28,545.806058425273
2016-05-29,261.129667893163
2016-05-30,996.61838785079
2016-05-31,952.318954033625
2016-06-01,230.582770184695
2016-06-02,203.690347638078
2016-06-03,511.217746028357
2016-06-04,3357.45585756559
2016-06-05,223.343823388936
2016-06-06,255.621160877273
2016-06-07,254.512685590055
2016-06-08,190.995127536185
2016-06-09,220.818682826258
2016-06-10,274.409700116835
2016-06-11,220.85447995411
2016-06-12,295.921142202801
2016-06-13,533.224071082461
2016-06-14,278.722584572063
2016-06-15,381.041164926886
2016-06-16,263.015548338894
2016-06-17,225.153873672272
2016-06-18,299.99861647834
2016-06-19,221.904282259311
2016-06-20,382.761602019438
2016-06-21,580.855874229972
2016-06-22,208.574285468729
2016-06-23,1124.00538502218
2016-06-24,244.230702464883
2016-06-25,222.367053640961
2016-06-26,221.643141978224
2016-06-27,239.856780477293
2016-06-28,363.562969911537
2016-06-29,200.09164597707
2016-06-30,261.592245154172
2016-07-01,218.739511877021
2016-07-02,217.046501935767
2016-07-03,226.925775173665
2016-07-04,238.047734334206
2016-07-05,206.351599773742
2016-07-06,253.049621518047
2016-07-07,215.96903184489
2016-07-08,264.757505347972
2016-07-09,248.574563722562
2016-07-10,183.608646793377
2016-07-11,413.847429138565
2016-07-12,124.394665505462
2016-07-13,107.332646476612
2016-07-14,107.888620699604
2016-07-15,132.098690669436
2016-07-16,98.548135863927
2016-07-17,131.790490787636
2016-07-18,323.651734252643
2016-07-19,260.463680900975
2016-07-20,314.647179411416
2016-07-21,103.124140208841
2016-07-22,165.745995867412
2016-07-23,107.183378276213
2016-07-24,118.2367987898
2016-07-25,116.559312933149
2016-07-26,102.274450696756
2016-07-27,85.0845411570268
2016-07-28,107.541961222265
2016-07-29,108.372663864658
2016-07-30,106.943275806285
2016-07-31,119.511665082187
2016-08-01,152.582709934973
2016-08-02,202.177178427245
2016-08-03,126.816988442756
2016-08-04,119.641214608445
2016-08-05,237.890773292934
2016-08-06,141.221328878616
2016-08-07,215.496236736464
2016-08-08,180.189665313189
2016-08-09,110.816618976553
2016-08-10,120.380682512334
2016-08-11,94.9387232666369
2016-08-12,118.866270260443
2016-08-13,124.308861149637
2016-08-14,114.738904083721
2016-08-15,138.71507178898
2016-08-16,202.263578381404
2016-08-17,94.7658009163534
2016-08-18,131.955196082575
2016-08-19,85.9091042729223
2016-08-20,104.466168659283
2016-08-21,104.495717535691
2016-08-22,101.613357539739
2016-08-23,1950.86432438999
2016-08-24,213.602199723216
2016-08-25,205.806589657306
2016-08-26,107.858550124587
2016-08-27,97.9559716868895
2016-08-28,110.443960279271
2016-08-29,104.188687429452
2016-08-30,206.381882757097
2016-08-31,1698.29466077106
2016-09-01,129.015071192342
2016-09-02,134.913625528865
2016-09-03,167.440295141365
2016-09-04,146.345281823967
2016-09-05,129.613138703441
2016-09-06,143.501743933353
2016-09-07,118.712358090889
2016-09-08,152.324455569537
2016-09-09,144.295794077297
2016-09-10,327.074671264035
2016-09-11,523.988051397415
2016-09-12,324.258271688576
2016-09-13,318.993172265134
2016-09-14,255.130956243268
2016-09-15,128.629898647345
2016-09-16,124.673099109226
2016-09-17,262.694378180022
2016-09-18,117.930440175396
2016-09-19,119.883655270573
2016-09-20,165.18975024789
2016-09-21,110.701300973096
2016-09-22,121.739189753029
2016-09-23,98.5719956574447
2016-09-24,213.540503331825
2016-09-25,114.744069573569
2016-09-26,187.34151392142
2016-09-27,123.18244495586
2016-09-28,99.371905017262
2016-09-29,118.027860802964
2016-09-30,98.5986526980326
2016-10-01,117.120459392842
2016-10-02,97.5718018568582
2016-10-03,131.289215941834
2016-10-04,117.956483946163
2016-10-05,113.484574791786
2016-10-06,110.691900534501
2016-10-07,231.231253069342
2016-10-08,119.524975765824
2016-10-09,121.684025312928
2016-10-10,98.4497421195184
2016-10-11,164.571985073943
2016-10-12,175.323044536811
2016-10-13,103.222440078937
2016-10-14,143.901324669669
2016-10-15,91.193392495638
2016-10-16,109.871263813605
2016-10-17,102.044607253425
2016-10-18,202.747754093939
2016-10-19,87.8955237831896
2016-10-20,107.910883169593
2016-10-21,116.033368439809
2016-10-22,97.7023647336389
2016-10-23,106.24462822955
2016-10-24,109.36641674161
2016-10-25,107.597576816528
2016-10-26,146.134244351686
2016-10-27,222.332941467678
2016-10-28,123.72223070876
2016-10-29,138.871953282749
2016-10-30,307.114646127114
2016-10-31,104.814147216236
2016-11-01,546.805145633965
2016-11-02,172.418134822855
2016-11-03,378.658875559173
2016-11-04,99.7008715219761
2016-11-05,143.440950734208
2016-11-06,112.027929561723
2016-11-07,125.45546073679
2016-11-08,142.404419942402
2016-11-09,221.433620316294
2016-11-10,116.706337024928
2016-11-11,175.812377232859
2016-11-12,136.416855701164
2016-11-13,124.811680619192
2016-11-14,141.313085932986
2016-11-15,133.048800924791
2016-11-16,143.526009940737
2016-11-17,170.595751950848
2016-11-18,185.091649811675
2016-11-19,111.993497894726
2016-11-20,115.868695070556
2016-11-21,126.412491381616
2016-11-22,235.951105142285
2016-11-23,720.677672344082
2016-11-24,129.518409772234
2016-11-25,123.611225720504
2016-11-26,143.332906747632
2016-11-27,159.307939193994
2016-11-28,123.916364201667
2016-11-29,118.8957211676
2016-11-30,263.794284251932
2016-12-01,125.842051861126
2016-12-02,199.278391276608
2016-12-03,152.735482347584
2016-12-04,397.679342642095
2016-12-05,184.966922393408
2016-12-06,123.602551495721
2016-12-07,220.15109571909
2016-12-08,123.68369580186
2016-12-09,160.905404770643
2016-12-10,133.246183179271
2016-12-11,119.865298563632
2016-12-12,121.979176141722
2016-12-13,117.776229990331
2016-12-14,109.197757261918
2016-12-15,113.446925372192
2016-12-16,113.998220426425
2016-12-17,126.205811116013
2016-12-18,134.687124939638
2016-12-19,380.744613519105
2016-12-20,123.508077198298
2016-12-21,189.35479184612
2016-12-22,535.419026289789
2016-12-23,224.145904754448
2016-12-24,530.479021645611
2016-12-25,141.101060344042
2016-12-26,127.953368590508
2016-12-27,152.436845394419
2016-12-28,180.129466551194
2016-12-29,363.633479712518
2016-12-30,156.848961559881
2016-12-31,164.312129967278
2017-01-01,143.256564861935
2017-01-02,150.759653548187
2017-01-03,276.534107523107
2017-01-04,683.513036114472
2017-01-05,176.287948542943
2017-01-06,276.925386872884
2017-01-07,376.288018266841
2017-01-08,226.53710653148
2017-01-09,229.649305886803
2017-01-10,153.271602279181
2017-01-11,201.862418948389
2017-01-12,239.923081070202
2017-01-13,175.631539067751
2017-01-14,167.938839586628
2017-01-15,162.490912812384
2017-01-16,169.644352615789
2017-01-17,154.219928503236
2017-01-18,141.574893646373
2017-01-19,147.869046247926
2017-01-20,138.396927480202
2017-01-21,190.305511016832
2017-01-22,194.765329050224
2017-01-23,358.425586414218
2017-01-24,204.151005987305
2017-01-25,186.570930757199
2017-01-26,191.074020949763
2017-01-27,221.900185739501
2017-01-28,128.007180336815
2017-01-29,123.95255278723
2017-01-30,124.745960852473
2017-01-31,180.008373630203
2017-02-01,179.067653683476
2017-02-02,187.525596338278
2017-02-03,191.545295501077
2017-02-04,236.498673517323
2017-02-05,179.788846445694
2017-02-06,183.376496076417
2017-02-07,327.619369504845
2017-02-08,146.907504218482
2017-02-09,436.118841147718
2017-02-10,119.727643653576
2017-02-11,130.544308602386
2017-02-12,138.661745520746
2017-02-13,237.977024768895
2017-02-14,108.074613198642
2017-02-15,134.642290740939
2017-02-16,136.665667190229
2017-02-17,101.788201615278
2017-02-18,143.361107516618
2017-02-19,112.646437834233
2017-02-20,182.556127033492
2017-02-21,193.019049097872
2017-02-22,117.698251182839
2017-02-23,213.572468464226
2017-02-24,330.5553773722
2017-02-25,147.617708005044
2017-02-26,119.934626713479
2017-02-27,428.671820344384
2017-02-28,170.409640185685
2017-03-01,192.574494332371
2017-03-02,313.947520200367
2017-03-03,977.06043249531
2017-03-04,96.8490442011294
2017-03-05,109.271340908435
2017-03-06,106.309404306497
2017-03-07,149.808834476776
2017-03-08,162.026409609775
2017-03-09,123.391444384237
2017-03-10,105.306209607589
2017-03-11,125.79895739587
2017-03-12,102.391969776899
2017-03-13,127.106574523805
2017-03-14,183.627438567315
2017-03-15,152.842304618472
2017-03-16,183.553534996697
2017-03-17,204.316641104594
2017-03-18,101.46320541334
2017-03-19,132.163149036778
2017-03-20,155.468994730952
2017-03-21,84.376850258879
2017-03-22,187.060445287185
2017-03-23,133.108905109748
2017-03-24,189.430759727018
2017-03-25,124.814666780337
2017-03-26,110.049402525772
2017-03-27,103.564384725763
2017-03-28,96.964573712327
2017-03-29,132.236662267777
2017-03-30,108.362946419521
2017-03-31,80.4171703508424
2017-04-01,102.426752958954
2017-04-02,101.865587212199
2017-04-03,73.3960935288231
2017-04-04,185.77642330683
2017-04-05,73.5972608997983
2017-04-06,117.32329184912
2017-04-07,736.634998716367
2017-04-08,81.4826933757474
2017-04-09,97.9133017164931
2017-04-10,77.2213623465864
2017-04-11,91.3753370115951
2017-04-12,154.4918915323
2017-04-13,67.7534942984016
2017-04-14,1577.91249163784
2017-04-15,70.2934488770517
2017-04-16,96.8077091042585
2017-04-17,69.3200997781679
2017-04-18,152.205397149767
2017-04-19,77.8684315381588
2017-04-20,62.6198980624503
2017-04-21,75.2543755536369
2017-04-22,77.251171910165
2017-04-23,88.6730538961129
2017-04-24,72.5033515187307
2017-04-25,158.768575604757
2017-04-26,110.917188998366
2017-04-27,120.252547435457
2017-04-28,250.707410694242
2017-04-29,104.099962856424
2017-04-30,69.4486507128054
2017-05-01,95.5488734696215
2017-05-02,621.095321346532
2017-05-03,71.3244250893607
2017-05-04,107.837141845649
2017-05-05,107.484993137372
2017-05-06,68.0183666225848
2017-05-07,60.8369099550822
2017-05-08,100.267052614047
2017-05-09,635.777591195355
2017-05-10,108.000919318097
2017-05-11,85.0779604148044
2017-05-12,147.052252080502
2017-05-13,71.6652131651281
2017-05-14,65.8169139718934
2017-05-15,86.5060788804694
2017-05-16,56.6352030898886
2017-05-17,206.664438273451
2017-05-18,74.3164989558392
2017-05-19,174.342887435518
2017-05-20,66.6538861828387
2017-05-21,125.068035167296
2017-05-22,95.7551443699454
2017-05-23,1517.81014972369
2017-05-24,1800.89294759372
2017-05-25,196.692907616969
2017-05-26,214.501398267668
2017-05-27,74.5799194613521
2017-05-28,178.982402235672
2017-05-29,151.322659038788
2017-05-30,266.026818513394
2017-05-31,145.670537817902
2017-06-01,150.046824537081
2017-06-02,95.9036825821834
2017-06-03,86.8721717348675
2017-06-04,58.86901562311
2017-06-05,206.878859468986
2017-06-06,673.143559808021
2017-06-07,274.857818030902
2017-06-08,114.419814644171
2017-06-09,99.2472852370673
2017-06-10,151.847818151912
2017-06-11,87.6207156341216
2017-06-12,272.853784687323
2017-06-13,164.018642715736
2017-06-14,185.680017503704
2017-06-15,112.396407706339
2017-06-16,91.0548579971578
2017-06-17,97.2164059787552
2017-06-18,64.6760476530012
2017-06-19,194.962284694293
2017-06-20,111.885651970352
2017-06-21,128.748671841534
2017-06-22,322.180369837031
2017-06-23,80.4085256541387
2017-06-24,134.183767661553
2017-06-25,133.634154989362
2017-06-26,147.708268598444
2017-06-27,125.308766015925
2017-06-28,125.324561548089
2017-06-29,63.8714284979586
2017-06-30,533.70258777522
2017-07-01,74.7925854071474
2017-07-02,104.274320845472
2017-07-03,73.1387554843216
2017-07-04,130.546633621664
2017-07-05,130.928410087571
2017-07-06,266.687551651053
2017-07-07,118.90906889711
2017-07-08,76.4700108744956
2017-07-09,101.53311474008
2017-07-10,441.42813816671
2017-07-11,132.217683263292
2017-07-12,143.337582270626
2017-07-13,129.18726765832
2017-07-14,53.9050930899926
2017-07-15,78.0098885149488
2017-07-16,217.573943295711
2017-07-17,61.8821061285185
2017-07-18,148.650792123097
2017-07-19,72.7873648302598
2017-07-20,119.497855266006
2017-07-21,53.82942747343
2017-07-22,1169.48997513095
2017-07-23,281.473473479635
2017-07-24,100.94050275174
2017-07-25,80.5850285507436
2017-07-26,98.2796295424519
2017-07-27,149.70528886512
2017-07-28,111.245583608656
2017-07-29,409.579066422446
2017-07-30,569.998845801504
2017-07-31,156.403504508782
2017-08-01,50.565615882744
2017-08-02,172.573789951277
2017-08-03,98.5043006919416
2017-08-04,142.556021300005
2017-08-05,743.216083967858
2017-08-06,182.734037051634
2017-08-07,80.4764914315238
2017-08-08,472.394315122512
2017-08-09,262.920121707686
2017-08-10,93.6046164274833
2017-08-11,422.153595122213
2017-08-12,1686.7332361938
2017-08-13,225.386495282813
2017-08-14,206.105409519694
2017-08-15,196.559822743401
2017-08-16,256.047779791297
2017-08-17,279.237043696439
2017-08-18,414.537235280286
2017-08-19,250.998249973412
2017-08-20,101.044995537866
2017-08-21,179.914061601866
2017-08-22,46.1118518499788
2017-08-23,281.079795680278
2017-08-24,150.962712405309
2017-08-25,233.975144761767
2017-08-26,161.989426077351
2017-08-27,83.5032093714011
2017-08-28,77.8003447884215
2017-08-29,1115.96577888586
2017-08-30,131.955270989395
2017-08-31,131.593030809301
2017-09-01,93.0170202020046
2017-09-02,197.889327696106
2017-09-03,92.4323008837658
2017-09-04,689.911171159182
2017-09-05,347.522222663324
2017-09-06,384.763537539818
2017-09-07,319.579078402795
2017-09-08,322.817555442471
2017-09-09,1094.13897536421
2017-09-10,1604.65802617588
2017-09-11,176.437457140805
2017-09-12,134.726814861517
2017-09-13,115.605824633696
2017-09-14,1132.84571995259
2017-09-15,5590.41750937258
2017-09-16,434.074673452678
2017-09-17,79.3674175790857
2017-09-18,97.2720477038011
2017-09-19,517.530163568568
2017-09-20,222.489617774819
2017-09-21,109.8422281232
2017-09-22,142.3359448423
2017-09-23,62.9448557089191
2017-09-24,75.1575184177694
2017-09-25,582.421693356709
2017-09-26,108.769702180867
2017-09-27,86.9569357324196
2017-09-28,70.6647961597349
2017-09-29,98.9104117387261
2017-09-30,63.0330406610467
2017-10-01,53.2326744368924
2017-10-02,184.304469673542
2017-10-03,81.6966547819667
2017-10-04,68.5324462960148
2017-10-05,65.1092009179158
2017-10-06,88.9458031896459
2017-10-07,59.6585789646673
2017-10-08,91.0938562570345
2017-10-09,240.361840025979
2017-10-10,98.5913886045763
2017-10-11,75.9796148625393
2017-10-12,85.1303305126199
2017-10-13,1356.16955101538
2017-10-14,316.680207686582
2017-10-15,97.5873450449114
2017-10-16,308.694039673753
2017-10-17,55.1356875144023
2017-10-18,80.7076409370507
2017-10-19,95.2855322684652
2017-10-20,81.2796056038162
2017-10-21,92.9144031425503
2017-10-22,77.9321967412091
2017-10-23,205.656339700714
2017-10-24,206.832128075569
2017-10-25,114.043005658479
2017-10-26,70.6717695230747
2017-10-27,39.9209104150463
2017-10-28,101.024051341299
2017-10-29,40.0962816927709
2017-10-30,104.668244144948
2017-10-31,62.7907098619031
2017-11-01,47.7024777486272
2017-11-02,284.940667988687
2017-11-03,1396.64645282348
2017-11-04,89.0167415003938
2017-11-05,74.1832397842789
2017-11-06,49.5631097928229
2017-11-07,1102.0943172631
2017-11-08,119.663968100167
2017-11-09,117.575236722863
2017-11-10,182.574808617703
2017-11-11,90.9582083470517
2017-11-12,115.942873395683
2017-11-13,188.559476049505
2017-11-14,92.2618545525375
2017-11-15,72.6617641520154
2017-11-16,128.894028559752
2017-11-17,208.381498133519
2017-11-18,52.5487821672199
2017-11-19,123.026366985725
2017-11-20,96.7247542665602
2017-11-21,152.347230174822
2017-11-22,91.5769875722351
2017-11-23,76.4399672422674
2017-11-24,63.9460409197848
2017-11-25,138.718090811831
2017-11-26,101.321246498427
2017-11-27,108.256765593553
2017-11-28,968.183632895836
2017-11-29,54.3715419357205
2017-11-30,65.3044112669728
2017-12-01,109.04216769107
2017-12-02,180.093295083186
2017-12-03,67.6919070107127
2017-12-04,75.257388999086
2017-12-05,52.7515260210789
2017-12-06,486.353975874044
2017-12-07,1089.65574843206
2017-12-08,133.657438744066
2017-12-09,115.89949295388
2017-12-10,93.4063877367392
2017-12-11,367.76037220413
2017-12-12,68.3103473149724
2017-12-13,169.690994741031
2017-12-14,76.8392652929424
2017-12-15,99.4404075603977
2017-12-16,60.1053875396213
2017-12-17,170.923506740505
2017-12-18,92.7184722380418
2017-12-19,48.2991335587956
2017-12-20,300.338644524714
2017-12-21,55.2640435873011
2017-12-22,195.023045092189
2017-12-23,105.006313233437
2017-12-24,103.016114378177
2017-12-25,92.5332236143051
2017-12-26,151.432214457363
2017-12-27,137.585316861943
2017-12-28,96.4971507610323
2017-12-29,72.1270527810622
2017-12-30,321.748994436225
2017-12-31,85.9103598270987
2018-01-01,64.7976294929146
2018-01-02,85.5646610685157
2018-01-03,52.0628237312266
2018-01-04,75.8219858039379
2018-01-05,99.5622650411145
2018-01-06,498.303070950278
2018-01-07,346.483969510133
2018-01-08,70.2264992773839
2018-01-09,89.1332492836791
2018-01-10,213.055053231615
2018-01-11,102.012397184557
2018-01-12,73.003968931789
2018-01-13,81.6896303396009
2018-01-14,79.2821511871667
2018-01-15,131.584315937757
2018-01-16,649.145582687772
2018-01-17,70.1778463284502
2018-01-18,214.142374218277
2018-01-19,227.900658021417
2018-01-20,161.781070486873
2018-01-21,152.854657648647
2018-01-22,126.175126557449
2018-01-23,72.8493317657894
2018-01-24,148.696926828624
2018-01-25,228.154985025024
2018-01-26,90.907317730813
2018-01-27,62.3645046050628
2018-01-28,90.2982969886059
2018-01-29,77.7250730979407
2018-01-30,584.039157483324
2018-01-31,71.1700667821851
2018-02-01,1518.39970513972
2018-02-02,536.648845460506
2018-02-03,195.993787735322
2018-02-04,141.006749762452
2018-02-05,92.4346149747057
2018-02-06,121.838709651783
2018-02-07,613.920726591344
2018-02-08,72.1933215645484
2018-02-09,551.055391975535
2018-02-10,108.339828088365
2018-02-11,104.58678003415
2018-02-12,93.75720396299
2018-02-13,69.5542174721286
2018-02-14,57.560186835975
2018-02-15,95.5423873913039
2018-02-16,76.1611533282531
2018-02-17,66.1131132590832
2018-02-18,137.191568350803
2018-02-19,76.1492142134439
2018-02-20,89.0427323447907
2018-02-21,112.08569066125
2018-02-22,184.364545331938
2018-02-23,125.898033269024
2018-02-24,1605.60098592603
2018-02-25,66.0463141151475
2018-02-26,59.9915539152054
2018-02-27,110.20747978883
2018-02-28,85.6101045274373
2018-03-01,279.343338919579
2018-03-02,134.276134415422
2018-03-03,160.175679623286
2018-03-04,77.8542890399195
2018-03-05,76.8416998642565
2018-03-06,484.30197446313
2018-03-07,63.3764920543684
2018-03-08,113.080023190369
2018-03-09,80.4762778153153
2018-03-10,86.1231985546119
2018-03-11,63.4201897557473
2018-03-12,69.6788804273246
2018-03-13,87.5320153584814
2018-03-14,63.5721310798902
2018-03-15,143.958521301423
2018-03-16,570.158021118977
2018-03-17,270.732934543014
2018-03-18,136.386913503153
2018-03-19,127.550909722753
2018-03-20,417.656168820167
2018-03-21,181.320850495775
2018-03-22,109.187367140865
2018-03-23,79.3233953521551
2018-03-24,92.5981178259223
2018-03-25,85.4171703718688
2018-03-26,66.6930731167278
2018-03-27,133.749580158141
2018-03-28,73.0558479363269
2018-03-29,85.4451737999064
2018-03-30,87.8795899648191
2018-03-31,73.750968420029
2018-04-01,92.6194098781081
2018-04-02,80.4591114632777
2018-04-03,78.7080435978474
2018-04-04,85.2461546479392
2018-04-05,178.856744933363
2018-04-06,63.798655435468
2018-04-07,74.5337724104249
2018-04-08,98.9693129142036
2018-04-09,120.958618376565
2018-04-10,81.8637397450829
2018-04-11,67.9913594492088
2018-04-12,175.285562915415
2018-04-13,89.2339477415355
2018-04-14,93.8402346101744
2018-04-15,88.8437819417279
2018-04-16,57.3383941637703
2018-04-17,90.5495949358297
2018-04-18,75.1363834055709
2018-04-19,113.728794979548
2018-04-20,108.666224174694
2018-04-21,99.9625044696565
2018-04-22,86.6007456344809
2018-04-23,71.757411112692
2018-04-24,82.9933128968544
2018-04-25,84.3555734611224
2018-04-26,71.6189683387005
2018-04-27,132.190291545786
2018-04-28,588.89045962996
2018-04-29,124.533603505296
2018-04-30,95.440316607831
2018-05-01,73.7303572138382
2018-05-02,114.369531413736
2018-05-03,150.011497340358
2018-05-04,120.859971626118
2018-05-05,105.405032795974
2018-05-06,69.6707412976005
2018-05-07,147.761656720861
2018-05-08,81.9010019968212
2018-05-09,161.274325923677
2018-05-10,125.720552795026
2018-05-11,111.608376883339
2018-05-12,99.2445579061339
2018-05-13,95.672103875397
2018-05-14,176.504851872321
2018-05-15,123.388218686315
2018-05-16,107.099595336963
2018-05-17,85.3104834945308
2018-05-18,141.09450098674
2018-05-19,142.844261513153
2018-05-20,105.467753607838
2018-05-21,110.119853498303
2018-05-22,77.7692236797944
2018-05-23,131.826304480027
2018-05-24,151.807188726561
2018-05-25,177.926847405617
2018-05-26,82.2750513087951
2018-05-27,123.116736029592
2018-05-28,200.536457985179
2018-05-29,227.604090797363
2018-05-30,92.3755108696552
2018-05-31,84.7269699150997
2018-06-01,597.862913316521
2018-06-02,105.149415033342
2018-06-03,84.278654498394
2018-06-04,82.4574702339388
2018-06-05,111.591547711727
2018-06-06,180.636958522048
2018-06-07,894.66487887479
2018-06-08,105.603118706665
2018-06-09,76.8652334406397
2018-06-10,57.6398544201457
2018-06-11,201.645501754914
2018-06-12,616.12418511917
2018-06-13,205.385467570328
2018-06-14,147.778954576536
2018-06-15,491.417395377625
2018-06-16,113.111954952715
2018-06-17,116.311116334704
2018-06-18,153.481238203901
2018-06-19,181.319625953693
2018-06-20,95.6719209114298
2018-06-21,129.692606449223
2018-06-22,108.767347141401
2018-06-23,108.191974219983
2018-06-24,100.622857471749
2018-06-25,114.705811133687
2018-06-26,748.222736316941
2018-06-27,466.14333831232
2018-06-28,2581.77665995348
2018-06-29,138.390201793778
2018-06-30,149.137130327759
2018-07-01,118.984291148389
2018-07-02,232.036437046229
2018-07-03,374.281167265445
2018-07-04,233.987154420209
2018-07-05,198.989697827659
2018-07-06,111.33941639881
2018-07-07,103.747101083561
2018-07-08,190.626457275851
2018-07-09,405.135585464395
2018-07-10,97.9294375598051
2018-07-11,79.1404035999565
2018-07-12,90.2928951553068
2018-07-13,236.822221064119
2018-07-14,213.482986313793
2018-07-15,102.793304122213
2018-07-16,150.761406686539
2018-07-17,247.706926752895
2018-07-18,114.274412549749
2018-07-19,221.594712593105
2018-07-20,200.048528815467
2018-07-21,109.240459541464
2018-07-22,149.96094775904
2018-07-23,163.687861725119
2018-07-24,192.076386312788
2018-07-25,156.678903485623
2018-07-26,96.3607929691919
2018-07-27,117.329437934524
2018-07-28,80.1538171275339
2018-07-29,99.7058916839257
2018-07-30,165.040802254845
2018-07-31,255.847722410588
2018-08-01,80.8806085563746
2018-08-02,99.9651391582435
2018-08-03,134.406799477228
2018-08-04,128.240131695566
2018-08-05,80.9965518612897
2018-08-06,84.5348727222067
2018-08-07,247.068016925226
2018-08-08,170.836301443487
2018-08-09,99.2519136913709
2018-08-10,106.638105519156
2018-08-11,128.120259695448
2018-08-12,93.6821839627642
2018-08-13,131.197958703384
2018-08-14,132.457540218145
2018-08-15,115.986452851901
2018-08-16,129.787661435812
2018-08-17,107.965589810285
2018-08-18,155.887506965902
2018-08-19,81.7653313312635
2018-08-20,164.446989837436
2018-08-21,151.694500500191
2018-08-22,136.393596054765
2018-08-23,132.293619967498
2018-08-24,956.315276853276
2018-08-25,88.8261790876288
2018-08-26,117.919341114821
2018-08-27,138.785947969785
2018-08-28,189.665729644684
2018-08-29,143.672037619605
2018-08-30,1304.54764661459
2018-08-31,673.699651307923
2018-09-01,140.366975145663
2018-09-02,115.200992587405
2018-09-03,134.855094416353
2018-09-04,160.279114793951
2018-09-05,323.86325269459
2018-09-06,390.744097477205
2018-09-07,83.6277182982184
2018-09-08,148.092178729911
2018-09-09,105.813750887354
2018-09-10,106.369887998163
2018-09-11,97.7764834575164
2018-09-12,605.716613475146
2018-09-13,132.687004399746
2018-09-14,104.259015217499
2018-09-15,290.146083954476
2018-09-16,74.6531242892948
2018-09-17,212.539366777963
2018-09-18,65.6266409786784
2018-09-19,129.444640788691
2018-09-20,158.045069791973
2018-09-21,149.418335791627
2018-09-22,149.258553839074
2018-09-23,99.2965572839139
2018-09-24,97.6891640629322
2018-09-25,132.177851879417
2018-09-26,130.595534053396
2018-09-27,104.872156033732
2018-09-28,107.517000041234
2018-09-29,97.6854463889947
2018-09-30,123.670231881274
2018-10-01,87.1751427081338
2018-10-02,105.698190957615
2018-10-03,87.0759254959397
2018-10-04,312.50900980569
2018-10-05,79.8097153695324
2018-10-06,100.579071520107
2018-10-07,99.3401511392102
2018-10-08,112.675451995801
2018-10-09,100.569586367156
2018-10-10,102.571028987186
2018-10-11,147.568404848622
2018-10-12,106.631718650541
2018-10-13,197.011106804985
2018-10-14,48.1724053567467
2018-10-15,161.041575493002
2018-10-16,135.110639943393
2018-10-17,198.466775629415
2018-10-18,86.8260139192039
2018-10-19,86.4135429348596
2018-10-20,93.5062239928985
2018-10-21,98.6946577127631
2018-10-22,104.106950596475
2018-10-23,104.852080828845
2018-10-24,71.6570518147311
2018-10-25,145.182583212779
2018-10-26,80.3526408671968
2018-10-27,68.6859405381258
2018-10-28,102.821020045784
2018-10-29,124.107119627796
2018-10-30,138.797594929094
2018-10-31,170.957260568478
2018-11-01,147.120449646197
2018-11-02,75.5266366031407
2018-11-03,87.8887054696734
2018-11-04,89.980413423579
2018-11-05,79.323062518954
2018-11-06,84.1833609657766
2018-11-07,123.099706692961
2018-11-08,202.697112753383
2018-11-09,77.5042748253932
2018-11-10,96.2769410934801
2018-11-11,90.948469701361
2018-11-12,466.39916583057
2018-11-13,93.8098296448766
2018-11-14,128.145285478172
2018-11-15,109.230380362226
2018-11-16,183.619737589466
2018-11-17,143.135265886182
2018-11-18,80.1134735195127
2018-11-19,140.423049671952
2018-11-20,155.829271166438
2018-11-21,210.218561982214
2018-11-22,186.930658585083
2018-11-23,193.948756924897
2018-11-24,635.389427901165
2018-11-25,1276.33102245228
2018-11-26,164.02355737731
2018-11-27,171.510750763475
2018-11-28,2490.41410631038
2018-11-29,86.5520761727817
2018-11-30,61.5930590179419
2018-12-01,68.8413650825302
2018-12-02,94.3328691958147
2018-12-03,88.9322008875646
2018-12-04,130.142463215479
2018-12-05,501.999024536931
2018-12-06,205.738560459822
2018-12-07,112.812285901124
2018-12-08,233.1960401618
2018-12-09,61.7433074259012
2018-12-10,98.5146305224116
2018-12-11,194.203334311846
2018-12-12,431.457386194663
2018-12-13,123.040602579984
2018-12-14,87.6414198780884
2018-12-15,99.5675785197876
2018-12-16,135.739991393485
2018-12-17,293.715688071568
2018-12-18,71.3000854168026
2018-12-19,228.748042059388
2018-12-20,380.408841697444
2018-12-21,275.7698454896
2018-12-22,96.5447935882096
2018-12-23,138.781512259277
2018-12-24,242.306936977222
2018-12-25,113.239050005621
2018-12-26,114.124416585131
2018-12-27,234.429106253262
2018-12-28,94.1452202246589
2018-12-29,163.649064235248
2018-12-30,99.6251590511233
2018-12-31,120.208198183698
2019-01-01,86.654423372778
2019-01-02,111.577787729852
2019-01-03,91.8738602836626
2019-01-04,111.143494212042
2019-01-05,2283.57682793812
2019-01-06,90.4022308172868
2019-01-07,129.398931052158
2019-01-08,87.5421558886104
2019-01-09,3303.64160913655
2019-01-10,162.328826013736
2019-01-11,112.491746843191
2019-01-12,129.690313764185
2019-01-13,98.7839541843436
2019-01-14,100.247571902818
2019-01-15,103.449779226873
2019-01-16,111.973298284298
2019-01-17,84.5251590870409
2019-01-18,799.595212279622
2019-01-19,119.379865201695
2019-01-20,78.2973686681747
2019-01-21,94.03557466469
2019-01-22,76.1604663611061
2019-01-23,113.503656298291
2019-01-24,95.8045261022816
2019-01-25,85.2681074464279
2019-01-26,107.023034543276
2019-01-27,86.9717215366227
2019-01-28,105.723517233428
2019-01-29,134.818498978505
2019-01-30,144.967562458658
2019-01-31,112.204337019805
2019-02-01,107.323649220946
2019-02-02,75.1473672961766
2019-02-03,78.5686989578924
2019-02-04,150.212124847069
2019-02-05,70.4062093171685
2019-02-06,1725.29201375824
2019-02-07,88.1496156419707
2019-02-08,122.16936296918
2019-02-09,79.5358927776962
2019-02-10,99.865874563342
2019-02-11,132.547459315304
2019-02-12,121.194329352137
2019-02-13,128.925429540836
2019-02-14,71.5118228572447
2019-02-15,90.1751719124798
2019-02-16,72.0579276487742
2019-02-17,87.4821001438669
2019-02-18,129.45499876077
2019-02-19,137.603383757318
2019-02-20,76.2901036684528
2019-02-21,85.294502083779
2019-02-22,73.2098204433739
2019-02-23,67.8403838384054
2019-02-24,165.500041825464
2019-02-25,121.614615639266
2019-02-26,116.320219327547
2019-02-27,76.6167111684362
2019-02-28,76.1269604220494
2019-03-01,90.8568211573258
2019-03-02,78.3670730867101
2019-03-03,130.532978067208
2019-03-04,60.7771463781319
2019-03-05,138.597353978725
2019-03-06,141.235733932118
2019-03-07,92.0034764066129
2019-03-08,96.3096838860243
2019-03-09,180.389704995259
2019-03-10,281.146897869159
2019-03-11,286.599056532414
2019-03-12,241.702997123706
2019-03-13,82.4246616716887
2019-03-14,257.145527029401
2019-03-15,140.353942743045
2019-03-16,81.4692566350597
2019-03-17,89.0252549714153
2019-03-18,117.686562329309
2019-03-19,124.091914032196
2019-03-20,80.8244072838288
2019-03-21,156.916194604584
2019-03-22,129.550323877826
2019-03-23,83.3385722862
2019-03-24,87.4601961719701
2019-03-25,280.225636661707
2019-03-26,4070.05421980323
2019-03-27,100.010259472647
2019-03-28,88.1759548231882
2019-03-29,99.0214942170185
2019-03-30,74.7540789895058
2019-03-31,89.115680557226
2019-04-01,78.4349293830914
2019-04-02,262.525274879743
2019-04-03,297.577682120876
2019-04-04,203.140930392821
2019-04-05,104.817815349691
2019-04-06,137.142113334206
2019-04-07,211.037042814538
2019-04-08,750.107952793694
2019-04-09,104.978310790367
2019-04-10,96.9791707993707
2019-04-11,65.6707955415679
2019-04-12,89.1961614980356
2019-04-13,108.336596934788
2019-04-14,50.1974408055723
2019-04-15,71.9934657055333
2019-04-16,106.228674780814
2019-04-17,206.160773267187
2019-04-18,121.524378038481
2019-04-19,388.008703103352
2019-04-20,99.772886517629
2019-04-21,123.993228250059
2019-04-22,159.361521341455
2019-04-23,69.0000089481904
2019-04-24,771.435999156295
2019-04-25,244.071114211844
2019-04-26,90.9969052623675
2019-04-27,91.8613378481549
2019-04-28,94.8719733369716
2019-04-29,294.928337159213
2019-04-30,653.948466328103
2019-05-01,96.3268578790252
2019-05-02,96.5844956442015
2019-05-03,131.114202106269
2019-05-04,199.936077401847
2019-05-05,594.667595232497
2019-05-06,547.316646129854
2019-05-07,360.165264647451
2019-05-08,308.449543838328
2019-05-09,306.795668572409
2019-05-10,128.960288824957
2019-05-11,247.258743046469
2019-05-12,259.923916694359
2019-05-13,108.517945240461
2019-05-14,153.097031341829
2019-05-15,399.17204844019
2019-05-16,224.992891682191
2019-05-17,430.68193820767
2019-05-18,119.02068270418
2019-05-19,231.032872659104
2019-05-20,136.971485722852
2019-05-21,122.673165080298
2019-05-22,134.026780331753
2019-05-23,143.052868889419
2019-05-24,950.288867820297
2019-05-25,285.697000202476
2019-05-26,103.397799718819
2019-05-27,630.82223271368
2019-05-28,254.071553872494
2019-05-29,1294.96684183927
2019-05-30,118.707011934145
2019-05-31,116.857975333819
2019-06-01,111.726958926161
2019-06-02,184.507222292436
2019-06-03,431.267409865921
2019-06-04,296.96600241311
2019-06-05,1024.8430508535
2019-06-06,205.608873908799
2019-06-07,112.63890680845
2019-06-08,120.27133780137
2019-06-09,89.818485871836
2019-06-10,339.723939247718
2019-06-11,103.110005980444
2019-06-12,214.152718723669
2019-06-13,199.353043740467
2019-06-14,706.527151875437
2019-06-15,109.192422868002
2019-06-16,126.615032809019
2019-06-17,235.708388374583
2019-06-18,124.000942800866
2019-06-19,444.141570450569
2019-06-20,347.608406008686
2019-06-21,134.895107538158
2019-06-22,355.169607423976
2019-06-23,161.732095893416
2019-06-24,207.941181068809
2019-06-25,168.971664115993
2019-06-26,349.318222437842
2019-06-27,1245.55848631225
2019-06-28,361.554770273814
2019-06-29,181.889780648457
2019-06-30,183.374213748599
2019-07-01,567.504971614532
2019-07-02,129.320490265832
2019-07-03,362.31768363313
2019-07-04,463.216621501451
2019-07-05,181.058049903074
2019-07-06,147.768738619597
2019-07-07,142.71859374475
2019-07-08,304.070930311313
2019-07-09,337.484286686065
2019-07-10,316.218905759659
2019-07-11,127.600053191277
2019-07-12,177.078192400839
2019-07-13,115.915975741474
2019-07-14,118.29337197857
2019-07-15,336.438010228332
2019-07-16,178.619221272471
2019-07-17,321.867040992796
2019-07-18,165.652365406864
2019-07-19,319.536193145924
2019-07-20,231.837155697433
2019-07-21,173.828505173101
2019-07-22,170.33319299221
2019-07-23,259.415841314607
2019-07-24,280.207016587068
2019-07-25,140.665420772442
2019-07-26,134.4599098099
2019-07-27,118.852130104937
2019-07-28,114.865744894378
2019-07-29,124.586444861158
2019-07-30,139.979079361049
2019-07-31,380.598780680942
2019-08-01,1090.82034852006
2019-08-02,1858.53036244345
2019-08-03,317.867284640155
2019-08-04,330.805914056084
2019-08-05,208.918128079295
2019-08-06,325.794822218052
2019-08-07,204.30841897828
2019-08-08,306.475317592728
2019-08-09,576.217349311145
2019-08-10,288.022204557418
2019-08-11,204.976891127836
2019-08-12,362.095791521985
2019-08-13,171.454333499192
2019-08-14,461.25114252501
2019-08-15,537.147700915825
2019-08-16,212.160800021491
2019-08-17,266.75575580816
2019-08-18,240.477762303002
2019-08-19,269.82003143612
2019-08-20,277.727385495941
2019-08-21,441.265754062173
2019-08-22,216.131105147964
2019-08-23,220.234149061588
2019-08-24,216.51454045672
2019-08-25,319.08401484422
2019-08-26,423.259604690941
2019-08-27,161.060409182141
2019-08-28,676.537066676822
2019-08-29,763.975009474551
2019-08-30,268.388077732151
2019-08-31,607.932276189881
2019-09-01,381.172408691625
2019-09-02,299.738002726564
2019-09-03,339.569163627871
2019-09-04,274.427167492394
2019-09-05,400.612475331944
2019-09-06,316.852828204908
2019-09-07,363.940385251617
2019-09-08,311.87547667962
2019-09-09,231.619893337845
2019-09-10,445.869150998641
2019-09-11,412.987978381994
2019-09-12,443.921782421624
2019-09-13,264.382967841629
2019-09-14,648.159386802043
2019-09-15,303.298206220961
2019-09-16,249.971112777661
2019-09-17,273.281520092667
2019-09-18,303.500942104318
2019-09-19,355.965494524156
2019-09-20,265.814552895265
2019-09-21,330.942212416821
2019-09-22,382.262635694104
2019-09-23,214.01024169376
2019-09-24,563.046382877025
2019-09-25,330.902150989388
2019-09-26,295.07350036656
2019-09-27,251.078457170139
2019-09-28,312.153287841251
2019-09-29,267.003013391549
2019-09-30,207.709470576451
2019-10-01,832.451016747511
2019-10-02,344.353280458648
2019-10-03,335.358775225907
2019-10-04,309.590430465895
2019-10-05,360.765394297781
2019-10-06,361.788367303082
2019-10-07,342.941503376293
2019-10-08,335.621329219625
2019-10-09,353.934939442438
2019-10-10,490.107996543133
2019-10-11,410.737591429259
2019-10-12,581.585505830405
2019-10-13,287.289040789763
2019-10-14,570.199262695534
2019-10-15,202.987429492019
2019-10-16,338.360844668027
2019-10-17,552.342133223222
2019-10-18,448.626051970472
2019-10-19,307.542717767136
2019-10-20,318.173380387981
2019-10-21,776.545394927951
2019-10-22,388.872426137099
2019-10-23,302.492144138121
2019-10-24,208.287719041181
2019-10-25,453.603788296374
2019-10-26,269.279086096825
2019-10-27,241.609984957591
2019-10-28,1280.09296594764
2019-10-29,253.964069798562
2019-10-30,250.978773418748
2019-10-31,232.417970860626
2019-11-01,346.633328325426
2019-11-02,233.85397971703
2019-11-03,281.499893262328
2019-11-04,257.26720219042
2019-11-05,373.545756304941
2019-11-06,390.126183215904
2019-11-07,272.120967711457
2019-11-08,352.248698242725
2019-11-09,358.058615290446
2019-11-10,267.774960732167
2019-11-11,253.106600992041
2019-11-12,386.367151756721
2019-11-13,292.955674513619
2019-11-14,283.072456258657
2019-11-15,336.575518276929
2019-11-16,255.752996575666
2019-11-17,319.865235775386
