t,mining_miners_unspent_supply
2010-01-01,1493402.74
2010-01-02,1499702.74
2010-01-03,1509002.74
2010-01-04,1514052.74
2010-01-05,1523952.74
2010-01-06,1532102.74
2010-01-07,1539802.74
2010-01-08,1547452.74
2010-01-09,1555002.74
2010-01-10,1564502.74
2010-01-11,1572452.74
2010-01-12,1569653.0
2010-01-13,1577803.0
2010-01-14,1584553.0
2010-01-15,1591403.0
2010-01-16,1597403.0
2010-01-17,1603953.0
2010-01-18,1610153.0
2010-01-19,1616353.0
2010-01-20,1624253.0
2010-01-21,1632803.0
2010-01-22,1639203.0
2010-01-23,1647203.0
2010-01-24,1654853.0
2010-01-25,1662603.0
2010-01-26,1671703.0
2010-01-27,1678903.0
2010-01-28,1686703.0
2010-01-29,1695603.0
2010-01-30,1704403.0
2010-01-31,1711853.0
2010-02-01,1720603.0
2010-02-02,1726803.0
2010-02-03,1740003.0
2010-02-04,1749453.0
2010-02-05,1748453.0
2010-02-06,1756603.0
2010-02-07,1767003.0
2010-02-08,1771053.0
2010-02-09,1760503.44
2010-02-10,1738653.44
2010-02-11,1743403.44
2010-02-12,1750703.44
2010-02-13,1758153.44
2010-02-14,1766103.44
2010-02-15,1770403.44
2010-02-16,1779403.44
2010-02-17,1790353.44
2010-02-18,1797903.44
2010-02-19,1807453.44
2010-02-20,1817203.44
2010-02-21,1822103.44
2010-02-22,1821803.44
2010-02-23,1834253.44
2010-02-24,1837553.44
2010-02-25,1838153.44
2010-02-26,1845853.44
2010-02-27,1854003.44
2010-02-28,1856553.44
2010-03-01,1864703.44
2010-03-02,1872103.44
2010-03-03,1874553.44
2010-03-04,1864453.44
2010-03-05,1872953.44
2010-03-06,1877453.44
2010-03-07,1880703.44
2010-03-08,1877953.44
2010-03-09,1881203.44
2010-03-10,1887353.44
2010-03-11,1890803.44
2010-03-12,1896503.44
2010-03-13,1902353.44
2010-03-14,1908253.44
2010-03-15,1914903.44
2010-03-16,1920003.44
2010-03-17,1925553.44
2010-03-18,1928703.44
2010-03-19,1930053.44
2010-03-20,1936353.44
2010-03-21,1945153.44
2010-03-22,1952153.44
2010-03-23,1958803.44
2010-03-24,1966003.44
2010-03-25,1958253.44
2010-03-26,1964403.44
2010-03-27,1972253.44
2010-03-28,1980803.44
2010-03-29,1987203.44
2010-03-30,1997403.44
2010-03-31,2006753.44
2010-04-01,2013753.44
2010-04-02,2020553.44
2010-04-03,2027403.44
2010-04-04,2032503.7
2010-04-05,2033903.7
2010-04-06,2037203.7
2010-04-07,2042003.7
2010-04-08,2050153.7
2010-04-09,2055453.7
2010-04-10,2055053.7
2010-04-11,2059453.7
2010-04-12,2064103.7
2010-04-13,2071803.7
2010-04-14,2076703.7
2010-04-15,2055953.7
2010-04-16,2056203.7
2010-04-17,2064153.7
2010-04-18,2070903.7
2010-04-19,2068803.7
2010-04-20,2069103.7
2010-04-21,2073153.7
2010-04-22,2079303.7
2010-04-23,2085053.7
2010-04-24,2089053.7
2010-04-25,2089203.7
2010-04-26,2093903.7
2010-04-27,2100403.7
2010-04-28,2104303.7
2010-04-29,2109603.7
2010-04-30,2115803.7
2010-05-01,2122103.7
2010-05-02,2128003.7
2010-05-03,2131253.7
2010-05-04,2130103.7
2010-05-05,2131003.7
2010-05-06,2124803.7
2010-05-07,2127603.7
2010-05-08,2121853.44
2010-05-09,2126053.44
2010-05-10,2125303.44
2010-05-11,2129203.44
2010-05-12,2130453.44
2010-05-13,2132053.44
2010-05-14,2133510.15
2010-05-15,2135362.79
2010-05-16,2138960.15
2010-05-17,2140410.15
2010-05-18,2143710.15
2010-05-19,2146910.15
2010-05-20,2154010.15
2010-05-21,2156860.15
2010-05-22,2160604.43
2010-05-23,2163504.43
2010-05-24,2167704.43
2010-05-25,2172754.43
2010-05-26,2177104.43
2010-05-27,2179354.43
2010-05-28,2186704.43
2010-05-29,2189754.43
2010-05-30,2193454.43
2010-05-31,2196004.43
2010-06-01,2198104.43
2010-06-02,2202204.43
2010-06-03,2201004.43
2010-06-04,2204204.43
2010-06-05,2207604.43
2010-06-06,2211154.43
2010-06-07,2205654.43
2010-06-08,2207304.43
2010-06-09,2210854.43
2010-06-10,2215354.43
2010-06-11,2218554.43
2010-06-12,2221154.43
2010-06-13,2224154.43
2010-06-14,2223754.43
2010-06-15,2229504.43
2010-06-16,2231804.43
2010-06-17,2236004.43
2010-06-18,2239304.43
2010-06-19,2240704.43
2010-06-20,2246254.43
2010-06-21,2249954.43
2010-06-22,2251954.43
2010-06-23,2257604.43
2010-06-24,2259954.43
2010-06-25,2265254.43
2010-06-26,2270754.43
2010-06-27,2275054.43
2010-06-28,2278654.43
2010-06-29,2279154.43
2010-06-30,2279055.8
2010-07-01,2282405.8
2010-07-02,2283305.8
2010-07-03,2288505.8
2010-07-04,2285405.8
2010-07-05,2286605.8
2010-07-06,2291355.8
2010-07-07,2291755.8
2010-07-08,2295355.8
2010-07-09,2300755.8
2010-07-10,2302555.8
2010-07-11,2305105.8
2010-07-12,2328755.8
2010-07-13,2353305.8
2010-07-14,2370905.81
2010-07-15,2379656.4
2010-07-16,2390656.56
2010-07-17,2386856.53
2010-07-18,2382007.27
2010-07-19,2379557.1
2010-07-20,2383106.99
2010-07-21,2381756.94
2010-07-22,2387156.92
2010-07-23,2390906.93
2010-07-24,2392156.91
2010-07-25,2393509.77
2010-07-26,2372708.65
2010-07-27,2371459.28
2010-07-28,2372010.15
2010-07-29,2378961.01
2010-07-30,2380611.18
2010-07-31,2385010.52
2010-08-01,2389060.61
2010-08-02,2391959.64
2010-08-03,2392409.42
2010-08-04,2396309.37
2010-08-05,2399509.32
2010-08-06,2401059.28
2010-08-07,2400461.51
2010-08-08,2403811.5
2010-08-09,2405415.82
2010-08-10,2406415.49
2010-08-11,2407465.46
2010-08-12,2414515.41
2010-08-13,2416911.09
2010-08-14,2424211.09
2010-08-15,2427561.09
2010-08-16,2426961.73
2010-08-17,2430011.73
2010-08-18,2427463.28
2010-08-19,2430362.09
2010-08-20,2432112.09
2010-08-21,2436162.08
2010-08-22,2437462.04
2010-08-23,2438812.02
2010-08-24,2440412.82
2010-08-25,2446012.02
2010-08-26,2449762.02
2010-08-27,2451512.02
2010-08-28,2453962.0200011
2010-08-29,2458862.2500011
2010-08-30,2461412.5500006
2010-08-31,2461162.6100008
2010-09-01,2463862.5800007
2010-09-02,2463312.3900006
2010-09-03,2467012.3800006
2010-09-04,2470212.3300006
2010-09-05,2472061.9000006
2010-09-06,2472261.8200007
2010-09-07,2475661.8200007
2010-09-08,2478761.7900008
2010-09-09,2481911.9000008
2010-09-10,2486011.8700009
2010-09-11,2491461.8500009
2010-09-12,2488261.9800006
2010-09-13,2489861.9400007
2010-09-14,2493411.90960422
2010-09-15,2496461.90960422
2010-09-16,2497161.86960422
2010-09-17,2476311.86960422
2010-09-18,2481667.03960422
2010-09-19,2479721.8900007
2010-09-20,2483331.8800007
2010-09-21,2482786.8700007
2010-09-22,2485091.8700007
2010-09-23,2485276.8700007
2010-09-24,2489086.8700007
2010-09-25,2491586.8500007
2010-09-26,2495256.8500007
2010-09-27,2481811.8700007
2010-09-28,2436368.1600006
2010-09-29,2435977.8000006
2010-09-30,2437777.7800006
2010-10-01,2441328.3300006
2010-10-02,2442177.76776873
2010-10-03,2443827.76776883
2010-10-04,2440127.76776883
2010-10-05,2442727.76776873
2010-10-06,2445752.76776883
2010-10-07,2445457.76776883
2010-10-08,2439007.76776883
2010-10-09,2438412.76776883
2010-10-10,2442967.76776883
2010-10-11,2444022.76776883
2010-10-12,2445372.76776883
2010-10-13,2434173.10776883
2010-10-14,2437123.10776883
2010-10-15,2440223.10776883
2010-10-16,2433678.10776774
2010-10-17,2438388.10776774
2010-10-18,2443038.12776774
2010-10-19,2450838.11776774
2010-10-20,2456293.11776774
2010-10-21,2456368.11776774
2010-10-22,2459523.11776774
2010-10-23,2462528.16776774
2010-10-24,2466778.16776774
2010-10-25,2471178.14776774
2010-10-26,2478978.14776774
2010-10-27,2478778.14776774
2010-10-28,2476233.14776774
2010-10-29,2480433.14776774
2010-10-30,2485483.12776774
2010-10-31,2487081.56776774
2010-11-01,2489686.55776774
2010-11-02,2493736.55776774
2010-11-03,2496836.53776774
2010-11-04,2498841.53776774
2010-11-05,2498491.53776774
2010-11-06,2503991.53776774
2010-11-07,2507941.53776774
2010-11-08,2473842.34776774
2010-11-09,2477191.51776774
2010-11-10,2481201.51776774
2010-11-11,2486551.51776774
2010-11-12,2489351.51776774
2010-11-13,2493051.51776774
2010-11-14,2483701.51776774
2010-11-15,2485951.98776774
2010-11-16,2484351.98776774
2010-11-17,2489951.98776774
2010-11-18,2496101.98776774
2010-11-19,2495602.06776774
2010-11-20,2498703.06776774
2010-11-21,2502053.78776774
2010-11-22,2505053.86776774
2010-11-23,2505003.88776774
2010-11-24,2505053.76776774
2010-11-25,2508303.71776774
2010-11-26,2510303.92776774
2010-11-27,2511403.42776774
2010-11-28,2517553.41776774
2010-11-29,2517003.31776774
2010-11-30,2521353.31776774
2010-12-01,2513803.12776774
2010-12-02,2512853.16776774
2010-12-03,2506402.32776774
2010-12-04,2513297.34669991
2010-12-05,2519147.32669991
2010-12-06,2526877.28575407
2010-12-07,2524026.06355642
2010-12-08,2529224.93827076
2010-12-09,2534073.85791232
2010-12-10,2538773.90791232
2010-12-11,2543222.52309912
2010-12-12,2546617.49522721
2010-12-13,2524801.70440971
2010-12-14,2528047.26180814
2010-12-15,2534392.23204538
2010-12-16,2536442.20204538
2010-12-17,2540991.92204538
2010-12-18,2546691.80949014
2010-12-19,2544341.82513533
2010-12-20,2542289.37586496
2010-12-21,2545889.38044864
2010-12-22,2542989.31044864
2010-12-23,2548039.32044864
2010-12-24,2552482.01406603
2010-12-25,2555682.04406603
2010-12-26,2558481.30294037
2010-12-27,2549176.88238893
2010-12-28,2555626.6543692
2010-12-29,2556026.66774738
2010-12-30,2557276.40774738
2010-12-31,2561975.05391167
2011-01-01,2566375.14306425
2011-01-02,2567825.09807603
2011-01-03,2563374.05820368
2011-01-04,2566023.13174477
2011-01-05,2560872.3428541
2011-01-06,2558220.65541949
2011-01-07,2560707.27741944
2011-01-08,2563657.24507377
2011-01-09,2565357.28507377
2011-01-10,2570907.26507377
2011-01-11,2573357.18892486
2011-01-12,2576806.67751238
2011-01-13,2566706.38871985
2011-01-14,2558156.20031059
2011-01-15,2561156.24288007
2011-01-16,2562906.24855477
2011-01-17,2568606.38662957
2011-01-18,2567456.33662957
2011-01-19,2565906.34899774
2011-01-20,2571156.19252232
2011-01-21,2567356.10061646
2011-01-22,2566155.93514058
2011-01-23,2561205.02328595
2011-01-24,2565700.93680658
2011-01-25,2568800.99586577
2011-01-26,2569901.07586577
2011-01-27,2570951.19680658
2011-01-28,2572901.16680658
2011-01-29,2577149.75680658
2011-01-30,2577401.21030192
2011-01-31,2575451.72030192
2011-02-01,2567951.0193304
2011-02-02,2571551.0293304
2011-02-03,2575550.93752014
2011-02-04,2578449.16690865
2011-02-05,2575499.09874105
2011-02-06,2578949.08986693
2011-02-07,2582499.33707634
2011-02-08,2586449.50132543
2011-02-09,2587999.38684271
2011-02-10,2589700.24436951
2011-02-11,2585400.32814791
2011-02-12,2586449.94732006
2011-02-13,2580500.01914031
2011-02-14,2565546.96776306
2011-02-15,2569695.14122499
2011-02-16,2574345.50580698
2011-02-17,2580345.56926891
2011-02-18,2576195.13557932
2011-02-19,2577845.51557932
2011-02-20,2581645.22557932
2011-02-21,2584745.50557932
2011-02-22,2587045.47104754
2011-02-23,2590391.50104754
2011-02-24,2588791.46874226
2011-02-25,2587341.5415333
2011-02-26,2583441.6115333
2011-02-27,2584892.1315333
2011-02-28,2583791.7615333
2011-03-01,2582692.0558333
2011-03-02,2584992.3298333
2011-03-03,2587348.7376333
2011-03-04,2591847.7166333
2011-03-05,2589199.24641248
2011-03-06,2589900.88551248
2011-03-07,2588503.12384992
2011-03-08,2593054.67384994
2011-03-09,2594155.47190545
2011-03-10,2596056.66344994
2011-03-11,2595561.92517909
2011-03-12,2596809.6391861
2011-03-13,2597360.41297906
2011-03-14,2583607.94708754
2011-03-15,2584057.42905134
2011-03-16,2575707.76765135
2011-03-17,2576908.16704429
2011-03-18,2569057.27758871
2011-03-19,2571358.02538166
2011-03-20,2573808.98435412
2011-03-21,2575465.68435412
2011-03-22,2575771.12405412
2011-03-23,2577178.12613448
2011-03-24,2578124.2895003
2011-03-25,2581073.03491454
2011-03-26,2581322.2348813
2011-03-27,2581024.155114
2011-03-28,2581372.619314
2011-03-29,2582722.14175969
2011-03-30,2583520.51165969
2011-03-31,2585371.42125969
2011-04-01,2587472.19914146
2011-04-02,2591473.37954148
2011-04-03,2595375.54865477
2011-04-04,2589472.16737205
2011-04-05,2590873.72787165
2011-04-06,2590073.91717166
2011-04-07,2591123.73727166
2011-04-08,2591073.67717166
2011-04-09,2593175.78707166
2011-04-10,2595477.41707166
2011-04-11,2590523.14693853
2011-04-12,2585521.07051878
2011-04-13,2580319.78196973
2011-04-14,2581330.07456973
2011-04-15,2582627.56901322
2011-04-16,2579975.8909555
2011-04-17,2581822.9630555
2011-04-18,2578122.26354126
2011-04-19,2578473.35433763
2011-04-20,2578826.9582727
2011-04-21,2580077.0385565
2011-04-22,2579178.5682565
2011-04-23,2573126.4090054
2011-04-24,2574276.32641657
2011-04-25,2572231.41439395
2011-04-26,2572129.13327134
2011-04-27,2566632.03551283
2011-04-28,2564479.74188577
2011-04-29,2562991.8988795
2011-04-30,2561214.19580367
2011-05-01,2559391.43902725
2011-05-02,2557865.08753954
2011-05-03,2556542.05106755
2011-05-04,2543001.01909902
2011-05-05,2541933.75265877
2011-05-06,2543742.87754129
2011-05-07,2537833.44214359
2011-05-08,2541463.56820272
2011-05-09,2541259.4539415
2011-05-10,2537578.47124042
2011-05-11,2531322.11328692
2011-05-12,2528879.02871369
2011-05-13,2521955.13149328
2011-05-14,2522543.4184883
2011-05-15,2522234.50735918
2011-05-16,2519724.17281255
2011-05-17,2519864.18986806
2011-05-18,2517338.81713638
2011-05-19,2509849.03777224
2011-05-20,2507096.36287286
2011-05-21,2507048.37893596
2011-05-22,2508585.60202971
2011-05-23,2501386.9922037
2011-05-24,2499957.18405445
2011-05-25,2496952.98210598
2011-05-26,2489859.38831225
2011-05-27,2487343.30648501
2011-05-28,2485475.58375944
2011-05-29,2485446.48305762
2011-05-30,2483697.06094039
2011-05-31,2481876.25346766
2011-06-01,2477886.3551322
2011-06-02,2464365.75357324
2011-06-03,2461970.22998188
2011-06-04,2460952.73894992
2011-06-05,2459926.56369766
2011-06-06,2455204.93553233
2011-06-07,2449410.67227898
2011-06-08,2440243.6926692
2011-06-09,2436388.35175948
2011-06-10,2431838.1003928
2011-06-11,2407230.07839144
2011-06-12,2402990.88745335
2011-06-13,2378871.32775924
2011-06-14,2360105.61084773
2011-06-15,2351918.84289503
2011-06-16,2314503.28392701
2011-06-17,2309202.84904195
2011-06-18,2310289.93016624
2011-06-19,2299826.84741823
2011-06-20,2298001.20573839
2011-06-21,2300141.68422405
2011-06-22,2299545.73223405
2011-06-23,2300793.63972736
2011-06-24,2293207.68935178
2011-06-25,2291503.54018704
2011-06-26,2289150.58346805
2011-06-27,2280350.25084215
2011-06-28,2273372.82818677
2011-06-29,2271046.30996192
2011-06-30,2271378.87885351
2011-07-01,2270290.8569976
2011-07-02,2269978.00578264
2011-07-03,2268776.03321644
2011-07-04,2267923.03373973
2011-07-05,2258935.41842025
2011-07-06,2257915.88240241
2011-07-07,2257625.86652436
2011-07-08,2257776.82649492
2011-07-09,2258059.21274426
2011-07-10,2256433.7098285
2011-07-11,2254776.29523534
2011-07-12,2255344.98712547
2011-07-13,2255657.44450223
2011-07-14,2254079.75207566
2011-07-15,2254274.66463161
2011-07-16,2254713.84685843
2011-07-17,2254037.38433606
2011-07-18,2249735.13427893
2011-07-19,2248380.44547711
2011-07-20,2248729.81720384
2011-07-21,2249206.52096913
2011-07-22,2249582.47501058
2011-07-23,2249732.9593499
2011-07-24,2250820.80615838
2011-07-25,2251121.53304375
2011-07-26,2251081.9538292
2011-07-27,2250835.07057606
2011-07-28,2250945.30945372
2011-07-29,2250422.39834859
2011-07-30,2250548.17438951
2011-07-31,2250974.14089467
2011-08-01,2250561.77505794
2011-08-02,2249387.11435796
2011-08-03,2248680.98960164
2011-08-04,2248535.50823656
2011-08-05,2249104.26751126
2011-08-06,2247434.019894
2011-08-07,2245969.76188407
2011-08-08,2246146.76137531
2011-08-09,2246034.55672264
2011-08-10,2246094.04635996
2011-08-11,2246424.10397175
2011-08-12,2245264.73593679
2011-08-13,2245221.7950241
2011-08-14,2244927.67985241
2011-08-15,2245566.19353954
2011-08-16,2246536.92590223
2011-08-17,2245377.70033322
2011-08-18,2243562.44311442
2011-08-19,2243737.60665469
2011-08-20,2243729.46081373
2011-08-21,2244439.43424922
2011-08-22,2244341.34657427
2011-08-23,2244537.09924286
2011-08-24,2243921.44116724
2011-08-25,2240775.41881439
2011-08-26,2225805.93146978
2011-08-27,2224329.16960643
2011-08-28,2222708.05614757
2011-08-29,2223490.10399235
2011-08-30,2223385.73287954
2011-08-31,2224202.21139149
2011-09-01,2221908.17986505
2011-09-02,2222319.09607927
2011-09-03,2222077.92818125
2011-09-04,2223327.84300294
2011-09-05,2223109.77013094
2011-09-06,2222250.66643312
2011-09-07,2216141.7837852
2011-09-08,2211849.79808855
2011-09-09,2198408.08188027
2011-09-10,2197973.02689638
2011-09-11,2198332.64491526
2011-09-12,2196044.62807697
2011-09-13,2196927.41670723
2011-09-14,2189988.87552008
2011-09-15,2189995.5368448
2011-09-16,2191184.58331764
2011-09-17,2190263.13077931
2011-09-18,2189433.64705542
2011-09-19,2189316.56811824
2011-09-20,2188736.2148304
2011-09-21,2189885.75330149
2011-09-22,2190274.37080457
2011-09-23,2189958.43936443
2011-09-24,2189759.62352317
2011-09-25,2191628.46264568
2011-09-26,2191032.76966266
2011-09-27,2189141.97798963
2011-09-28,2189300.71816404
2011-09-29,2189777.56575247
2011-09-30,2188397.63611462
2011-10-01,2188724.38203906
2011-10-02,2187600.19579164
2011-10-03,2186816.37928984
2011-10-04,2186789.74822473
2011-10-05,2187449.37053381
2011-10-06,2185211.13169814
2011-10-07,2185732.28309993
2011-10-08,2185952.94353872
2011-10-09,2183887.93443617
2011-10-10,2182751.36980886
2011-10-11,2182521.98187736
2011-10-12,2182415.39780402
2011-10-13,2181650.05020177
2011-10-14,2182195.63499791
2011-10-15,2182733.95806583
2011-10-16,2180511.85653676
2011-10-17,2178926.11657536
2011-10-18,2178157.68069094
2011-10-19,2179754.02518329
2011-10-20,2178577.68392208
2011-10-21,2177994.32021643
2011-10-22,2176084.22909175
2011-10-23,2175615.42178964
2011-10-24,2176556.05466501
2011-10-25,2177984.74347855
2011-10-26,2178449.32545123
2011-10-27,2175606.38366458
2011-10-28,2176532.38333777
2011-10-29,2176047.24479354
2011-10-30,2175176.25081037
2011-10-31,2176042.08340845
2011-11-01,2174399.59495792
2011-11-02,2175397.10813975
2011-11-03,2171419.33022611
2011-11-04,2168638.82035545
2011-11-05,2169770.09358681
2011-11-06,2170793.4008064
2011-11-07,2171483.53574685
2011-11-08,2172969.32986695
2011-11-09,2168511.50628867
2011-11-10,2167375.91155829
2011-11-11,2165085.33135502
2011-11-12,2160768.50216241
2011-11-13,2159189.03943618
2011-11-14,2152484.61487396
2011-11-15,2148980.96784362
2011-11-16,2147558.68448462
2011-11-17,2141607.26448007
2011-11-18,2142218.91743168
2011-11-19,2142047.93189781
2011-11-20,2139495.40187103
2011-11-21,2137120.10209529
2011-11-22,2133472.84653752
2011-11-23,2134490.13310699
2011-11-24,2127586.70404986
2011-11-25,2128000.44334009
2011-11-26,2126475.59333409
2011-11-27,2127252.92100593
2011-11-28,2124795.31704542
2011-11-29,2121182.75868796
2011-11-30,2116594.54801948
2011-12-01,2115768.78945152
2011-12-02,2116654.1491586
2011-12-03,2117531.97811475
2011-12-04,2114151.32405589
2011-12-05,2113025.67879501
2011-12-06,2115070.13874057
2011-12-07,2116495.43406827
2011-12-08,2112807.13284771
2011-12-09,2114327.42830551
2011-12-10,2113177.78444542
2011-12-11,2107036.4233317
2011-12-12,2108357.67768262
2011-12-13,2108053.48184049
2011-12-14,2108719.59104935
2011-12-15,2103893.3529365
2011-12-16,2101965.94607724
2011-12-17,2104010.17389623
2011-12-18,2104335.28360579
2011-12-19,2098888.67517028
2011-12-20,2092210.76310844
2011-12-21,2092751.33311113
2011-12-22,2093874.68123586
2011-12-23,2094824.0591936
2011-12-24,2092720.97774923
2011-12-25,2094501.86781552
2011-12-26,2092502.36378803
2011-12-27,2094190.5049501
2011-12-28,2091855.03007785
2011-12-29,2092232.36532819
2011-12-30,2090347.39931411
2011-12-31,2091731.11898577
2012-01-01,2087434.94930357
2012-01-02,2087613.84644921
2012-01-03,2088552.76634642
2012-01-04,2088655.6302678
2012-01-05,2086612.68288996
2012-01-06,2084937.54870116
2012-01-07,2086241.25744118
2012-01-08,2085301.11448163
2012-01-09,2086567.89325295
2012-01-10,2087571.04601411
2012-01-11,2087908.00801114
2012-01-12,2085431.75095961
2012-01-13,2084681.9323433
2012-01-14,2085151.66965571
2012-01-15,2085427.35621079
2012-01-16,2086688.72400818
2012-01-17,2088005.71478756
2012-01-18,2087635.47040112
2012-01-19,2088677.81161506
2012-01-20,2087269.19019372
2012-01-21,2087239.01466985
2012-01-22,2088616.88499185
2012-01-23,2089069.45874546
2012-01-24,2088867.46345749
2012-01-25,2088445.59904433
2012-01-26,2089382.93147524
2012-01-27,2090294.2736179
2012-01-28,2089728.65659773
2012-01-29,2091791.73566924
2012-01-30,2092571.15228964
2012-01-31,2093171.62494517
2012-02-01,2093046.48798331
2012-02-02,2092537.65138398
2012-02-03,2093744.17000505
2012-02-04,2093783.66932559
2012-02-05,2091978.58440588
2012-02-06,2093053.24321661
2012-02-07,2093270.58329849
2012-02-08,2093159.40715421
2012-02-09,2093624.24911832
2012-02-10,2093082.76499129
2012-02-11,2093310.25320322
2012-02-12,2093607.8960992
2012-02-13,2093472.87658641
2012-02-14,2088834.43894875
2012-02-15,2088549.77394561
2012-02-16,2089244.62466969
2012-02-17,2090434.54171091
2012-02-18,2091216.62733575
2012-02-19,2092640.06402408
2012-02-20,2092808.7710994
2012-02-21,2093413.67206243
2012-02-22,2094231.33563804
2012-02-23,2094396.44250205
2012-02-24,2095675.12513127
2012-02-25,2096713.66363047
2012-02-26,2098032.93851556
2012-02-27,2098214.96210213
2012-02-28,2100202.00252965
2012-02-29,2101287.11556438
2012-03-01,2102207.10625292
2012-03-02,2101048.17797092
2012-03-03,2101891.90380076
2012-03-04,2102022.94535936
2012-03-05,2102409.82540722
2012-03-06,2101265.27467112
2012-03-07,2102980.64192158
2012-03-08,2103534.33677565
2012-03-09,2103458.48556467
2012-03-10,2103930.48037253
2012-03-11,2104838.40171104
2012-03-12,2106994.62923395
2012-03-13,2107131.58039883
2012-03-14,2103557.02065817
2012-03-15,2104965.64962113
2012-03-16,2105219.73536954
2012-03-17,2107086.37894017
2012-03-18,2107625.83424852
2012-03-19,2107236.14931511
2012-03-20,2108231.5719647
2012-03-21,2109428.45804935
2012-03-22,2107306.48011859
2012-03-23,2108628.99643323
2012-03-24,2110898.3650552
2012-03-25,2111084.38161873
2012-03-26,2110875.50689716
2012-03-27,2112130.50013169
2012-03-28,2111886.13375189
2012-03-29,2112865.23824194
2012-03-30,2114767.92936931
2012-03-31,2116852.74876154
2012-04-01,2114968.61428179
2012-04-02,2114423.43031081
2012-04-03,2112636.49047065
2012-04-04,2112543.16353955
2012-04-05,2111012.36012174
2012-04-06,2109369.48563053
2012-04-07,2110970.7714885
2012-04-08,2112293.67064533
2012-04-09,2112285.06804356
2012-04-10,2112560.74422321
2012-04-11,2111065.87226735
2012-04-12,2108263.96635353
2012-04-13,2109077.28818934
2012-04-14,2109693.62726327
2012-04-15,2107909.02826599
2012-04-16,2108765.41206225
2012-04-17,2109079.67313357
2012-04-18,2109672.69939099
2012-04-19,2108991.59809292
2012-04-20,2109066.22317982
2012-04-21,2110563.67316749
2012-04-22,2109654.63325155
2012-04-23,2110603.20153931
2012-04-24,2108148.48559692
2012-04-25,2109552.43197758
2012-04-26,2110312.70999791
2012-04-27,2109706.04945201
2012-04-28,2111987.00006805
2012-04-29,2115017.62153097
2012-04-30,2116746.45390034
2012-05-01,2104461.38105683
2012-05-02,2103365.15022489
2012-05-03,2103150.92229608
2012-05-04,2100927.78691808
2012-05-05,2103384.18642424
2012-05-06,2097534.59566124
2012-05-07,2095440.05186437
2012-05-08,2096787.0469979
2012-05-09,2097857.90093471
2012-05-10,2095939.07922479
2012-05-11,2097488.77385204
2012-05-12,2097010.62391278
2012-05-13,2095119.85470121
2012-05-14,2095707.69352542
2012-05-15,2095811.33568961
2012-05-16,2093814.27968091
2012-05-17,2093648.75520734
2012-05-18,2094816.63553162
2012-05-19,2096295.30112666
2012-05-20,2096008.7985139
2012-05-21,2094800.2152997
2012-05-22,2095582.63203498
2012-05-23,2095580.46274753
2012-05-24,2095781.78416382
2012-05-25,2095528.16216717
2012-05-26,2096600.45688343
2012-05-27,2098606.12331644
2012-05-28,2098284.79249911
2012-05-29,2097408.5070978
2012-05-30,2098443.7754842
2012-05-31,2098219.11319414
2012-06-01,2098536.04238364
2012-06-02,2098985.18083188
2012-06-03,2099673.01040003
2012-06-04,2099612.67335515
2012-06-05,2100203.30981572
2012-06-06,2102365.73355197
2012-06-07,2103368.78431906
2012-06-08,2103249.79303055
2012-06-09,2105622.36713647
2012-06-10,2107103.10535039
2012-06-11,2106545.61097701
2012-06-12,2107284.73266374
2012-06-13,2105867.94643612
2012-06-14,2107189.04297206
2012-06-15,2106449.8348116
2012-06-16,2107587.14061839
2012-06-17,2108981.53916312
2012-06-18,2110084.09308021
2012-06-19,2109596.19917831
2012-06-20,2109288.24892253
2012-06-21,2109695.20860614
2012-06-22,2110500.94211779
2012-06-23,2113111.56326837
2012-06-24,2104469.36712072
2012-06-25,2105682.03831295
2012-06-26,2105478.65261208
2012-06-27,2107191.92411892
2012-06-28,2108546.11399027
2012-06-29,2108837.83616372
2012-06-30,2108581.96805144
2012-07-01,2109399.9220709
2012-07-02,2107352.92855522
2012-07-03,2108925.47909444
2012-07-04,2108863.30721131
2012-07-05,2105714.45217299
2012-07-06,2107102.99221522
2012-07-07,2109356.61479907
2012-07-08,2111568.84882166
2012-07-09,2112536.36457215
2012-07-10,2113019.08948058
2012-07-11,2111627.35701589
2012-07-12,2112626.84738475
2012-07-13,2110516.44653174
2012-07-14,2111215.6859143
2012-07-15,2111881.82382832
2012-07-16,2111251.5546181
2012-07-17,2109759.73399838
2012-07-18,2108288.09233901
2012-07-19,2108664.73945726
2012-07-20,2109019.67356759
2012-07-21,2109639.62173817
2012-07-22,2110669.19613818
2012-07-23,2107874.25163547
2012-07-24,2107011.54641172
2012-07-25,2106064.01915971
2012-07-26,2107202.51529809
2012-07-27,2107864.66819876
2012-07-28,2109281.85129806
2012-07-29,2110622.75258756
2012-07-30,2110532.96853889
2012-07-31,2110165.67399062
2012-08-01,2108399.53919925
2012-08-02,2108207.67432029
2012-08-03,2109355.27386607
2012-08-04,2109560.77784762
2012-08-05,2108944.61840166
2012-08-06,2109503.53617327
2012-08-07,2110913.16874467
2012-08-08,2111248.72600333
2012-08-09,2110613.66177476
2012-08-10,2111685.81697572
2012-08-11,2112213.05157515
2012-08-12,2113628.99000766
2012-08-13,2113304.1724643
2012-08-14,2112253.51779559
2012-08-15,2111950.35165711
2012-08-16,2112151.8897395
2012-08-17,2108446.38136572
2012-08-18,2109810.97633967
2012-08-19,2112355.21745467
2012-08-20,2109128.50080307
2012-08-21,2108073.25456964
2012-08-22,2109099.86771794
2012-08-23,2109015.28718046
2012-08-24,2110129.14866936
2012-08-25,2111431.32263169
2012-08-26,2111911.59766266
2012-08-27,2111666.89479297
2012-08-28,2110804.1417985
2012-08-29,2111795.93019237
2012-08-30,2108179.04728461
2012-08-31,2107828.88440681
2012-09-01,2109838.2778029
2012-09-02,2110655.53724427
2012-09-03,2109552.31569364
2012-09-04,2110531.37891451
2012-09-05,2108591.61423616
2012-09-06,2109072.62252312
2012-09-07,2108680.83976139
2012-09-08,2108822.05595499
2012-09-09,2109922.13103177
2012-09-10,2110570.83230368
2012-09-11,2108770.70511485
2012-09-12,2107574.37940415
2012-09-13,2108111.42049903
2012-09-14,2109098.80062726
2012-09-15,2110423.13120879
2012-09-16,2111123.40301334
2012-09-17,2111401.70368707
2012-09-18,2112154.5509686
2012-09-19,2111492.78840978
2012-09-20,2109512.74789081
2012-09-21,2109681.1173605
2012-09-22,2109588.46082948
2012-09-23,2109467.00979248
2012-09-24,2106834.08432823
2012-09-25,2106765.08266219
2012-09-26,2105136.10407242
2012-09-27,2103466.33196069
2012-09-28,2103820.32772719
2012-09-29,2104492.85301219
2012-09-30,2106142.00010607
2012-10-01,2102186.87767415
2012-10-02,2103057.36033943
2012-10-03,2099413.29920711
2012-10-04,2097039.21633654
2012-10-05,2097559.90279672
2012-10-06,2099828.45793209
2012-10-07,2099351.1831415
2012-10-08,2098487.10593545
2012-10-09,2097761.82963901
2012-10-10,2098489.52900932
2012-10-11,2097892.50086562
2012-10-12,2098370.82165777
2012-10-13,2100035.47858844
2012-10-14,2100803.53874217
2012-10-15,2100888.94153246
2012-10-16,2101684.54465366
2012-10-17,2099865.89689459
2012-10-18,2098627.38351926
2012-10-19,2096746.75474776
2012-10-20,2099392.15812671
2012-10-21,2099667.78862436
2012-10-22,2099962.07713503
2012-10-23,2098410.0961997
2012-10-24,2099957.93465617
2012-10-25,2097500.21359389
2012-10-26,2099055.26193317
2012-10-27,2099727.98295822
2012-10-28,2100304.31689749
2012-10-29,2101892.00692886
2012-10-30,2099522.15329072
2012-10-31,2097747.12387316
2012-11-01,2099235.27556699
2012-11-02,2100509.25482146
2012-11-03,2101279.11834623
2012-11-04,2102258.55424468
2012-11-05,2102890.66492916
2012-11-06,2097443.78447437
2012-11-07,2097100.38166761
2012-11-08,2096351.22305262
2012-11-09,2096211.33472173
2012-11-10,2097053.56858575
2012-11-11,2097148.47397008
2012-11-12,2096503.52823901
2012-11-13,2095066.41044619
2012-11-14,2091092.32547704
2012-11-15,2092336.73527701
2012-11-16,2091785.98917152
2012-11-17,2091507.9831488
2012-11-18,2091956.39395851
2012-11-19,2091779.37378142
2012-11-20,2089931.54650595
2012-11-21,2089457.45058725
2012-11-22,2089831.27263481
2012-11-23,2088045.76414975
2012-11-24,2089314.65377666
2012-11-25,2088906.9346682
2012-11-26,2085290.09707592
2012-11-27,2085007.55588919
2012-11-28,2082611.71168978
2012-11-29,2080424.93320382
2012-11-30,2077332.91877604
2012-12-01,2078356.94749133
2012-12-02,2078354.21030972
2012-12-03,2075221.59379976
2012-12-04,2075246.55955934
2012-12-05,2074214.03534112
2012-12-06,2073782.78230776
2012-12-07,2071998.17307165
2012-12-08,2072441.75892084
2012-12-09,2071676.4355007
2012-12-10,2071443.68186591
2012-12-11,2070444.8835788
2012-12-12,2067337.55181641
2012-12-13,2063420.40572449
2012-12-14,2063550.75517205
2012-12-15,2063516.4251807
2012-12-16,2063599.16494562
2012-12-17,2060620.00769155
2012-12-18,2058991.68563753
2012-12-19,2059165.34048612
2012-12-20,2058745.56911229
2012-12-21,2057942.81212631
2012-12-22,2058024.68523798
2012-12-23,2057958.21859783
2012-12-24,2056376.30243556
2012-12-25,2057151.13275631
2012-12-26,2057412.89251461
2012-12-27,2056595.16967151
2012-12-28,2055470.02168915
2012-12-29,2056041.46072828
2012-12-30,2056325.11040799
2012-12-31,2055217.65507042
2013-01-01,2056288.08000348
2013-01-02,2054263.95033243
2013-01-03,2052975.87369342
2013-01-04,2051561.97880129
2013-01-05,2051777.67890721
2013-01-06,2052103.9320836
2013-01-07,2050330.21768372
2013-01-08,2048395.78516842
2013-01-09,2046790.63676009
2013-01-10,2047211.322101
2013-01-11,2046887.41231279
2013-01-12,2047182.20242068
2013-01-13,2047639.02688895
2013-01-14,2046978.36613374
2013-01-15,2047021.29876309
2013-01-16,2047230.8935627
2013-01-17,2046600.75940044
2013-01-18,2046010.85782542
2013-01-19,2046596.74059274
2013-01-20,2046673.04674706
2013-01-21,2042678.27444873
2013-01-22,2041597.22486523
2013-01-23,2040770.54466723
2013-01-24,2039173.42457015
2013-01-25,2039579.4377913
2013-01-26,2040721.58569122
2013-01-27,2041048.96799523
2013-01-28,2039635.53160251
2013-01-29,2039609.70855668
2013-01-30,2039311.55160754
2013-01-31,2039256.77666859
2013-02-01,2038037.53363268
2013-02-02,2037890.31624561
2013-02-03,2037957.34058774
2013-02-04,2038017.19060582
2013-02-05,2037698.45664718
2013-02-06,2037965.07009982
2013-02-07,2038210.75133415
2013-02-08,2037028.63964155
2013-02-09,2036825.36133426
2013-02-10,2036894.04338422
2013-02-11,2036940.64665137
2013-02-12,2037037.35008526
2013-02-13,2036347.3409541
2013-02-14,2034939.37151837
2013-02-15,2034837.572452
2013-02-16,2034737.2480146
2013-02-17,2034864.95382413
2013-02-18,2032369.29451811
2013-02-19,2031325.33007812
2013-02-20,2031401.59136971
2013-02-21,2031275.48398575
2013-02-22,2031372.52296073
2013-02-23,2031860.14739844
2013-02-24,2031249.72294066
2013-02-25,2026724.12316028
2013-02-26,2026370.47916337
2013-02-27,2026414.68830278
2013-02-28,2024811.04130059
2013-03-01,2024139.93566822
2013-03-02,2024579.2015688
2013-03-03,2024584.49293277
2013-03-04,2024327.88915158
2013-03-05,2022951.39606935
2013-03-06,2018163.26550691
2013-03-07,2018072.60261721
2013-03-08,2018365.64957554
2013-03-09,2016514.9767388
2013-03-10,2016407.01358886
2013-03-11,2015826.34369796
2013-03-12,2015911.67361302
2013-03-13,2015523.24156474
2013-03-14,2014617.6155406
2013-03-15,2014825.29973319
2013-03-16,2014292.19937676
2013-03-17,2014677.42561251
2013-03-18,2014602.78871762
2013-03-19,2012419.57434308
2013-03-20,2011925.79509043
2013-03-21,2010252.77505734
2013-03-22,2009930.54979909
2013-03-23,2010105.50845036
2013-03-24,2009608.03448147
2013-03-25,2008229.71766704
2013-03-26,2007351.82646992
2013-03-27,2005673.7024224
2013-03-28,2002967.53942668
2013-03-29,2002743.51652012
2013-03-30,2001838.53854226
2013-03-31,2001839.54502258
2013-04-01,2001421.80867269
2013-04-02,2000530.35586185
2013-04-03,1996535.55459343
2013-04-04,1995902.19835641
2013-04-05,1994327.99485575
2013-04-06,1992346.77975613
2013-04-07,1989830.04572713
2013-04-08,1985375.54952722
2013-04-09,1982277.16255491
2013-04-10,1980197.73804264
2013-04-11,1979714.0620845
2013-04-12,1979120.43240897
2013-04-13,1979255.15159809
2013-04-14,1979174.96217371
2013-04-15,1978890.63852552
2013-04-16,1978477.02768696
2013-04-17,1977743.77050473
2013-04-18,1977838.29286773
2013-04-19,1976976.76242744
2013-04-20,1976838.41946194
2013-04-21,1975717.59344505
2013-04-22,1975793.41259628
2013-04-23,1975561.93675105
2013-04-24,1973731.43087025
2013-04-25,1973598.66500162
2013-04-26,1973858.57749743
2013-04-27,1973753.98036279
2013-04-28,1974078.53828678
2013-04-29,1973885.74191965
2013-04-30,1973795.92433216
2013-05-01,1972843.48238025
2013-05-02,1972486.55977799
2013-05-03,1971972.89388779
2013-05-04,1972676.43613672
2013-05-05,1972655.0284853
2013-05-06,1972713.90346701
2013-05-07,1972500.66178836
2013-05-08,1972377.38433713
2013-05-09,1971653.37832749
2013-05-10,1971683.18424278
2013-05-11,1971718.66015374
2013-05-12,1972051.66296247
2013-05-13,1971703.44632277
2013-05-14,1970405.17081855
2013-05-15,1969308.17465096
2013-05-16,1969432.19663044
2013-05-17,1969072.63600398
2013-05-18,1969572.82841878
2013-05-19,1969828.8116199
2013-05-20,1969573.8546151
2013-05-21,1970080.09929478
2013-05-22,1970481.04305751
2013-05-23,1970052.24574492
2013-05-24,1970562.97745857
2013-05-25,1971297.79614826
2013-05-26,1971564.43020287
2013-05-27,1970860.89635891
2013-05-28,1972097.78038023
2013-05-29,1970703.31212292
2013-05-30,1971044.91455675
2013-05-31,1972027.48244622
2013-06-01,1974252.06416099
2013-06-02,1975353.73611441
2013-06-03,1976040.11752265
2013-06-04,1977832.75517949
2013-06-05,1974148.89934653
2013-06-06,1975438.48058412
2013-06-07,1974664.84477743
2013-06-08,1975756.99577155
2013-06-09,1976459.96676959
2013-06-10,1977438.21530388
2013-06-11,1978750.87488934
2013-06-12,1973485.14811294
2013-06-13,1973889.81332491
2013-06-14,1971451.67848909
2013-06-15,1971136.32911033
2013-06-16,1971415.32682639
2013-06-17,1971845.3448738
2013-06-18,1972017.23384703
2013-06-19,1965779.85695301
2013-06-20,1965723.37897738
2013-06-21,1966945.70095982
2013-06-22,1967852.27444202
2013-06-23,1969305.06739591
2013-06-24,1969719.82077605
2013-06-25,1969763.39394994
2013-06-26,1964229.13597427
2013-06-27,1965071.51481355
2013-06-28,1962897.74706117
2013-06-29,1960071.15904665
2013-06-30,1959172.58699481
2013-07-01,1950532.69098698
2013-07-02,1949192.09720669
2013-07-03,1937940.89017931
2013-07-04,1938431.4032098
2013-07-05,1939029.66295421
2013-07-06,1940918.09036304
2013-07-07,1940632.37604018
2013-07-08,1941384.26680917
2013-07-09,1942149.4351269
2013-07-10,1938462.39976767
2013-07-11,1939491.49794182
2013-07-12,1939500.48858129
2013-07-13,1940457.30023217
2013-07-14,1941968.79906033
2013-07-15,1942336.70807339
2013-07-16,1942941.39087878
2013-07-17,1938934.35171508
2013-07-18,1939211.58762871
2013-07-19,1940379.64962331
2013-07-20,1941514.35390418
2013-07-21,1942441.4257366
2013-07-22,1942921.9395972
2013-07-23,1943087.43912605
2013-07-24,1939349.85410917
2013-07-25,1939391.30763212
2013-07-26,1940272.85253096
2013-07-27,1941449.949369
2013-07-28,1941831.40480363
2013-07-29,1942371.00490121
2013-07-30,1943907.71041789
2013-07-31,1940147.95166611
2013-08-01,1940806.05241733
2013-08-02,1941566.50498045
2013-08-03,1942053.17233577
2013-08-04,1943431.37191837
2013-08-05,1942983.98707653
2013-08-06,1944567.9140345
2013-08-07,1940818.05410035
2013-08-08,1941679.30227521
2013-08-09,1941909.31317522
2013-08-10,1939896.20509475
2013-08-11,1941072.35412187
2013-08-12,1941536.55051949
2013-08-13,1942404.13412683
2013-08-14,1937768.37281997
2013-08-15,1937381.10876074
2013-08-16,1937652.47215849
2013-08-17,1938830.53404716
2013-08-18,1939451.26283362
2013-08-19,1938610.08159431
2013-08-20,1938326.37835207
2013-08-21,1936088.62038076
2013-08-22,1936613.75568341
2013-08-23,1937234.63898153
2013-08-24,1937849.42439456
2013-08-25,1938316.06228109
2013-08-26,1937980.06147889
2013-08-27,1937876.60045687
2013-08-28,1936155.30628546
2013-08-29,1936741.99584541
2013-08-30,1936575.84725887
2013-08-31,1937269.92864092
2013-09-01,1938369.60663776
2013-09-02,1938940.56942595
2013-09-03,1939848.51738545
2013-09-04,1937181.40762492
2013-09-05,1937842.72388815
2013-09-06,1937969.60771007
2013-09-07,1938351.99482858
2013-09-08,1938601.53637784
2013-09-09,1938692.56390328
2013-09-10,1938961.41558245
2013-09-11,1937712.0388246
2013-09-12,1937903.88168812
2013-09-13,1939069.23198579
2013-09-14,1939520.80002148
2013-09-15,1939880.28172496
2013-09-16,1938520.80220883
2013-09-17,1938889.36228544
2013-09-18,1936400.12552927
2013-09-19,1936669.62586152
2013-09-20,1937414.05864187
2013-09-21,1937204.6777229
2013-09-22,1938032.78160314
2013-09-23,1937610.11447131
2013-09-24,1937937.63646707
2013-09-25,1937438.4455686
2013-09-26,1937269.46104087
2013-09-27,1938265.98615168
2013-09-28,1940063.72958732
2013-09-29,1940366.21475111
2013-09-30,1939486.31356295
2013-10-01,1939607.82269172
2013-10-02,1936552.98030448
2013-10-03,1936473.83030628
2013-10-04,1936544.51317758
2013-10-05,1937203.74648799
2013-10-06,1937712.31104311
2013-10-07,1938468.01931072
2013-10-08,1938593.59562008
2013-10-09,1936632.33660698
2013-10-10,1936749.85802557
2013-10-11,1938024.91459641
2013-10-12,1939020.95002394
2013-10-13,1939240.40216444
2013-10-14,1940057.69326938
2013-10-15,1940274.27278184
2013-10-16,1939712.10958651
2013-10-17,1940283.88179145
2013-10-18,1940990.02943426
2013-10-19,1942170.13569242
2013-10-20,1942632.54829264
2013-10-21,1941457.53138996
2013-10-22,1941587.18111336
2013-10-23,1940370.59144866
2013-10-24,1940555.15730778
2013-10-25,1940126.95211242
2013-10-26,1940902.38376011
2013-10-27,1940215.70498576
2013-10-28,1940497.23063448
2013-10-29,1937860.49761077
2013-10-30,1938244.75699284
2013-10-31,1936751.15734123
2013-11-01,1936070.62988813
2013-11-02,1936296.74506757
2013-11-03,1936345.14775388
2013-11-04,1935972.08807008
2013-11-05,1936143.31017597
2013-11-06,1936111.82451545
2013-11-07,1936186.08574598
2013-11-08,1933660.74252456
2013-11-09,1933775.65428908
2013-11-10,1932262.3139835
2013-11-11,1930825.506835
2013-11-12,1931353.19017832
2013-11-13,1928826.7872552
2013-11-14,1927239.24870837
2013-11-15,1927564.66375162
2013-11-16,1927309.86365046
2013-11-17,1925646.10577619
2013-11-18,1923208.68116839
2013-11-19,1917842.32071094
2013-11-20,1917517.65699157
2013-11-21,1917879.22128831
2013-11-22,1916528.6492909
2013-11-23,1916216.09790006
2013-11-24,1916538.97504639
2013-11-25,1916199.4221273
2013-11-26,1914646.9052091
2013-11-27,1913261.84723523
2013-11-28,1913140.95743079
2013-11-29,1911799.15009611
2013-11-30,1912574.25410218
2013-12-01,1910629.4066054
2013-12-02,1910502.71692711
2013-12-03,1910898.14917857
2013-12-04,1910494.93898775
2013-12-05,1911832.30492893
2013-12-06,1911604.29799331
2013-12-07,1912624.38163103
2013-12-08,1913190.92263187
2013-12-09,1912118.07459771
2013-12-10,1912294.5246096
2013-12-11,1912268.82921412
2013-12-12,1912537.1486213
2013-12-13,1912845.38846568
2013-12-14,1913198.85383593
2013-12-15,1913573.17340045
2013-12-16,1915013.83606245
2013-12-17,1914862.94911245
2013-12-18,1914750.71074851
2013-12-19,1915310.77321024
2013-12-20,1915670.53905524
2013-12-21,1915461.0925677
2013-12-22,1916714.79279837
2013-12-23,1917218.27538756
2013-12-24,1917753.41643742
2013-12-25,1918121.46982118
2013-12-26,1918891.01383628
2013-12-27,1918888.47714196
2013-12-28,1918781.19904807
2013-12-29,1918675.54284813
2013-12-30,1919107.27338315
2013-12-31,1920101.60412841
2014-01-01,1920955.12225632
2014-01-02,1919886.99952954
2014-01-03,1919987.89692327
2014-01-04,1918880.40841992
2014-01-05,1917184.79698719
2014-01-06,1916677.67798158
2014-01-07,1917524.37068377
2014-01-08,1917041.33240864
2014-01-09,1917310.44448819
2014-01-10,1917836.67174847
2014-01-11,1918192.38591598
2014-01-12,1919148.4255424
2014-01-13,1918140.59096076
2014-01-14,1919832.61852588
2014-01-15,1919603.9978863
2014-01-16,1919580.3322701
2014-01-17,1919309.01484422
2014-01-18,1919682.24254977
2014-01-19,1918055.24591157
2014-01-20,1917469.98809542
2014-01-21,1917942.08146825
2014-01-22,1917165.50718011
2014-01-23,1918730.96507863
2014-01-24,1918934.05965885
2014-01-25,1920022.39049663
2014-01-26,1919403.57897157
2014-01-27,1919612.77595013
2014-01-28,1919612.54770641
2014-01-29,1919418.10263891
2014-01-30,1920160.11201086
2014-01-31,1921299.53625799
2014-02-01,1922091.08340276
2014-02-02,1923314.30407514
2014-02-03,1922619.38620456
2014-02-04,1923069.51944988
2014-02-05,1923339.81685899
2014-02-06,1924291.71728469
2014-02-07,1925329.99819336
2014-02-08,1924706.8464056
2014-02-09,1925453.83726992
2014-02-10,1926220.90311194
2014-02-11,1927235.14547828
2014-02-12,1927711.2251
2014-02-13,1929686.22613928
2014-02-14,1930384.31210213
2014-02-15,1930638.46120297
2014-02-16,1931080.68443205
2014-02-17,1932316.03080059
2014-02-18,1928289.01075041
2014-02-19,1929772.10849434
2014-02-20,1929487.30765689
2014-02-21,1929280.07951944
2014-02-22,1930167.53625513
2014-02-23,1931834.04727378
2014-02-24,1930813.24906533
2014-02-25,1927893.05642496
2014-02-26,1927144.52831621
2014-02-27,1926951.91234541
2014-02-28,1928851.43011904
2014-03-01,1929519.50476762
2014-03-02,1928284.63713904
2014-03-03,1924292.64250566
2014-03-04,1924305.88621303
2014-03-05,1925203.89324781
2014-03-06,1926124.38474871
2014-03-07,1926376.27690091
2014-03-08,1928133.6516256
2014-03-09,1926937.91824552
2014-03-10,1926109.24101265
2014-03-11,1926282.12553667
2014-03-12,1926844.57233943
2014-03-13,1927313.80268805
2014-03-14,1928425.35261741
2014-03-15,1928825.8341343
2014-03-16,1927469.00428631
2014-03-17,1927592.54981962
2014-03-18,1926959.01371088
2014-03-19,1927548.31410202
2014-03-20,1926544.58709107
2014-03-21,1927407.15905616
2014-03-22,1926546.76950634
2014-03-23,1927283.6088263
2014-03-24,1926142.25972168
2014-03-25,1926443.98149057
2014-03-26,1926581.08951314
2014-03-27,1926432.71182723
2014-03-28,1927421.98800826
2014-03-29,1929605.35375217
2014-03-30,1928594.10262458
2014-03-31,1930136.13497383
2014-04-01,1931799.09616902
2014-04-02,1932703.74595241
2014-04-03,1932156.55570443
2014-04-04,1933553.12047019
2014-04-05,1935874.4870229
2014-04-06,1932082.08216688
2014-04-07,1931673.90967294
2014-04-08,1930269.08790531
2014-04-09,1929905.09636194
2014-04-10,1931001.93976779
2014-04-11,1930833.45444199
2014-04-12,1932513.84687653
2014-04-13,1932438.16256927
2014-04-14,1931975.15112386
2014-04-15,1933269.72103943
2014-04-16,1933689.1136463
2014-04-17,1933032.82618683
2014-04-18,1933684.88379624
2014-04-19,1935777.55203508
2014-04-20,1936642.83679516
2014-04-21,1937575.37440389
2014-04-22,1935266.75315889
2014-04-23,1936076.30689746
2014-04-24,1936224.10999967
2014-04-25,1937413.08576115
2014-04-26,1939024.49421568
2014-04-27,1939804.35616279
2014-04-28,1939107.67620799
2014-04-29,1940113.36686886
2014-04-30,1940027.30540659
2014-05-01,1942299.16248905
2014-05-02,1941582.48031309
2014-05-03,1943003.38528529
2014-05-04,1942747.77414202
2014-05-05,1942588.98218928
2014-05-06,1944414.08359626
2014-05-07,1944483.67318633
2014-05-08,1945999.7256235
2014-05-09,1946957.77236534
2014-05-10,1947843.06834152
2014-05-11,1947929.45388066
2014-05-12,1946732.76112904
2014-05-13,1946750.04165905
2014-05-14,1947361.49991868
2014-05-15,1948755.87607601
2014-05-16,1950129.2490761
2014-05-17,1951304.54330597
2014-05-18,1953579.27651916
2014-05-19,1951343.0280551
2014-05-20,1948228.04563883
2014-05-21,1948468.61012185
2014-05-22,1949502.68617745
2014-05-23,1948907.71526333
2014-05-24,1949491.93987344
2014-05-25,1950609.4183733
2014-05-26,1950362.28695599
2014-05-27,1949760.30208649
2014-05-28,1950274.99090215
2014-05-29,1951123.84540426
2014-05-30,1951354.01730891
2014-05-31,1953345.42358292
2014-06-01,1953243.86035728
2014-06-02,1951715.67224822
2014-06-03,1951876.83079046
2014-06-04,1952524.14538143
2014-06-05,1952561.4829322
2014-06-06,1953500.41640127
2014-06-07,1954782.15230868
2014-06-08,1954692.11836879
2014-06-09,1954827.98025676
2014-06-10,1953731.47613196
2014-06-11,1951756.14136581
2014-06-12,1951450.8000763
2014-06-13,1951347.98000967
2014-06-14,1952840.7659708
2014-06-15,1954137.80600237
2014-06-16,1954261.55200201
2014-06-17,1955180.25953252
2014-06-18,1954577.05673885
2014-06-19,1954466.53832128
2014-06-20,1955724.83484472
2014-06-21,1957700.88453554
2014-06-22,1958674.32747861
2014-06-23,1956745.11854832
2014-06-24,1958625.68655594
2014-06-25,1959305.59169368
2014-06-26,1960864.93054509
2014-06-27,1961443.2894561
2014-06-28,1962764.34731796
2014-06-29,1963870.33034649
2014-06-30,1961468.75486243
2014-07-01,1961121.34556961
2014-07-02,1961343.25259549
2014-07-03,1961675.60583412
2014-07-04,1962927.89526274
2014-07-05,1963816.14115135
2014-07-06,1964805.32547597
2014-07-07,1963784.2055355
2014-07-08,1964797.88744393
2014-07-09,1966096.86021713
2014-07-10,1965691.99601275
2014-07-11,1966776.95942951
2014-07-12,1967929.82305011
2014-07-13,1969189.42883436
2014-07-14,1968197.45726249
2014-07-15,1969189.50097897
2014-07-16,1970021.69048285
2014-07-17,1970161.15613123
2014-07-18,1971330.96766623
2014-07-19,1973017.25892451
2014-07-20,1974684.44540615
2014-07-21,1974186.21530852
2014-07-22,1974593.75452649
2014-07-23,1974514.64471969
2014-07-24,1974779.45138196
2014-07-25,1976168.21162732
2014-07-26,1977242.19903942
2014-07-27,1978013.58186792
2014-07-28,1978129.68754852
2014-07-29,1979870.21357562
2014-07-30,1980422.91351675
2014-07-31,1979907.59198612
2014-08-01,1979526.17853921
2014-08-02,1980591.89011386
2014-08-03,1981531.09568612
2014-08-04,1980960.06468168
2014-08-05,1978508.76190286
2014-08-06,1978910.60797665
2014-08-07,1980500.47139507
2014-08-08,1981243.58088481
2014-08-09,1982782.60257934
2014-08-10,1983406.5990974
2014-08-11,1983514.02441526
2014-08-12,1984946.29994421
2014-08-13,1985495.16719796
2014-08-14,1986512.05272925
2014-08-15,1986850.09713597
2014-08-16,1988899.73799304
2014-08-17,1989743.81689421
2014-08-18,1990748.3300358
2014-08-19,1992229.23229047
2014-08-20,1991807.13745886
2014-08-21,1994028.78822199
2014-08-22,1994778.42718669
2014-08-23,1993893.3452525
2014-08-24,1993588.64631426
2014-08-25,1993711.78386253
2014-08-26,1994391.99476279
2014-08-27,1996925.07028441
2014-08-28,1997454.32118184
2014-08-29,1954854.43417572
2014-08-30,1957135.63307747
2014-08-31,1959092.83888762
2014-09-01,1958506.80783886
2014-09-02,1958429.29363537
2014-09-03,1959924.99633915
2014-09-04,1960611.52364986
2014-09-05,1961435.07488874
2014-09-06,1961719.94335039
2014-09-07,1962348.73178934
2014-09-08,1963670.62108868
2014-09-09,1963082.54313927
2014-09-10,1960550.77944322
2014-09-11,1957182.71192635
2014-09-12,1955244.40185084
2014-09-13,1956310.42722701
2014-09-14,1956578.81206487
2014-09-15,1952948.98753718
2014-09-16,1953288.62148776
2014-09-17,1955068.88180651
2014-09-18,1955725.09163925
2014-09-19,1956787.24334225
2014-09-20,1958705.0168708
2014-09-21,1960196.15742699
2014-09-22,1960629.64174095
2014-09-23,1961410.39126991
2014-09-24,1961912.2447909
2014-09-25,1963720.01741162
2014-09-26,1964187.39572432
2014-09-27,1966036.89976739
2014-09-28,1964199.71086344
2014-09-29,1965055.72959111
2014-09-30,1963204.06813505
2014-10-01,1964662.41488289
2014-10-02,1965350.47674547
2014-10-03,1961719.79449015
2014-10-04,1963634.51405422
2014-10-05,1963301.88746646
2014-10-06,1964362.21794732
2014-10-07,1964631.63146875
2014-10-08,1964001.30703802
2014-10-09,1966041.50823792
2014-10-10,1950550.01993036
2014-10-11,1951390.35058919
2014-10-12,1952421.28855773
2014-10-13,1953295.48881977
2014-10-14,1954104.52490861
2014-10-15,1954943.487349
2014-10-16,1956650.461322
2014-10-17,1954576.09025526
2014-10-18,1955729.93515833
2014-10-19,1955628.60829446
2014-10-20,1956466.62155675
2014-10-21,1956786.84684142
2014-10-22,1956131.19982353
2014-10-23,1957528.84192611
2014-10-24,1959383.08140381
2014-10-25,1959684.13268042
2014-10-26,1961155.77384043
2014-10-27,1961134.91230558
2014-10-28,1961499.81019748
2014-10-29,1961854.057663
2014-10-30,1962444.08648586
2014-10-31,1964787.53930132
2014-11-01,1964908.49061049
2014-11-02,1966327.5627549
2014-11-03,1966571.38734008
2014-11-04,1953998.8545388
2014-11-05,1953638.26549795
2014-11-06,1954022.7491332
2014-11-07,1954579.93032911
2014-11-08,1956323.12794616
2014-11-09,1957408.16657149
2014-11-10,1955739.19828722
2014-11-11,1947828.40291976
2014-11-12,1947427.91944878
2014-11-13,1948327.56311067
2014-11-14,1945130.48991598
2014-11-15,1947293.04949927
2014-11-16,1948053.76938423
2014-11-17,1929442.4994965
2014-11-18,1926054.36060437
2014-11-19,1926580.19293667
2014-11-20,1927672.06158099
2014-11-21,1929682.54544946
2014-11-22,1931293.98687544
2014-11-23,1932605.43463523
2014-11-24,1932964.88971018
2014-11-25,1932071.73798279
2014-11-26,1928958.68812873
2014-11-27,1930499.49017793
2014-11-28,1931861.9529741
2014-11-29,1933278.33784361
2014-11-30,1932332.47759242
2014-12-01,1931385.47876825
2014-12-02,1927057.74687128
2014-12-03,1926591.64087151
2014-12-04,1926766.97022642
2014-12-05,1928525.14622637
2014-12-06,1929082.0987927
2014-12-07,1929601.41950763
2014-12-08,1932021.27611606
2014-12-09,1932141.21888693
2014-12-10,1932741.03102198
2014-12-11,1934027.8250737
2014-12-12,1935379.20509242
2014-12-13,1937318.79655334
2014-12-14,1937065.69645018
2014-12-15,1933522.44575072
2014-12-16,1933798.07613349
2014-12-17,1934897.03414111
2014-12-18,1935399.53468601
2014-12-19,1933882.34161502
2014-12-20,1934541.22960708
2014-12-21,1930650.63716261
2014-12-22,1928556.81565977
2014-12-23,1923321.79723967
2014-12-24,1923850.06535566
2014-12-25,1924730.35453704
2014-12-26,1925384.01373733
2014-12-27,1926496.18770787
2014-12-28,1928394.78748108
2014-12-29,1929080.69558212
2014-12-30,1931096.98719039
2014-12-31,1930606.70031784
2015-01-01,1932494.78479714
2015-01-02,1932815.68645954
2015-01-03,1933501.66480838
2015-01-04,1934141.58859073
2015-01-05,1935427.48930596
2015-01-06,1936086.38411185
2015-01-07,1935743.91260986
2015-01-08,1929045.13017864
2015-01-09,1929655.30301008
2015-01-10,1930737.0977054
2015-01-11,1932593.67809951
2015-01-12,1933034.16260086
2015-01-13,1932913.34961203
2015-01-14,1933455.75406478
2015-01-15,1924117.23620655
2015-01-16,1925324.53121641
2015-01-17,1926218.79238775
2015-01-18,1927641.55591323
2015-01-19,1929015.78310411
2015-01-20,1928907.23462545
2015-01-21,1919322.29043188
2015-01-22,1919798.574878
2015-01-23,1920666.78337307
2015-01-24,1922111.17351593
2015-01-25,1922744.49789355
2015-01-26,1924195.07491296
2015-01-27,1922342.89432048
2015-01-28,1919605.65787419
2015-01-29,1919100.98649091
2015-01-30,1917904.9863456
2015-01-31,1918761.4002239
2015-02-01,1919615.25613576
2015-02-02,1919584.29242221
2015-02-03,1918905.13161781
2015-02-04,1917851.17508726
2015-02-05,1916781.79436828
2015-02-06,1918489.54839873
2015-02-07,1919003.00763467
2015-02-08,1916034.08334803
2015-02-09,1917114.37369414
2015-02-10,1912774.26099759
2015-02-11,1911299.41192312
2015-02-12,1909863.11357998
2015-02-13,1908923.90768127
2015-02-14,1909682.21699729
2015-02-15,1910334.77179757
2015-02-16,1910862.40671316
2015-02-17,1912599.02776152
2015-02-18,1913359.65089145
2015-02-19,1913252.19449069
2015-02-20,1913821.66094737
2015-02-21,1914228.31613295
2015-02-22,1915757.95104478
2015-02-23,1916801.41495736
2015-02-24,1915480.95276911
2015-02-25,1914441.92133219
2015-02-26,1914471.56766661
2015-02-27,1915741.98423929
2015-02-28,1915769.20789609
2015-03-01,1916322.16736558
2015-03-02,1911293.63308666
2015-03-03,1909347.54973026
2015-03-04,1909717.66786528
2015-03-05,1909309.68017385
2015-03-06,1910053.18288529
2015-03-07,1911117.20401106
2015-03-08,1912097.70088344
2015-03-09,1912160.37666068
2015-03-10,1913200.91462941
2015-03-11,1913808.10924229
2015-03-12,1914707.59647975
2015-03-13,1914150.79449176
2015-03-14,1914427.09508435
2015-03-15,1915261.92459445
2015-03-16,1914817.91395165
2015-03-17,1912570.96024509
2015-03-18,1912914.67478568
2015-03-19,1913275.68056208
2015-03-20,1913997.06396149
2015-03-21,1914808.67340229
2015-03-22,1915272.33519969
2015-03-23,1915660.05084344
2015-03-24,1916169.31989738
2015-03-25,1917152.08543801
2015-03-26,1916709.85063538
2015-03-27,1918132.97200261
2015-03-28,1919052.65980138
2015-03-29,1919960.1405902
2015-03-30,1919508.71276586
2015-03-31,1920039.87661658
2015-04-01,1919100.70428268
2015-04-02,1915986.68061372
2015-04-03,1917135.23084408
2015-04-04,1918286.0695577
2015-04-05,1919014.43745719
2015-04-06,1919199.23772332
2015-04-07,1919479.96186842
2015-04-08,1919967.98512049
2015-04-09,1920743.71156835
2015-04-10,1921635.15221392
2015-04-11,1922393.37430666
2015-04-12,1922512.1922098
2015-04-13,1918189.8253333
2015-04-14,1918258.80585373
2015-04-15,1917936.06866072
2015-04-16,1917285.23209452
2015-04-17,1917431.13242019
2015-04-18,1918252.99672842
2015-04-19,1918681.89610165
2015-04-20,1919499.65957618
2015-04-21,1920853.36276055
2015-04-22,1920602.6125512
2015-04-23,1920954.62407936
2015-04-24,1921469.1018539
2015-04-25,1922223.18243256
2015-04-26,1923048.32721706
2015-04-27,1922372.44796659
2015-04-28,1922332.19892604
2015-04-29,1922693.16972701
2015-04-30,1923051.12864535
2015-05-01,1923479.09578171
2015-05-02,1924520.91214408
2015-05-03,1924903.71185555
2015-05-04,1923454.58004322
2015-05-05,1924095.14723307
2015-05-06,1925299.04332247
2015-05-07,1925163.94495075
2015-05-08,1926046.79420852
2015-05-09,1925881.98701489
2015-05-10,1926178.88318952
2015-05-11,1916091.21705722
2015-05-12,1914685.58120064
2015-05-13,1915647.79137831
2015-05-14,1916386.87021051
2015-05-15,1917295.6017043
2015-05-16,1917682.9680313
2015-05-17,1918978.05823813
2015-05-18,1919391.07068548
2015-05-19,1918296.53674109
2015-05-20,1918686.52359207
2015-05-21,1918721.46097693
2015-05-22,1919241.8499671
2015-05-23,1918893.07659789
2015-05-24,1919541.16266396
2015-05-25,1920226.83538082
2015-05-26,1920638.02956598
2015-05-27,1919425.56482928
2015-05-28,1919741.41931899
2015-05-29,1919986.44205347
2015-05-30,1919936.40282665
2015-05-31,1920962.75498483
2015-06-01,1911804.61228747
2015-06-02,1913620.64380861
2015-06-03,1913820.83035743
2015-06-04,1915133.15932757
2015-06-05,1915951.72890653
2015-06-06,1916643.89263645
2015-06-07,1917130.05764386
2015-06-08,1915979.73222084
2015-06-09,1916253.69355469
2015-06-10,1915536.27638177
2015-06-11,1916291.84090454
2015-06-12,1916984.21925275
2015-06-13,1918202.01843596
2015-06-14,1918239.31968544
2015-06-15,1915510.19559363
2015-06-16,1912455.1239401
2015-06-17,1912458.28303121
2015-06-18,1912269.50627149
2015-06-19,1902210.62802133
2015-06-20,1902934.977128
2015-06-21,1903297.07243445
2015-06-22,1903999.23692003
2015-06-23,1902457.16130272
2015-06-24,1904049.68103874
2015-06-25,1904786.16066391
2015-06-26,1906122.43113999
2015-06-27,1907333.82063724
2015-06-28,1908247.86657133
2015-06-29,1909579.0999318
2015-06-30,1909495.35600549
2015-07-01,1909343.8320605
2015-07-02,1909850.56183114
2015-07-03,1911362.93627126
2015-07-04,1913090.88418781
2015-07-05,1914332.86401438
2015-07-06,1911683.85348789
2015-07-07,1912553.6291436
2015-07-08,1901528.45034971
2015-07-09,1901254.57071826
2015-07-10,1901981.50802238
2015-07-11,1903305.02042841
2015-07-12,1905011.23804312
2015-07-13,1905138.3416975
2015-07-14,1905738.56105622
2015-07-15,1906681.80557601
2015-07-16,1906758.59075933
2015-07-17,1905505.30948116
2015-07-18,1906801.87988187
2015-07-19,1906506.1330658
2015-07-20,1906780.16165312
2015-07-21,1907603.43838743
2015-07-22,1909241.98486029
2015-07-23,1910119.93528483
2015-07-24,1911650.35099799
2015-07-25,1893083.26261953
2015-07-26,1894494.25113952
2015-07-27,1892766.29167981
2015-07-28,1891801.93470725
2015-07-29,1892728.45200742
2015-07-30,1893882.82513042
2015-07-31,1890226.13330949
2015-08-01,1891709.35533705
2015-08-02,1893075.95931039
2015-08-03,1891120.94075326
2015-08-04,1891843.24402872
2015-08-05,1890622.61631835
2015-08-06,1891653.7656345
2015-08-07,1893081.64772052
2015-08-08,1882051.50671952
2015-08-09,1882734.17759641
2015-08-10,1882924.21377534
2015-08-11,1882696.43752047
2015-08-12,1883101.3406843
2015-08-13,1884978.49163561
2015-08-14,1886160.52251746
2015-08-15,1887298.17372879
2015-08-16,1888234.31727395
2015-08-17,1890434.56282976
2015-08-18,1889719.56207773
2015-08-19,1891354.09500544
2015-08-20,1892325.934501
2015-08-21,1894333.02926435
2015-08-22,1893335.1312639
2015-08-23,1895212.89971684
2015-08-24,1896909.26545128
2015-08-25,1890107.04245282
2015-08-26,1892343.37912943
2015-08-27,1894006.03858416
2015-08-28,1895187.58972961
2015-08-29,1896426.6393544
2015-08-30,1897379.66286032
2015-08-31,1893673.30283668
2015-09-01,1893324.08385366
2015-09-02,1894113.74111369
2015-09-03,1894715.0799655
2015-09-04,1895837.53570016
2015-09-05,1897051.99622001
2015-09-06,1897590.75404286
2015-09-07,1897803.6698147
2015-09-08,1890974.80742582
2015-09-09,1892607.31736767
2015-09-10,1888614.57867712
2015-09-11,1890205.19555446
2015-09-12,1891260.57712087
2015-09-13,1891755.903376
2015-09-14,1893674.70664696
2015-09-15,1895054.20024131
2015-09-16,1894389.37082405
2015-09-17,1894850.35729774
2015-09-18,1896186.88303112
2015-09-19,1897510.08445987
2015-09-20,1898040.69525875
2015-09-21,1896587.7660051
2015-09-22,1898139.52772437
2015-09-23,1900271.31490272
2015-09-24,1900421.78677052
2015-09-25,1894749.35508221
2015-09-26,1895908.46162651
2015-09-27,1897844.50856474
2015-09-28,1895714.07441421
2015-09-29,1896010.55026766
2015-09-30,1897111.42206899
2015-10-01,1898698.39105055
2015-10-02,1897629.50660869
2015-10-03,1898995.01828807
2015-10-04,1900245.73960775
2015-10-05,1899539.33598681
2015-10-06,1897588.203944
2015-10-07,1893788.7993527
2015-10-08,1893451.46864597
2015-10-09,1894472.84427467
2015-10-10,1895411.96887081
2015-10-11,1896602.34483807
2015-10-12,1886804.38026026
2015-10-13,1888005.29497748
2015-10-14,1887571.48351996
2015-10-15,1889408.62704741
2015-10-16,1890335.98837452
2015-10-17,1891192.57033539
2015-10-18,1893020.55622549
2015-10-19,1885226.45800296
2015-10-20,1886284.90811793
2015-10-21,1887821.83328356
2015-10-22,1889089.72339225
2015-10-23,1890595.9017354
2015-10-24,1886373.86432778
2015-10-25,1887665.81637518
2015-10-26,1888310.72419369
2015-10-27,1888081.31497376
2015-10-28,1889201.83910149
2015-10-29,1883804.75178685
2015-10-30,1885424.93009965
2015-10-31,1886934.71293757
2015-11-01,1888374.78231915
2015-11-02,1883590.73734976
2015-11-03,1882555.09216574
2015-11-04,1877965.61624782
2015-11-05,1874140.82137161
2015-11-06,1870345.86050064
2015-11-07,1871991.25788141
2015-11-08,1872708.1412004
2015-11-09,1874408.38516134
2015-11-10,1872120.33929172
2015-11-11,1871466.98682486
2015-11-12,1873378.03290619
2015-11-13,1873352.3253696
2015-11-14,1874223.37969365
2015-11-15,1875232.38717211
2015-11-16,1874128.84559364
2015-11-17,1872380.73140592
2015-11-18,1873612.65067568
2015-11-19,1874132.41291021
2015-11-20,1874551.82679482
2015-11-21,1876138.66601272
2015-11-22,1877960.929153
2015-11-23,1877922.04463902
2015-11-24,1879009.64591524
2015-11-25,1879882.98826767
2015-11-26,1874777.29508547
2015-11-27,1868129.35170232
2015-11-28,1869639.41813039
2015-11-29,1870648.30132065
2015-11-30,1871529.91985672
2015-12-01,1871912.05331403
2015-12-02,1873304.35043229
2015-12-03,1874221.852411
2015-12-04,1875614.41034411
2015-12-05,1876801.63302993
2015-12-06,1874524.5999516
2015-12-07,1873132.44064935
2015-12-08,1871410.15667829
2015-12-09,1872773.73596538
2015-12-10,1872797.81496672
2015-12-11,1874252.25955415
2015-12-12,1875231.41489115
2015-12-13,1876695.09583048
2015-12-14,1877231.73742593
2015-12-15,1879038.84753902
2015-12-16,1879245.10915931
2015-12-17,1880808.99041129
2015-12-18,1882240.41685773
2015-12-19,1882185.83731021
2015-12-20,1883812.19012906
2015-12-21,1874760.98334376
2015-12-22,1874184.57725721
2015-12-23,1875779.8837216
2015-12-24,1876903.79523818
2015-12-25,1878619.03284796
2015-12-26,1880013.5502965
2015-12-27,1882597.95829262
2015-12-28,1877558.8507695
2015-12-29,1879185.459425
2015-12-30,1880749.03017139
2015-12-31,1878305.04868028
2016-01-01,1879472.87957916
2016-01-02,1880745.63711202
2016-01-03,1881718.3979928
2016-01-04,1883385.84542043
2016-01-05,1883621.22248357
2016-01-06,1878465.78160394
2016-01-07,1877623.59144501
2016-01-08,1879196.37612885
2016-01-09,1880066.54682737
2016-01-10,1881690.08948626
2016-01-11,1881938.22239942
2016-01-12,1881851.62995043
2016-01-13,1882909.45172141
2016-01-14,1881322.47540033
2016-01-15,1882728.55024753
2016-01-16,1884168.45670178
2016-01-17,1885949.44385057
2016-01-18,1887805.68303144
2016-01-19,1888784.30971261
2016-01-20,1884503.00131951
2016-01-21,1885402.23135038
2016-01-22,1887502.65345204
2016-01-23,1889450.40693982
2016-01-24,1890747.43655889
2016-01-25,1892192.14786879
2016-01-26,1893550.5398799
2016-01-27,1894690.19876352
2016-01-28,1891491.15309643
2016-01-29,1889533.08386737
2016-01-30,1892276.82099335
2016-01-31,1891053.39834989
2016-02-01,1892383.43456131
2016-02-02,1892886.41423864
2016-02-03,1893438.78380027
2016-02-04,1894021.76445432
2016-02-05,1884120.84745876
2016-02-06,1876630.6598668
2016-02-07,1878746.79501908
2016-02-08,1879864.41506501
2016-02-09,1875236.58608601
2016-02-10,1877144.84070255
2016-02-11,1879753.4038367
2016-02-12,1877973.65612728
2016-02-13,1873912.67645593
2016-02-14,1875507.77246066
2016-02-15,1876688.60061717
2016-02-16,1874263.12951599
2016-02-17,1874313.20033336
2016-02-18,1868747.37089298
2016-02-19,1870151.81230609
2016-02-20,1871016.42637254
2016-02-21,1871894.62541282
2016-02-22,1872786.78182246
2016-02-23,1873721.92893424
2016-02-24,1870729.65353449
2016-02-25,1872104.73681125
2016-02-26,1873320.7180892
2016-02-27,1872378.50526865
2016-02-28,1873003.50224416
2016-02-29,1874565.75062544
2016-03-01,1875746.6483261
2016-03-02,1877503.3361806
2016-03-03,1878213.35586326
2016-03-04,1879766.89677499
2016-03-05,1878557.92362018
2016-03-06,1879617.30045866
2016-03-07,1867541.10677618
2016-03-08,1868992.86472165
2016-03-09,1871194.19035169
2016-03-10,1872566.51031428
2016-03-11,1873517.62337924
2016-03-12,1873984.02736588
2016-03-13,1875118.63482662
2016-03-14,1875667.96038539
2016-03-15,1872681.54973999
2016-03-16,1873504.67728552
2016-03-17,1874397.50279477
2016-03-18,1875174.82564629
2016-03-19,1876225.79781788
2016-03-20,1874969.79609267
2016-03-21,1875715.1058167
2016-03-22,1876594.22746119
2016-03-23,1877777.72330909
2016-03-24,1874797.87063001
2016-03-25,1875958.60699187
2016-03-26,1876966.52508207
2016-03-27,1877971.54974272
2016-03-28,1878983.0813248
2016-03-29,1881126.7421728
2016-03-30,1881882.1440622
2016-03-31,1882253.96775694
2016-04-01,1883845.41150201
2016-04-02,1885084.69318982
2016-04-03,1886301.77294205
2016-04-04,1887966.50510536
2016-04-05,1884049.24511045
2016-04-06,1885923.31501137
2016-04-07,1886421.07880458
2016-04-08,1887650.88670891
2016-04-09,1888838.46786947
2016-04-10,1890303.25242447
2016-04-11,1891262.63953293
2016-04-12,1892379.26768252
2016-04-13,1893499.82864589
2016-04-14,1892669.52158853
2016-04-15,1893336.92075892
2016-04-16,1872170.18422155
2016-04-17,1874522.97821598
2016-04-18,1872700.59423916
2016-04-19,1874431.28309808
2016-04-20,1875952.69794381
2016-04-21,1875191.53628805
2016-04-22,1876326.52764494
2016-04-23,1876436.85750204
2016-04-24,1878446.46192308
2016-04-25,1877984.42432236
2016-04-26,1874488.31627255
2016-04-27,1875928.80314287
2016-04-28,1876634.07465551
2016-04-29,1877449.77744131
2016-04-30,1877943.47861494
2016-05-01,1880616.77918141
2016-05-02,1879543.71325293
2016-05-03,1881142.02585137
2016-05-04,1882268.68100196
2016-05-05,1883478.1529643
2016-05-06,1883812.15022841
2016-05-07,1885921.93785335
2016-05-08,1887008.7102326
2016-05-09,1887316.16753172
2016-05-10,1886834.44383866
2016-05-11,1887349.2243476
2016-05-12,1881094.51914952
2016-05-13,1881105.75955569
2016-05-14,1882080.90338429
2016-05-15,1883057.28717437
2016-05-16,1883563.65225719
2016-05-17,1884516.69595499
2016-05-18,1885296.98269479
2016-05-19,1885537.20625907
2016-05-20,1886645.06164066
2016-05-21,1886684.55476709
2016-05-22,1889264.21488511
2016-05-23,1886133.06692071
2016-05-24,1886330.87303593
2016-05-25,1887268.66385292
2016-05-26,1888360.63692694
2016-05-27,1889244.77173782
2016-05-28,1890137.56148318
2016-05-29,1891410.98746514
2016-05-30,1891413.82717474
2016-05-31,1890000.99285759
2016-06-01,1886544.10780976
2016-06-02,1886888.87815231
2016-06-03,1888084.69605299
2016-06-04,1888632.69179075
2016-06-05,1890235.13310411
2016-06-06,1891462.50110183
2016-06-07,1890742.54932489
2016-06-08,1891747.79213622
2016-06-09,1893083.68045636
2016-06-10,1893597.1312889
2016-06-11,1895361.23044392
2016-06-12,1893684.1734259
2016-06-13,1869147.87210942
2016-06-14,1870651.60873379
2016-06-15,1867676.2815316
2016-06-16,1867892.22483585
2016-06-17,1869615.0930853
2016-06-18,1870677.77468843
2016-06-19,1870783.76862209
2016-06-20,1865687.09747191
2016-06-21,1864987.65357267
2016-06-22,1866546.7952366
2016-06-23,1866836.68010674
2016-06-24,1867412.58470779
2016-06-25,1869504.74925699
2016-06-26,1868808.25167117
2016-06-27,1869615.70210351
2016-06-28,1869320.40320331
2016-06-29,1867612.47452779
2016-06-30,1868387.48780232
2016-07-01,1869378.21063805
2016-07-02,1871031.13540438
2016-07-03,1872403.85142686
2016-07-04,1872933.11195116
2016-07-05,1873259.08658082
2016-07-06,1873675.89517896
2016-07-07,1872697.54278283
2016-07-08,1873567.77436136
2016-07-09,1873777.02078457
2016-07-10,1871853.46644813
2016-07-11,1869683.00639117
2016-07-12,1869804.16191007
2016-07-13,1870216.20334706
2016-07-14,1870611.78530375
2016-07-15,1868588.82299247
2016-07-16,1869637.00971596
2016-07-17,1869530.73128196
2016-07-18,1870237.77905686
2016-07-19,1869482.65437486
2016-07-20,1869564.21125154
2016-07-21,1870102.31638035
2016-07-22,1870461.28036748
2016-07-23,1871035.99708044
2016-07-24,1871465.4888437
2016-07-25,1872085.49451166
2016-07-26,1872496.93803578
2016-07-27,1872710.7751666
2016-07-28,1873712.76206219
2016-07-29,1872136.19853465
2016-07-30,1872905.10212932
2016-07-31,1873468.7679729
2016-08-01,1874553.47109619
2016-08-02,1874414.38787507
2016-08-03,1875724.78151592
2016-08-04,1875393.1060456
2016-08-05,1875693.17178498
2016-08-06,1875998.86527808
2016-08-07,1876486.25610278
2016-08-08,1876949.19726802
2016-08-09,1875902.62895155
2016-08-10,1868448.64177653
2016-08-11,1869201.79335428
2016-08-12,1868067.61628365
2016-08-13,1868594.14789607
2016-08-14,1869260.87626488
2016-08-15,1868563.0243345
2016-08-16,1868497.92525206
2016-08-17,1869148.06025197
2016-08-18,1868097.98584279
2016-08-19,1868280.29847393
2016-08-20,1868651.11558532
2016-08-21,1869080.77410198
2016-08-22,1866599.81094868
2016-08-23,1865181.96474947
2016-08-24,1864418.94751206
2016-08-25,1865029.24831304
2016-08-26,1865295.4338755
2016-08-27,1865813.39784717
2016-08-28,1866137.23748641
2016-08-29,1865952.11233291
2016-08-30,1866232.47294675
2016-08-31,1864332.18239052
2016-09-01,1864744.48893976
2016-09-02,1865261.5444249
2016-09-03,1865279.62655962
2016-09-04,1865864.20899938
2016-09-05,1865265.48202429
2016-09-06,1865580.29539288
2016-09-07,1865444.93980525
2016-09-08,1865607.76846386
2016-09-09,1866041.45998259
2016-09-10,1866121.46502483
2016-09-11,1866195.10726037
2016-09-12,1866288.87170663
2016-09-13,1866707.35961061
2016-09-14,1866754.99573084
2016-09-15,1867114.17855272
2016-09-16,1867744.74546714
2016-09-17,1867976.99098514
2016-09-18,1864700.04916799
2016-09-19,1863653.09029645
2016-09-20,1864152.4862458
2016-09-21,1864579.47324695
2016-09-22,1865028.17014942
2016-09-23,1864708.99876359
2016-09-24,1865300.50822835
2016-09-25,1865788.61061549
2016-09-26,1865951.84446127
2016-09-27,1865723.45917675
2016-09-28,1866123.53513393
2016-09-29,1866602.64874391
2016-09-30,1865880.41529991
2016-10-01,1866575.81691066
2016-10-02,1867112.18154199
2016-10-03,1863674.39319824
2016-10-04,1863465.26742731
2016-10-05,1863985.00596676
2016-10-06,1864450.32702639
2016-10-07,1862669.9356921
2016-10-08,1862534.81839334
2016-10-09,1863324.69522139
2016-10-10,1862543.06148549
2016-10-11,1861937.77482513
2016-10-12,1861687.51908977
2016-10-13,1861692.09062704
2016-10-14,1858635.80583936
2016-10-15,1859065.34630021
2016-10-16,1859628.14477917
2016-10-17,1859999.62478577
2016-10-18,1857573.540428
2016-10-19,1857934.98775144
2016-10-20,1858219.54251649
2016-10-21,1858798.68697143
2016-10-22,1859191.35307869
2016-10-23,1859348.92596312
2016-10-24,1859125.12283346
2016-10-25,1859293.58322901
2016-10-26,1859355.63745291
2016-10-27,1859292.95964753
2016-10-28,1857881.43299448
2016-10-29,1857552.55571954
2016-10-30,1858454.18730395
2016-10-31,1858882.44881616
2016-11-01,1858148.4591907
2016-11-02,1858701.18257715
2016-11-03,1858773.33034409
2016-11-04,1858817.98628542
2016-11-05,1858980.41463859
2016-11-06,1859669.0054566
2016-11-07,1859585.50844283
2016-11-08,1860137.37974243
2016-11-09,1857815.67355958
2016-11-10,1858259.03283651
2016-11-11,1858448.6283486
2016-11-12,1858126.4758564
2016-11-13,1858444.99819412
2016-11-14,1859271.81228465
2016-11-15,1859451.41868629
2016-11-16,1858968.21890722
2016-11-17,1859242.88475748
2016-11-18,1859222.60951816
2016-11-19,1859585.04818264
2016-11-20,1859845.22342681
2016-11-21,1859108.05292275
2016-11-22,1858983.32204283
2016-11-23,1858899.58378615
2016-11-24,1859326.00379425
2016-11-25,1860084.34521314
2016-11-26,1860537.35715767
2016-11-27,1860371.30673262
2016-11-28,1860060.26494197
2016-11-29,1860525.40734715
2016-11-30,1860150.06355414
2016-12-01,1860496.57735048
2016-12-02,1860778.85088626
2016-12-03,1861207.5244256
2016-12-04,1858701.84992608
2016-12-05,1859081.79886617
2016-12-06,1859459.00599001
2016-12-07,1859204.41244682
2016-12-08,1859384.15542994
2016-12-09,1859206.45953135
2016-12-10,1858833.86702138
2016-12-11,1860166.7227586
2016-12-12,1860934.7844677
2016-12-13,1860574.66264382
2016-12-14,1861208.3683261
2016-12-15,1860923.09474383
2016-12-16,1860727.10628957
2016-12-17,1859907.53637664
2016-12-18,1860356.31366261
2016-12-19,1859222.06840465
2016-12-20,1857991.27262977
2016-12-21,1858378.55390692
2016-12-22,1856800.40148981
2016-12-23,1856675.3842096
2016-12-24,1856969.59664936
2016-12-25,1857444.07475063
2016-12-26,1857003.62860359
2016-12-27,1856233.41529138
2016-12-28,1855418.43242713
2016-12-29,1856200.38495941
2016-12-30,1856268.96959528
2016-12-31,1856228.82827269
2017-01-01,1857186.21109023
2017-01-02,1857526.15077649
2017-01-03,1856390.50610055
2017-01-04,1855516.5883962
2017-01-05,1855137.05012824
2017-01-06,1854893.10686834
2017-01-07,1855515.10934086
2017-01-08,1856339.17359408
2017-01-09,1855815.2990249
2017-01-10,1856335.12657771
2017-01-11,1853886.01979965
2017-01-12,1854250.58486031
2017-01-13,1854288.91935525
2017-01-14,1854471.87655521
2017-01-15,1855184.65793968
2017-01-16,1855695.16910416
2017-01-17,1855385.40914038
2017-01-18,1855931.76975814
2017-01-19,1856460.02647457
2017-01-20,1857175.79131927
2017-01-21,1857370.63064316
2017-01-22,1858216.90602584
2017-01-23,1857892.02906062
2017-01-24,1857231.24871571
2017-01-25,1857963.19250841
2017-01-26,1857792.64814103
2017-01-27,1858605.74958789
2017-01-28,1858417.45213196
2017-01-29,1856790.28964633
2017-01-30,1857032.37444786
2017-01-31,1857072.29032349
2017-02-01,1857317.51095017
2017-02-02,1857799.06253788
2017-02-03,1857754.84465735
2017-02-04,1857166.96042095
2017-02-05,1857296.51144688
2017-02-06,1857356.84993496
2017-02-07,1858031.80432801
2017-02-08,1848552.28727941
2017-02-09,1848197.52258876
2017-02-10,1847929.74260022
2017-02-11,1848520.67046188
2017-02-12,1848285.79894062
2017-02-13,1847945.11454089
2017-02-14,1849028.62773925
2017-02-15,1849081.60467257
2017-02-16,1849467.42050461
2017-02-17,1849327.17807356
2017-02-18,1850194.89668425
2017-02-19,1850869.87380913
2017-02-20,1851415.55698977
2017-02-21,1851695.93242643
2017-02-22,1849301.97944207
2017-02-23,1849792.03692701
2017-02-24,1849680.03123401
2017-02-25,1850781.58377817
2017-02-26,1851528.2527646
2017-02-27,1851541.80131922
2017-02-28,1852361.23782255
2017-03-01,1852207.40327039
2017-03-02,1852053.05984159
2017-03-03,1851900.38595787
2017-03-04,1851959.43242111
2017-03-05,1852998.86911623
2017-03-06,1852435.49656335
2017-03-07,1852939.92483945
2017-03-08,1851828.98010279
2017-03-09,1852397.38503024
2017-03-10,1851755.65561428
2017-03-11,1852854.29175477
2017-03-12,1853238.500684
2017-03-13,1853754.32151924
2017-03-14,1853842.93282454
2017-03-15,1854182.71730245
2017-03-16,1855223.70718167
2017-03-17,1855692.7563703
2017-03-18,1855796.68215424
2017-03-19,1856055.89693154
2017-03-20,1856390.27664055
2017-03-21,1856970.76503437
2017-03-22,1857497.26283126
2017-03-23,1852008.06381903
2017-03-24,1852307.63453939
2017-03-25,1853148.61745942
2017-03-26,1853642.86529212
2017-03-27,1853138.16677219
2017-03-28,1852746.96964197
2017-03-29,1847650.130376
2017-03-30,1848435.0441638
2017-03-31,1848985.31112682
2017-04-01,1847955.9742456
2017-04-02,1848998.32408979
2017-04-03,1849536.45346274
2017-04-04,1849719.79243921
2017-04-05,1849518.19093378
2017-04-06,1849462.43950345
2017-04-07,1848884.9232965
2017-04-08,1849616.03230735
2017-04-09,1850444.01597394
2017-04-10,1850738.58678876
2017-04-11,1851838.71217457
2017-04-12,1851685.96026404
2017-04-13,1847657.38926625
2017-04-14,1846251.85662425
2017-04-15,1845941.74011287
2017-04-16,1846427.7315868
2017-04-17,1845025.07868118
2017-04-18,1844708.33043944
2017-04-19,1845160.20813546
2017-04-20,1845294.55386442
2017-04-21,1845928.18087572
2017-04-22,1845787.66700213
2017-04-23,1846746.19651987
2017-04-24,1847189.58497587
2017-04-25,1847043.42148673
2017-04-26,1845704.31163237
2017-04-27,1846521.92954817
2017-04-28,1845495.01107435
2017-04-29,1845329.51223095
2017-04-30,1845104.37084936
2017-05-01,1845487.68384912
2017-05-02,1843939.20006594
2017-05-03,1840762.22270812
2017-05-04,1840588.47251701
2017-05-05,1840499.39538078
2017-05-06,1841126.31079637
2017-05-07,1841845.08701496
2017-05-08,1842407.72436692
2017-05-09,1839133.87024606
2017-05-10,1839429.44652862
2017-05-11,1838994.7758892
2017-05-12,1839445.02039667
2017-05-13,1839921.21406569
2017-05-14,1839978.09325097
2017-05-15,1839118.43830021
2017-05-16,1837879.06992249
2017-05-17,1837542.03020054
2017-05-18,1836929.03703538
2017-05-19,1837625.7673699
2017-05-20,1838830.86001781
2017-05-21,1836918.63226164
2017-05-22,1834441.54457878
2017-05-23,1831635.93032335
2017-05-24,1828448.21784096
2017-05-25,1828780.56486133
2017-05-26,1829492.44956919
2017-05-27,1829979.70360115
2017-05-28,1829385.45160564
2017-05-29,1829056.48841996
2017-05-30,1829849.27968005
2017-05-31,1828898.64512447
2017-06-01,1829834.27538843
2017-06-02,1829889.08047615
2017-06-03,1829658.52129003
2017-06-04,1830105.22532056
2017-06-05,1829595.40899789
2017-06-06,1828828.13002566
2017-06-07,1828810.45879647
2017-06-08,1828439.6530046
2017-06-09,1828791.63851684
2017-06-10,1828850.34057175
2017-06-11,1829357.13497985
2017-06-12,1829267.85253129
2017-06-13,1825831.05473986
2017-06-14,1826103.46743075
2017-06-15,1825422.35415637
2017-06-16,1825261.6278349
2017-06-17,1825314.39193218
2017-06-18,1826012.80515187
2017-06-19,1825217.96093212
2017-06-20,1825881.41030515
2017-06-21,1825799.12751567
2017-06-22,1825860.98410503
2017-06-23,1825787.94138222
2017-06-24,1825989.18150198
2017-06-25,1825888.01885791
2017-06-26,1823569.25076817
2017-06-27,1823570.10517872
2017-06-28,1823685.31388331
2017-06-29,1823329.67968345
2017-06-30,1822844.02399077
2017-07-01,1823047.23594051
2017-07-02,1823593.0557653
2017-07-03,1823332.02078328
2017-07-04,1823670.96830614
2017-07-05,1823627.86173032
2017-07-06,1823091.63450085
2017-07-07,1823347.90492788
2017-07-08,1823481.23052913
2017-07-09,1823902.15187846
2017-07-10,1823969.98397581
2017-07-11,1824048.28406325
2017-07-12,1824017.65551086
2017-07-13,1823925.30071877
2017-07-14,1823962.77287643
2017-07-15,1823926.67078444
2017-07-16,1823762.25898809
2017-07-17,1823845.19663003
2017-07-18,1824013.50969718
2017-07-19,1824008.77154528
2017-07-20,1822823.48120831
2017-07-21,1823064.90724869
2017-07-22,1823629.47679095
2017-07-23,1824447.14292185
2017-07-24,1823728.34027967
2017-07-25,1823811.82593577
2017-07-26,1824056.16123666
2017-07-27,1823107.78190887
2017-07-28,1823338.60814855
2017-07-29,1824086.19605254
2017-07-30,1824629.43650468
2017-07-31,1823463.34102891
2017-08-01,1823573.80117623
2017-08-02,1824251.40276615
2017-08-03,1824905.43965976
2017-08-04,1825347.15136611
2017-08-05,1824542.19826217
2017-08-06,1824763.0754373
2017-08-07,1824941.29348143
2017-08-08,1824576.72972715
2017-08-09,1824707.88647125
2017-08-10,1825088.73194519
2017-08-11,1823661.09004733
2017-08-12,1821352.83083014
2017-08-13,1821629.84011633
2017-08-14,1821442.02726156
2017-08-15,1822523.52202868
2017-08-16,1822426.86337456
2017-08-17,1822253.99360066
2017-08-18,1821906.03339853
2017-08-19,1821759.26618181
2017-08-20,1821067.99311259
2017-08-21,1820931.82474584
2017-08-22,1816796.15372751
2017-08-23,1817723.48941663
2017-08-24,1818071.95904712
2017-08-25,1817733.2577517
2017-08-26,1817993.71906595
2017-08-27,1818157.33132834
2017-08-28,1818081.80967263
2017-08-29,1815263.44518975
2017-08-30,1814786.34745849
2017-08-31,1814022.99612309
2017-09-01,1813775.83209395
2017-09-02,1814218.47911759
2017-09-03,1814668.03621934
2017-09-04,1814200.7310476
2017-09-05,1814800.10074139
2017-09-06,1814306.42357192
2017-09-07,1814875.44470937
2017-09-08,1815394.53525263
2017-09-09,1815214.75207483
2017-09-10,1815501.15024331
2017-09-11,1816413.16739537
2017-09-12,1817215.60662954
2017-09-13,1816478.82508909
2017-09-14,1815962.52782833
2017-09-15,1816218.01080936
2017-09-16,1814804.3008531
2017-09-17,1815427.85673052
2017-09-18,1815663.25716864
2017-09-19,1814775.04586933
2017-09-20,1814868.20928573
2017-09-21,1815706.9149809
2017-09-22,1814926.44862806
2017-09-23,1815940.32609925
2017-09-24,1816060.90417281
2017-09-25,1814876.69425089
2017-09-26,1815031.0069509
2017-09-27,1815528.50527269
2017-09-28,1815276.63628178
2017-09-29,1814382.04255862
2017-09-30,1813928.51645537
2017-10-01,1812850.7976455
2017-10-02,1813750.93316157
2017-10-03,1814905.51841352
2017-10-04,1814283.01502783
2017-10-05,1814619.8431183
2017-10-06,1815453.2911822
2017-10-07,1815139.60799243
2017-10-08,1815737.50228913
2017-10-09,1816146.01679912
2017-10-10,1814633.79628954
2017-10-11,1815023.06295888
2017-10-12,1815527.20320693
2017-10-13,1812810.26999064
2017-10-14,1812197.96288
2017-10-15,1813239.43198399
2017-10-16,1813641.97562445
2017-10-17,1813245.60200234
2017-10-18,1812667.34684657
2017-10-19,1813500.48643374
2017-10-20,1814177.19672441
2017-10-21,1813840.12624546
2017-10-22,1814910.87876552
2017-10-23,1814499.24494282
2017-10-24,1814404.44363616
2017-10-25,1814975.73991782
2017-10-26,1814784.44025913
2017-10-27,1814531.13530892
2017-10-28,1814673.45893204
2017-10-29,1815049.86864817
2017-10-30,1814881.73457302
2017-10-31,1815139.12510245
2017-11-01,1814892.73008496
2017-11-02,1814964.80443342
2017-11-03,1811562.48911955
2017-11-04,1810802.5288885
2017-11-05,1810804.05417661
2017-11-06,1810813.0679407
2017-11-07,1810300.20635767
2017-11-08,1810313.21332446
2017-11-09,1809812.88114838
2017-11-10,1809836.20261009
2017-11-11,1809791.20594295
2017-11-12,1809223.47466543
2017-11-13,1809155.2208149
2017-11-14,1809291.79449253
2017-11-15,1809968.18114524
2017-11-16,1810566.76023927
2017-11-17,1810772.26051214
2017-11-18,1810134.51352293
2017-11-19,1810480.51937014
2017-11-20,1810075.1809412
2017-11-21,1810596.16537172
2017-11-22,1809853.40692067
2017-11-23,1810363.84543821
2017-11-24,1810767.98192722
2017-11-25,1810414.82503375
2017-11-26,1810313.28771111
2017-11-27,1808004.76878565
2017-11-28,1807235.6170372
2017-11-29,1807904.12957829
2017-11-30,1807650.65643736
2017-12-01,1807327.13504228
2017-12-02,1807678.8229406
2017-12-03,1807183.27100087
2017-12-04,1807565.24686618
2017-12-05,1808084.68928865
2017-12-06,1807643.02724531
2017-12-07,1804325.10372571
2017-12-08,1804123.72156084
2017-12-09,1803838.69698522
2017-12-10,1804067.76752892
2017-12-11,1803076.47310327
2017-12-12,1803590.61319436
2017-12-13,1802953.47577733
2017-12-14,1802628.51954953
2017-12-15,1803458.08155501
2017-12-16,1803035.71090152
2017-12-17,1804034.02691195
2017-12-18,1802824.30079412
2017-12-19,1803448.41861521
2017-12-20,1802415.98283445
2017-12-21,1803600.9424285
2017-12-22,1804316.7666511
2017-12-23,1803903.2015386
2017-12-24,1804308.90151255
2017-12-25,1803533.92656548
2017-12-26,1804179.35750689
2017-12-27,1800141.08454294
2017-12-28,1798752.45976289
2017-12-29,1797400.33463657
2017-12-30,1797809.06337313
2017-12-31,1797670.73136463
2018-01-01,1797616.92389122
2018-01-02,1797592.06572593
2018-01-03,1798497.85449481
2018-01-04,1799223.00159165
2018-01-05,1796512.8360957
2018-01-06,1795948.02470494
2018-01-07,1796418.60493712
2018-01-08,1795993.70102679
2018-01-09,1796566.72768661
2018-01-10,1795690.00280375
2018-01-11,1796278.66962769
2018-01-12,1796681.50311422
2018-01-13,1796985.36655352
2018-01-14,1796523.01219502
2018-01-15,1796955.85857386
2018-01-16,1796053.35142803
2018-01-17,1795835.95350174
2018-01-18,1795903.5464525
2018-01-19,1796490.71459986
2018-01-20,1796190.11401983
2018-01-21,1796149.56107105
2018-01-22,1796873.68427395
2018-01-23,1796464.02785708
2018-01-24,1797041.50140871
2018-01-25,1796517.05697498
2018-01-26,1797246.17998752
2018-01-27,1797638.12477057
2018-01-28,1797310.84237386
2018-01-29,1797409.30882638
2018-01-30,1797375.35607927
2018-01-31,1797642.89262347
2018-02-01,1796305.09002067
2018-02-02,1796347.9249685
2018-02-03,1796935.90015391
2018-02-04,1796567.21954396
2018-02-05,1796920.68429479
2018-02-06,1797207.44009827
2018-02-07,1797233.60196664
2018-02-08,1796289.822522
2018-02-09,1796077.77452139
2018-02-10,1796502.64202342
2018-02-11,1796733.85914064
2018-02-12,1796145.74855376
2018-02-13,1796428.21080302
2018-02-14,1796747.05267372
2018-02-15,1796865.71637484
2018-02-16,1797350.81968814
2018-02-17,1796724.22809085
2018-02-18,1797440.66576206
2018-02-19,1797500.6194835
2018-02-20,1796813.06516536
2018-02-21,1797546.02363327
2018-02-22,1796659.55902528
2018-02-23,1796609.26097763
2018-02-24,1796617.55613877
2018-02-25,1797337.03877408
2018-02-26,1797894.71723922
2018-02-27,1798008.32035786
2018-02-28,1798571.91782686
2018-03-01,1797705.21897254
2018-03-02,1796542.07604929
2018-03-03,1796933.64492337
2018-03-04,1796513.64427914
2018-03-05,1795894.34863595
2018-03-06,1796408.97444186
2018-03-07,1796962.99315318
2018-03-08,1794439.20050942
2018-03-09,1794630.04047161
2018-03-10,1794812.67525601
2018-03-11,1794247.68822758
2018-03-12,1794815.69185781
2018-03-13,1791332.87409977
2018-03-14,1791826.1940642
2018-03-15,1791054.32433838
2018-03-16,1790175.36974925
2018-03-17,1790516.53185192
2018-03-18,1790758.92281633
2018-03-19,1791109.47805703
2018-03-20,1788495.2426342
2018-03-21,1788878.01313354
2018-03-22,1789356.36320787
2018-03-23,1788972.76710669
2018-03-24,1789230.4790941
2018-03-25,1789299.36168004
2018-03-26,1789719.58952623
2018-03-27,1790153.87570983
2018-03-28,1789479.88642306
2018-03-29,1788900.39156874
2018-03-30,1789627.75256992
2018-03-31,1789739.4824675
2018-04-01,1789743.36532912
2018-04-02,1789858.58297118
2018-04-03,1789962.82124167
2018-04-04,1789848.49115983
2018-04-05,1790426.07819214
2018-04-06,1789601.3857503
2018-04-07,1790229.69537594
2018-04-08,1790094.93106073
2018-04-09,1790511.90001512
2018-04-10,1790256.73577242
2018-04-11,1790165.26816483
2018-04-12,1790187.19845506
2018-04-13,1789779.26755822
2018-04-14,1790113.57928659
2018-04-15,1790788.88947157
2018-04-16,1791078.38960417
2018-04-17,1790474.98464617
2018-04-18,1790867.41118493
2018-04-19,1791095.94685925
2018-04-20,1790185.90056165
2018-04-21,1790846.72556267
2018-04-22,1791354.29007299
2018-04-23,1790978.69698604
2018-04-24,1791220.16275012
2018-04-25,1791305.41568551
2018-04-26,1790827.09273645
2018-04-27,1791064.15300701
2018-04-28,1791140.28867152
2018-04-29,1790645.14297634
2018-04-30,1791151.07905996
2018-05-01,1791638.94229858
2018-05-02,1791950.45494092
2018-05-03,1790845.771659
2018-05-04,1791055.83493708
2018-05-05,1791745.18701065
2018-05-06,1792008.37299681
2018-05-07,1790922.34366917
2018-05-08,1791665.97036804
2018-05-09,1792461.55741989
2018-05-10,1792248.15945732
2018-05-11,1791777.07510713
2018-05-12,1792234.57780374
2018-05-13,1792581.29734852
2018-05-14,1792344.67426241
2018-05-15,1792830.79424262
2018-05-16,1792615.24248017
2018-05-17,1792863.9459079
2018-05-18,1793203.70106838
2018-05-19,1792430.66021975
2018-05-20,1792499.64957079
2018-05-21,1792992.64645067
2018-05-22,1792865.06797213
2018-05-23,1793250.27711433
2018-05-24,1793640.26325798
2018-05-25,1793234.62941987
2018-05-26,1793787.66438142
2018-05-27,1794384.78221459
2018-05-28,1793830.96572901
2018-05-29,1793823.71954239
2018-05-30,1794882.95326946
2018-05-31,1795469.19386888
2018-06-01,1794238.11095375
2018-06-02,1794552.88946269
2018-06-03,1794949.88124356
2018-06-04,1794892.56121969
2018-06-05,1794241.61705607
2018-06-06,1794331.64750502
2018-06-07,1794658.91609742
2018-06-08,1793815.69264922
2018-06-09,1794310.11673129
2018-06-10,1794650.38097819
2018-06-11,1795023.45799208
2018-06-12,1793077.25520502
2018-06-13,1792826.86803285
2018-06-14,1793327.86284401
2018-06-15,1791305.38130842
2018-06-16,1791643.13827917
2018-06-17,1792064.33828705
2018-06-18,1791829.68472953
2018-06-19,1792160.91496392
2018-06-20,1792190.47390467
2018-06-21,1792604.45050295
2018-06-22,1791860.48923725
2018-06-23,1792661.80945317
2018-06-24,1792600.09441526
2018-06-25,1792938.08851416
2018-06-26,1792965.58174761
2018-06-27,1792044.22458191
2018-06-28,1790050.79432758
2018-06-29,1790311.27199706
2018-06-30,1789944.66160334
2018-07-01,1790426.69498711
2018-07-02,1789935.28389476
2018-07-03,1789846.06389096
2018-07-04,1789821.95940626
2018-07-05,1790323.41720309
2018-07-06,1790126.92138398
2018-07-07,1790690.81153444
2018-07-08,1790485.47646318
2018-07-09,1790326.56283807
2018-07-10,1790429.4138431
2018-07-11,1790455.85388231
2018-07-12,1790479.69389348
2018-07-13,1790766.43909235
2018-07-14,1791054.88690497
2018-07-15,1790719.42495067
2018-07-16,1790664.5093948
2018-07-17,1791294.61189555
2018-07-18,1791095.15243355
2018-07-19,1789666.98654996
2018-07-20,1789178.38614927
2018-07-21,1789603.29890377
2018-07-22,1789697.62777677
2018-07-23,1789755.24045199
2018-07-24,1789828.81639987
2018-07-25,1790189.7280835
2018-07-26,1790274.68545831
2018-07-27,1790094.95095964
2018-07-28,1790468.48412325
2018-07-29,1790471.36547816
2018-07-30,1790429.33338814
2018-07-31,1791058.75783972
2018-08-01,1791307.57496117
2018-08-02,1791598.22525691
2018-08-03,1791745.15276517
2018-08-04,1791928.45426835
2018-08-05,1792473.1545457
2018-08-06,1792465.17675076
2018-08-07,1792714.14069492
2018-08-08,1791910.52448705
2018-08-09,1791991.3410479
2018-08-10,1792847.57170261
2018-08-11,1793764.63368325
2018-08-12,1792962.50469709
2018-08-13,1793320.04720092
2018-08-14,1793484.97029111
2018-08-15,1793861.36311743
2018-08-16,1794050.61903186
2018-08-17,1794180.93494465
2018-08-18,1794541.8476917
2018-08-19,1794867.34344984
2018-08-20,1794487.57239616
2018-08-21,1794528.23897009
2018-08-22,1793628.77674905
2018-08-23,1793828.65980554
2018-08-24,1792561.12075997
2018-08-25,1792589.85651119
2018-08-26,1793051.51442669
2018-08-27,1793151.59278075
2018-08-28,1792335.31932824
2018-08-29,1792380.61202892
2018-08-30,1791385.92495739
2018-08-31,1791639.59905893
2018-09-01,1791539.44568444
2018-09-02,1791488.09540908
2018-09-03,1791527.74294338
2018-09-04,1791551.73185522
2018-09-05,1791816.21070528
2018-09-06,1791433.22942708
2018-09-07,1791747.53094609
2018-09-08,1791989.28699734
2018-09-09,1792068.82616227
2018-09-10,1792421.82966704
2018-09-11,1792837.90291177
2018-09-12,1792445.57216775
2018-09-13,1792322.20327113
2018-09-14,1792399.96558163
2018-09-15,1792499.40726194
2018-09-16,1792921.71700817
2018-09-17,1792949.8218822
2018-09-18,1792580.00649214
2018-09-19,1792826.75613833
2018-09-20,1792910.23354231
2018-09-21,1792805.73579027
2018-09-22,1793089.73931604
2018-09-23,1793322.02308418
2018-09-24,1793444.09113328
2018-09-25,1793728.77972915
2018-09-26,1792687.84304261
2018-09-27,1792980.43348409
2018-09-28,1792630.15043883
2018-09-29,1792834.47015148
2018-09-30,1793405.51233242
2018-10-01,1793521.21553769
2018-10-02,1793620.02507028
2018-10-03,1793767.36561329
2018-10-04,1794091.22654397
2018-10-05,1794168.76796993
2018-10-06,1794383.16535969
2018-10-07,1794876.11106565
2018-10-08,1794119.33320382
2018-10-09,1791444.43864704
2018-10-10,1791622.333086
2018-10-11,1791823.15697065
2018-10-12,1791470.87213099
2018-10-13,1791870.64492091
2018-10-14,1791792.80733545
2018-10-15,1792048.10007004
2018-10-16,1790728.73693891
2018-10-17,1790820.99129074
2018-10-18,1791190.65189927
2018-10-19,1791793.77030915
2018-10-20,1791563.82315066
2018-10-21,1791898.59298635
2018-10-22,1792056.66929186
2018-10-23,1792397.9490503
2018-10-24,1792147.90830006
2018-10-25,1791927.65461309
2018-10-26,1791782.45814524
2018-10-27,1791741.55980727
2018-10-28,1792195.6130401
2018-10-29,1791187.6455151
2018-10-30,1791568.04580291
2018-10-31,1791661.3721717
2018-11-01,1792139.97572039
2018-11-02,1792458.5609568
2018-11-03,1791681.8938989
2018-11-04,1791640.94737262
2018-11-05,1792083.74775309
2018-11-06,1791768.0748917
2018-11-07,1791185.91445701
2018-11-08,1791093.69567376
2018-11-09,1791133.26035545
2018-11-10,1791657.24783694
2018-11-11,1792288.79126862
2018-11-12,1791639.04171071
2018-11-13,1791741.29000725
2018-11-14,1792139.3183597
2018-11-15,1792059.06869466
2018-11-16,1791531.65060135
2018-11-17,1791864.12860116
2018-11-18,1791889.8560193
2018-11-19,1790991.29378077
2018-11-20,1791285.11134504
2018-11-21,1789297.30947978
2018-11-22,1789379.44361813
2018-11-23,1789853.57651712
2018-11-24,1789476.09222419
2018-11-25,1788750.81055624
2018-11-26,1787242.02368427
2018-11-27,1784412.55764575
2018-11-28,1780057.51198636
2018-11-29,1780623.59326283
2018-11-30,1780454.5707828
2018-12-01,1780534.12641199
2018-12-02,1781015.36359614
2018-12-03,1780899.88929565
2018-12-04,1781394.31385277
2018-12-05,1780966.59545201
2018-12-06,1781388.18701039
2018-12-07,1781320.53609513
2018-12-08,1780436.44959917
2018-12-09,1780564.70395224
2018-12-10,1780909.25788105
2018-12-11,1780321.59521601
2018-12-12,1780243.49099263
2018-12-13,1780437.11569186
2018-12-14,1781095.53756552
2018-12-15,1781239.32048378
2018-12-16,1781379.89117168
2018-12-17,1781414.05613821
2018-12-18,1781587.9832542
2018-12-19,1781404.57458011
2018-12-20,1780915.20162113
2018-12-21,1781203.60955385
2018-12-22,1781690.26368123
2018-12-23,1782326.31973147
2018-12-24,1782004.07245519
2018-12-25,1782570.63502786
2018-12-26,1782635.17106176
2018-12-27,1783361.20229971
2018-12-28,1783624.40756958
2018-12-29,1783849.64589571
2018-12-30,1784386.04716362
2018-12-31,1784941.39723967
2019-01-01,1785290.80429129
2019-01-02,1785176.99519198
2019-01-03,1785975.43220096
2019-01-04,1785782.0068663
2019-01-05,1784139.85555248
2019-01-06,1784003.02780928
2019-01-07,1784467.62271059
2019-01-08,1785305.71096171
2019-01-09,1781125.80819135
2019-01-10,1779682.4898194
2019-01-11,1780213.03785395
2019-01-12,1780332.135251
2019-01-13,1779204.00975768
2019-01-14,1779115.0296427
2019-01-15,1779376.4698866
2019-01-16,1778318.83618746
2019-01-17,1778494.74260449
2019-01-18,1778072.24997325
2019-01-19,1778242.76962772
2019-01-20,1778705.12511218
2019-01-21,1778568.30312608
2019-01-22,1778750.02460601
2019-01-23,1778991.84532459
2019-01-24,1779408.53139231
2019-01-25,1779688.96000138
2019-01-26,1780064.72082079
2019-01-27,1780285.48375335
2019-01-28,1778349.18055466
2019-01-29,1778403.68484505
2019-01-30,1777792.60985121
2019-01-31,1778240.20362287
2019-02-01,1778521.46327456
2019-02-02,1778707.2537506
2019-02-03,1778829.47888664
2019-02-04,1779115.3206112
2019-02-05,1779255.05358159
2019-02-06,1777879.39038462
2019-02-07,1778100.87776447
2019-02-08,1778379.2357914
2019-02-09,1778659.75471889
2019-02-10,1778762.46146398
2019-02-11,1778943.77381479
2019-02-12,1778965.18320749
2019-02-13,1779188.45357134
2019-02-14,1779137.38261948
2019-02-15,1778925.87638614
2019-02-16,1779149.52099675
2019-02-17,1779401.9511141
2019-02-18,1779312.08875419
2019-02-19,1776444.96491273
2019-02-20,1776469.24262377
2019-02-21,1776562.69426398
2019-02-22,1776267.48900853
2019-02-23,1776384.19574781
2019-02-24,1776688.07362326
2019-02-25,1776558.21555813
2019-02-26,1777066.85805386
2019-02-27,1777093.97777806
2019-02-28,1776859.58827223
2019-03-01,1776422.51911518
2019-03-02,1776741.4905429
2019-03-03,1776937.46151591
2019-03-04,1777029.52449544
2019-03-05,1777146.55415804
2019-03-06,1777242.59881072
2019-03-07,1777296.73569072
2019-03-08,1777384.27095403
2019-03-09,1777688.69725751
2019-03-10,1777831.65560928
2019-03-11,1777966.44926446
2019-03-12,1777852.56632429
2019-03-13,1777837.87889088
2019-03-14,1778178.85794558
2019-03-15,1777171.57732388
2019-03-16,1777553.08030353
2019-03-17,1777658.73588984
2019-03-18,1777584.55215037
2019-03-19,1777713.47887784
2019-03-20,1778124.10793939
2019-03-21,1776704.60430983
2019-03-22,1777254.67767723
2019-03-23,1777297.84356395
2019-03-24,1778012.31220461
2019-03-25,1778127.12028521
2019-03-26,1773615.52945814
2019-03-27,1773999.34858914
2019-03-28,1774542.63298487
2019-03-29,1773102.477893
2019-03-30,1773599.26020422
2019-03-31,1774231.99132398
2019-04-01,1773871.81680621
2019-04-02,1773975.74243639
2019-04-03,1772879.84670669
2019-04-04,1773517.82682595
2019-04-05,1773517.82613159
2019-04-06,1773779.66190117
2019-04-07,1773879.05899661
2019-04-08,1773369.65830446
2019-04-09,1773821.87519191
2019-04-10,1773441.76630818
2019-04-11,1773744.28354058
2019-04-12,1773822.6178073
2019-04-13,1774248.40529069
2019-04-14,1774058.65508528
2019-04-15,1774602.44072055
2019-04-16,1774752.45786742
2019-04-17,1774790.62978268
2019-04-18,1774768.02818949
2019-04-19,1774511.30700696
2019-04-20,1774279.70037567
2019-04-21,1774454.04827922
2019-04-22,1773837.72110318
2019-04-23,1774207.55111236
2019-04-24,1773287.03651282
2019-04-25,1772976.32009055
2019-04-26,1773325.77560198
2019-04-27,1773762.57689734
2019-04-28,1774492.40819951
2019-04-29,1774504.49820898
2019-04-30,1773634.47866825
2019-05-01,1774164.77855173
2019-05-02,1773753.72579046
2019-05-03,1773894.90223105
2019-05-04,1772987.27615469
2019-05-05,1773116.65252101
2019-05-06,1772776.08238496
2019-05-07,1772692.37542581
2019-05-08,1773512.48512079
2019-05-09,1773131.86377739
2019-05-10,1773614.36436148
2019-05-11,1773612.53735493
2019-05-12,1774163.35757307
2019-05-13,1774678.0065686
2019-05-14,1773766.68256411
2019-05-15,1773577.68265965
2019-05-16,1773728.69221406
2019-05-17,1774202.48648885
2019-05-18,1774117.74732838
2019-05-19,1773954.96556167
2019-05-20,1773437.19314644
2019-05-21,1772977.68475942
2019-05-22,1772955.07425274
2019-05-23,1772591.72627082
2019-05-24,1771594.9825387
2019-05-25,1771336.14116546
2019-05-26,1771916.61643342
2019-05-27,1771924.17068222
2019-05-28,1772743.33313717
2019-05-29,1772535.10646668
2019-05-30,1772363.36253758
2019-05-31,1772190.17728689
2019-06-01,1772186.50703717
2019-06-02,1772210.29237279
2019-06-03,1772346.93883511
2019-06-04,1771353.53596455
2019-06-05,1771082.06077485
2019-06-06,1771414.70800675
2019-06-07,1771335.15349107
2019-06-08,1771406.28180809
2019-06-09,1771931.7849555
2019-06-10,1772518.34897234
2019-06-11,1772558.54317331
2019-06-12,1772676.46877891
2019-06-13,1772822.67304556
2019-06-14,1772143.76141095
2019-06-15,1772151.65963239
2019-06-16,1772315.02454065
2019-06-17,1772255.14861675
2019-06-18,1772823.73299363
2019-06-19,1771822.80805465
2019-06-20,1771245.60879867
2019-06-21,1771613.62846236
2019-06-22,1771100.05185909
2019-06-23,1771452.65254217
2019-06-24,1770712.86705169
2019-06-25,1770737.1405883
2019-06-26,1771107.49722116
2019-06-27,1770146.34386348
2019-06-28,1769656.70411685
2019-06-29,1769445.3406542
2019-06-30,1769678.25172499
2019-07-01,1769366.77978812
2019-07-02,1769578.00446394
2019-07-03,1769815.60035802
2019-07-04,1769332.45301866
2019-07-05,1769988.97707875
2019-07-06,1770373.01724771
2019-07-07,1770542.33024204
2019-07-08,1770482.32996601
2019-07-09,1770477.93546654
2019-07-10,1770190.05489772
2019-07-11,1770355.09279141
2019-07-12,1770855.53268198
2019-07-13,1771027.33743016
2019-07-14,1771090.71561139
2019-07-15,1771244.10137516
2019-07-16,1771239.67020364
2019-07-17,1770912.57130517
2019-07-18,1771234.26252258
2019-07-19,1771290.31573077
2019-07-20,1771621.10126359
2019-07-21,1771776.23953537
2019-07-22,1771702.35753588
2019-07-23,1771905.46339845
2019-07-24,1771988.94927749
2019-07-25,1772376.41486137
2019-07-26,1772502.38522928
2019-07-27,1772843.83601946
2019-07-28,1773390.47187561
2019-07-29,1773664.47218099
2019-07-30,1773643.240949
2019-07-31,1773682.80156864
2019-08-01,1771664.3209658
2019-08-02,1769657.56776247
2019-08-03,1770028.17818914
2019-08-04,1769873.50833828
2019-08-05,1769960.52950902
2019-08-06,1769368.43154766
2019-08-07,1769321.80986026
2019-08-08,1768750.71767415
2019-08-09,1768649.4220627
2019-08-10,1769323.48253961
2019-08-11,1769583.10808886
2019-08-12,1768837.07775254
2019-08-13,1769853.04758617
2019-08-14,1768440.21090279
2019-08-15,1768423.38595915
2019-08-16,1768682.51717876
2019-08-17,1768464.58159244
2019-08-18,1768124.62145892
2019-08-19,1768354.55634212
2019-08-20,1768568.02354758
2019-08-21,1768159.02395116
2019-08-22,1768209.38801717
2019-08-23,1767798.18254351
2019-08-24,1767981.29458772
2019-08-25,1768275.71178099
2019-08-26,1768016.85256756
2019-08-27,1768343.82143397
2019-08-28,1768137.48352361
2019-08-29,1768144.25616554
2019-08-30,1767209.47284017
2019-08-31,1768060.31768766
2019-09-01,1768040.45371949
2019-09-02,1767930.75017728
2019-09-03,1768219.09959908
2019-09-04,1767792.40949875
2019-09-05,1768045.62920986
2019-09-06,1767777.09035103
2019-09-07,1767818.54860912
2019-09-08,1768555.22272893
2019-09-09,1767779.40112933
2019-09-10,1768002.81777248
2019-09-11,1768146.14584278
2019-09-12,1767785.41518234
2019-09-13,1767874.87310466
2019-09-14,1766992.04035562
2019-09-15,1767034.16727865
2019-09-16,1767331.25705766
2019-09-17,1767434.53088231
2019-09-18,1767511.0453264
2019-09-19,1767508.33080421
2019-09-20,1767395.6159303
2019-09-21,1767903.65533628
2019-09-22,1767931.05881887
2019-09-23,1767602.69116047
2019-09-24,1767053.72049896
2019-09-25,1766821.11783888
2019-09-26,1767125.91334732
2019-09-27,1766302.5495139
2019-09-28,1766522.57495863
2019-09-29,1766436.25773263
2019-09-30,1766252.33743091
2019-10-01,1766604.46106462
2019-10-02,1766484.18430627
2019-10-03,1766546.14785275
2019-10-04,1766420.84985045
2019-10-05,1766392.95615687
2019-10-06,1766701.80352768
2019-10-07,1766543.12612053
2019-10-08,1766599.71449595
2019-10-09,1766340.95999635
2019-10-10,1766690.94126077
2019-10-11,1766451.91606528
2019-10-12,1766478.55758846
2019-10-13,1766240.11881142
2019-10-14,1765914.78485219
2019-10-15,1766183.52980897
2019-10-16,1766173.95591637
2019-10-17,1766131.24849526
2019-10-18,1766138.52003346
2019-10-19,1766147.65081311
2019-10-20,1766279.62567498
2019-10-21,1766039.01383672
2019-10-22,1765925.60700977
2019-10-23,1766160.44946654
2019-10-24,1765891.50255106
2019-10-25,1766118.78280126
2019-10-26,1766232.67255627
2019-10-27,1766387.04506235
2019-10-28,1766738.94586575
2019-10-29,1766369.34741121
2019-10-30,1766660.34984255
2019-10-31,1766672.22802935
2019-11-01,1766186.17704322
2019-11-02,1766583.21505036
2019-11-03,1766750.54939465
2019-11-04,1766681.06055555
2019-11-05,1767085.6269365
2019-11-06,1767076.36288663
2019-11-07,1767332.4992526
2019-11-08,1767491.41367369
2019-11-09,1767681.33189827
2019-11-10,1768234.00969754
2019-11-11,1768286.0225575
2019-11-12,1767806.38219885
2019-11-13,1768321.17814337
2019-11-14,1768502.23218528
2019-11-15,1768105.59101423
2019-11-16,1767986.51191631
2019-11-17,1768397.29074694
