t,mining_miners_outflow_multiple
2011-07-17,2.8176293341817864
2011-07-18,3.7882264107772268
2011-07-19,2.653136803624236
2011-07-20,2.187232146957187
2011-07-21,2.1776531224258724
2011-07-22,2.194887808532883
2011-07-23,2.256846987503313
2011-07-24,2.231830256845433
2011-07-25,2.4821650106692923
2011-07-26,2.623345175299824
2011-07-27,2.658454258331513
2011-07-28,2.2171674573277333
2011-07-29,2.4770664887347054
2011-07-30,2.101463481676891
2011-07-31,2.3143341753649382
2011-08-01,2.4286294099746155
2011-08-02,2.3168857658588156
2011-08-03,1.9474107347630512
2011-08-04,1.4706668015336946
2011-08-05,1.39651590134941
2011-08-06,1.4370527449938657
2011-08-07,1.2560844060959655
2011-08-08,1.1240097261338764
2011-08-09,1.518047328083915
2011-08-10,1.5366899331041755
2011-08-11,1.285976776312077
2011-08-12,1.4340691127246954
2011-08-13,1.289899327279019
2011-08-14,1.4363669030130226
2011-08-15,1.3132888140244212
2011-08-16,1.4343448125589604
2011-08-17,1.7281208931902468
2011-08-18,1.893545870906056
2011-08-19,1.4341371374299687
2011-08-20,1.6603897780703525
2011-08-21,1.578089257906542
2011-08-22,1.841128564861106
2011-08-23,1.6134745773215033
2011-08-24,1.5249173507243658
2011-08-25,2.0826881963801287
2011-08-26,3.7367029202332396
2011-08-27,1.1914752430512674
2011-08-28,1.1902383796190505
2011-08-29,1.0020118063000079
2011-08-30,1.2678185357634764
2011-08-31,1.185352634716556
2011-09-01,1.4603238802411358
2011-09-02,1.120403749338156
2011-09-03,1.1643110147021771
2011-09-04,0.8417886001481357
2011-09-05,1.156066081652732
2011-09-06,1.0325026005395168
2011-09-07,1.5740875234916083
2011-09-08,1.290296633382576
2011-09-09,2.0492292338997875
2011-09-10,0.6314853559145944
2011-09-11,0.5761835276854788
2011-09-12,0.974804988516404
2011-09-13,0.638674526241341
2011-09-14,1.3851721393269159
2011-09-15,0.717029822021952
2011-09-16,0.40447350543176147
2011-09-17,0.6433675857592498
2011-09-18,0.7247048184024478
2011-09-19,0.6013255733935927
2011-09-20,0.8463977530816238
2011-09-21,0.6372714885046109
2011-09-22,0.6615353401702619
2011-09-23,0.6644930912904357
2011-09-24,0.6175886466321551
2011-09-25,0.506940056964144
2011-09-26,0.6856986374013907
2011-09-27,0.7079723972865554
2011-09-28,0.5896563432156685
2011-09-29,0.4576969772593512
2011-09-30,0.6228809612674394
2011-10-01,0.6282252251309168
2011-10-02,0.609367903887974
2011-10-03,0.6840694773954756
2011-10-04,0.48471698562491
2011-10-05,0.5446239255376494
2011-10-06,0.7944853070432136
2011-10-07,0.50614036892619
2011-10-08,0.42408064190487127
2011-10-09,0.5762906203940511
2011-10-10,0.5011936990167405
2011-10-11,0.3363498578805675
2011-10-12,0.4290114364606544
2011-10-13,0.39401383972068843
2011-10-14,0.5087908112457009
2011-10-15,0.42173214714319396
2011-10-16,0.5218670352855376
2011-10-17,0.4480034919162064
2011-10-18,0.3069769255326205
2011-10-19,0.2334441877019759
2011-10-20,0.27151806525068206
2011-10-21,0.2826557025140512
2011-10-22,0.34136798036069704
2011-10-23,0.3116735055836379
2011-10-24,0.2744670563664572
2011-10-25,0.23403783694636274
2011-10-26,0.24872747230446685
2011-10-27,0.3764957470940481
2011-10-28,0.229271624483623
2011-10-29,0.3759096908257925
2011-10-30,0.4875311188406855
2011-10-31,0.33007641319769176
2011-11-01,0.4804156121440382
2011-11-02,0.347399164479284
2011-11-03,0.5291880963411325
2011-11-04,0.5984989547878801
2011-11-05,0.40593268654504094
2011-11-06,0.3281308624880516
2011-11-07,0.30959785857732514
2011-11-08,0.3508739559038739
2011-11-09,0.6295148176727944
2011-11-10,0.4325247681930017
2011-11-11,0.4429663012488805
2011-11-12,0.6108059001533006
2011-11-13,0.46201680640381887
2011-11-14,0.6169803146707135
2011-11-15,0.47523086061421804
2011-11-16,0.34717195212495067
2011-11-17,0.49515833930267117
2011-11-18,0.25677204500177875
2011-11-19,0.2590990066082828
2011-11-20,0.4880426358934058
2011-11-21,0.3268577322617487
2011-11-22,0.668473848185133
2011-11-23,0.23277049329194993
2011-11-24,0.5007811908194653
2011-11-25,0.31504132464466716
2011-11-26,0.3270226861147176
2011-11-27,0.22787797951003735
2011-11-28,0.3932369345584428
2011-11-29,0.5687854152169843
2011-11-30,0.590011838034743
2011-12-01,0.5350473095716194
2011-12-02,0.3641930161854078
2011-12-03,0.38215167445128073
2011-12-04,0.4832116463750986
2011-12-05,0.47158075526227583
2011-12-06,0.3958739141407945
2011-12-07,0.30408937260337016
2011-12-08,0.5905074776716459
2011-12-09,0.31603590852589264
2011-12-10,0.44089101795963265
2011-12-11,0.7867472383107267
2011-12-12,0.3384051450780574
2011-12-13,0.39723781141338443
2011-12-14,0.3867520596697335
2011-12-15,0.5561365035354887
2011-12-16,0.4656640418969275
2011-12-17,0.30547116782297085
2011-12-18,0.4004573558928881
2011-12-19,0.7910643065900519
2011-12-20,0.9333374025952753
2011-12-21,0.6647244829041548
2011-12-22,0.46450093371485096
2011-12-23,0.41405374381606613
2011-12-24,0.6043546460162683
2011-12-25,0.5839740906510164
2011-12-26,0.7293367121680533
2011-12-27,0.4078855740933361
2011-12-28,0.7205765867542366
2011-12-29,0.48076635230756887
2011-12-30,0.6778872073529624
2011-12-31,0.6280480667140955
2012-01-01,1.0135813495776997
2012-01-02,0.7525483555576966
2012-01-03,0.6892277431055569
2012-01-04,0.712677961091353
2012-01-05,1.0475762640981578
2012-01-06,1.4769237732813365
2012-01-07,0.8747738101784782
2012-01-08,1.1140785499099113
2012-01-09,0.8920120595355765
2012-01-10,0.699349949748583
2012-01-11,0.9228987946359458
2012-01-12,1.1710514636274307
2012-01-13,0.8995779081859995
2012-01-14,1.0036355265132073
2012-01-15,0.8259545054211543
2012-01-16,0.9924727102813624
2012-01-17,0.8347071862922391
2012-01-18,0.7730555469156515
2012-01-19,0.6859425137046391
2012-01-20,0.9526299476051807
2012-01-21,0.9379294458981321
2012-01-22,0.5705658662890539
2012-01-23,1.1010435622623294
2012-01-24,0.7611695537785866
2012-01-25,0.8476353118740141
2012-01-26,0.5882512934400175
2012-01-27,0.5799729963487718
2012-01-28,0.6981534013377626
2012-01-29,0.5653857799827824
2012-01-30,0.6257512609872941
2012-01-31,0.657351409287814
2012-02-01,0.6480697851786638
2012-02-02,0.7568770637125183
2012-02-03,0.6247885843149887
2012-02-04,0.6812644352584218
2012-02-05,0.7445394949785398
2012-02-06,0.49807768090249854
2012-02-07,0.610374314668964
2012-02-08,0.6368708460252887
2012-02-09,0.5682859585701213
2012-02-10,0.6710208390055128
2012-02-11,0.6271853490316365
2012-02-12,0.6093945978516138
2012-02-13,0.6052123415251084
2012-02-14,0.8175573573987116
2012-02-15,0.471312276878647
2012-02-16,0.4650051462111906
2012-02-17,0.36346179468650025
2012-02-18,0.4907193372907166
2012-02-19,0.39861187574335466
2012-02-20,0.4341203550961304
2012-02-21,0.376903903154093
2012-02-22,0.44048142703199966
2012-02-23,0.5603367894868956
2012-02-24,0.5074277551962353
2012-02-25,0.49480616482831336
2012-02-26,0.44398531782054473
2012-02-27,0.5443655072987681
2012-02-28,0.39972945436298857
2012-02-29,0.5535810202703355
2012-03-01,0.7543857782991716
2012-03-02,0.6179615305560526
2012-03-03,0.35976847175314564
2012-03-04,0.443050226030994
2012-03-05,0.5883547325059595
2012-03-06,0.5612687488897269
2012-03-07,0.4399294276861122
2012-03-08,0.48345095352371836
2012-03-09,0.5732509738163911
2012-03-10,0.519120582755504
2012-03-11,0.3910724369517448
2012-03-12,0.4383742433455612
2012-03-13,0.5832140785297681
2012-03-14,0.7534744561543852
2012-03-15,0.3723419805281105
2012-03-16,0.7292971302119781
2012-03-17,0.49433200000439953
2012-03-18,0.556541671820247
2012-03-19,0.5349449288954468
2012-03-20,0.47157738550797484
2012-03-21,0.5049481960632816
2012-03-22,0.6531954098056102
2012-03-23,0.33021028314785367
2012-03-24,0.4382924077225097
2012-03-25,0.485783840812588
2012-03-26,0.48437067435955106
2012-03-27,0.4365660839656947
2012-03-28,0.5288318721056127
2012-03-29,0.4157497294500853
2012-03-30,0.4163044196931728
2012-03-31,0.4603236801417214
2012-04-01,0.5861680273871791
2012-04-02,0.45461395169298136
2012-04-03,0.6233944105829351
2012-04-04,0.5083785580323661
2012-04-05,0.48495116382776327
2012-04-06,0.6054416459608316
2012-04-07,0.3194973777293139
2012-04-08,0.4000192116183713
2012-04-09,0.5078845800174752
2012-04-10,0.5333996770856485
2012-04-11,0.5780342785941631
2012-04-12,0.5989607977114078
2012-04-13,0.3835155263357524
2012-04-14,0.49187432917309065
2012-04-15,0.4894939006405218
2012-04-16,0.5176940739279543
2012-04-17,0.4490590774822685
2012-04-18,0.4815682446814921
2012-04-19,0.6120811484834263
2012-04-20,0.5814012788489882
2012-04-21,0.48388359818661725
2012-04-22,0.581045588575379
2012-04-23,0.5107555122757163
2012-04-24,0.6191447485313525
2012-04-25,0.3607456693225836
2012-04-26,0.5661797966805227
2012-04-27,0.5304147638626431
2012-04-28,0.44793394949672855
2012-04-29,0.4047507343172383
2012-04-30,0.5532029632846412
2012-05-01,1.3467237450859184
2012-05-02,0.5874714394041178
2012-05-03,0.5467141525665219
2012-05-04,0.7774123917773016
2012-05-05,0.4521501626398132
2012-05-06,0.9311796989334726
2012-05-07,0.745003403745891
2012-05-08,0.5488569209791774
2012-05-09,0.5656602368463709
2012-05-10,0.6133259065358232
2012-05-11,0.5293096472947747
2012-05-12,0.5162166235999828
2012-05-13,0.653163121019673
2012-05-14,0.5570478333699056
2012-05-15,0.4926334321896971
2012-05-16,0.6210380793013649
2012-05-17,0.5539728044592946
2012-05-18,0.49642057845428833
2012-05-19,0.6270549895731797
2012-05-20,0.763599275365944
2012-05-21,0.7108092498876135
2012-05-22,0.5765336916088305
2012-05-23,0.7043836686787841
2012-05-24,0.6124207229876506
2012-05-25,0.5826112248133171
2012-05-26,0.4997692322660695
2012-05-27,0.6380415536049084
2012-05-28,0.9009268231819935
2012-05-29,0.6305015426459721
2012-05-30,0.5118398377961497
2012-05-31,0.5388719459455501
2012-06-01,0.6376647769951598
2012-06-02,0.7191691385905823
2012-06-03,0.8254060787264837
2012-06-04,2.2936583547988363
2012-06-05,0.9641787720712086
2012-06-06,0.632818536023156
2012-06-07,1.0723872766853968
2012-06-08,0.7921092508741224
2012-06-09,0.9994581572483318
2012-06-10,0.80580110415099
2012-06-11,0.8676203763600083
2012-06-12,0.7087498085631935
2012-06-13,1.293576105713378
2012-06-14,0.8738561924436954
2012-06-15,2.119601711902695
2012-06-16,1.126117170364992
2012-06-17,1.1928876139928302
2012-06-18,1.4417355184515988
2012-06-19,1.218515370578701
2012-06-20,1.0472430517175644
2012-06-21,0.8789835433946395
2012-06-22,0.8173712282576739
2012-06-23,0.813054996265226
2012-06-24,1.9672542748545203
2012-06-25,0.9333857411884969
2012-06-26,1.0377774528358057
2012-06-27,1.0479945689862271
2012-06-28,0.8452006609282725
2012-06-29,0.9332896225568202
2012-06-30,0.9418195894694906
2012-07-01,0.9164424726086373
2012-07-02,1.5178020904066931
2012-07-03,0.9728374112482681
2012-07-04,1.0615922766376429
2012-07-05,1.6698693590818001
2012-07-06,0.9513724387029149
2012-07-07,0.9059480361967772
2012-07-08,0.8654601150048805
2012-07-09,1.4006039697457793
2012-07-10,1.1636674310174195
2012-07-11,1.3432831912530907
2012-07-12,1.433891784089756
2012-07-13,1.7976151710652706
2012-07-14,1.235219257350579
2012-07-15,1.254650611907704
2012-07-16,1.8111935405004498
2012-07-17,14.706085361315822
2012-07-18,2.038297657901872
2012-07-19,1.4604772061899585
2012-07-20,1.5039610534564616
2012-07-21,2.143506142187982
2012-07-22,1.7712494027940855
2012-07-23,2.3422220999254613
2012-07-24,1.7671460495331317
2012-07-25,1.757481113844904
2012-07-26,1.4802784092580061
2012-07-27,1.5589178912147743
2012-07-28,1.3970134612138494
2012-07-29,2.164073949566755
2012-07-30,3.3703977006604378
2012-07-31,2.3973772650210234
2012-08-01,2.4676825365378785
2012-08-02,2.9161766451672566
2012-08-03,3.0075801029685323
2012-08-04,2.562141407106849
2012-08-05,2.6373245577659867
2012-08-06,3.371758652641875
2012-08-07,2.1286029223313516
2012-08-08,2.2353951160243497
2012-08-09,2.751809896761138
2012-08-10,1.5774795052868364
2012-08-11,1.8521022483654757
2012-08-12,1.7772384153425156
2012-08-13,2.7965146086840837
2012-08-14,3.8359882343748612
2012-08-15,4.5225157530714055
2012-08-16,4.90890407762088
2012-08-17,5.0865108184058005
2012-08-18,3.252824943015516
2012-08-19,18.317795656427265
2012-08-20,3.1496915225420796
2012-08-21,3.479697932396536
2012-08-22,2.867940729047246
2012-08-23,3.350469653322269
2012-08-24,1.6548345838757597
2012-08-25,1.757676666385065
2012-08-26,2.403991690863138
2012-08-27,19.53555921625441
2012-08-28,2.707374720759353
2012-08-29,1.7297221696432272
2012-08-30,2.1954496826095333
2012-08-31,24.383766160959667
2012-09-01,2.147792889139445
2012-09-02,2.251654436700334
2012-09-03,2.2273392971271497
2012-09-04,1.2977063758974878
2012-09-05,1.9779429827021555
2012-09-06,1.4714388337168194
2012-09-07,1.6100246574153387
2012-09-08,1.3276596453378604
2012-09-09,1.3230853576553718
2012-09-10,24.3821167275972
2012-09-11,1.7981663009841609
2012-09-12,1.5535560740334489
2012-09-13,1.1726232405390897
2012-09-14,1.4491392431716026
2012-09-15,1.2215377648255084
2012-09-16,1.680617593020301
2012-09-17,1.4886772436277416
2012-09-18,1.8970869491676827
2012-09-19,1.9465278355615072
2012-09-20,1.840052679058999
2012-09-21,2.350139848611662
2012-09-22,1.712787576856065
2012-09-23,1.4986460202980307
2012-09-24,1.8305903583719725
2012-09-25,1.1851126869251858
2012-09-26,1.673180271516456
2012-09-27,1.8145444306820007
2012-09-28,2.7349141672454222
2012-09-29,1.4049457700599268
2012-09-30,1.159529081488301
2012-10-01,1.9064828607046735
2012-10-02,1.4781185882350518
2012-10-03,1.8585351253323872
2012-10-04,1.755632166705315
2012-10-05,1.6084026507870965
2012-10-06,1.2262050108497768
2012-10-07,1.3488249457335135
2012-10-08,1.7679166625408096
2012-10-09,1.4884760946712505
2012-10-10,1.3917009529670705
2012-10-11,1.4255391721847142
2012-10-12,1.5481865064503122
2012-10-13,1.114922705988651
2012-10-14,1.2032659102591527
2012-10-15,1.8375703798499172
2012-10-16,1.3717788144293548
2012-10-17,1.5051795931982024
2012-10-18,1.5328378115500494
2012-10-19,1.4337924087591178
2012-10-20,1.0767231085434323
2012-10-21,1.387230432160285
2012-10-22,1.4062536977615523
2012-10-23,2.7606684979809817
2012-10-24,1.4092874470586443
2012-10-25,1.6743166801335017
2012-10-26,0.9820267336772033
2012-10-27,1.0614621595845097
2012-10-28,1.0209162053249081
2012-10-29,1.0353532789215503
2012-10-30,1.6272171084973184
2012-10-31,1.3933047962341791
2012-11-01,0.9585556881220355
2012-11-02,0.776367888694502
2012-11-03,0.8696506680735046
2012-11-04,0.9429111513754472
2012-11-05,1.2516897311516155
2012-11-06,1.699825185176716
2012-11-07,1.1994526408402937
2012-11-08,1.2177476461521304
2012-11-09,1.0492748674086256
2012-11-10,0.9166488655998178
2012-11-11,1.2737685501894866
2012-11-12,1.06112909337476
2012-11-13,1.1666983313205495
2012-11-14,1.5610235350633277
2012-11-15,0.8524994602214844
2012-11-16,1.267468204685807
2012-11-17,1.1464252373017099
2012-11-18,1.1098900950902422
2012-11-19,1.2596491748009426
2012-11-20,1.7822789798803984
2012-11-21,1.3118355472810954
2012-11-22,1.2206263242405806
2012-11-23,1.8724805312085353
2012-11-24,1.7054030838913388
2012-11-25,1.4781278093166796
2012-11-26,1.7856810231247704
2012-11-27,1.547331973055036
2012-11-28,1.4314985485724885
2012-11-29,0.9752479889838267
2012-11-30,0.9728945559724357
2012-12-01,0.6637088942677348
2012-12-02,0.5692194097432637
2012-12-03,1.1609583830627173
2012-12-04,1.5646133491508682
2012-12-05,0.9314115850889291
2012-12-06,3.178376001416046
2012-12-07,0.8901063954871381
2012-12-08,0.7367585108537714
2012-12-09,0.823766934866773
2012-12-10,0.7226954574652444
2012-12-11,1.563261696636177
2012-12-12,2.62602381349352
2012-12-13,1.568527068192825
2012-12-14,0.6341215702139222
2012-12-15,0.710899766869513
2012-12-16,0.6133579384363813
2012-12-17,1.1302594156247825
2012-12-18,0.9689153178368141
2012-12-19,0.7635746818569846
2012-12-20,0.5556084659849784
2012-12-21,0.8467220654890923
2012-12-22,0.6852379318895374
2012-12-23,0.7935000223544137
2012-12-24,4.185421791385612
2012-12-25,0.6170206348310467
2012-12-26,0.7101876088848912
2012-12-27,0.9773007624477515
2012-12-28,1.0847684984171415
2012-12-29,0.47955863900476386
2012-12-30,0.850307739821299
2012-12-31,2.020634868097372
2013-01-01,1.4853175517240376
2013-01-02,2.0833559205695735
2013-01-03,1.230494254748054
2013-01-04,1.0157934581682864
2013-01-05,0.8454993097907224
2013-01-06,0.6756058778084821
2013-01-07,1.013545563986917
2013-01-08,1.174452548224468
2013-01-09,0.9655281037467162
2013-01-10,0.8287135542280636
2013-01-11,0.9838769974528908
2013-01-12,1.162113920341872
2013-01-13,0.7709664693005177
2013-01-14,0.8726779539560169
2013-01-15,0.6485388650696722
2013-01-16,0.7575518469407234
2013-01-17,0.8166044839565144
2013-01-18,1.0642263689905662
2013-01-19,1.04617576283348
2013-01-20,0.684694684246636
2013-01-21,1.5288494007945224
2013-01-22,2.2207817742446174
2013-01-23,4.156839130637711
2013-01-24,3.79006193071229
2013-01-25,2.2621519226127287
2013-01-26,1.8567181371261956
2013-01-27,5.01217279967084
2013-01-28,4.532393491148268
2013-01-29,5.629679552554519
2013-01-30,2.665849758473285
2013-01-31,4.26894460462726
2013-02-01,1.7229245164746918
2013-02-02,1.7734962028384502
2013-02-03,2.490198502027521
2013-02-04,2.5800297715328884
2013-02-05,1.9283873777814486
2013-02-06,1.0661790008586993
2013-02-07,1.1988778255665546
2013-02-08,1.5652766563066765
2013-02-09,1.2856491797319205
2013-02-10,1.5178684985940338
2013-02-11,1.5259796921900053
2013-02-12,1.603236983039402
2013-02-13,2.431864558211298
2013-02-14,1.9955675190082094
2013-02-15,2.054942383344735
2013-02-16,1.6493272240347723
2013-02-17,1.6420128979939594
2013-02-18,2.1057660081122433
2013-02-19,1.902470135698536
2013-02-20,2.767197037514223
2013-02-21,2.25055327529255
2013-02-22,2.752291602313745
2013-02-23,2.228755265564957
2013-02-24,1.7759458950658575
2013-02-25,2.935005582687777
2013-02-26,1.7529690712663981
2013-02-27,1.7200453749164424
2013-02-28,3.1924350570823585
2013-03-01,2.259302962485287
2013-03-02,1.4928655750833457
2013-03-03,1.7620058833786207
2013-03-04,2.1708711345593414
2013-03-05,3.056835002061966
2013-03-06,6.4071112081549035
2013-03-07,2.7455572609114807
2013-03-08,2.0646938352365085
2013-03-09,3.491185727137403
2013-03-10,3.6403718666238998
2013-03-11,3.938693599659142
2013-03-12,2.3930390892211975
2013-03-13,3.7692644133787354
2013-03-14,3.3861380107369747
2013-03-15,2.5645953684373355
2013-03-16,2.269196850960669
2013-03-17,3.3058658518446213
2013-03-18,2.175632753971718
2013-03-19,3.7999739275840767
2013-03-20,4.982832014291337
2013-03-21,5.003533943257573
2013-03-22,4.7669521143578555
2013-03-23,3.930522889203591
2013-03-24,3.5864517598761827
2013-03-25,6.018136876654623
2013-03-26,4.740731043483378
2013-03-27,5.20239933974736
2013-03-28,6.27509591773435
2013-03-29,3.9901558059715443
2013-03-30,5.000425062174891
2013-03-31,4.186686151618058
2013-04-01,5.144429669712062
2013-04-02,5.540353503700164
2013-04-03,9.845304544673105
2013-04-04,7.730685304370771
2013-04-05,6.018296229246287
2013-04-06,6.067978863327379
2013-04-07,6.55140114461797
2013-04-08,9.721297917460644
2013-04-09,9.99126861289289
2013-04-10,14.394302111883386
2013-04-11,3.9357885499336347
2013-04-12,2.6886054226631013
2013-04-13,3.195141222356246
2013-04-14,2.4838912589124904
2013-04-15,3.083337812828604
2013-04-16,2.5418287914606528
2013-04-17,3.49954507641969
2013-04-18,1.9353723720367604
2013-04-19,3.952706939549136
2013-04-20,2.7463576790082325
2013-04-21,3.8025430028606206
2013-04-22,2.494945321823019
2013-04-23,3.92370923961245
2013-04-24,6.740775181305633
2013-04-25,3.042935826455621
2013-04-26,3.480241868100496
2013-04-27,24.584107394772257
2013-04-28,3.2217789591035744
2013-04-29,2.9394187065093824
2013-04-30,2.8027582343808386
2013-05-01,3.562523156712786
2013-05-02,1.950411939385499
2013-05-03,1.9968245390629518
2013-05-04,2.633931870041945
2013-05-05,2.2375101507126414
2013-05-06,2.4632792927116034
2013-05-07,2.5225181629950653
2013-05-08,3.9647826195320275
2013-05-09,3.5126676949587505
2013-05-10,2.6646789438355443
2013-05-11,2.8871152278466186
2013-05-12,2.4302848156658
2013-05-13,2.9299202548572936
2013-05-14,3.059615200033421
2013-05-15,5.096474760736733
2013-05-16,2.1755007704343354
2013-05-17,3.0748020680199963
2013-05-18,2.124760935074074
2013-05-19,1.9546244930438852
2013-05-20,2.3876563081092477
2013-05-21,2.5222874110155336
2013-05-22,2.2687358458429663
2013-05-23,4.902378487197366
2013-05-24,2.2829603121002062
2013-05-25,2.0909488009316948
2013-05-26,2.0113729418878443
2013-05-27,2.8179873080174858
2013-05-28,1.768653610494363
2013-05-29,3.716525028663078
2013-05-30,2.133613632697583
2013-05-31,1.8280345723640257
2013-06-01,2.0234824771699023
2013-06-02,2.136880406369747
2013-06-03,3.0090252574437857
2013-06-04,2.4518369975462
2013-06-05,4.209459488391384
2013-06-06,1.8018995048648365
2013-06-07,2.5449538970270784
2013-06-08,1.9726051300246326
2013-06-09,1.5599631154888163
2013-06-10,2.000875015988853
2013-06-11,1.5729819987852358
2013-06-12,4.20310319946797
2013-06-13,1.9601998566147805
2013-06-14,2.4657888522217437
2013-06-15,1.9243745873899247
2013-06-16,1.6507281708715404
2013-06-17,1.3685952153855814
2013-06-18,1.4126769224157927
2013-06-19,3.6222089324158757
2013-06-20,1.7012292611115238
2013-06-21,2.104682559444335
2013-06-22,2.065852843762991
2013-06-23,1.0614775990376526
2013-06-24,1.3668350592445921
2013-06-25,1.7736655267989714
2013-06-26,2.926405266059982
2013-06-27,1.292120513980505
2013-06-28,2.1698231425298764
2013-06-29,1.9768288664443059
2013-06-30,1.3285722275517697
2013-07-01,3.2863023706399934
2013-07-02,1.520285555322471
2013-07-03,3.752864228717311
2013-07-04,1.0526569513617814
2013-07-05,0.9855793231579939
2013-07-06,0.7057578245934207
2013-07-07,0.9920759916267109
2013-07-08,1.0230916542816566
2013-07-09,1.4381007575871392
2013-07-10,2.205638691686841
2013-07-11,1.1261766906447812
2013-07-12,1.4362908178738185
2013-07-13,1.0981568858516084
2013-07-14,0.8425377046263751
2013-07-15,1.2578618163514015
2013-07-16,1.2133490011488453
2013-07-17,2.3496541219044533
2013-07-18,1.3977290324073381
2013-07-19,1.0797899406657658
2013-07-20,1.1239279671519595
2013-07-21,1.0880392968992751
2013-07-22,1.1685006722616005
2013-07-23,1.093237185371596
2013-07-24,2.0489941546161075
2013-07-25,1.0254623300746135
2013-07-26,1.3315455598423827
2013-07-27,1.0644124749121786
2013-07-28,1.1127303890408335
2013-07-29,1.2889595360158714
2013-07-30,1.050136685806565
2013-07-31,2.4515211078958474
2013-08-01,1.214584732169653
2013-08-02,1.2328881933303368
2013-08-03,1.1559820055990746
2013-08-04,1.0541667445900214
2013-08-05,1.3615913804045288
2013-08-06,1.4018289344104142
2013-08-07,2.3831241662554707
2013-08-08,1.2966105248905486
2013-08-09,1.3040267278930582
2013-08-10,1.9230954431400253
2013-08-11,1.2042317759341659
2013-08-12,1.381786430979656
2013-08-13,1.2212657909756957
2013-08-14,2.4515534476416416
2013-08-15,1.5494294368486472
2013-08-16,1.0670752183150478
2013-08-17,1.0640913775234664
2013-08-18,1.0976080609283327
2013-08-19,1.4260944848408985
2013-08-20,1.5889985563858355
2013-08-21,2.1667189848830466
2013-08-22,1.470723889056063
2013-08-23,1.3771242486344148
2013-08-24,1.2739104678271627
2013-08-25,1.106005333165715
2013-08-26,1.6333473187559033
2013-08-27,2.157502726144689
2013-08-28,2.2770552793959498
2013-08-29,1.4580426416796146
2013-08-30,2.3550001279917194
2013-08-31,2.286393394760927
2013-09-01,1.584954762092512
2013-09-02,1.675121090668725
2013-09-03,2.0686268257798464
2013-09-04,2.1569888817607037
2013-09-05,1.284503573640611
2013-09-06,1.9853549481063804
2013-09-07,1.0428070113193895
2013-09-08,1.0136990146338927
2013-09-09,1.918371114801442
2013-09-10,1.5001239113678362
2013-09-11,2.3673686653845962
2013-09-12,1.6633821483842823
2013-09-13,1.7676312088539077
2013-09-14,2.349692248754172
2013-09-15,1.5514398015551876
2013-09-16,1.7180093439360995
2013-09-17,1.7737838271552444
2013-09-18,2.1902496096475925
2013-09-19,1.3363661066188819
2013-09-20,1.4092321395741483
2013-09-21,1.6082286166435293
2013-09-22,1.2675863353140011
2013-09-23,1.8865461710029348
2013-09-24,2.0365571277399726
2013-09-25,1.951170488330139
2013-09-26,1.6472473910429482
2013-09-27,1.5001893582606012
2013-09-28,0.7923320065581022
2013-09-29,1.411914926117159
2013-09-30,1.409068955841669
2013-10-01,1.3522096425818697
2013-10-02,2.4352685841343806
2013-10-03,1.382589208584748
2013-10-04,1.4738411501952484
2013-10-05,1.4172699796167387
2013-10-06,1.1312101259533174
2013-10-07,1.381732320818869
2013-10-08,1.5075434061517046
2013-10-09,2.029429768944139
2013-10-10,1.6301603192128624
2013-10-11,1.980126044893207
2013-10-12,1.2039298960895075
2013-10-13,1.7029317138313864
2013-10-14,2.4823456220935656
2013-10-15,2.0163480252674355
2013-10-16,2.1963663236529447
2013-10-17,1.3199851336487283
2013-10-18,1.8573218217200216
2013-10-19,2.0178397172195157
2013-10-20,2.310190117365675
2013-10-21,2.7529047041887966
2013-10-22,4.071335244955251
2013-10-23,3.1926964783175533
2013-10-24,2.6118049847014695
2013-10-25,2.513194296755154
2013-10-26,1.3631787803949342
2013-10-27,2.386618814551159
2013-10-28,1.7267665005308794
2013-10-29,2.330432020648838
2013-10-30,2.2566224924129825
2013-10-31,2.529297306492263
2013-11-01,2.5760871333200956
2013-11-02,2.121483547451609
2013-11-03,1.9707184050389388
2013-11-04,3.2720566300114204
2013-11-05,2.606404454823777
2013-11-06,3.3075408053880695
2013-11-07,3.4688340470684658
2013-11-08,4.640977517772538
2013-11-09,4.235355055772009
2013-11-10,4.224165154328859
2013-11-11,3.696560587602741
2013-11-12,3.496973706646154
2013-11-13,4.518156333346472
2013-11-14,4.567073923532412
2013-11-15,3.032533030714779
2013-11-16,4.649632945895188
2013-11-17,5.978546222109849
2013-11-18,8.047402752626626
2013-11-19,11.622864766236255
2013-11-20,5.278538290622984
2013-11-21,4.369698853069167
2013-11-22,7.027030492110716
2013-11-23,7.348104167994439
2013-11-24,5.308179854129743
2013-11-25,5.383888068322781
2013-11-26,10.912715453342868
2013-11-27,9.965523826361938
2013-11-28,12.125454324953978
2013-11-29,10.115806158828823
2013-11-30,5.992271240661851
2013-12-01,9.418162851882768
2013-12-02,7.09795808437061
2013-12-03,6.717043391134489
2013-12-04,6.841863894954355
2013-12-05,4.6096181114045836
2013-12-06,7.687734678962721
2013-12-07,3.7675766657608225
2013-12-08,4.019593380792876
2013-12-09,5.270259947519126
2013-12-10,4.6793288355400975
2013-12-11,4.39724464425312
2013-12-12,3.988553014718604
2013-12-13,4.396844708433545
2013-12-14,4.704732811456435
2013-12-15,4.092113525327636
2013-12-16,4.459737657187663
2013-12-17,4.016058230694397
2013-12-18,3.865437078236663
2013-12-19,3.0098426277027737
2013-12-20,3.206270091830709
2013-12-21,2.4419312338166366
2013-12-22,1.7896652527806023
2013-12-23,2.2537388752217575
2013-12-24,2.115744371482408
2013-12-25,2.3983167216475576
2013-12-26,2.7521786211160664
2013-12-27,3.2831160967069426
2013-12-28,2.4939369024621447
2013-12-29,2.5663138478889076
2013-12-30,2.5562012157910767
2013-12-31,2.7453978437002444
2014-01-01,2.763085059161464
2014-01-02,3.4103694205563717
2014-01-03,3.653176137044581
2014-01-04,2.8757538131589055
2014-01-05,5.217343296938509
2014-01-06,4.245650789509818
2014-01-07,3.2376399622344736
2014-01-08,3.366100150791892
2014-01-09,3.9572707053670917
2014-01-10,3.0026821926457745
2014-01-11,3.3881007582303817
2014-01-12,3.0601797954716567
2014-01-13,3.474461138599576
2014-01-14,1.670750280179246
2014-01-15,3.218646251577892
2014-01-16,2.932058711383552
2014-01-17,2.5253697045837034
2014-01-18,2.229446757484888
2014-01-19,3.0927192813008118
2014-01-20,4.449670852907185
2014-01-21,2.515859383373201
2014-01-22,3.0875903018277917
2014-01-23,2.0205390801231915
2014-01-24,3.049572405713359
2014-01-25,1.787934512839191
2014-01-26,2.498358789088551
2014-01-27,2.415923448823927
2014-01-28,2.3246737635545247
2014-01-29,2.1407724532705124
2014-01-30,2.606521907908433
2014-01-31,1.857311121696665
2014-02-01,2.175803770029271
2014-02-02,1.8406608761227297
2014-02-03,3.0946788460459302
2014-02-04,2.3383466296936404
2014-02-05,2.120750281691668
2014-02-06,2.0871868637963487
2014-02-07,1.976019348703832
2014-02-08,2.3853519878988445
2014-02-09,1.387259140402781
2014-02-10,1.7797251154867224
2014-02-11,1.6747776872410574
2014-02-12,1.715593489160186
2014-02-13,1.258385687957962
2014-02-14,1.9350265194624494
2014-02-15,1.7789888254446506
2014-02-16,1.8448344742041554
2014-02-17,1.215139516346465
2014-02-18,3.417966733744496
2014-02-19,1.4208196247069913
2014-02-20,1.9994935291518432
2014-02-21,1.7470166549733763
2014-02-22,1.2526595062533912
2014-02-23,1.225715287838197
2014-02-24,2.11610942353093
2014-02-25,2.576548536628486
2014-02-26,2.035196217181408
2014-02-27,1.8297113057679268
2014-02-28,0.9825652411819416
2014-03-01,1.0503924596913516
2014-03-02,2.0267377822450734
2014-03-03,3.182458147737704
2014-03-04,2.5737095421070046
2014-03-05,1.2995804995586002
2014-03-06,1.8616956625156431
2014-03-07,1.686457851300971
2014-03-08,0.9256953942780313
2014-03-09,1.9296270221221776
2014-03-10,1.8073415744078363
2014-03-11,1.3960769892415503
2014-03-12,1.64370918755886
2014-03-13,1.2872987839690786
2014-03-14,1.0682539175545418
2014-03-15,1.267601146647963
2014-03-16,1.9505126098622247
2014-03-17,1.5478309169075215
2014-03-18,1.7657193639167588
2014-03-19,1.5363630116537903
2014-03-20,1.856616220552723
2014-03-21,1.3642450173805338
2014-03-22,1.4869114264375565
2014-03-23,1.2546677866036746
2014-03-24,1.972760622629668
2014-03-25,1.1888142851226655
2014-03-26,1.423843140530649
2014-03-27,1.8906464247192276
2014-03-28,1.1103598911272394
2014-03-29,0.620508480070094
2014-03-30,1.1928413224619812
2014-03-31,0.9164606855710813
2014-04-01,0.8286422940754015
2014-04-02,1.1557080178632149
2014-04-03,1.430407851462288
2014-04-04,0.8381845887703177
2014-04-05,0.5504045709645303
2014-04-06,1.745635410840601
2014-04-07,1.0042666552241666
2014-04-08,1.5004332207439726
2014-04-09,1.1207877664632337
2014-04-10,0.8796519367904236
2014-04-11,1.1783236244689328
2014-04-12,0.7271959386721931
2014-04-13,1.0447245582551181
2014-04-14,1.4498315231245864
2014-04-15,1.0204032580656126
2014-04-16,1.1832479716481734
2014-04-17,1.4345677226727114
2014-04-18,0.9665426980386274
2014-04-19,0.5462429907131968
2014-04-20,0.9622760012788165
2014-04-21,1.0285681628642258
2014-04-22,1.546657291086899
2014-04-23,0.9176775286043403
2014-04-24,1.2141656161509087
2014-04-25,1.3999407166443414
2014-04-26,0.7484510173380303
2014-04-27,0.9336288691886988
2014-04-28,1.1111158309437075
2014-04-29,0.7374443485918765
2014-04-30,1.054087510762586
2014-05-01,0.6207156049162462
2014-05-02,1.3314612096993257
2014-05-03,0.5290952047027538
2014-05-04,0.8218016199008441
2014-05-05,0.9436327547030503
2014-05-06,0.6884529243120027
2014-05-07,0.9597597731839437
2014-05-08,0.6765559650509781
2014-05-09,0.8437244042592799
2014-05-10,0.8388686035775318
2014-05-11,0.8586486819901595
2014-05-12,1.2144964658838886
2014-05-13,0.9321414272575133
2014-05-14,0.83366056402875
2014-05-15,0.7714732348468283
2014-05-16,0.7687130301572324
2014-05-17,0.748839343209562
2014-05-18,0.5800690577484876
2014-05-19,1.9431652756665887
2014-05-20,2.03110832145167
2014-05-21,1.0362260308919633
2014-05-22,0.9909212502331446
2014-05-23,1.3775690779989773
2014-05-24,0.8851171195666985
2014-05-25,1.0798325502434196
2014-05-26,1.9480807559746252
2014-05-27,1.1992478348321631
2014-05-28,1.1020997480337253
2014-05-29,1.246448905437288
2014-05-30,1.305616180878089
2014-05-31,0.7514396939243642
2014-06-01,1.5378699898507115
2014-06-02,2.0464986755664327
2014-06-03,1.4666155141326802
2014-06-04,1.477384158889187
2014-06-05,1.9006582334672621
2014-06-06,0.9986884278472515
2014-06-07,0.8087237318840723
2014-06-08,1.0628652029632144
2014-06-09,1.1197410832930714
2014-06-10,1.5461523898855698
2014-06-11,1.6525687091577106
2014-06-12,1.473292070677563
2014-06-13,1.2206091876616607
2014-06-14,0.7574523939913357
2014-06-15,0.840298406577081
2014-06-16,1.271036977782736
2014-06-17,1.204583864732692
2014-06-18,1.3053075701026846
2014-06-19,1.22415894221574
2014-06-20,1.0548937347450509
2014-06-21,0.7107882495240688
2014-06-22,0.9453151027249103
2014-06-23,1.6163066635377685
2014-06-24,0.8421955956292952
2014-06-25,1.0075334731884087
2014-06-26,0.7451345535218852
2014-06-27,1.1387130306418443
2014-06-28,0.8126931762991704
2014-06-29,0.7140385818336086
2014-06-30,1.5881867748058922
2014-07-01,1.1458811880893833
2014-07-02,1.3022884009557725
2014-07-03,1.0125210721301168
2014-07-04,1.0157889115443415
2014-07-05,0.891041465818334
2014-07-06,0.5914201230128067
2014-07-07,1.2872386748340796
2014-07-08,0.9513507154325029
2014-07-09,0.7462053502807626
2014-07-10,1.0797061677101598
2014-07-11,0.8597131048312682
2014-07-12,0.7455448930197321
2014-07-13,0.7740018182865637
2014-07-14,1.3504865445161087
2014-07-15,0.8254766939499295
2014-07-16,2.197149821949554
2014-07-17,1.137865380314101
2014-07-18,0.822467033575957
2014-07-19,0.6355546195383022
2014-07-20,0.6348142044987404
2014-07-21,2.2558207547407068
2014-07-22,0.822985284030625
2014-07-23,0.898112615540208
2014-07-24,0.9033743904422331
2014-07-25,0.7125596934193499
2014-07-26,0.5824896256003966
2014-07-27,1.18708441333577
2014-07-28,0.8537287450906575
2014-07-29,0.536457468213188
2014-07-30,0.9504482802843643
2014-07-31,0.9988575957977215
2014-08-01,1.039637053745233
2014-08-02,0.7253850675335167
2014-08-03,0.7515153729569041
2014-08-04,0.9243124811635111
2014-08-05,1.9773911210512813
2014-08-06,2.1443434401738695
2014-08-07,0.5476684869448232
2014-08-08,0.9092713316448987
2014-08-09,0.7078968486305502
2014-08-10,0.8991454208262607
2014-08-11,0.9381019248096869
2014-08-12,0.7209138045238527
2014-08-13,0.76953800972802
2014-08-14,0.7951311054965523
2014-08-15,0.8448788069456571
2014-08-16,0.4141884663239969
2014-08-17,0.8297866117264228
2014-08-18,0.8618052254243059
2014-08-19,0.7437679897029882
2014-08-20,0.8827605275175424
2014-08-21,0.7478446949564155
2014-08-22,0.6565578317502585
2014-08-23,0.9478104758627742
2014-08-24,0.7060059707890027
2014-08-25,1.1769075576898769
2014-08-26,0.6867842138278724
2014-08-27,1.796636527599798
2014-08-28,0.9089600764885128
2014-08-29,8.076265036395483
2014-08-30,0.6901293442874853
2014-08-31,0.5271937254276969
2014-09-01,2.0723495895734714
2014-09-02,0.7759642929864157
2014-09-03,0.629039266209893
2014-09-04,0.7366959167002801
2014-09-05,0.5470551324082067
2014-09-06,1.3142370361158089
2014-09-07,0.5983542642063466
2014-09-08,0.5424733444850662
2014-09-09,0.8131411077402961
2014-09-10,1.2919536166620367
2014-09-11,1.1622576957896942
2014-09-12,1.1760872268045133
2014-09-13,0.7640788180123057
2014-09-14,0.5069673608263935
2014-09-15,1.4771539814147667
2014-09-16,0.665389678992127
2014-09-17,0.5133913679124843
2014-09-18,0.6762227505727298
2014-09-19,0.45247999698383556
2014-09-20,0.3912519683989993
2014-09-21,0.37261816527180674
2014-09-22,0.5635974619843271
2014-09-23,0.590323190758695
2014-09-24,0.6629914497509841
2014-09-25,0.5475888440502238
2014-09-26,0.5510895422980873
2014-09-27,0.29322201007161514
2014-09-28,0.7457614486829787
2014-09-29,0.5601955152948209
2014-09-30,0.7304295302102317
2014-10-01,0.35932265085292603
2014-10-02,0.37888516026038976
2014-10-03,0.9094999337020107
2014-10-04,0.3410815398710155
2014-10-05,0.5215998684459311
2014-10-06,0.4202051648036147
2014-10-07,0.43156933398531994
2014-10-08,0.5571229587941534
2014-10-09,0.3219626093188946
2014-10-10,2.268026191617678
2014-10-11,0.3431287639878099
2014-10-12,0.3871149582382374
2014-10-13,0.441654807612321
2014-10-14,0.3860372182900614
2014-10-15,0.4190678680258682
2014-10-16,0.29753791174201083
2014-10-17,0.696096238408451
2014-10-18,0.3183614436510252
2014-10-19,0.501345391267398
2014-10-20,0.38391488263823076
2014-10-21,0.5078801497569128
2014-10-22,0.7596082299050436
2014-10-23,0.30182769922053
2014-10-24,0.34799478786694205
2014-10-25,0.4377169627959507
2014-10-26,0.22630779775289614
2014-10-27,0.6301674055100851
2014-10-28,0.44862007917783087
2014-10-29,0.7419430853800734
2014-10-30,0.4613114794143223
2014-10-31,0.3818942416390611
2014-11-01,0.4570345861489975
2014-11-02,0.34814792932658856
2014-11-03,0.47728282649452297
2014-11-04,1.7637668615296744
2014-11-05,0.44512530285427504
2014-11-06,0.40164310841818346
2014-11-07,0.5133539723963907
2014-11-08,0.2716843203694715
2014-11-09,0.3426021447571361
2014-11-10,0.7345011745359685
2014-11-11,1.0988199084579977
2014-11-12,0.8258351438947192
2014-11-13,0.5694188214852224
2014-11-14,0.979856300444654
2014-11-15,0.2843643461088172
2014-11-16,0.40139421204974945
2014-11-17,2.8548570508148416
2014-11-18,0.9518297471555043
2014-11-19,0.6660925700185368
2014-11-20,0.5292757326493499
2014-11-21,0.252198692725435
2014-11-22,0.33176465359848323
2014-11-23,0.27600736114815144
2014-11-24,0.4590402494198205
2014-11-25,0.6552303879825078
2014-11-26,0.8716788870114276
2014-11-27,0.3250246982528231
2014-11-28,0.3661739674512801
2014-11-29,0.377238049574509
2014-11-30,0.7290088304289414
2014-12-01,0.5770693145797636
2014-12-02,1.1254016897339563
2014-12-03,0.5559965698293572
2014-12-04,0.8917423117297351
2014-12-05,0.3789219321554849
2014-12-06,0.4007592706960706
2014-12-07,0.4101159668361663
2014-12-08,0.30537374577229465
2014-12-09,0.43268300877380833
2014-12-10,0.48930941846695863
2014-12-11,0.4740117240573744
2014-12-12,0.29334243115677505
2014-12-13,0.2889300839388367
2014-12-14,0.4970680129606368
2014-12-15,0.9586883200544192
2014-12-16,0.5326342059189185
2014-12-17,0.3906047454183035
2014-12-18,0.41095193226799187
2014-12-19,0.6433097087349752
2014-12-20,0.30466267695770644
2014-12-21,0.9815373105305543
2014-12-22,0.8730891624373374
2014-12-23,1.3276291616984501
2014-12-24,0.45630571752183074
2014-12-25,0.4062945861075705
2014-12-26,0.4599203659184566
2014-12-27,0.3651171913703471
2014-12-28,0.325351344445483
2014-12-29,0.6129392842218574
2014-12-30,0.4214671322422693
2014-12-31,0.47329678086188387
2015-01-01,0.33838341376063896
2015-01-02,0.5699942203718791
2015-01-03,0.4951152564285075
2015-01-04,0.5133476197880014
2015-01-05,0.43873669668047655
2015-01-06,0.44914856917246354
2015-01-07,0.4873329976117691
2015-01-08,1.22545965283141
2015-01-09,0.4344534071665708
2015-01-10,0.34625921213497146
2015-01-11,0.2620168156392505
2015-01-12,0.38134695966298743
2015-01-13,0.41620569939020463
2015-01-14,0.40860886623957865
2015-01-15,1.0707662544714809
2015-01-16,0.19354471172837492
2015-01-17,0.21664993529974588
2015-01-18,0.24334493386754966
2015-01-19,0.2118238995025107
2015-01-20,0.3241949132731463
2015-01-21,1.2614531043939268
2015-01-22,0.3449693445221079
2015-01-23,0.25137496339211945
2015-01-24,0.20624295090667938
2015-01-25,0.31502599806021525
2015-01-26,0.35266628920512916
2015-01-27,0.657145167764731
2015-01-28,0.7413927344267663
2015-01-29,0.5093772844726414
2015-01-30,0.5331299156191186
2015-01-31,0.3568099636919919
2015-02-01,0.3245691459928764
2015-02-02,0.4142218474074567
2015-02-03,0.42100561957597205
2015-02-04,0.5462923000544182
2015-02-05,0.5098509841576091
2015-02-06,0.2921068762104365
2015-02-07,0.36271095716412677
2015-02-08,0.6475402099408877
2015-02-09,0.35358781220135715
2015-02-10,0.7981645270769077
2015-02-11,0.5568579392759512
2015-02-12,0.4926216927167354
2015-02-13,0.6868975193985614
2015-02-14,0.3462977201285638
2015-02-15,0.3980402000604473
2015-02-16,0.4116966529615748
2015-02-17,0.29514125597865
2015-02-18,0.40799186620263955
2015-02-19,0.49884314341221914
2015-02-20,0.3973759485445872
2015-02-21,0.3833059759989817
2015-02-22,0.3083046367960242
2015-02-23,0.34747205183049223
2015-02-24,0.5597264329658496
2015-02-25,0.5893166268408262
2015-02-26,0.4246111666095622
2015-02-27,0.3801965045683581
2015-02-28,0.5080114673398263
2015-03-01,0.4053911082509319
2015-03-02,1.403880783926618
2015-03-03,0.8053488108454883
2015-03-04,0.5194993047367367
2015-03-05,0.5066051641243299
2015-03-06,0.4169757825062949
2015-03-07,0.337922913392147
2015-03-08,0.4188772848270857
2015-03-09,0.9269374020279382
2015-03-10,0.5066345095985442
2015-03-11,0.5060053395503621
2015-03-12,0.44306427267452303
2015-03-13,0.6204981927584788
2015-03-14,0.45312895796167757
2015-03-15,0.43669010048477636
2015-03-16,0.6389046760118997
2015-03-17,0.8365783999604315
2015-03-18,0.585436993196304
2015-03-19,0.4326132624580922
2015-03-20,0.3991785711630681
2015-03-21,0.4025021531749144
2015-03-22,0.43243918552347804
2015-03-23,0.46363451134086664
2015-03-24,0.6990563385783576
2015-03-25,0.45726882362282273
2015-03-26,0.5701551863926336
2015-03-27,0.4005180823771255
2015-03-28,0.374987746655752
2015-03-29,0.3838158577554374
2015-03-30,0.5354294100768352
2015-03-31,0.4584884470560261
2015-04-01,0.5637835362961282
2015-04-02,0.9173952096681104
2015-04-03,0.37455582039831076
2015-04-04,0.38885684698741607
2015-04-05,0.4062394948879806
2015-04-06,0.5061329377627141
2015-04-07,0.5428331567026579
2015-04-08,0.40073897765952016
2015-04-09,0.3517018942283258
2015-04-10,0.3752006261875507
2015-04-11,0.32940728907196826
2015-04-12,0.3504082460154789
2015-04-13,1.0243973441272372
2015-04-14,0.43456138223587
2015-04-15,0.4065669113602185
2015-04-16,0.546898913930126
2015-04-17,0.3827200662053971
2015-04-18,0.40979726197992866
2015-04-19,0.3702381575623952
2015-04-20,0.46276157117193306
2015-04-21,0.3714849645542247
2015-04-22,0.5574529355083635
2015-04-23,0.42690185600607683
2015-04-24,0.3782771358417952
2015-04-25,0.45976165914811423
2015-04-26,0.3415784763891372
2015-04-27,0.5634373012408859
2015-04-28,0.5246723629150605
2015-04-29,0.36806656739238336
2015-04-30,0.4309492416075796
2015-05-01,0.501764907566623
2015-05-02,0.4192595277520172
2015-05-03,0.4264817604366374
2015-05-04,0.6754726695356273
2015-05-05,0.5282362657150201
2015-05-06,0.40751321746683167
2015-05-07,0.48686675870678603
2015-05-08,0.4201308386860037
2015-05-09,0.5006692131633133
2015-05-10,0.39769200720720344
2015-05-11,1.8569476965200395
2015-05-12,0.6427290142788952
2015-05-13,0.5127543231775513
2015-05-14,0.440200975239751
2015-05-15,0.40328313258654436
2015-05-16,0.38244955631283184
2015-05-17,0.4384709610672806
2015-05-18,0.4612214737248712
2015-05-19,0.5765597352090166
2015-05-20,0.43855139321016123
2015-05-21,0.5236840788417674
2015-05-22,0.43855563355782834
2015-05-23,0.3840714674745441
2015-05-24,0.4396520445804547
2015-05-25,0.4424592940355674
2015-05-26,0.54481021062442
2015-05-27,0.6554738194737112
2015-05-28,0.4308599330907699
2015-05-29,0.6165766443844777
2015-05-30,0.47903957902515065
2015-05-31,0.45851830732374477
2015-06-01,1.605425054790878
2015-06-02,0.3361773538051349
2015-06-03,0.4949926582946148
2015-06-04,0.4055254990787687
2015-06-05,0.3887469600815265
2015-06-06,0.47340118872977255
2015-06-07,0.41750561519516444
2015-06-08,0.752140866715789
2015-06-09,0.5318634724275848
2015-06-10,0.7911008395325295
2015-06-11,0.4533750823818193
2015-06-12,0.4362350738596767
2015-06-13,0.43538671337245677
2015-06-14,0.48267689588268736
2015-06-15,1.2935645136889895
2015-06-16,0.8786523951517292
2015-06-17,0.5869125764440689
2015-06-18,0.7525910141444061
2015-06-19,1.9961114468094543
2015-06-20,0.4288102979215009
2015-06-21,0.40127502338799126
2015-06-22,0.5589825682702856
2015-06-23,0.821858176729363
2015-06-24,0.44036843757754546
2015-06-25,0.49791132136194577
2015-06-26,0.42389586351230996
2015-06-27,0.32363102565520824
2015-06-28,0.46399664880966685
2015-06-29,0.445254939117126
2015-06-30,0.6292427891696608
2015-07-01,0.7010037051150907
2015-07-02,0.6785038479369928
2015-07-03,0.4728276245298781
2015-07-04,0.367080888682037
2015-07-05,0.4522401136910349
2015-07-06,1.3347641445008978
2015-07-07,0.4911704095864817
2015-07-08,2.659754118815869
2015-07-09,0.7112244870459346
2015-07-10,0.6550399896365661
2015-07-11,0.5930811374349475
2015-07-12,0.48568214423218253
2015-07-13,0.7611559577718932
2015-07-14,0.6272206437266059
2015-07-15,0.6280120639803375
2015-07-16,0.7159895979151987
2015-07-17,0.923084295683129
2015-07-18,0.45636597191374234
2015-07-19,0.740949285414448
2015-07-20,0.6392394864920575
2015-07-21,0.425992359508068
2015-07-22,0.4478984351518882
2015-07-23,0.48925224222878655
2015-07-24,0.5964692734425476
2015-07-25,4.088160567220555
2015-07-26,0.5180605912727726
2015-07-27,1.0709094565796722
2015-07-28,1.0893976689818343
2015-07-29,0.6264425743389342
2015-07-30,0.4724280695458717
2015-07-31,1.4341355159823066
2015-08-01,0.6244168826296627
2015-08-02,0.47468171373701434
2015-08-03,1.154302200232461
2015-08-04,0.543084490530943
2015-08-05,0.7675896916391229
2015-08-06,0.6324917104606126
2015-08-07,0.43653330055754236
2015-08-08,2.807879976423839
2015-08-09,0.5380778932806152
2015-08-10,0.8473507842644044
2015-08-11,0.736436537549806
2015-08-12,0.5490722905504443
2015-08-13,0.39804711704314544
2015-08-14,0.4872044770864722
2015-08-15,0.43971314777663384
2015-08-16,0.4839674612875041
2015-08-17,0.3989139671546711
2015-08-18,0.8034419187740585
2015-08-19,0.4614784077957333
2015-08-20,0.4973427703211058
2015-08-21,0.40923161747735864
2015-08-22,0.7531002145335967
2015-08-23,0.29466568218393857
2015-08-24,0.5095309532961669
2015-08-25,1.52627339844744
2015-08-26,0.39514031012515466
2015-08-27,0.3177095677850473
2015-08-28,0.48357592089967283
2015-08-29,0.4540335745850238
2015-08-30,0.490385695117975
2015-08-31,1.4713592754753921
2015-09-01,0.8233112329996671
2015-09-02,0.6369391252229256
2015-09-03,0.5887696415085274
2015-09-04,0.5260764851455008
2015-09-05,0.5084729613594271
2015-09-06,0.5888533285804058
2015-09-07,0.7330391304152826
2015-09-08,1.9535643647645642
2015-09-09,0.5208144688979943
2015-09-10,1.5317497830638669
2015-09-11,0.5312342243872985
2015-09-12,0.4570273312182037
2015-09-13,0.6102557941655935
2015-09-14,0.352109641480612
2015-09-15,0.5543847686160311
2015-09-16,0.7321063408934553
2015-09-17,0.65748128239302
2015-09-18,0.6358224516723696
2015-09-19,0.47401484273084754
2015-09-20,0.5513377571601205
2015-09-21,0.8930227668632505
2015-09-22,0.5063176575728371
2015-09-23,0.41431444098708303
2015-09-24,0.632852781722734
2015-09-25,1.9522801168191233
2015-09-26,0.50502489889881
2015-09-27,0.38452279627409724
2015-09-28,1.1364162382720546
2015-09-29,0.8016306296851075
2015-09-30,0.5321837165154246
2015-10-01,0.4859573466408168
2015-10-02,0.9271473531817706
2015-10-03,0.4720353764911221
2015-10-04,0.5205856629956542
2015-10-05,0.924660613549986
2015-10-06,1.0756646827828442
2015-10-07,1.5456132791466848
2015-10-08,1.0284484628428174
2015-10-09,0.4737730901092159
2015-10-10,0.8032575401853458
2015-10-11,0.6347735346919715
2015-10-12,2.8438638861213312
2015-10-13,0.581094945324018
2015-10-14,1.0045306180638327
2015-10-15,0.6185981529432582
2015-10-16,0.6926834759603173
2015-10-17,0.7008261578134107
2015-10-18,0.5948986094398083
2015-10-19,2.7730522887438003
2015-10-20,0.6412034200472838
2015-10-21,0.8309608262353937
2015-10-22,0.9062195541334854
2015-10-23,0.6823113030375715
2015-10-24,1.8633711216082731
2015-10-25,0.776743882849667
2015-10-26,0.7909288306219364
2015-10-27,1.2029327562895502
2015-10-28,0.8483678365115052
2015-10-29,2.600442762654155
2015-10-30,0.8083688831655468
2015-10-31,0.72911472408471
2015-11-01,0.8415796641901945
2015-11-02,3.1171837374117493
2015-11-03,1.9137692922886347
2015-11-04,3.9300684448777123
2015-11-05,2.7855984709216295
2015-11-06,2.2672463594322405
2015-11-07,0.9046866227478315
2015-11-08,0.8241276138504663
2015-11-09,0.986910520208554
2015-11-10,1.9265989902220453
2015-11-11,1.6951829862065952
2015-11-12,0.753086817944656
2015-11-13,1.1519151557851808
2015-11-14,0.9161462224038963
2015-11-15,0.9557899664972253
2015-11-16,1.6059630739671298
2015-11-17,1.6359015416716574
2015-11-18,0.9436994724558802
2015-11-19,0.9740503937443975
2015-11-20,1.1789042401139425
2015-11-21,0.8404927633822604
2015-11-22,0.6569442581751154
2015-11-23,1.6476418054374806
2015-11-24,0.9213176834631677
2015-11-25,1.0593517773016585
2015-11-26,2.967879803229996
2015-11-27,3.1914752861549984
2015-11-28,0.8335501512671034
2015-11-29,0.9463014103108777
2015-11-30,1.3989675547174867
2015-12-01,1.517842088962538
2015-12-02,1.0362258958936488
2015-12-03,1.0263317572423796
2015-12-04,0.9388492210693671
2015-12-05,1.00869654655436
2015-12-06,2.4002880528735893
2015-12-07,1.9033026716049175
2015-12-08,2.3025641561783905
2015-12-09,1.205185754649168
2015-12-10,1.63950486869409
2015-12-11,1.311976550517197
2015-12-12,1.6361052404337701
2015-12-13,1.0042203214259486
2015-12-14,1.9264881384163148
2015-12-15,1.3423279593265482
2015-12-16,1.31376128508602
2015-12-17,1.3716327697725421
2015-12-18,1.2422715099562194
2015-12-19,1.541615366152578
2015-12-20,1.0648767455535404
2015-12-21,4.869609471263215
2015-12-22,1.7118480260882403
2015-12-23,1.0339179668242697
2015-12-24,1.1770437872264954
2015-12-25,0.9460910695627466
2015-12-26,1.295191553198045
2015-12-27,1.0337551342617006
2015-12-28,3.176907997421929
2015-12-29,1.0953099310719527
2015-12-30,1.0566344465120783
2015-12-31,2.318007913701322
2016-01-01,0.9870242098493504
2016-01-02,0.9550601320045218
2016-01-03,1.1847427489590314
2016-01-04,1.1465009634750207
2016-01-05,1.5282918643729149
2016-01-06,3.1798178928038516
2016-01-07,1.7414300714201816
2016-01-08,1.1882866529187635
2016-01-09,1.1502575681072178
2016-01-10,1.1702528345763163
2016-01-11,1.6680555941681587
2016-01-12,1.4801119873339572
2016-01-13,0.987822519165202
2016-01-14,1.9130199049247834
2016-01-15,0.9037758163999913
2016-01-16,0.7788734675046726
2016-01-17,0.8254137667662372
2016-01-18,0.9215645181856242
2016-01-19,0.8716994270801526
2016-01-20,2.714785946716734
2016-01-21,1.1486404776628791
2016-01-22,0.9871868016957315
2016-01-23,0.9526686426361165
2016-01-24,1.060375545710751
2016-01-25,1.1052856595338512
2016-01-26,1.0881460198462511
2016-01-27,1.0767456774552178
2016-01-28,2.2719243993961156
2016-01-29,2.6577836143262306
2016-01-30,8.518254480286375
2016-01-31,1.7885809277673077
2016-02-01,1.0222849637879943
2016-02-02,1.4235225085354153
2016-02-03,1.2561565210934182
2016-02-04,1.1455949987788863
2016-02-05,4.633845997952519
2016-02-06,3.3990129806866722
2016-02-07,1.0303869985775223
2016-02-08,0.919945354981249
2016-02-09,2.6173008466658163
2016-02-10,0.7874687713946849
2016-02-11,0.6298683272483523
2016-02-12,1.530772451256185
2016-02-13,2.3787433968632157
2016-02-14,1.0366210923850887
2016-02-15,1.7169725066169248
2016-02-16,1.8168841700409302
2016-02-17,1.4883111694856648
2016-02-18,3.1860085358286137
2016-02-19,0.9109545012358288
2016-02-20,1.0891627102635302
2016-02-21,0.9524968507239473
2016-02-22,0.9737564472193542
2016-02-23,0.9386733354549377
2016-02-24,2.0588018319456896
2016-02-25,0.8999844407298251
2016-02-26,0.8520279146832272
2016-02-27,1.5201494637846598
2016-02-28,1.0480905727095615
2016-02-29,0.7547709478236421
2016-03-01,0.9889011789358172
2016-03-02,0.8093924181072284
2016-03-03,0.9940280485071157
2016-03-04,0.8729756370066201
2016-03-05,1.5494642384960104
2016-03-06,0.8216399591677604
2016-03-07,4.71754252539841
2016-03-08,0.8267691569281064
2016-03-09,0.7559296578264866
2016-03-10,0.8580676043462384
2016-03-11,0.9318666770577482
2016-03-12,1.3522471060241559
2016-03-13,0.82250936991246
2016-03-14,1.0967989116528787
2016-03-15,2.3641528808032857
2016-03-16,0.9599226644065801
2016-03-17,0.9370575424835785
2016-03-18,0.9875181801012554
2016-03-19,0.8292735902568263
2016-03-20,1.5693273343519298
2016-03-21,1.0094951210352257
2016-03-22,1.0924018685923516
2016-03-23,0.8719651798283654
2016-03-24,2.1486966274092003
2016-03-25,0.8135402379371038
2016-03-26,0.9207692804979953
2016-03-27,0.8468315201073278
2016-03-28,1.0521590561838456
2016-03-29,0.8443502215928984
2016-03-30,1.0483995906105814
2016-03-31,0.9492862869582538
2016-04-01,0.9145493042906495
2016-04-02,0.7928190046210949
2016-04-03,0.8422153583244866
2016-04-04,1.0806682829053327
2016-04-05,2.289581831900875
2016-04-06,0.851364686530755
2016-04-07,0.9801771700189422
2016-04-08,0.8678504112543866
2016-04-09,0.946659476754907
2016-04-10,0.9550179924537971
2016-04-11,0.9816995958667383
2016-04-12,0.9097741741415053
2016-04-13,1.0345246875971965
2016-04-14,1.663690456066441
2016-04-15,1.0414946906114901
2016-04-16,7.262576593576259
2016-04-17,0.6189685236644146
2016-04-18,1.6589967799495702
2016-04-19,1.0701662134302943
2016-04-20,0.9135074206727836
2016-04-21,1.3385500005825948
2016-04-22,0.9257625533818897
2016-04-23,1.2065564108099147
2016-04-24,0.5658306977836448
2016-04-25,1.351480214823324
2016-04-26,2.457126024161756
2016-04-27,0.91073303858797
2016-04-28,1.069502820879614
2016-04-29,0.8850808237072613
2016-04-30,1.2359288533227173
2016-05-01,0.5866031256385233
2016-05-02,1.4472533053316474
2016-05-03,1.0454665484081764
2016-05-04,1.0851574468782634
2016-05-05,0.9942943226390161
2016-05-06,1.2770125110879487
2016-05-07,0.8485461986516165
2016-05-08,1.0855658567560014
2016-05-09,1.3348301422751347
2016-05-10,1.541907827684204
2016-05-11,2.060515001847479
2016-05-12,3.4084341294999847
2016-05-13,1.3522642354839816
2016-05-14,0.9243089469358398
2016-05-15,0.932717420759558
2016-05-16,1.2195680731437883
2016-05-17,0.9336826672959915
2016-05-18,1.0965805291651871
2016-05-19,1.0258698955486274
2016-05-20,0.8818659946701392
2016-05-21,1.1502023886043917
2016-05-22,0.7504613409009894
2016-05-23,2.3182742238251515
2016-05-24,1.1315553883463523
2016-05-25,0.9232534290999381
2016-05-26,1.1475035142622476
2016-05-27,1.1723533959411099
2016-05-28,1.1273707675583897
2016-05-29,1.025683967274478
2016-05-30,1.9873640040930445
2016-05-31,1.8187246237979362
2016-06-01,2.6469397411185276
2016-06-02,1.3368096560350875
2016-06-03,1.1345595493220826
2016-06-04,2.230232986911988
2016-06-05,1.1276488700258598
2016-06-06,1.462713331302013
2016-06-07,1.774680246156442
2016-06-08,1.0963528486701637
2016-06-09,1.1946825878236427
2016-06-10,1.3152726628474387
2016-06-11,1.0458371918386582
2016-06-12,3.258804381251955
2016-06-13,12.373569966021437
2016-06-14,1.5594175088407995
2016-06-15,2.9098486416160245
2016-06-16,1.9600436112605797
2016-06-17,1.6718671793989797
2016-06-18,1.659632562549488
2016-06-19,2.177120245215586
2016-06-20,4.746919925056167
2016-06-21,1.6603679752057778
2016-06-22,1.171248575277385
2016-06-23,2.2600294321323617
2016-06-24,1.2361475585488237
2016-06-25,1.1540953909640945
2016-06-26,1.254150026866047
2016-06-27,1.428743929258419
2016-06-28,2.273781410863446
2016-06-29,2.8291967304002243
2016-06-30,1.380980181807689
2016-07-01,2.071972991203703
2016-07-02,1.211726949035224
2016-07-03,1.3032140371095242
2016-07-04,1.644057511774333
2016-07-05,1.5268320055514482
2016-07-06,1.330842316234524
2016-07-07,2.0370261281814632
2016-07-08,1.456291943024552
2016-07-09,1.110688584586192
2016-07-10,1.750761248945394
2016-07-11,1.4830624328660564
2016-07-12,0.8802699053871131
2016-07-13,0.6164876325494155
2016-07-14,0.6384655201487224
2016-07-15,1.7126120810976164
2016-07-16,0.5094423553976394
2016-07-17,0.8612852944392133
2016-07-18,0.5869507656066604
2016-07-19,0.9914950500765036
2016-07-20,0.8411910989459724
2016-07-21,0.5792789619804913
2016-07-22,0.7693831249097636
2016-07-23,0.47464314550415093
2016-07-24,0.5122133029592904
2016-07-25,0.5768675734877465
2016-07-26,0.5803073169689206
2016-07-27,0.8110899467824535
2016-07-28,0.5213791611462613
2016-07-29,1.286227225960642
2016-07-30,0.40687062470109425
2016-07-31,0.802747115492324
2016-08-01,0.5825882329389187
2016-08-02,1.1389196508269814
2016-08-03,0.5996568872252496
2016-08-04,0.7688151227120646
2016-08-05,0.7775242431278296
2016-08-06,0.7221832213596803
2016-08-07,0.8472271355430876
2016-08-08,0.6703943607931641
2016-08-09,1.0542368864994132
2016-08-10,3.2688942577123683
2016-08-11,0.4616047487319779
2016-08-12,1.053348027202157
2016-08-13,0.5255939143716445
2016-08-14,0.5124074031218672
2016-08-15,0.7539442235373186
2016-08-16,0.6453320609957794
2016-08-17,0.4579893742436465
2016-08-18,1.0727056336295153
2016-08-19,0.61505060578152
2016-08-20,0.5373367628517566
2016-08-21,0.5200500474030536
2016-08-22,1.4455549686505613
2016-08-23,1.0706643523655195
2016-08-24,1.056772365137315
2016-08-25,0.5087551356364435
2016-08-26,0.49505625130436487
2016-08-27,0.4326750290243816
2016-08-28,0.4893481334466598
2016-08-29,0.6454115737319563
2016-08-30,0.6691181569449868
2016-08-31,1.1710927118958765
2016-09-01,0.4814482374930391
2016-09-02,0.48624474340055795
2016-09-03,0.47607975374292233
2016-09-04,0.5882392179810008
2016-09-05,0.7910063096618135
2016-09-06,0.506078202580624
2016-09-07,0.7429138719200746
2016-09-08,0.5320695380124025
2016-09-09,0.49624782565368036
2016-09-10,0.6463060985678563
2016-09-11,0.7189968408433404
2016-09-12,0.6325466111172753
2016-09-13,0.6042939167193755
2016-09-14,0.6872378186855027
2016-09-15,0.5221997584766331
2016-09-16,0.33386175891941355
2016-09-17,0.6981095786413647
2016-09-18,1.6708227859213474
2016-09-19,0.9111164860284621
2016-09-20,0.46943191520935335
2016-09-21,0.636962896205368
2016-09-22,0.48169923733706244
2016-09-23,0.6804209934451686
2016-09-24,0.5311165385390444
2016-09-25,0.5881365273994273
2016-09-26,0.5883675875667664
2016-09-27,0.7142507555807727
2016-09-28,0.5008770416273198
2016-09-29,0.46917929552206045
2016-09-30,0.8442690613097777
2016-10-01,0.43237824381325873
2016-10-02,0.5114616606107685
2016-10-03,1.7601838491840716
2016-10-04,0.6700933057979767
2016-10-05,0.5821897354942308
2016-10-06,0.6175320490106049
2016-10-07,1.2289814623325988
2016-10-08,0.7774224210059056
2016-10-09,0.43215624944685815
2016-10-10,0.7578216730875191
2016-10-11,0.870594410696344
2016-10-12,0.7870104211870181
2016-10-13,0.708353940805261
2016-10-14,1.7350005075256627
2016-10-15,0.5305396047213382
2016-10-16,0.43147121518362774
2016-10-17,0.41426221914288763
2016-10-18,1.4894249197370164
2016-10-19,0.4256351507404
2016-10-20,0.5108834327032223
2016-10-21,0.49779315075372393
2016-10-22,0.5515519572492652
2016-10-23,0.6838172009375885
2016-10-24,0.6698855128051242
2016-10-25,0.601407601136853
2016-10-26,0.6193408594108273
2016-10-27,0.8043875957168534
2016-10-28,1.2929000237017734
2016-10-29,0.8815722457305982
2016-10-30,0.5440914485396685
2016-10-31,0.5791047554639955
2016-11-01,0.9671172130459387
2016-11-02,0.5988041838676889
2016-11-03,0.7108952540134971
2016-11-04,0.5274757431242644
2016-11-05,0.8141135857718815
2016-11-06,0.4831630417526636
2016-11-07,0.7597888131916565
2016-11-08,0.7436200679281998
2016-11-09,1.7051815557214278
2016-11-10,0.6653697719077375
2016-11-11,0.7377032118410936
2016-11-12,0.9195084034057969
2016-11-13,0.5664782140875176
2016-11-14,0.5507361212780434
2016-11-15,0.7562992800522963
2016-11-16,1.0641579408978648
2016-11-17,0.7648012429071002
2016-11-18,0.83240776738991
2016-11-19,0.5872448527125527
2016-11-20,0.5826039230630845
2016-11-21,1.0114610758971567
2016-11-22,0.7378174556433484
2016-11-23,1.1232784878481188
2016-11-24,0.732637842470784
2016-11-25,0.6089250662252642
2016-11-26,0.6512838593831474
2016-11-27,0.8976453900363791
2016-11-28,1.054526425797153
2016-11-29,0.6194435728735569
2016-11-30,0.9422650610911515
2016-12-01,0.6718670543639016
2016-12-02,0.772489167921994
2016-12-03,0.7328952342093467
2016-12-04,1.9244442777438804
2016-12-05,0.8461699672281547
2016-12-06,0.6685342489059937
2016-12-07,1.16363165811786
2016-12-08,0.8020217959560695
2016-12-09,0.8770615275064787
2016-12-10,0.9165379542528437
2016-12-11,0.4771277939917698
2016-12-12,0.51833170970093
2016-12-13,1.1994057370567786
2016-12-14,0.7937933951226822
2016-12-15,0.8994984906507862
2016-12-16,0.9183145270911606
2016-12-17,1.0938384412012694
2016-12-18,0.6194329813217301
2016-12-19,1.3232414276537185
2016-12-20,1.6542589627661868
2016-12-21,0.7710908495452342
2016-12-22,1.7638955049221807
2016-12-23,1.255617400074932
2016-12-24,1.06295061390262
2016-12-25,0.9267691079882255
2016-12-26,0.8818909612931641
2016-12-27,1.8089690807845837
2016-12-28,1.548831324356876
2016-12-29,0.8508229485187536
2016-12-30,1.0989820234379823
2016-12-31,1.701408805645432
2017-01-01,0.6439289871755768
2017-01-02,1.0514740009048347
2017-01-03,1.9709084105746357
2017-01-04,1.8147252899591648
2017-01-05,2.412925994559806
2017-01-06,1.132258904477514
2017-01-07,0.8283203298668944
2017-01-08,0.7709464461451868
2017-01-09,1.08045490384027
2017-01-10,0.8546460967758933
2017-01-11,2.5133355131184656
2017-01-12,0.8184674977912444
2017-01-13,0.8959658693267827
2017-01-14,0.9727182674788171
2017-01-15,0.7308117864342919
2017-01-16,0.9074723695705799
2017-01-17,1.3120425488843461
2017-01-18,0.7761943763592946
2017-01-19,0.9193860149228317
2017-01-20,0.8677843353682858
2017-01-21,0.9781556377908901
2017-01-22,0.8552641170308262
2017-01-23,1.0604260353022719
2017-01-24,1.3856669145956113
2017-01-25,0.6209385854132526
2017-01-26,1.088437068642395
2017-01-27,0.7368671502278901
2017-01-28,1.068471545565826
2017-01-29,1.910110964365901
2017-01-30,0.897188541032908
2017-01-31,0.9865191036627334
2017-02-01,1.3042514342250828
2017-02-02,0.8975229794819877
2017-02-03,1.2294718884703875
2017-02-04,1.4105771737111437
2017-02-05,1.2498680644284854
2017-02-06,0.9695501650283102
2017-02-07,0.7852758968717608
2017-02-08,6.280822602195331
2017-02-09,1.7643684497077796
2017-02-10,1.0681502886034662
2017-02-11,0.9698787858129752
2017-02-12,1.1313023034392942
2017-02-13,1.4441090271669814
2017-02-14,0.6856497682900385
2017-02-15,0.931694309410757
2017-02-16,1.554026604962998
2017-02-17,1.2594794498612853
2017-02-18,0.8127044171372392
2017-02-19,0.669979829480623
2017-02-20,0.8715643093996999
2017-02-21,1.3118433794645423
2017-02-22,2.577685250993949
2017-02-23,1.0635329438582162
2017-02-24,1.5467476950747825
2017-02-25,0.7989800889042525
2017-02-26,1.042061019022606
2017-02-27,1.3554403088682392
2017-02-28,0.9489046068287006
2017-03-01,1.896585786981417
2017-03-02,1.8398113158205127
2017-03-03,1.794087001559382
2017-03-04,1.2179760635071406
2017-03-05,0.7587908178279956
2017-03-06,1.9538960196685229
2017-03-07,1.2312026582253133
2017-03-08,1.9119279767108288
2017-03-09,1.075375062127709
2017-03-10,1.8799657646508596
2017-03-11,0.7185847351374887
2017-03-12,1.1302846215720583
2017-03-13,0.9166050031440213
2017-03-14,1.9055356539509694
2017-03-15,1.0333386533758282
2017-03-16,1.0437735762360298
2017-03-17,1.1500321238556377
2017-03-18,1.1097262809324688
2017-03-19,1.4217172879574134
2017-03-20,0.9955435171136904
2017-03-21,0.8824604974772022
2017-03-22,1.0458440032538943
2017-03-23,3.9796510884997174
2017-03-24,1.1873407679271004
2017-03-25,0.5238841297039396
2017-03-26,0.9514712880187058
2017-03-27,1.21802345054801
2017-03-28,1.5696272075345505
2017-03-29,3.6014504653551778
2017-03-30,0.8476025930582053
2017-03-31,0.7878547045011683
2017-04-01,1.7921901264015572
2017-04-02,0.6877054521015364
2017-04-03,1.1197979694667688
2017-04-04,1.0067718597361666
2017-04-05,1.4333130668185825
2017-04-06,1.2852780655051668
2017-04-07,1.9082706197028576
2017-04-08,1.0048389313342367
2017-04-09,0.9175852574868478
2017-04-10,1.2859776722098002
2017-04-11,0.7906547670653851
2017-04-12,1.3443341457147346
2017-04-13,3.399537785636444
2017-04-14,2.1261052948003956
2017-04-15,1.4585569143112072
2017-04-16,0.9914089657846318
2017-04-17,1.9892594937357702
2017-04-18,2.729452271845429
2017-04-19,1.3199807490194317
2017-04-20,1.4422592775923646
2017-04-21,1.0961001152946492
2017-04-22,1.3599114757198165
2017-04-23,0.8350636567860201
2017-04-24,0.9300598762016945
2017-04-25,1.5382638511676563
2017-04-26,2.399630690042118
2017-04-27,1.0967502753299303
2017-04-28,2.1461748248904353
2017-04-29,1.850725238051893
2017-04-30,1.9280735874676673
2017-05-01,1.457625509914788
2017-05-02,3.144015929537194
2017-05-03,4.49790164858628
2017-05-04,2.17851172973622
2017-05-05,2.0969269185176307
2017-05-06,1.3785284543547736
2017-05-07,1.717951194715313
2017-05-08,1.5312237436594194
2017-05-09,4.674932993729924
2017-05-10,2.14061783571265
2017-05-11,2.474820649093453
2017-05-12,2.7482034831430475
2017-05-13,1.9491679013031593
2017-05-14,2.0534659871541003
2017-05-15,3.836302281537422
2017-05-16,2.965578099658076
2017-05-17,2.997542533224859
2017-05-18,3.1644718457986003
2017-05-19,2.0727076789838605
2017-05-20,1.1456399455155217
2017-05-21,3.7900894058128642
2017-05-22,4.355067959952782
2017-05-23,5.190930297202213
2017-05-24,6.099094986911681
2017-05-25,2.7566192498005995
2017-05-26,1.8642506500395184
2017-05-27,2.1636427461576555
2017-05-28,2.923263499068192
2017-05-29,2.5968775064901495
2017-05-30,2.459533595602902
2017-05-31,4.833317002572061
2017-06-01,1.9143572655222691
2017-06-02,2.3254312929531706
2017-06-03,3.2994020549943937
2017-06-04,2.105450123641431
2017-06-05,3.401402418202631
2017-06-06,4.72667282984798
2017-06-07,3.985748224544032
2017-06-08,6.0975526827138395
2017-06-09,2.866814747371859
2017-06-10,2.917053977961553
2017-06-11,2.234738225102974
2017-06-12,3.0998115544766005
2017-06-13,5.874342355117623
2017-06-14,2.1999661243099538
2017-06-15,2.9102847564775605
2017-06-16,2.2717662554303883
2017-06-17,2.794924054575702
2017-06-18,1.55127296571598
2017-06-19,3.5039614265317267
2017-06-20,1.6841232173092127
2017-06-21,2.3626903211482895
2017-06-22,2.5844693816271733
2017-06-23,3.7026470210792555
2017-06-24,2.1771150844998535
2017-06-25,2.0146439929794115
2017-06-26,4.9913448631400525
2017-06-27,2.13081167498869
2017-06-28,2.495583992996128
2017-06-29,2.0974943304280993
2017-06-30,3.288010017740451
2017-07-01,1.8407174662487844
2017-07-02,1.9235482297680033
2017-07-03,2.711996973633318
2017-07-04,1.888912443192654
2017-07-05,2.1041599285066437
2017-07-06,2.58039395662876
2017-07-07,4.909364870919651
2017-07-08,2.4377107670500067
2017-07-09,9.943039280394677
2017-07-10,2.7795574590771155
2017-07-11,1.8617284460110524
2017-07-12,1.952530153839344
2017-07-13,1.818888732696265
2017-07-14,1.77680524085835
2017-07-15,1.8663573160537528
2017-07-16,1.6893529376530017
2017-07-17,1.3578833945688362
2017-07-18,1.8129475034567049
2017-07-19,1.7127738335643912
2017-07-20,2.883733005895145
2017-07-21,2.228214584393667
2017-07-22,3.005987799849507
2017-07-23,1.6226606052566876
2017-07-24,2.943005561362098
2017-07-25,1.9462996979365836
2017-07-26,1.5086730613028563
2017-07-27,2.7507521476468315
2017-07-28,2.951880721652562
2017-07-29,1.6222358293014667
2017-07-30,2.0077084017587974
2017-07-31,3.1766217771822443
2017-08-01,1.6254680282785412
2017-08-02,2.613437221446666
2017-08-03,1.659609097252965
2017-08-04,3.722759917260642
2017-08-05,3.493206859302251
2017-08-06,1.9205289644592012
2017-08-07,2.0249903036372454
2017-08-08,8.691775348811767
2017-08-09,1.9666171155163195
2017-08-10,1.5994849904889967
2017-08-11,4.020065158024224
2017-08-12,5.146939318275847
2017-08-13,2.674090596582995
2017-08-14,2.839050794983565
2017-08-15,2.286803805975082
2017-08-16,3.1686580785054743
2017-08-17,8.792389843359471
2017-08-18,4.236401780462279
2017-08-19,2.342006061080253
2017-08-20,2.634591607632245
2017-08-21,2.1665394643834066
2017-08-22,5.407062954484638
2017-08-23,2.0661786757447773
2017-08-24,1.2637588550093939
2017-08-25,2.2858832160949594
2017-08-26,2.160944969161571
2017-08-27,2.6852602198525393
2017-08-28,2.4744096369671724
2017-08-29,5.500071982241257
2017-08-30,3.5036912213430544
2017-08-31,3.727057371532353
2017-09-01,3.4141235496219133
2017-09-02,2.021720663322124
2017-09-03,1.941319485844624
2017-09-04,3.9812888420745858
2017-09-05,2.398714564794946
2017-09-06,3.4463260428331326
2017-09-07,1.9282614779566896
2017-09-08,2.139963007137326
2017-09-09,3.3286106839589875
2017-09-10,2.893634054874612
2017-09-11,1.7205469835316007
2017-09-12,1.68533323213505
2017-09-13,2.7767018443613645
2017-09-14,2.7680115612938736
2017-09-15,5.479440893529166
2017-09-16,2.863874175940027
2017-09-17,1.4560779670565345
2017-09-18,1.6660017748550462
2017-09-19,2.7486376522308973
2017-09-20,1.4068286568941086
2017-09-21,1.2738302488972375
2017-09-22,2.0330490897589
2017-09-23,0.9972680805643247
2017-09-24,1.4683486313124157
2017-09-25,2.2564297839795318
2017-09-26,1.461166748360348
2017-09-27,1.793821277071542
2017-09-28,2.558904441854018
2017-09-29,2.5946566917178044
2017-09-30,2.1381853841627585
2017-10-01,2.1886254336457553
2017-10-02,1.9096123194232824
2017-10-03,1.0047597740030996
2017-10-04,2.0511547841552047
2017-10-05,1.3379872753269364
2017-10-06,1.222867040331393
2017-10-07,2.0701574586620746
2017-10-08,1.5278553702354312
2017-10-09,2.6006876502561798
2017-10-10,3.620801011428174
2017-10-11,1.463739797020243
2017-10-12,1.4683138831649398
2017-10-13,4.956520226811117
2017-10-14,2.783493579673805
2017-10-15,1.6664231768315179
2017-10-16,2.0293397277082064
2017-10-17,2.6808206188574073
2017-10-18,2.829566842604032
2017-10-19,1.8845147211526465
2017-10-20,1.8828775714541452
2017-10-21,2.5164405501890594
2017-10-22,1.5071382331117105
2017-10-23,3.233474512591037
2017-10-24,2.78592949716675
2017-10-25,1.8307837264206777
2017-10-26,2.5723273740561226
2017-10-27,1.7140368053739081
2017-10-28,1.5521756781597855
2017-10-29,2.015806256824197
2017-10-30,2.7758757545757913
2017-10-31,1.7779921285252291
2017-11-01,2.595368945475036
2017-11-02,2.4958112867566986
2017-11-03,6.4460034829643815
2017-11-04,3.2012425537441263
2017-11-05,2.4169369702534778
2017-11-06,2.4537525535274747
2017-11-07,3.238806198176397
2017-11-08,2.7369037506855207
2017-11-09,3.399477347455087
2017-11-10,2.3955725829871013
2017-11-11,1.5502622915215603
2017-11-12,2.245375476266464
2017-11-13,2.9797350883904454
2017-11-14,2.5583659535714403
2017-11-15,2.5985075553031844
2017-11-16,2.7150890840280892
2017-11-17,3.088328041114425
2017-11-18,3.568292160968879
2017-11-19,2.4373451791631964
2017-11-20,3.2460217885142773
2017-11-21,2.685595958593396
2017-11-22,3.533471577027971
2017-11-23,2.3490009121241298
2017-11-24,2.3555430688925734
2017-11-25,3.0636495268694452
2017-11-26,2.926982179281923
2017-11-27,6.145859174712799
2017-11-28,4.943852456213909
2017-11-29,2.5910343936699225
2017-11-30,3.8211830637280677
2017-12-01,3.8689041032691347
2017-12-02,2.8966990393950303
2017-12-03,4.294686923790829
2017-12-04,2.8036641808921625
2017-12-05,2.812885196092873
2017-12-06,5.601232036469528
2017-12-07,11.023870316755405
2017-12-08,5.577415767964178
2017-12-09,5.972247971464144
2017-12-10,4.460879257653712
2017-12-11,7.254087341762414
2017-12-12,4.6085860339631495
2017-12-13,7.4273997591525545
2017-12-14,5.758872137213419
2017-12-15,4.359676437887408
2017-12-16,5.68310532281812
2017-12-17,3.7479598777515815
2017-12-18,7.942942024044921
2017-12-19,3.3907959914848824
2017-12-20,6.265169414697278
2017-12-21,2.8585600736852927
2017-12-22,3.7850404167476945
2017-12-23,4.468844236212669
2017-12-24,3.2208817141232715
2017-12-25,4.20190985076267
2017-12-26,3.4397484234136657
2017-12-27,10.243374549993744
2017-12-28,5.2204594588098585
2017-12-29,6.088003880813763
2017-12-30,2.5112364196776853
2017-12-31,3.241915835991743
2018-01-01,2.588844491466513
2018-01-02,4.384682944692036
2018-01-03,4.43857334995021
2018-01-04,3.6889203632298186
2018-01-05,6.828716349651998
2018-01-06,4.645680647421228
2018-01-07,3.5125156888734903
2018-01-08,4.123436356086698
2018-01-09,2.7049062113039604
2018-01-10,4.1104880460774345
2018-01-11,2.7198976428127426
2018-01-12,2.7260019158252695
2018-01-13,2.2826651135890876
2018-01-14,3.6062363871780176
2018-01-15,2.344712726412888
2018-01-16,3.1909384894315473
2018-01-17,2.350820907569924
2018-01-18,2.439072676113162
2018-01-19,1.8328157800022398
2018-01-20,2.9228477846412546
2018-01-21,2.37212193310711
2018-01-22,1.4912943700464956
2018-01-23,2.400204872838699
2018-01-24,1.6658453030995295
2018-01-25,2.2231313940567072
2018-01-26,1.2607391302882596
2018-01-27,1.4143997065672278
2018-01-28,2.082643246951104
2018-01-29,1.5970272371316887
2018-01-30,1.7370029384223806
2018-01-31,1.0134874094313548
2018-02-01,3.15216579322443
2018-02-02,1.7929370491989274
2018-02-03,1.0710002330289925
2018-02-04,1.6816752227325562
2018-02-05,1.243374771468722
2018-02-06,0.9941417494161315
2018-02-07,1.144747609930756
2018-02-08,1.4606777302783318
2018-02-09,1.200115292728984
2018-02-10,0.891563513384842
2018-02-11,1.0664184535913313
2018-02-12,1.6266082696982496
2018-02-13,1.2334513907315416
2018-02-14,1.3036206536092172
2018-02-15,1.235199226071447
2018-02-16,1.0639212302216008
2018-02-17,1.8304588768857049
2018-02-18,1.1799192075201466
2018-02-19,1.7569754967045377
2018-02-20,1.9590594723691286
2018-02-21,1.1057549348992215
2018-02-22,2.107098504259128
2018-02-23,1.3233085629618089
2018-02-24,2.1885859824343132
2018-02-25,0.9840363732663033
2018-02-26,0.8937709155641558
2018-02-27,1.5706021261476129
2018-02-28,1.1811156689861855
2018-03-01,2.0865268215523938
2018-03-02,2.515541074933124
2018-03-03,1.7201313308836899
2018-03-04,1.6875560014664472
2018-03-05,2.018749655227453
2018-03-06,1.4240870358528297
2018-03-07,1.106641020020936
2018-03-08,2.7050266179002205
2018-03-09,0.8855894284262807
2018-03-10,1.0039347510986663
2018-03-11,1.5657368325202676
2018-03-12,0.9937017862846962
2018-03-13,3.0061734742757094
2018-03-14,0.7363774185808415
2018-03-15,1.2609423784829232
2018-03-16,1.4428514081204298
2018-03-17,0.8866074317494949
2018-03-18,0.7576655413396935
2018-03-19,0.86002492967668
2018-03-20,1.4628828013227135
2018-03-21,0.910608465600807
2018-03-22,0.7449913615216878
2018-03-23,1.0234718004477246
2018-03-24,0.849157889581296
2018-03-25,0.8881267688122353
2018-03-26,0.7927152186615329
2018-03-27,0.6596863123686747
2018-03-28,1.0739852016074187
2018-03-29,1.372277631008579
2018-03-30,0.6104741773030681
2018-03-31,0.7790184521622828
2018-04-01,0.8334963176363231
2018-04-02,0.751374786508949
2018-04-03,0.8403195450974937
2018-04-04,0.8619362043990167
2018-04-05,0.6127490535717359
2018-04-06,0.9586134687769376
2018-04-07,0.6424077184768632
2018-04-08,0.8276910202927644
2018-04-09,0.5976806535843604
2018-04-10,0.8699269589528897
2018-04-11,0.7650145417412958
2018-04-12,0.7544799292261691
2018-04-13,1.0743780687559248
2018-04-14,0.6939296571405266
2018-04-15,1.0503354974675378
2018-04-16,0.6574755020101913
2018-04-17,1.100304501419
2018-04-18,0.7160411797572901
2018-04-19,0.8590563133248786
2018-04-20,1.194796838992968
2018-04-21,0.9064238600795929
2018-04-22,0.7341866922987631
2018-04-23,1.234150295871347
2018-04-24,0.961834179925756
2018-04-25,0.8118499845281849
2018-04-26,1.1720580630762767
2018-04-27,0.8166716511245129
2018-04-28,1.0182122439458463
2018-04-29,1.3240941872417205
2018-04-30,0.783769890450138
2018-05-01,0.719143461760522
2018-05-02,0.9831021373456775
2018-05-03,1.6745191144722766
2018-05-04,0.8601631077535726
2018-05-05,0.8351441685353069
2018-05-06,0.714266724938568
2018-05-07,1.5725514046890323
2018-05-08,0.6073443888750115
2018-05-09,0.7024523512439232
2018-05-10,1.0418505408117051
2018-05-11,1.042247973593653
2018-05-12,0.6560990747262475
2018-05-13,0.6563023100695347
2018-05-14,0.96603185430138
2018-05-15,0.6697654444665422
2018-05-16,1.0771636132218831
2018-05-17,0.5486855778092552
2018-05-18,0.9130708806400355
2018-05-19,1.2027944702804778
2018-05-20,0.731264058703835
2018-05-21,0.7162151813469158
2018-05-22,0.8315848759853925
2018-05-23,0.6627203033656304
2018-05-24,0.6637406919033667
2018-05-25,1.112947704773434
2018-05-26,0.5472574698224133
2018-05-27,0.5637520874885522
2018-05-28,1.1074139745747749
2018-05-29,0.7490098326164595
2018-05-30,0.5550088086483159
2018-05-31,0.7202149948034627
2018-06-01,1.2357805404407862
2018-06-02,0.6142930274542593
2018-06-03,0.6540386468174822
2018-06-04,1.1139424977326953
2018-06-05,1.032248957831013
2018-06-06,0.6754897878717432
2018-06-07,0.9535792224656895
2018-06-08,1.0622600546761745
2018-06-09,0.5474820610308887
2018-06-10,0.455930120757748
2018-06-11,0.6152074809194461
2018-06-12,1.38638470816173
2018-06-13,0.7197985186314688
2018-06-14,0.5211583873884915
2018-06-15,1.515505295759786
2018-06-16,0.6274336697486528
2018-06-17,0.4865446295794067
2018-06-18,0.7429121372196064
2018-06-19,0.6067350243181264
2018-06-20,0.7660242630040024
2018-06-21,0.6727195041385857
2018-06-22,0.8217744271989972
2018-06-23,0.4129212769340505
2018-06-24,0.6140637718269745
2018-06-25,0.7377665172624519
2018-06-26,0.7475527387897728
2018-06-27,0.817570786020098
2018-06-28,1.2314815265604933
2018-06-29,0.44533529941945144
2018-06-30,0.7214298451852864
2018-07-01,0.47014572755954825
2018-07-02,0.7658756971324119
2018-07-03,0.6101420767858549
2018-07-04,0.6859517005394576
2018-07-05,0.4550242026571923
2018-07-06,0.6805677951422245
2018-07-07,0.48290299461262337
2018-07-08,0.734148093336403
2018-07-09,0.73657294248531
2018-07-10,0.7850932055056452
2018-07-11,0.5641016090896785
2018-07-12,0.596942511966818
2018-07-13,0.528649841584109
2018-07-14,0.5761237787800114
2018-07-15,0.7151993144493634
2018-07-16,0.5108302733373765
2018-07-17,0.568436276532719
2018-07-18,0.8804175998600308
2018-07-19,1.272946211674825
2018-07-20,0.893722314694713
2018-07-21,0.5011723049309611
2018-07-22,0.8093740400469275
2018-07-23,0.8048176946108794
2018-07-24,0.8127453153162889
2018-07-25,0.7733613818702255
2018-07-26,0.789176537285285
2018-07-27,0.8257840727262538
2018-07-28,0.660985608256144
2018-07-29,0.8982253694497997
2018-07-30,0.7765664735366989
2018-07-31,0.6527655920274705
2018-08-01,0.6349432403617052
2018-08-02,0.6614556797510422
2018-08-03,0.6630506760713891
2018-08-04,0.7100363391989037
2018-08-05,0.5090838337778464
2018-08-06,0.6054677597402429
2018-08-07,0.640484353820593
2018-08-08,0.8940319285173494
2018-08-09,0.5673629082779655
2018-08-10,0.4684422955808613
2018-08-11,0.37982248113510003
2018-08-12,0.754950075348499
2018-08-13,0.49852346151833155
2018-08-14,0.5526618449554388
2018-08-15,0.5825385771251977
2018-08-16,0.5923193607659737
2018-08-17,1.9650048149840833
2018-08-18,0.874585158671905
2018-08-19,0.5160242647752378
2018-08-20,0.8268376303303333
2018-08-21,0.5581015400565437
2018-08-22,0.9199084108108907
2018-08-23,2.221935140653863
2018-08-24,1.0256059893122078
2018-08-25,0.5447267376815305
2018-08-26,0.5464203026950112
2018-08-27,0.7417449354957758
2018-08-28,1.0069269911308811
2018-08-29,0.6137604897967648
2018-08-30,1.0175102617154572
2018-08-31,0.7409480442504676
2018-09-01,0.6671035704903077
2018-09-02,0.6594774390951303
2018-09-03,0.6054620747343072
2018-09-04,0.6161556983481411
2018-09-05,0.5978641650724015
2018-09-06,1.0164746320870643
2018-09-07,0.6855235276639391
2018-09-08,0.5383045134401099
2018-09-09,0.6000279202584415
2018-09-10,0.4700791267805339
2018-09-11,0.43131639709376035
2018-09-12,0.7202874009521951
2018-09-13,0.6332504943546764
2018-09-14,0.4747785248137892
2018-09-15,0.5124441141445082
2018-09-16,0.3971547583873588
2018-09-17,0.5890254903965051
2018-09-18,0.6393958897465091
2018-09-19,0.5374611356599072
2018-09-20,0.547355881419605
2018-09-21,0.6649110938922433
2018-09-22,0.537157761998817
2018-09-23,0.646581681474687
2018-09-24,0.5471928853019341
2018-09-25,0.5956237715777303
2018-09-26,0.8242530578974251
2018-09-27,0.5333606848346124
2018-09-28,0.7585667766140882
2018-09-29,0.49829451632504557
2018-09-30,0.4756127307864409
2018-10-01,0.5801778963079499
2018-10-02,0.46814132944603476
2018-10-03,0.5241315589982963
2018-10-04,0.5565968525309858
2018-10-05,0.5224209439436406
2018-10-06,0.6841168860787643
2018-10-07,0.4204233663969538
2018-10-08,0.7594817890616057
2018-10-09,1.358667818392991
2018-10-10,0.5625466050631783
2018-10-11,0.576140738130595
2018-10-12,0.5326479524625054
2018-10-13,0.40052348564850127
2018-10-14,0.4582908697831532
2018-10-15,0.7522716103228854
2018-10-16,0.9066715693654861
2018-10-17,0.6181250756228807
2018-10-18,0.4598645187211289
2018-10-19,0.4137941804399161
2018-10-20,0.6343821425233619
2018-10-21,0.45014498373157075
2018-10-22,0.6184448796338119
2018-10-23,0.44814343931360634
2018-10-24,0.47043842458720114
2018-10-25,0.593818790334899
2018-10-26,0.604245796939884
2018-10-27,0.5191499141284059
2018-10-28,0.3878389185133489
2018-10-29,0.8114383964408228
2018-10-30,0.5096193301846872
2018-10-31,0.5667854128791042
2018-11-01,0.5633146464690628
2018-11-02,0.4154504940997538
2018-11-03,0.8728364168073866
2018-11-04,0.45376074581236026
2018-11-05,0.47613395694654953
2018-11-06,0.5945535183155892
2018-11-07,0.7267702930725738
2018-11-08,0.6307444297031594
2018-11-09,0.5548600735535303
2018-11-10,0.3704209472189691
2018-11-11,0.399866823796379
2018-11-12,0.8372232262091855
2018-11-13,0.4545690066949657
2018-11-14,0.4041837669323565
2018-11-15,0.5213519937495489
2018-11-16,0.6579349593102641
2018-11-17,0.4534684144731562
2018-11-18,0.3737611978335992
2018-11-19,0.6817170395551819
2018-11-20,0.39979635220785914
2018-11-21,0.7381516381238327
2018-11-22,0.4224300126228144
2018-11-23,0.30506140529477654
2018-11-24,0.519463136123929
2018-11-25,0.46408038831460535
2018-11-26,0.5639735655357634
2018-11-27,0.8647147723558798
2018-11-28,1.3722147058073262
2018-11-29,0.246425274453877
2018-11-30,0.3110590868015879
2018-12-01,0.3093770044472646
2018-12-02,0.21719001092650417
2018-12-03,0.31676542380232753
2018-12-04,0.321181786300379
2018-12-05,0.4095633768819058
2018-12-06,0.2618998604637815
2018-12-07,0.306496222997753
2018-12-08,0.4770528423758465
2018-12-09,0.2585683423870297
2018-12-10,0.24663073792517373
2018-12-11,0.37783822343170603
2018-12-12,0.36276164283415513
2018-12-13,0.2959809601509498
2018-12-14,0.2242774745108046
2018-12-15,0.29666747518759334
2018-12-16,0.2002016430672808
2018-12-17,0.44876181782372576
2018-12-18,0.2847125050585484
2018-12-19,0.5608653439155004
2018-12-20,0.6839782665247248
2018-12-21,0.8778734668331012
2018-12-22,0.3925122015606472
2018-12-23,0.35056165262227673
2018-12-24,1.088329593922126
2018-12-25,0.29921860784755877
2018-12-26,0.4499319880233927
2018-12-27,0.34717665837974454
2018-12-28,0.8257980919968655
2018-12-29,0.3573928525613683
2018-12-30,0.39540903620067275
2018-12-31,0.2829773446972213
2019-01-01,0.29399846110286915
2019-01-02,0.551066634435528
2019-01-03,0.33547143326376744
2019-01-04,0.49023401865544
2019-01-05,0.8588181907749094
2019-01-06,0.4679386024821393
2019-01-07,0.3476498673491418
2019-01-08,0.3481216198219069
2019-01-09,1.4341598466755558
2019-01-10,0.8466823132449829
2019-01-11,0.3326348683957589
2019-01-12,0.4555426733332634
2019-01-13,0.6823819752790158
2019-01-14,0.4868357866775821
2019-01-15,0.34580614017584865
2019-01-16,0.6597690298665579
2019-01-17,0.37219048649176684
2019-01-18,0.5751181752855954
2019-01-19,0.3683494758416364
2019-01-20,0.38879700326751626
2019-01-21,0.47784603466115344
2019-01-22,0.38727470080450815
2019-01-23,0.4048543665049164
2019-01-24,0.5133747308152931
2019-01-25,0.36577586625314606
2019-01-26,0.4072277991893261
2019-01-27,0.40397737779450277
2019-01-28,1.0243568288703957
2019-01-29,0.447311090165155
2019-01-30,0.663479515246796
2019-01-31,0.39776364913046686
2019-02-01,0.4191440311262685
2019-02-02,0.408349208868356
2019-02-03,0.39572123854904717
2019-02-04,0.38530589519102076
2019-02-05,0.38375363278846797
2019-02-06,0.814911337475179
2019-02-07,0.4501963131559935
2019-02-08,0.41997829103994866
2019-02-09,0.39781729233873325
2019-02-10,0.4265116058049535
2019-02-11,0.43070344198998134
2019-02-12,0.44417605299028196
2019-02-13,0.4848380059472116
2019-02-14,0.4581069123616562
2019-02-15,0.5104046864743891
2019-02-16,0.4815550941744804
2019-02-17,0.4529326526968483
2019-02-18,0.5448829511041023
2019-02-19,1.3745154816940006
2019-02-20,0.4622217147545987
2019-02-21,0.4256818917061344
2019-02-22,0.673156204112162
2019-02-23,0.448083320090213
2019-02-24,0.4601416040639373
2019-02-25,0.5799464061116286
2019-02-26,0.46129307554113974
2019-02-27,0.49434946528835444
2019-02-28,0.7277413256063154
2019-03-01,0.6747927958365935
2019-03-02,0.4399164041899682
2019-03-03,0.48660707956402094
2019-03-04,0.45610787271053593
2019-03-05,0.5293959223864947
2019-03-06,0.5754210190788471
2019-03-07,0.5424666572892127
2019-03-08,0.5826106854665796
2019-03-09,0.4779528871355666
2019-03-10,0.69370160527839
2019-03-11,0.5851012127649784
2019-03-12,0.7110790672936441
2019-03-13,0.5597012114581745
2019-03-14,0.5720628674647161
2019-03-15,1.0088255880047916
2019-03-16,0.5641131741082591
2019-03-17,0.6040051070093853
2019-03-18,0.7564194827558461
2019-03-19,0.6789611808307897
2019-03-20,0.5283918473175649
2019-03-21,1.0808195319749032
2019-03-22,0.5173847146333185
2019-03-23,0.5485924235490839
2019-03-24,0.40552690593401586
2019-03-25,0.5862557250160941
2019-03-26,2.044149251124689
2019-03-27,0.5140286179313298
2019-03-28,0.49878485223500557
2019-03-29,1.0473314471100204
2019-03-30,0.4871038092338245
2019-03-31,0.4065902698361431
2019-04-01,0.7262982788654009
2019-04-02,0.8586339339966222
2019-04-03,1.3278504428854574
2019-04-04,0.5723310009356396
2019-04-05,0.8685279767565365
2019-04-06,0.6490190902450153
2019-04-07,0.8809748383079786
2019-04-08,1.0914250976039617
2019-04-09,0.584710111572123
2019-04-10,1.1208020820862796
2019-04-11,0.7843710559010068
2019-04-12,0.7550667575694329
2019-04-13,0.6398092556761329
2019-04-14,0.861212078929234
2019-04-15,0.7328385428657165
2019-04-16,0.8432027799936269
2019-04-17,0.819945523293322
2019-04-18,0.9068177857423058
2019-04-19,0.9246293353593252
2019-04-20,0.777955014727408
2019-04-21,0.9292560979022182
2019-04-22,1.1137032517507641
2019-04-23,0.6398406556705748
2019-04-24,1.4926270361458729
2019-04-25,0.9785994654394554
2019-04-26,0.7834537125069361
2019-04-27,0.6468759959288959
2019-04-28,0.651140091238528
2019-04-29,0.9474596066026345
2019-04-30,1.2668823908106068
2019-05-01,0.7428938102846294
2019-05-02,1.2805631525301635
2019-05-03,0.8163647927260266
2019-05-04,1.3063583718779517
2019-05-05,1.0023355631193163
2019-05-06,1.2050072969919938
2019-05-07,1.0532744073742437
2019-05-08,1.2012921507518286
2019-05-09,1.4041361119012488
2019-05-10,0.6254877792336548
2019-05-11,1.241871215142466
2019-05-12,1.0125375289061829
2019-05-13,1.175976598639261
2019-05-14,2.0946235867725833
2019-05-15,1.740216640519325
2019-05-16,1.4868577333618205
2019-05-17,1.1677248416173736
2019-05-18,1.4644540614596309
2019-05-19,1.4749315499013724
2019-05-20,1.9231903808751258
2019-05-21,2.0250380822639062
2019-05-22,1.7222064071011487
2019-05-23,1.5714070683424106
2019-05-24,2.2217329944767163
2019-05-25,1.4595968570256384
2019-05-26,1.2393713228754117
2019-05-27,2.0162441061288425
2019-05-28,1.3741025349965024
2019-05-29,3.0363720350726333
2019-05-30,1.8974044338553167
2019-05-31,1.5171431553562849
2019-06-01,1.6457942176948415
2019-06-02,1.2714593617219345
2019-06-03,1.364482599860835
2019-06-04,2.7382817556696923
2019-06-05,1.7695832957257194
2019-06-06,1.5101842565693446
2019-06-07,1.3420255387755877
2019-06-08,1.1791329272141933
2019-06-09,1.1346922543073326
2019-06-10,1.2520287497246505
2019-06-11,1.301108619383217
2019-06-12,1.1954822329910229
2019-06-13,1.5607872345727136
2019-06-14,2.024252393416439
2019-06-15,1.4762657749476336
2019-06-16,1.2071114233192302
2019-06-17,1.75031578779207
2019-06-18,1.4346516303613164
2019-06-19,6.227612492641522
2019-06-20,2.001820034674728
2019-06-21,1.4746089023163094
2019-06-22,2.4509376426689276
2019-06-23,1.8305783400616418
2019-06-24,2.5790738109807214
2019-06-25,1.9001427261222885
2019-06-26,2.276379547474942
2019-06-27,3.120275064563414
2019-06-28,2.5356158501068498
2019-06-29,2.3276446675263354
2019-06-30,1.6019147062372001
2019-07-01,1.9852394679386378
2019-07-02,1.5892113179502982
2019-07-03,2.550793202597746
2019-07-04,2.2859203527007828
2019-07-05,2.3987875597509096
2019-07-06,1.7906928881354636
2019-07-07,1.523920845653221
2019-07-08,2.38027117373162
2019-07-09,2.1370525436269543
2019-07-10,2.2321474304300044
2019-07-11,1.6201724989674198
2019-07-12,1.6460037385880266
2019-07-13,1.3621947804272159
2019-07-14,1.4942695244723678
2019-07-15,1.3980386359219523
2019-07-16,1.801985725344058
2019-07-17,1.7425548862725022
2019-07-18,1.1875716699731576
2019-07-19,1.654931129766301
2019-07-20,1.710630469649516
2019-07-21,1.311234363115714
2019-07-22,1.7531811670351265
2019-07-23,1.3362613156740315
2019-07-24,1.866343196967266
2019-07-25,1.392566830662684
2019-07-26,1.8492554684375893
2019-07-27,1.115556200265489
2019-07-28,1.2682049632215506
2019-07-29,1.436552950038287
2019-07-30,1.761469407187553
2019-07-31,1.956867072540385
2019-08-01,3.2472596138599084
2019-08-02,3.2899131381937496
2019-08-03,1.4756424714088554
2019-08-04,1.8393624525743006
2019-08-05,1.5286035298117902
2019-08-06,2.4550110610303384
2019-08-07,1.8627086354484363
2019-08-08,2.6012806566126354
2019-08-09,2.077732125304265
2019-08-10,1.4089348108292508
2019-08-11,1.5435302102222355
2019-08-12,1.9791278114337434
2019-08-13,1.0881081302403448
2019-08-14,2.6760280918998696
2019-08-15,1.5431178566903463
2019-08-16,1.4564405053082927
2019-08-17,1.4815177971755187
2019-08-18,1.4922259876459196
2019-08-19,1.7257172021754617
2019-08-20,1.4778463870137837
2019-08-21,1.7579155037024423
2019-08-22,1.7520241307227082
2019-08-23,2.23386251032498
2019-08-24,1.4780780775645954
2019-08-25,1.35013398778206
2019-08-26,1.7850090402555459
2019-08-27,1.282023445239881
2019-08-28,1.8937362241103528
2019-08-29,1.794216572595114
2019-08-30,2.2836387010155144
2019-08-31,1.2877063623894927
2019-09-01,1.2532452026969463
2019-09-02,1.462642521980073
2019-09-03,1.629592251974532
2019-09-04,1.5087047522835728
2019-09-05,2.45606306097402
2019-09-06,1.6377544479185207
2019-09-07,1.5071425296500176
2019-09-08,1.1985153014861485
2019-09-09,1.8364827256693115
2019-09-10,1.5448773033461225
2019-09-11,1.4615932192481482
2019-09-12,1.9498331603688692
2019-09-13,1.6581942411021806
2019-09-14,2.0145830389019523
2019-09-15,1.4460729408776556
2019-09-16,1.3154916517710544
2019-09-17,1.3029820669560175
2019-09-18,1.4957784439952386
2019-09-19,1.2753245519535183
2019-09-20,1.582930320014669
2019-09-21,1.2129738213347818
2019-09-22,1.3911757067330643
2019-09-23,1.3144496439661084
2019-09-24,1.931336850186858
2019-09-25,1.5110751741262252
2019-09-26,1.1436445897329777
2019-09-27,1.6462720068244325
2019-09-28,1.0165369059042328
2019-09-29,1.025466866533257
2019-09-30,1.062019418907795
2019-10-01,1.197871430093485
2019-10-02,1.1431930502397396
2019-10-03,1.0695220169383346
2019-10-04,1.2067261005402223
2019-10-05,1.2770126069998504
2019-10-06,0.8386563770778351
2019-10-07,1.1007817306916234
2019-10-08,1.1543097231164663
2019-10-09,1.1276686084191054
2019-10-10,1.1419252878652058
2019-10-11,1.6429564020645055
2019-10-12,1.0716897974358457
2019-10-13,1.0985148366000674
2019-10-14,1.2339692022682578
2019-10-15,0.9696434066827316
2019-10-16,1.0550427292924294
2019-10-17,1.1066338763239694
2019-10-18,1.1565583763586227
2019-10-19,1.060839035235988
2019-10-20,0.9879671918239831
2019-10-21,1.5039256496297393
2019-10-22,1.2526251150822278
2019-10-23,0.9394524269977783
2019-10-24,1.0672681875578203
2019-10-25,0.8834482436131004
2019-10-26,1.1574099552341257
2019-10-27,0.8412118409081798
2019-10-28,1.6612322187256112
2019-10-29,1.6378435436337238
2019-10-30,0.9110045205711677
2019-10-31,1.0742305830220835
2019-11-01,1.2374318369078292
2019-11-02,0.8263520099268672
2019-11-03,1.0278720964156205
2019-11-04,1.2707704162328624
2019-11-05,1.0963533853028158
2019-11-06,1.470338547893412
2019-11-07,1.0129377848762289
2019-11-08,0.9780082920613999
2019-11-09,1.239980103393801
2019-11-10,0.9241243919865492
2019-11-11,1.0581942433195055
2019-11-12,1.280711012954579
2019-11-13,0.8507729715843878
2019-11-14,1.160922620711532
2019-11-15,1.4271274515268104
2019-11-16,1.2528156148326353
2019-11-17,0.8917869762038643
