t,addresses_new_non_zero_count
2010-01-01,134
2010-01-02,126
2010-01-03,186
2010-01-04,183
2010-01-05,198
2010-01-06,163
2010-01-07,154
2010-01-08,153
2010-01-09,151
2010-01-10,190
2010-01-11,159
2010-01-12,159
2010-01-13,166
2010-01-14,145
2010-01-15,141
2010-01-16,126
2010-01-17,131
2010-01-18,127
2010-01-19,124
2010-01-20,158
2010-01-21,183
2010-01-22,135
2010-01-23,161
2010-01-24,154
2010-01-25,215
2010-01-26,197
2010-01-27,164
2010-01-28,177
2010-01-29,198
2010-01-30,212
2010-01-31,166
2010-02-01,192
2010-02-02,145
2010-02-03,270
2010-02-04,233
2010-02-05,227
2010-02-06,194
2010-02-07,222
2010-02-08,205
2010-02-09,210
2010-02-10,169
2010-02-11,169
2010-02-12,187
2010-02-13,234
2010-02-14,212
2010-02-15,183
2010-02-16,199
2010-02-17,243
2010-02-18,211
2010-02-19,197
2010-02-20,209
2010-02-21,225
2010-02-22,263
2010-02-23,251
2010-02-24,173
2010-02-25,156
2010-02-26,174
2010-02-27,172
2010-02-28,157
2010-03-01,196
2010-03-02,189
2010-03-03,152
2010-03-04,186
2010-03-05,172
2010-03-06,178
2010-03-07,180
2010-03-08,128
2010-03-09,147
2010-03-10,168
2010-03-11,134
2010-03-12,121
2010-03-13,154
2010-03-14,125
2010-03-15,143
2010-03-16,129
2010-03-17,138
2010-03-18,148
2010-03-19,159
2010-03-20,202
2010-03-21,185
2010-03-22,181
2010-03-23,212
2010-03-24,177
2010-03-25,194
2010-03-26,199
2010-03-27,180
2010-03-28,186
2010-03-29,196
2010-03-30,216
2010-03-31,211
2010-04-01,168
2010-04-02,156
2010-04-03,164
2010-04-04,173
2010-04-05,174
2010-04-06,163
2010-04-07,198
2010-04-08,191
2010-04-09,225
2010-04-10,288
2010-04-11,247
2010-04-12,223
2010-04-13,193
2010-04-14,206
2010-04-15,275
2010-04-16,219
2010-04-17,233
2010-04-18,3345
2010-04-19,253
2010-04-20,220
2010-04-21,237
2010-04-22,179
2010-04-23,187
2010-04-24,183
2010-04-25,172
2010-04-26,190
2010-04-27,210
2010-04-28,199
2010-04-29,160
2010-04-30,160
2010-05-01,192
2010-05-02,161
2010-05-03,168
2010-05-04,149
2010-05-05,145
2010-05-06,155
2010-05-07,138
2010-05-08,165
2010-05-09,169
2010-05-10,136
2010-05-11,116
2010-05-12,133
2010-05-13,141
2010-05-14,138
2010-05-15,94
2010-05-16,117
2010-05-17,152
2010-05-18,192
2010-05-19,193
2010-05-20,217
2010-05-21,192
2010-05-22,209
2010-05-23,288
2010-05-24,226
2010-05-25,233
2010-05-26,262
2010-05-27,231
2010-05-28,265
2010-05-29,220
2010-05-30,186
2010-05-31,179
2010-06-01,166
2010-06-02,177
2010-06-03,208
2010-06-04,162
2010-06-05,169
2010-06-06,179
2010-06-07,187
2010-06-08,212
2010-06-09,210
2010-06-10,202
2010-06-11,234
2010-06-12,193
2010-06-13,220
2010-06-14,233
2010-06-15,255
2010-06-16,183
2010-06-17,188
2010-06-18,174
2010-06-19,204
2010-06-20,222
2010-06-21,243
2010-06-22,219
2010-06-23,251
2010-06-24,222
2010-06-25,195
2010-06-26,186
2010-06-27,211
2010-06-28,194
2010-06-29,229
2010-06-30,244
2010-07-01,249
2010-07-02,205
2010-07-03,244
2010-07-04,191
2010-07-05,204
2010-07-06,188
2010-07-07,207
2010-07-08,208
2010-07-09,253
2010-07-10,229
2010-07-11,432
2010-07-12,3323
2010-07-13,1733
2010-07-14,6478
2010-07-15,1508
2010-07-16,1340
2010-07-17,447
2010-07-18,467
2010-07-19,605
2010-07-20,674
2010-07-21,469
2010-07-22,434
2010-07-23,434
2010-07-24,706
2010-07-25,1847
2010-07-26,461
2010-07-27,471
2010-07-28,392
2010-07-29,387
2010-07-30,348
2010-07-31,317
2010-08-01,397
2010-08-02,390
2010-08-03,653
2010-08-04,460
2010-08-05,595
2010-08-06,380
2010-08-07,275
2010-08-08,409
2010-08-09,466
2010-08-10,341
2010-08-11,406
2010-08-12,415
2010-08-13,566
2010-08-14,408
2010-08-15,278
2010-08-16,465
2010-08-17,331
2010-08-18,415
2010-08-19,316
2010-08-20,403
2010-08-21,340
2010-08-22,346
2010-08-23,379
2010-08-24,396
2010-08-25,355
2010-08-26,347
2010-08-27,300
2010-08-28,350
2010-08-29,264
2010-08-30,323
2010-08-31,411
2010-09-01,389
2010-09-02,305
2010-09-03,339
2010-09-04,275
2010-09-05,323
2010-09-06,277
2010-09-07,255
2010-09-08,351
2010-09-09,312
2010-09-10,357
2010-09-11,289
2010-09-12,372
2010-09-13,444
2010-09-14,399
2010-09-15,417
2010-09-16,384
2010-09-17,344
2010-09-18,379
2010-09-19,356
2010-09-20,489
2010-09-21,922
2010-09-22,785
2010-09-23,664
2010-09-24,528
2010-09-25,570
2010-09-26,409
2010-09-27,654
2010-09-28,448
2010-09-29,935
2010-09-30,419
2010-10-01,624
2010-10-02,524
2010-10-03,387
2010-10-04,448
2010-10-05,441
2010-10-06,420
2010-10-07,359
2010-10-08,407
2010-10-09,445
2010-10-10,389
2010-10-11,376
2010-10-12,402
2010-10-13,405
2010-10-14,398
2010-10-15,362
2010-10-16,477
2010-10-17,499
2010-10-18,643
2010-10-19,958
2010-10-20,728
2010-10-21,557
2010-10-22,591
2010-10-23,518
2010-10-24,530
2010-10-25,469
2010-10-26,621
2010-10-27,666
2010-10-28,546
2010-10-29,474
2010-10-30,424
2010-10-31,302
2010-11-01,347
2010-11-02,294
2010-11-03,356
2010-11-04,341
2010-11-05,428
2010-11-06,404
2010-11-07,421
2010-11-08,517
2010-11-09,400
2010-11-10,409
2010-11-11,392
2010-11-12,281
2010-11-13,333
2010-11-14,417
2010-11-15,4164
2010-11-16,3030
2010-11-17,450
2010-11-18,424
2010-11-19,354
2010-11-20,558
2010-11-21,509
2010-11-22,374
2010-11-23,369
2010-11-24,552
2010-11-25,591
2010-11-26,911
2010-11-27,521
2010-11-28,504
2010-11-29,511
2010-11-30,525
2010-12-01,647
2010-12-02,521
2010-12-03,434
2010-12-04,496
2010-12-05,502
2010-12-06,519
2010-12-07,678
2010-12-08,620
2010-12-09,555
2010-12-10,458
2010-12-11,774
2010-12-12,908
2010-12-13,910
2010-12-14,808
2010-12-15,758
2010-12-16,641
2010-12-17,533
2010-12-18,611
2010-12-19,676
2010-12-20,1027
2010-12-21,743
2010-12-22,787
2010-12-23,681
2010-12-24,615
2010-12-25,819
2010-12-26,720
2010-12-27,607
2010-12-28,751
2010-12-29,600
2010-12-30,676
2010-12-31,612
2011-01-01,750
2011-01-02,628
2011-01-03,910
2011-01-04,766
2011-01-05,970
2011-01-06,709
2011-01-07,863
2011-01-08,1036
2011-01-09,934
2011-01-10,991
2011-01-11,1071
2011-01-12,881
2011-01-13,986
2011-01-14,900
2011-01-15,993
2011-01-16,1053
2011-01-17,932
2011-01-18,979
2011-01-19,1043
2011-01-20,1016
2011-01-21,1331
2011-01-22,1531
2011-01-23,1243
2011-01-24,1465
2011-01-25,983
2011-01-26,1044
2011-01-27,950
2011-01-28,1209
2011-01-29,1501
2011-01-30,2660
2011-01-31,1589
2011-02-01,1140
2011-02-02,935
2011-02-03,816
2011-02-04,972
2011-02-05,875
2011-02-06,916
2011-02-07,903
2011-02-08,905
2011-02-09,1486
2011-02-10,2694
2011-02-11,3408
2011-02-12,2589
2011-02-13,2316
2011-02-14,2493
2011-02-15,2505
2011-02-16,2210
2011-02-17,2755
2011-02-18,2560
2011-02-19,1973
2011-02-20,2341
2011-02-21,2498
2011-02-22,2783
2011-02-23,2786
2011-02-24,2637
2011-02-25,2556
2011-02-26,2461
2011-02-27,2674
2011-02-28,2112
2011-03-01,3908
2011-03-02,2502
2011-03-03,3832
2011-03-04,2272
2011-03-05,2390
2011-03-06,2368
2011-03-07,2347
2011-03-08,2918
2011-03-09,2373
2011-03-10,2157
2011-03-11,2097
2011-03-12,2239
2011-03-13,2036
2011-03-14,1806
2011-03-15,2446
2011-03-16,2085
2011-03-17,2265
2011-03-18,2087
2011-03-19,2238
2011-03-20,3572
2011-03-21,3686
2011-03-22,2807
2011-03-23,5557
2011-03-24,3020
2011-03-25,2694
2011-03-26,3412
2011-03-27,2978
2011-03-28,3260
2011-03-29,3174
2011-03-30,2347
2011-03-31,2678
2011-04-01,1913
2011-04-02,2069
2011-04-03,2260
2011-04-04,2988
2011-04-05,2732
2011-04-06,2428
2011-04-07,2041
2011-04-08,2209
2011-04-09,2194
2011-04-10,2115
2011-04-11,2377
2011-04-12,2516
2011-04-13,2747
2011-04-14,4408
2011-04-15,2303
2011-04-16,2458
2011-04-17,2541
2011-04-18,3463
2011-04-19,4173
2011-04-20,3363
2011-04-21,2447
2011-04-22,2508
2011-04-23,2816
2011-04-24,2679
2011-04-25,3139
2011-04-26,4054
2011-04-27,5244
2011-04-28,3935
2011-04-29,4355
2011-04-30,5544
2011-05-01,4766
2011-05-02,3661
2011-05-03,3680
2011-05-04,3771
2011-05-05,4451
2011-05-06,4398
2011-05-07,4631
2011-05-08,3914
2011-05-09,4502
2011-05-10,4017
2011-05-11,4096
2011-05-12,4076
2011-05-13,5752
2011-05-14,5733
2011-05-15,5286
2011-05-16,8116
2011-05-17,6837
2011-05-18,8402
2011-05-19,7982
2011-05-20,7224
2011-05-21,6810
2011-05-22,6805
2011-05-23,7424
2011-05-24,8464
2011-05-25,9431
2011-05-26,8715
2011-05-27,6091
2011-05-28,6868
2011-05-29,6161
2011-05-30,7748
2011-05-31,8556
2011-06-01,8165
2011-06-02,9029
2011-06-03,10709
2011-06-04,12273
2011-06-05,10810
2011-06-06,12552
2011-06-07,11419
2011-06-08,15550
2011-06-09,16493
2011-06-10,14895
2011-06-11,14210
2011-06-12,16418
2011-06-13,15119
2011-06-14,18145
2011-06-15,16641
2011-06-16,17477
2011-06-17,15421
2011-06-18,16377
2011-06-19,16372
2011-06-20,14960
2011-06-21,14738
2011-06-22,15835
2011-06-23,14008
2011-06-24,14694
2011-06-25,12988
2011-06-26,14018
2011-06-27,17672
2011-06-28,15345
2011-06-29,14473
2011-06-30,13304
2011-07-01,20343
2011-07-02,23518
2011-07-03,13414
2011-07-04,13944
2011-07-05,12516
2011-07-06,15906
2011-07-07,14272
2011-07-08,14952
2011-07-09,14120
2011-07-10,19938
2011-07-11,15830
2011-07-12,13799
2011-07-13,17165
2011-07-14,18698
2011-07-15,15395
2011-07-16,14625
2011-07-17,15530
2011-07-18,15356
2011-07-19,15873
2011-07-20,15840
2011-07-21,16486
2011-07-22,15993
2011-07-23,14043
2011-07-24,14796
2011-07-25,17022
2011-07-26,14469
2011-07-27,14675
2011-07-28,16305
2011-07-29,14070
2011-07-30,12597
2011-07-31,15726
2011-08-01,15335
2011-08-02,12619
2011-08-03,9638
2011-08-04,10230
2011-08-05,13792
2011-08-06,12704
2011-08-07,12819
2011-08-08,13155
2011-08-09,14713
2011-08-10,10496
2011-08-11,9915
2011-08-12,9217
2011-08-13,11846
2011-08-14,13202
2011-08-15,10752
2011-08-16,11732
2011-08-17,11974
2011-08-18,11917
2011-08-19,14238
2011-08-20,12994
2011-08-21,14851
2011-08-22,16250
2011-08-23,14090
2011-08-24,13677
2011-08-25,14535
2011-08-26,12402
2011-08-27,11855
2011-08-28,11561
2011-08-29,11413
2011-08-30,9275
2011-08-31,8974
2011-09-01,8721
2011-09-02,8493
2011-09-03,7478
2011-09-04,9990
2011-09-05,9954
2011-09-06,10002
2011-09-07,8782
2011-09-08,8002
2011-09-09,8723
2011-09-10,7295
2011-09-11,8157
2011-09-12,8192
2011-09-13,7999
2011-09-14,7427
2011-09-15,8035
2011-09-16,7724
2011-09-17,6738
2011-09-18,7193
2011-09-19,8421
2011-09-20,13861
2011-09-21,9168
2011-09-22,10646
2011-09-23,13625
2011-09-24,12855
2011-09-25,13239
2011-09-26,11395
2011-09-27,12057
2011-09-28,7047
2011-09-29,6705
2011-09-30,7023
2011-10-01,6364
2011-10-02,6020
2011-10-03,7642
2011-10-04,7349
2011-10-05,6934
2011-10-06,7353
2011-10-07,6932
2011-10-08,6459
2011-10-09,6513
2011-10-10,7130
2011-10-11,7506
2011-10-12,7217
2011-10-13,6237
2011-10-14,7272
2011-10-15,6828
2011-10-16,6031
2011-10-17,6918
2011-10-18,5977
2011-10-19,6033
2011-10-20,5416
2011-10-21,6334
2011-10-22,6222
2011-10-23,7019
2011-10-24,7308
2011-10-25,6553
2011-10-26,6466
2011-10-27,5799
2011-10-28,6553
2011-10-29,6781
2011-10-30,6016
2011-10-31,6189
2011-11-01,7289
2011-11-02,7216
2011-11-03,7443
2011-11-04,7814
2011-11-05,7066
2011-11-06,6068
2011-11-07,6558
2011-11-08,7293
2011-11-09,7846
2011-11-10,7782
2011-11-11,6209
2011-11-12,6088
2011-11-13,6692
2011-11-14,7048
2011-11-15,7225
2011-11-16,7223
2011-11-17,5957
2011-11-18,6510
2011-11-19,4411
2011-11-20,4814
2011-11-21,4661
2011-11-22,5332
2011-11-23,5236
2011-11-24,4803
2011-11-25,5350
2011-11-26,4609
2011-11-27,5014
2011-11-28,6326
2011-11-29,7652
2011-11-30,7166
2011-12-01,7089
2011-12-02,6712
2011-12-03,5516
2011-12-04,5553
2011-12-05,6347
2011-12-06,8007
2011-12-07,6218
2011-12-08,5248
2011-12-09,5338
2011-12-10,5439
2011-12-11,4976
2011-12-12,4651
2011-12-13,5824
2011-12-14,5155
2011-12-15,4363
2011-12-16,4816
2011-12-17,4533
2011-12-18,4241
2011-12-19,5739
2011-12-20,6163
2011-12-21,5107
2011-12-22,5385
2011-12-23,5459
2011-12-24,4269
2011-12-25,5053
2011-12-26,5544
2011-12-27,5288
2011-12-28,4483
2011-12-29,5040
2011-12-30,4423
2011-12-31,4522
2012-01-01,4550
2012-01-02,5087
2012-01-03,5313
2012-01-04,5323
2012-01-05,6958
2012-01-06,6462
2012-01-07,5596
2012-01-08,6142
2012-01-09,5844
2012-01-10,6908
2012-01-11,6849
2012-01-12,6130
2012-01-13,6519
2012-01-14,6498
2012-01-15,6148
2012-01-16,6294
2012-01-17,6438
2012-01-18,6488
2012-01-19,6593
2012-01-20,6355
2012-01-21,5629
2012-01-22,4541
2012-01-23,5382
2012-01-24,6847
2012-01-25,7680
2012-01-26,6076
2012-01-27,6114
2012-01-28,5376
2012-01-29,5748
2012-01-30,5702
2012-01-31,6779
2012-02-01,6141
2012-02-02,6836
2012-02-03,6952
2012-02-04,7291
2012-02-05,6497
2012-02-06,5914
2012-02-07,6760
2012-02-08,6559
2012-02-09,6975
2012-02-10,7648
2012-02-11,7058
2012-02-12,6435
2012-02-13,7565
2012-02-14,9194
2012-02-15,8949
2012-02-16,9240
2012-02-17,6607
2012-02-18,6372
2012-02-19,5991
2012-02-20,6399
2012-02-21,6384
2012-02-22,7129
2012-02-23,7929
2012-02-24,7051
2012-02-25,5813
2012-02-26,5436
2012-02-27,6310
2012-02-28,6579
2012-02-29,6551
2012-03-01,7025
2012-03-02,7678
2012-03-03,5335
2012-03-04,6842
2012-03-05,7223
2012-03-06,6495
2012-03-07,6876
2012-03-08,6762
2012-03-09,6467
2012-03-10,5091
2012-03-11,5245
2012-03-12,5973
2012-03-13,7566
2012-03-14,6882
2012-03-15,6556
2012-03-16,6856
2012-03-17,7372
2012-03-18,6158
2012-03-19,6574
2012-03-20,6874
2012-03-21,7113
2012-03-22,6435
2012-03-23,6006
2012-03-24,6050
2012-03-25,6026
2012-03-26,6642
2012-03-27,6615
2012-03-28,7315
2012-03-29,7458
2012-03-30,6597
2012-03-31,5974
2012-04-01,5134
2012-04-02,6282
2012-04-03,8115
2012-04-04,7457
2012-04-05,7266
2012-04-06,6728
2012-04-07,6010
2012-04-08,6081
2012-04-09,6701
2012-04-10,8157
2012-04-11,8558
2012-04-12,8657
2012-04-13,7061
2012-04-14,8110
2012-04-15,7539
2012-04-16,8534
2012-04-17,8076
2012-04-18,8958
2012-04-19,7895
2012-04-20,8631
2012-04-21,7366
2012-04-22,6492
2012-04-23,7413
2012-04-24,7980
2012-04-25,7878
2012-04-26,9507
2012-04-27,7399
2012-04-28,7035
2012-04-29,6886
2012-04-30,9282
2012-05-01,8924
2012-05-02,9425
2012-05-03,10878
2012-05-04,10631
2012-05-05,9905
2012-05-06,8831
2012-05-07,13233
2012-05-08,12520
2012-05-09,13154
2012-05-10,9772
2012-05-11,14252
2012-05-12,12769
2012-05-13,10419
2012-05-14,20633
2012-05-15,15481
2012-05-16,13249
2012-05-17,12270
2012-05-18,16033
2012-05-19,20942
2012-05-20,19107
2012-05-21,19426
2012-05-22,16074
2012-05-23,17751
2012-05-24,17184
2012-05-25,18319
2012-05-26,14914
2012-05-27,16193
2012-05-28,17787
2012-05-29,20102
2012-05-30,16685
2012-05-31,16452
2012-06-01,17066
2012-06-02,10151
2012-06-03,19667
2012-06-04,27230
2012-06-05,27116
2012-06-06,12542
2012-06-07,20332
2012-06-08,14984
2012-06-09,18405
2012-06-10,21830
2012-06-11,19467
2012-06-12,11715
2012-06-13,32208
2012-06-14,30697
2012-06-15,30522
2012-06-16,25527
2012-06-17,25809
2012-06-18,24588
2012-06-19,21705
2012-06-20,18258
2012-06-21,16843
2012-06-22,16203
2012-06-23,15884
2012-06-24,15962
2012-06-25,20173
2012-06-26,22037
2012-06-27,23638
2012-06-28,19629
2012-06-29,19539
2012-06-30,19178
2012-07-01,19141
2012-07-02,21872
2012-07-03,19549
2012-07-04,17538
2012-07-05,15328
2012-07-06,16572
2012-07-07,19659
2012-07-08,15971
2012-07-09,18636
2012-07-10,23546
2012-07-11,21130
2012-07-12,20524
2012-07-13,17304
2012-07-14,17565
2012-07-15,18249
2012-07-16,23153
2012-07-17,25374
2012-07-18,20412
2012-07-19,20318
2012-07-20,22903
2012-07-21,22944
2012-07-22,25462
2012-07-23,25550
2012-07-24,20709
2012-07-25,18089
2012-07-26,17858
2012-07-27,18362
2012-07-28,24063
2012-07-29,20535
2012-07-30,21542
2012-07-31,35016
2012-08-01,23686
2012-08-02,24754
2012-08-03,21190
2012-08-04,20241
2012-08-05,22633
2012-08-06,26412
2012-08-07,23875
2012-08-08,30644
2012-08-09,22099
2012-08-10,22210
2012-08-11,22453
2012-08-12,23877
2012-08-13,30612
2012-08-14,24947
2012-08-15,28726
2012-08-16,38745
2012-08-17,35189
2012-08-18,32633
2012-08-19,27091
2012-08-20,25186
2012-08-21,32149
2012-08-22,29571
2012-08-23,26605
2012-08-24,26261
2012-08-25,22061
2012-08-26,19556
2012-08-27,22019
2012-08-28,21142
2012-08-29,23552
2012-08-30,20394
2012-08-31,29875
2012-09-01,27752
2012-09-02,20399
2012-09-03,19899
2012-09-04,24035
2012-09-05,25693
2012-09-06,28088
2012-09-07,24186
2012-09-08,19445
2012-09-09,23972
2012-09-10,21495
2012-09-11,26554
2012-09-12,18952
2012-09-13,18637
2012-09-14,21348
2012-09-15,16841
2012-09-16,16754
2012-09-17,16868
2012-09-18,22268
2012-09-19,24706
2012-09-20,27877
2012-09-21,18956
2012-09-22,13372
2012-09-23,14564
2012-09-24,17774
2012-09-25,24926
2012-09-26,26927
2012-09-27,22155
2012-09-28,26231
2012-09-29,18254
2012-09-30,16231
2012-10-01,18207
2012-10-02,28902
2012-10-03,24229
2012-10-04,27564
2012-10-05,26009
2012-10-06,23390
2012-10-07,24574
2012-10-08,28174
2012-10-09,28476
2012-10-10,26063
2012-10-11,22443
2012-10-12,25241
2012-10-13,21103
2012-10-14,21780
2012-10-15,23558
2012-10-16,22069
2012-10-17,25416
2012-10-18,23914
2012-10-19,19918
2012-10-20,22680
2012-10-21,21973
2012-10-22,23545
2012-10-23,19527
2012-10-24,21050
2012-10-25,19399
2012-10-26,18326
2012-10-27,14033
2012-10-28,13149
2012-10-29,13917
2012-10-30,18747
2012-10-31,17602
2012-11-01,15583
2012-11-02,17289
2012-11-03,17435
2012-11-04,15057
2012-11-05,18169
2012-11-06,20397
2012-11-07,22535
2012-11-08,18821
2012-11-09,18427
2012-11-10,16234
2012-11-11,14787
2012-11-12,16349
2012-11-13,17430
2012-11-14,20536
2012-11-15,25811
2012-11-16,26546
2012-11-17,29173
2012-11-18,24442
2012-11-19,23452
2012-11-20,24804
2012-11-21,24033
2012-11-22,22543
2012-11-23,17214
2012-11-24,18441
2012-11-25,18293
2012-11-26,21164
2012-11-27,19227
2012-11-28,21790
2012-11-29,20997
2012-11-30,18936
2012-12-01,17749
2012-12-02,12937
2012-12-03,14392
2012-12-04,20431
2012-12-05,22786
2012-12-06,22208
2012-12-07,21428
2012-12-08,21239
2012-12-09,20447
2012-12-10,17068
2012-12-11,20375
2012-12-12,22164
2012-12-13,25807
2012-12-14,23215
2012-12-15,19291
2012-12-16,19794
2012-12-17,23932
2012-12-18,29116
2012-12-19,24501
2012-12-20,21263
2012-12-21,26163
2012-12-22,35525
2012-12-23,20700
2012-12-24,20307
2012-12-25,16752
2012-12-26,16503
2012-12-27,18814
2012-12-28,23588
2012-12-29,19966
2012-12-30,27944
2012-12-31,18751
2013-01-01,20051
2013-01-02,24208
2013-01-03,30278
2013-01-04,25733
2013-01-05,27474
2013-01-06,20780
2013-01-07,24560
2013-01-08,25724
2013-01-09,27603
2013-01-10,30594
2013-01-11,33789
2013-01-12,24974
2013-01-13,28082
2013-01-14,23707
2013-01-15,29836
2013-01-16,32887
2013-01-17,30657
2013-01-18,31070
2013-01-19,26236
2013-01-20,25003
2013-01-21,23035
2013-01-22,27167
2013-01-23,25607
2013-01-24,28654
2013-01-25,28791
2013-01-26,31464
2013-01-27,29049
2013-01-28,27370
2013-01-29,28677
2013-01-30,23426
2013-01-31,25439
2013-02-01,35168
2013-02-02,31395
2013-02-03,30138
2013-02-04,29478
2013-02-05,32874
2013-02-06,28743
2013-02-07,31723
2013-02-08,32780
2013-02-09,29779
2013-02-10,33598
2013-02-11,28280
2013-02-12,29149
2013-02-13,28442
2013-02-14,26909
2013-02-15,27004
2013-02-16,23731
2013-02-17,24457
2013-02-18,25906
2013-02-19,26457
2013-02-20,27099
2013-02-21,28825
2013-02-22,31317
2013-02-23,29790
2013-02-24,29512
2013-02-25,28991
2013-02-26,31459
2013-02-27,27578
2013-02-28,30712
2013-03-01,34534
2013-03-02,24462
2013-03-03,22953
2013-03-04,27131
2013-03-05,30863
2013-03-06,35602
2013-03-07,33871
2013-03-08,30669
2013-03-09,26800
2013-03-10,30299
2013-03-11,25876
2013-03-12,29968
2013-03-13,32826
2013-03-14,30939
2013-03-15,35124
2013-03-16,23861
2013-03-17,25441
2013-03-18,30247
2013-03-19,34804
2013-03-20,31344
2013-03-21,33248
2013-03-22,38468
2013-03-23,31307
2013-03-24,39854
2013-03-25,33371
2013-03-26,35799
2013-03-27,37344
2013-03-28,41422
2013-03-29,45688
2013-03-30,39839
2013-03-31,29603
2013-04-01,37290
2013-04-02,48201
2013-04-03,53962
2013-04-04,56432
2013-04-05,56052
2013-04-06,41149
2013-04-07,39923
2013-04-08,59216
2013-04-09,61023
2013-04-10,73729
2013-04-11,61521
2013-04-12,53313
2013-04-13,43129
2013-04-14,34077
2013-04-15,45536
2013-04-16,52595
2013-04-17,51852
2013-04-18,42647
2013-04-19,52609
2013-04-20,37393
2013-04-21,33509
2013-04-22,41404
2013-04-23,48721
2013-04-24,49251
2013-04-25,46603
2013-04-26,42805
2013-04-27,39954
2013-04-28,78887
2013-04-29,40203
2013-04-30,32270
2013-05-01,39946
2013-05-02,38311
2013-05-03,36185
2013-05-04,30850
2013-05-05,31954
2013-05-06,36066
2013-05-07,40859
2013-05-08,41432
2013-05-09,43634
2013-05-10,42602
2013-05-11,41428
2013-05-12,34714
2013-05-13,37451
2013-05-14,41802
2013-05-15,41889
2013-05-16,39930
2013-05-17,37614
2013-05-18,32691
2013-05-19,30679
2013-05-20,34079
2013-05-21,41089
2013-05-22,36060
2013-05-23,42402
2013-05-24,40406
2013-05-25,31522
2013-05-26,27766
2013-05-27,32149
2013-05-28,37242
2013-05-29,40526
2013-05-30,38299
2013-05-31,37792
2013-06-01,33025
2013-06-02,29392
2013-06-03,35391
2013-06-04,38074
2013-06-05,34639
2013-06-06,36376
2013-06-07,39295
2013-06-08,28295
2013-06-09,26798
2013-06-10,31252
2013-06-11,33023
2013-06-12,30678
2013-06-13,33849
2013-06-14,43488
2013-06-15,27776
2013-06-16,24354
2013-06-17,29961
2013-06-18,33040
2013-06-19,36662
2013-06-20,35885
2013-06-21,38076
2013-06-22,30147
2013-06-23,25148
2013-06-24,33080
2013-06-25,32687
2013-06-26,32896
2013-06-27,32495
2013-06-28,38511
2013-06-29,28843
2013-06-30,25058
2013-07-01,36264
2013-07-02,33956
2013-07-03,34584
2013-07-04,31940
2013-07-05,32359
2013-07-06,26908
2013-07-07,22920
2013-07-08,34864
2013-07-09,37298
2013-07-10,35046
2013-07-11,44476
2013-07-12,49665
2013-07-13,33914
2013-07-14,23652
2013-07-15,31249
2013-07-16,37769
2013-07-17,35317
2013-07-18,34405
2013-07-19,33514
2013-07-20,26219
2013-07-21,27608
2013-07-22,33798
2013-07-23,35482
2013-07-24,35159
2013-07-25,37178
2013-07-26,34520
2013-07-27,27170
2013-07-28,26735
2013-07-29,36777
2013-07-30,40732
2013-07-31,48107
2013-08-01,83186
2013-08-02,47796
2013-08-03,35542
2013-08-04,32359
2013-08-05,44268
2013-08-06,43678
2013-08-07,45682
2013-08-08,43769
2013-08-09,38396
2013-08-10,37185
2013-08-11,29167
2013-08-12,70909
2013-08-13,43973
2013-08-14,46505
2013-08-15,45339
2013-08-16,53270
2013-08-17,36752
2013-08-18,33028
2013-08-19,50178
2013-08-20,47735
2013-08-21,48544
2013-08-22,52849
2013-08-23,43800
2013-08-24,36845
2013-08-25,33092
2013-08-26,44212
2013-08-27,51940
2013-08-28,52661
2013-08-29,46298
2013-08-30,56064
2013-08-31,60541
2013-09-01,29740
2013-09-02,33285
2013-09-03,38704
2013-09-04,42353
2013-09-05,40926
2013-09-06,40146
2013-09-07,34989
2013-09-08,29455
2013-09-09,38459
2013-09-10,36816
2013-09-11,42342
2013-09-12,43434
2013-09-13,38691
2013-09-14,28949
2013-09-15,27833
2013-09-16,38731
2013-09-17,40977
2013-09-18,42982
2013-09-19,44585
2013-09-20,42298
2013-09-21,35688
2013-09-22,31233
2013-09-23,43296
2013-09-24,43851
2013-09-25,40422
2013-09-26,43178
2013-09-27,41056
2013-09-28,34633
2013-09-29,33780
2013-09-30,42529
2013-10-01,48808
2013-10-02,51738
2013-10-03,43580
2013-10-04,40345
2013-10-05,31685
2013-10-06,30859
2013-10-07,39999
2013-10-08,42014
2013-10-09,45135
2013-10-10,46269
2013-10-11,44212
2013-10-12,36877
2013-10-13,45764
2013-10-14,42917
2013-10-15,46040
2013-10-16,50706
2013-10-17,43279
2013-10-18,47960
2013-10-19,49659
2013-10-20,40928
2013-10-21,50653
2013-10-22,60660
2013-10-23,55718
2013-10-24,60685
2013-10-25,53571
2013-10-26,38279
2013-10-27,33697
2013-10-28,44774
2013-10-29,46306
2013-10-30,50909
2013-10-31,51332
2013-11-01,46914
2013-11-02,40623
2013-11-03,40279
2013-11-04,53722
2013-11-05,64942
2013-11-06,64856
2013-11-07,77522
2013-11-08,74381
2013-11-09,70837
2013-11-10,60755
2013-11-11,54494
2013-11-12,62394
2013-11-13,66004
2013-11-14,75226
2013-11-15,66433
2013-11-16,55428
2013-11-17,57957
2013-11-18,98501
2013-11-19,122569
2013-11-20,94626
2013-11-21,86987
2013-11-22,92542
2013-11-23,89488
2013-11-24,66868
2013-11-25,80770
2013-11-26,105749
2013-11-27,120839
2013-11-28,119039
2013-11-29,111893
2013-11-30,93988
2013-12-01,91315
2013-12-02,98139
2013-12-03,103171
2013-12-04,107115
2013-12-05,112005
2013-12-06,94721
2013-12-07,85366
2013-12-08,58957
2013-12-09,85052
2013-12-10,81951
2013-12-11,83332
2013-12-12,71486
2013-12-13,78043
2013-12-14,72732
2013-12-15,66578
2013-12-16,90226
2013-12-17,84742
2013-12-18,100581
2013-12-19,85309
2013-12-20,76368
2013-12-21,67672
2013-12-22,62103
2013-12-23,78877
2013-12-24,74611
2013-12-25,76569
2013-12-26,64674
2013-12-27,67390
2013-12-28,58176
2013-12-29,55496
2013-12-30,75272
2013-12-31,60337
2014-01-01,48016
2014-01-02,68175
2014-01-03,76350
2014-01-04,59230
2014-01-05,70149
2014-01-06,87273
2014-01-07,73112
2014-01-08,79826
2014-01-09,70522
2014-01-10,64443
2014-01-11,64358
2014-01-12,57124
2014-01-13,69031
2014-01-14,65023
2014-01-15,68130
2014-01-16,60700
2014-01-17,61925
2014-01-18,53054
2014-01-19,54185
2014-01-20,80615
2014-01-21,84639
2014-01-22,77159
2014-01-23,70163
2014-01-24,70463
2014-01-25,59027
2014-01-26,62518
2014-01-27,78093
2014-01-28,81443
2014-01-29,70557
2014-01-30,76730
2014-01-31,78345
2014-02-01,71945
2014-02-02,68471
2014-02-03,80688
2014-02-04,91383
2014-02-05,78714
2014-02-06,84271
2014-02-07,88571
2014-02-08,75628
2014-02-09,60604
2014-02-10,73598
2014-02-11,73589
2014-02-12,70050
2014-02-13,75845
2014-02-14,84043
2014-02-15,77005
2014-02-16,58976
2014-02-17,71751
2014-02-18,79391
2014-02-19,98653
2014-02-20,102475
2014-02-21,104174
2014-02-22,83684
2014-02-23,93648
2014-02-24,113386
2014-02-25,121848
2014-02-26,110755
2014-02-27,95258
2014-02-28,92185
2014-03-01,100240
2014-03-02,80904
2014-03-03,123682
2014-03-04,132657
2014-03-05,115204
2014-03-06,110189
2014-03-07,104229
2014-03-08,100087
2014-03-09,93174
2014-03-10,93153
2014-03-11,96931
2014-03-12,107955
2014-03-13,103206
2014-03-14,82162
2014-03-15,67463
2014-03-16,62114
2014-03-17,84866
2014-03-18,67558
2014-03-19,76434
2014-03-20,79613
2014-03-21,103283
2014-03-22,82150
2014-03-23,69492
2014-03-24,89663
2014-03-25,89779
2014-03-26,91558
2014-03-27,107308
2014-03-28,103276
2014-03-29,73678
2014-03-30,67114
2014-03-31,95377
2014-04-01,101889
2014-04-02,100905
2014-04-03,71015
2014-04-04,104258
2014-04-05,84979
2014-04-06,83275
2014-04-07,88066
2014-04-08,90341
2014-04-09,100712
2014-04-10,102158
2014-04-11,96972
2014-04-12,70788
2014-04-13,75475
2014-04-14,104550
2014-04-15,99409
2014-04-16,91097
2014-04-17,81361
2014-04-18,80282
2014-04-19,74486
2014-04-20,68439
2014-04-21,73183
2014-04-22,103654
2014-04-23,83808
2014-04-24,84316
2014-04-25,98357
2014-04-26,70770
2014-04-27,66194
2014-04-28,90739
2014-04-29,91368
2014-04-30,89772
2014-05-01,84388
2014-05-02,75954
2014-05-03,54719
2014-05-04,54791
2014-05-05,77065
2014-05-06,92853
2014-05-07,90244
2014-05-08,94319
2014-05-09,88165
2014-05-10,72844
2014-05-11,61212
2014-05-12,78045
2014-05-13,74609
2014-05-14,85906
2014-05-15,100867
2014-05-16,72675
2014-05-17,66936
2014-05-18,69342
2014-05-19,84700
2014-05-20,103072
2014-05-21,79396
2014-05-22,85891
2014-05-23,97788
2014-05-24,58617
2014-05-25,81703
2014-05-26,90393
2014-05-27,98683
2014-05-28,106405
2014-05-29,94017
2014-05-30,77438
2014-05-31,74286
2014-06-01,85044
2014-06-02,93730
2014-06-03,105270
2014-06-04,94264
2014-06-05,100158
2014-06-06,91153
2014-06-07,74112
2014-06-08,71411
2014-06-09,86026
2014-06-10,88565
2014-06-11,91509
2014-06-12,90992
2014-06-13,90583
2014-06-14,76762
2014-06-15,68740
2014-06-16,95046
2014-06-17,101211
2014-06-18,90310
2014-06-19,79141
2014-06-20,81162
2014-06-21,79288
2014-06-22,75707
2014-06-23,79048
2014-06-24,93480
2014-06-25,95669
2014-06-26,85616
2014-06-27,91810
2014-06-28,72268
2014-06-29,66918
2014-06-30,95860
2014-07-01,101559
2014-07-02,98023
2014-07-03,83871
2014-07-04,69945
2014-07-05,60530
2014-07-06,77257
2014-07-07,93901
2014-07-08,112459
2014-07-09,99898
2014-07-10,97956
2014-07-11,94788
2014-07-12,70554
2014-07-13,80736
2014-07-14,85035
2014-07-15,100169
2014-07-16,91086
2014-07-17,93817
2014-07-18,90594
2014-07-19,83871
2014-07-20,79814
2014-07-21,81507
2014-07-22,89111
2014-07-23,100433
2014-07-24,93298
2014-07-25,96300
2014-07-26,72383
2014-07-27,69818
2014-07-28,94011
2014-07-29,91105
2014-07-30,103556
2014-07-31,94285
2014-08-01,94450
2014-08-02,74351
2014-08-03,62511
2014-08-04,77445
2014-08-05,112126
2014-08-06,113799
2014-08-07,95131
2014-08-08,97981
2014-08-09,81083
2014-08-10,79824
2014-08-11,108380
2014-08-12,113052
2014-08-13,112749
2014-08-14,105435
2014-08-15,100740
2014-08-16,99012
2014-08-17,81265
2014-08-18,104467
2014-08-19,107722
2014-08-20,108713
2014-08-21,106047
2014-08-22,100294
2014-08-23,81434
2014-08-24,83913
2014-08-25,98319
2014-08-26,106891
2014-08-27,102408
2014-08-28,98484
2014-08-29,89179
2014-08-30,80397
2014-08-31,77917
2014-09-01,91897
2014-09-02,98512
2014-09-03,94118
2014-09-04,101962
2014-09-05,101651
2014-09-06,82372
2014-09-07,91573
2014-09-08,105357
2014-09-09,117326
2014-09-10,106270
2014-09-11,96218
2014-09-12,98837
2014-09-13,84279
2014-09-14,98652
2014-09-15,103157
2014-09-16,124088
2014-09-17,108434
2014-09-18,108086
2014-09-19,94519
2014-09-20,85455
2014-09-21,68842
2014-09-22,105784
2014-09-23,109763
2014-09-24,102029
2014-09-25,109280
2014-09-26,99839
2014-09-27,86034
2014-09-28,87381
2014-09-29,104748
2014-09-30,112563
2014-10-01,118271
2014-10-02,105189
2014-10-03,83334
2014-10-04,72114
2014-10-05,90122
2014-10-06,99474
2014-10-07,111650
2014-10-08,112582
2014-10-09,109178
2014-10-10,110069
2014-10-11,87493
2014-10-12,85100
2014-10-13,112977
2014-10-14,118540
2014-10-15,118828
2014-10-16,110265
2014-10-17,107936
2014-10-18,88789
2014-10-19,85393
2014-10-20,111094
2014-10-21,120450
2014-10-22,113431
2014-10-23,116363
2014-10-24,110395
2014-10-25,94054
2014-10-26,90400
2014-10-27,120102
2014-10-28,115893
2014-10-29,119899
2014-10-30,121618
2014-10-31,115957
2014-11-01,91265
2014-11-02,103698
2014-11-03,119227
2014-11-04,118013
2014-11-05,118689
2014-11-06,123195
2014-11-07,107644
2014-11-08,88562
2014-11-09,97970
2014-11-10,112832
2014-11-11,115349
2014-11-12,135393
2014-11-13,124540
2014-11-14,120232
2014-11-15,96460
2014-11-16,94560
2014-11-17,117301
2014-11-18,118274
2014-11-19,115337
2014-11-20,124453
2014-11-21,111624
2014-11-22,97972
2014-11-23,92763
2014-11-24,106960
2014-11-25,118263
2014-11-26,115711
2014-11-27,117815
2014-11-28,113136
2014-11-29,98859
2014-11-30,107011
2014-12-01,115541
2014-12-02,144270
2014-12-03,130406
2014-12-04,128079
2014-12-05,121473
2014-12-06,99219
2014-12-07,95784
2014-12-08,131024
2014-12-09,126926
2014-12-10,127245
2014-12-11,119440
2014-12-12,120821
2014-12-13,106682
2014-12-14,116471
2014-12-15,131967
2014-12-16,151265
2014-12-17,149159
2014-12-18,133123
2014-12-19,116445
2014-12-20,125232
2014-12-21,109472
2014-12-22,139075
2014-12-23,137218
2014-12-24,108387
2014-12-25,84871
2014-12-26,98421
2014-12-27,103599
2014-12-28,102413
2014-12-29,108203
2014-12-30,113928
2014-12-31,101265
2015-01-01,72699
2015-01-02,103865
2015-01-03,109711
2015-01-04,112151
2015-01-05,127095
2015-01-06,121392
2015-01-07,119633
2015-01-08,131134
2015-01-09,128152
2015-01-10,124208
2015-01-11,111235
2015-01-12,123559
2015-01-13,146362
2015-01-14,156997
2015-01-15,159987
2015-01-16,139288
2015-01-17,134555
2015-01-18,114518
2015-01-19,130802
2015-01-20,130972
2015-01-21,132051
2015-01-22,129544
2015-01-23,116517
2015-01-24,104273
2015-01-25,124436
2015-01-26,140919
2015-01-27,141229
2015-01-28,97735
2015-01-29,111080
2015-01-30,97313
2015-01-31,134072
2015-02-01,110767
2015-02-02,118375
2015-02-03,136256
2015-02-04,131841
2015-02-05,120378
2015-02-06,121249
2015-02-07,105830
2015-02-08,108857
2015-02-09,127117
2015-02-10,123322
2015-02-11,128947
2015-02-12,128291
2015-02-13,166679
2015-02-14,123939
2015-02-15,124984
2015-02-16,133415
2015-02-17,145271
2015-02-18,133676
2015-02-19,116574
2015-02-20,125622
2015-02-21,117828
2015-02-22,111789
2015-02-23,131230
2015-02-24,132659
2015-02-25,133735
2015-02-26,130919
2015-02-27,131092
2015-02-28,110458
2015-03-01,115285
2015-03-02,143921
2015-03-03,148552
2015-03-04,132238
2015-03-05,144723
2015-03-06,125970
2015-03-07,111378
2015-03-08,100841
2015-03-09,130087
2015-03-10,140686
2015-03-11,140458
2015-03-12,133058
2015-03-13,128158
2015-03-14,119985
2015-03-15,101788
2015-03-16,129915
2015-03-17,124775
2015-03-18,120640
2015-03-19,131667
2015-03-20,131976
2015-03-21,112010
2015-03-22,112881
2015-03-23,131830
2015-03-24,121303
2015-03-25,125436
2015-03-26,122877
2015-03-27,126718
2015-03-28,107429
2015-03-29,109199
2015-03-30,138436
2015-03-31,146888
2015-04-01,159906
2015-04-02,150301
2015-04-03,129840
2015-04-04,112223
2015-04-05,104727
2015-04-06,128877
2015-04-07,142875
2015-04-08,145711
2015-04-09,142243
2015-04-10,141715
2015-04-11,123549
2015-04-12,108969
2015-04-13,143355
2015-04-14,137747
2015-04-15,124091
2015-04-16,123370
2015-04-17,121364
2015-04-18,107769
2015-04-19,105314
2015-04-20,129221
2015-04-21,135085
2015-04-22,139053
2015-04-23,137115
2015-04-24,134319
2015-04-25,120037
2015-04-26,113484
2015-04-27,137433
2015-04-28,138624
2015-04-29,145051
2015-04-30,139530
2015-05-01,123632
2015-05-02,120633
2015-05-03,98853
2015-05-04,128101
2015-05-05,145584
2015-05-06,148616
2015-05-07,142856
2015-05-08,141782
2015-05-09,116960
2015-05-10,107359
2015-05-11,142592
2015-05-12,147133
2015-05-13,137015
2015-05-14,133789
2015-05-15,133325
2015-05-16,126350
2015-05-17,105442
2015-05-18,123903
2015-05-19,141091
2015-05-20,139790
2015-05-21,129167
2015-05-22,130866
2015-05-23,106249
2015-05-24,117526
2015-05-25,129085
2015-05-26,140431
2015-05-27,141840
2015-05-28,139761
2015-05-29,159402
2015-05-30,163372
2015-05-31,136818
2015-06-01,170631
2015-06-02,169879
2015-06-03,168780
2015-06-04,156440
2015-06-05,147767
2015-06-06,125102
2015-06-07,107852
2015-06-08,115548
2015-06-09,155624
2015-06-10,192036
2015-06-11,161386
2015-06-12,166810
2015-06-13,129095
2015-06-14,140831
2015-06-15,174360
2015-06-16,156823
2015-06-17,182691
2015-06-18,161908
2015-06-19,167981
2015-06-20,126704
2015-06-21,119415
2015-06-22,143677
2015-06-23,168194
2015-06-24,150210
2015-06-25,117381
2015-06-26,169677
2015-06-27,149291
2015-06-28,124027
2015-06-29,153085
2015-06-30,186677
2015-07-01,171093
2015-07-02,186641
2015-07-03,169804
2015-07-04,135535
2015-07-05,152765
2015-07-06,207881
2015-07-07,208141
2015-07-08,211758
2015-07-09,188760
2015-07-10,189298
2015-07-11,170741
2015-07-12,163128
2015-07-13,163594
2015-07-14,156297
2015-07-15,151087
2015-07-16,147597
2015-07-17,140546
2015-07-18,127382
2015-07-19,116045
2015-07-20,162259
2015-07-21,183610
2015-07-22,173951
2015-07-23,145672
2015-07-24,146905
2015-07-25,124521
2015-07-26,125517
2015-07-27,150434
2015-07-28,154439
2015-07-29,186426
2015-07-30,161339
2015-07-31,171377
2015-08-01,149232
2015-08-02,125714
2015-08-03,148841
2015-08-04,169884
2015-08-05,175285
2015-08-06,164354
2015-08-07,146370
2015-08-08,135445
2015-08-09,108041
2015-08-10,145061
2015-08-11,148776
2015-08-12,156114
2015-08-13,153064
2015-08-14,149215
2015-08-15,133137
2015-08-16,121284
2015-08-17,152258
2015-08-18,162352
2015-08-19,160228
2015-08-20,150948
2015-08-21,163653
2015-08-22,160983
2015-08-23,132213
2015-08-24,161851
2015-08-25,155998
2015-08-26,155265
2015-08-27,157109
2015-08-28,160607
2015-08-29,142995
2015-08-30,127562
2015-08-31,158971
2015-09-01,165984
2015-09-02,176807
2015-09-03,165324
2015-09-04,140105
2015-09-05,160650
2015-09-06,137809
2015-09-07,172497
2015-09-08,184012
2015-09-09,178600
2015-09-10,162582
2015-09-11,186378
2015-09-12,148976
2015-09-13,136864
2015-09-14,165121
2015-09-15,173677
2015-09-16,166784
2015-09-17,172711
2015-09-18,169977
2015-09-19,144080
2015-09-20,163052
2015-09-21,205811
2015-09-22,206390
2015-09-23,162170
2015-09-24,161244
2015-09-25,163639
2015-09-26,140859
2015-09-27,133054
2015-09-28,163833
2015-09-29,178536
2015-09-30,163508
2015-10-01,158251
2015-10-02,164283
2015-10-03,138097
2015-10-04,117637
2015-10-05,135370
2015-10-06,150756
2015-10-07,159347
2015-10-08,178804
2015-10-09,129581
2015-10-10,144590
2015-10-11,114347
2015-10-12,140604
2015-10-13,145358
2015-10-14,165745
2015-10-15,199779
2015-10-16,177353
2015-10-17,170687
2015-10-18,150129
2015-10-19,182572
2015-10-20,189956
2015-10-21,189330
2015-10-22,184776
2015-10-23,182474
2015-10-24,185479
2015-10-25,168272
2015-10-26,164179
2015-10-27,176728
2015-10-28,178014
2015-10-29,182207
2015-10-30,189623
2015-10-31,181241
2015-11-01,169685
2015-11-02,202715
2015-11-03,237515
2015-11-04,265096
2015-11-05,228340
2015-11-06,211531
2015-11-07,192621
2015-11-08,182728
2015-11-09,196682
2015-11-10,198473
2015-11-11,195207
2015-11-12,190213
2015-11-13,188292
2015-11-14,179609
2015-11-15,175518
2015-11-16,194167
2015-11-17,202673
2015-11-18,219712
2015-11-19,191642
2015-11-20,186434
2015-11-21,182139
2015-11-22,161985
2015-11-23,177090
2015-11-24,195301
2015-11-25,188472
2015-11-26,193859
2015-11-27,180545
2015-11-28,192933
2015-11-29,146065
2015-11-30,230417
2015-12-01,219973
2015-12-02,224812
2015-12-03,189606
2015-12-04,201677
2015-12-05,224737
2015-12-06,199844
2015-12-07,220900
2015-12-08,229191
2015-12-09,271309
2015-12-10,293034
2015-12-11,264591
2015-12-12,277607
2015-12-13,223722
2015-12-14,267696
2015-12-15,261672
2015-12-16,254307
2015-12-17,245116
2015-12-18,244758
2015-12-19,252989
2015-12-20,225370
2015-12-21,254723
2015-12-22,248114
2015-12-23,253460
2015-12-24,237056
2015-12-25,195104
2015-12-26,187000
2015-12-27,172001
2015-12-28,201780
2015-12-29,211750
2015-12-30,206470
2015-12-31,182179
2016-01-01,145528
2016-01-02,181390
2016-01-03,172920
2016-01-04,214810
2016-01-05,221131
2016-01-06,205167
2016-01-07,226692
2016-01-08,216202
2016-01-09,221115
2016-01-10,203417
2016-01-11,231149
2016-01-12,236785
2016-01-13,223170
2016-01-14,223873
2016-01-15,220897
2016-01-16,254062
2016-01-17,246802
2016-01-18,252982
2016-01-19,210731
2016-01-20,269194
2016-01-21,272176
2016-01-22,259713
2016-01-23,236432
2016-01-24,236103
2016-01-25,274372
2016-01-26,287517
2016-01-27,279207
2016-01-28,293254
2016-01-29,293274
2016-01-30,249856
2016-01-31,223724
2016-02-01,280629
2016-02-02,322860
2016-02-03,247562
2016-02-04,248311
2016-02-05,272569
2016-02-06,265518
2016-02-07,272588
2016-02-08,261544
2016-02-09,276637
2016-02-10,274343
2016-02-11,279254
2016-02-12,266698
2016-02-13,238371
2016-02-14,226306
2016-02-15,260749
2016-02-16,258485
2016-02-17,290813
2016-02-18,268864
2016-02-19,266272
2016-02-20,256778
2016-02-21,237537
2016-02-22,281800
2016-02-23,281697
2016-02-24,245855
2016-02-25,264518
2016-02-26,243175
2016-02-27,233325
2016-02-28,269344
2016-02-29,279271
2016-03-01,287568
2016-03-02,299552
2016-03-03,237411
2016-03-04,231294
2016-03-05,248257
2016-03-06,179107
2016-03-07,205091
2016-03-08,234811
2016-03-09,220717
2016-03-10,223217
2016-03-11,220422
2016-03-12,196516
2016-03-13,181385
2016-03-14,218784
2016-03-15,228028
2016-03-16,244745
2016-03-17,240987
2016-03-18,234138
2016-03-19,206161
2016-03-20,207820
2016-03-21,223171
2016-03-22,235751
2016-03-23,221312
2016-03-24,215570
2016-03-25,200694
2016-03-26,179322
2016-03-27,175069
2016-03-28,212024
2016-03-29,219340
2016-03-30,225363
2016-03-31,220148
2016-04-01,228033
2016-04-02,204903
2016-04-03,199526
2016-04-04,237721
2016-04-05,235848
2016-04-06,241663
2016-04-07,232527
2016-04-08,225591
2016-04-09,211233
2016-04-10,200421
2016-04-11,230428
2016-04-12,255528
2016-04-13,241141
2016-04-14,240589
2016-04-15,220995
2016-04-16,199902
2016-04-17,211892
2016-04-18,229748
2016-04-19,241409
2016-04-20,236507
2016-04-21,239508
2016-04-22,228679
2016-04-23,201689
2016-04-24,199886
2016-04-25,237672
2016-04-26,265262
2016-04-27,246366
2016-04-28,233167
2016-04-29,248819
2016-04-30,220758
2016-05-01,190714
2016-05-02,215762
2016-05-03,222591
2016-05-04,216958
2016-05-05,214432
2016-05-06,214989
2016-05-07,193044
2016-05-08,183364
2016-05-09,224435
2016-05-10,232138
2016-05-11,224970
2016-05-12,220272
2016-05-13,219933
2016-05-14,201211
2016-05-15,186172
2016-05-16,233618
2016-05-17,228539
2016-05-18,234722
2016-05-19,219019
2016-05-20,205104
2016-05-21,191131
2016-05-22,176868
2016-05-23,220330
2016-05-24,235069
2016-05-25,235385
2016-05-26,223188
2016-05-27,231655
2016-05-28,212858
2016-05-29,187801
2016-05-30,221349
2016-05-31,226702
2016-06-01,241984
2016-06-02,233295
2016-06-03,241706
2016-06-04,200854
2016-06-05,196131
2016-06-06,235941
2016-06-07,246021
2016-06-08,237957
2016-06-09,253173
2016-06-10,243463
2016-06-11,217935
2016-06-12,215516
2016-06-13,260602
2016-06-14,256777
2016-06-15,272736
2016-06-16,277533
2016-06-17,270576
2016-06-18,244420
2016-06-19,222856
2016-06-20,265089
2016-06-21,268803
2016-06-22,249235
2016-06-23,261294
2016-06-24,256534
2016-06-25,221625
2016-06-26,194844
2016-06-27,234512
2016-06-28,248560
2016-06-29,239707
2016-06-30,252446
2016-07-01,231671
2016-07-02,216007
2016-07-03,194232
2016-07-04,233483
2016-07-05,236211
2016-07-06,239340
2016-07-07,242063
2016-07-08,225259
2016-07-09,208128
2016-07-10,183058
2016-07-11,232450
2016-07-12,242724
2016-07-13,232923
2016-07-14,233885
2016-07-15,229791
2016-07-16,206238
2016-07-17,186229
2016-07-18,234079
2016-07-19,228428
2016-07-20,239129
2016-07-21,224952
2016-07-22,229590
2016-07-23,203286
2016-07-24,190716
2016-07-25,241479
2016-07-26,247378
2016-07-27,241495
2016-07-28,240509
2016-07-29,230008
2016-07-30,205072
2016-07-31,198239
2016-08-01,240714
2016-08-02,269215
2016-08-03,258904
2016-08-04,245544
2016-08-05,245330
2016-08-06,213754
2016-08-07,192456
2016-08-08,242012
2016-08-09,250578
2016-08-10,260916
2016-08-11,267853
2016-08-12,247875
2016-08-13,223590
2016-08-14,205806
2016-08-15,217327
2016-08-16,270020
2016-08-17,262011
2016-08-18,262388
2016-08-19,261845
2016-08-20,245108
2016-08-21,210787
2016-08-22,253931
2016-08-23,265732
2016-08-24,262583
2016-08-25,250959
2016-08-26,249721
2016-08-27,228548
2016-08-28,202158
2016-08-29,237689
2016-08-30,278257
2016-08-31,259831
2016-09-01,256918
2016-09-02,248445
2016-09-03,231430
2016-09-04,216702
2016-09-05,262305
2016-09-06,267234
2016-09-07,280223
2016-09-08,271008
2016-09-09,263421
2016-09-10,239328
2016-09-11,233200
2016-09-12,255730
2016-09-13,276579
2016-09-14,271031
2016-09-15,269255
2016-09-16,247559
2016-09-17,259321
2016-09-18,224851
2016-09-19,264848
2016-09-20,286269
2016-09-21,278434
2016-09-22,266957
2016-09-23,267450
2016-09-24,244963
2016-09-25,234241
2016-09-26,282476
2016-09-27,295434
2016-09-28,292516
2016-09-29,300504
2016-09-30,302457
2016-10-01,264387
2016-10-02,234929
2016-10-03,318372
2016-10-04,330224
2016-10-05,321640
2016-10-06,336396
2016-10-07,319944
2016-10-08,300107
2016-10-09,253965
2016-10-10,268563
2016-10-11,313100
2016-10-12,280930
2016-10-13,282805
2016-10-14,296164
2016-10-15,264869
2016-10-16,247348
2016-10-17,294102
2016-10-18,307119
2016-10-19,243043
2016-10-20,337887
2016-10-21,316029
2016-10-22,265262
2016-10-23,236215
2016-10-24,276577
2016-10-25,295379
2016-10-26,284065
2016-10-27,377460
2016-10-28,304569
2016-10-29,278391
2016-10-30,248154
2016-10-31,289722
2016-11-01,298114
2016-11-02,331759
2016-11-03,332604
2016-11-04,311876
2016-11-05,299738
2016-11-06,273215
2016-11-07,336404
2016-11-08,361244
2016-11-09,329762
2016-11-10,335983
2016-11-11,312720
2016-11-12,291754
2016-11-13,275690
2016-11-14,335102
2016-11-15,352221
2016-11-16,337788
2016-11-17,339055
2016-11-18,338878
2016-11-19,311669
2016-11-20,294875
2016-11-21,348004
2016-11-22,350377
2016-11-23,337025
2016-11-24,392810
2016-11-25,366464
2016-11-26,332545
2016-11-27,286572
2016-11-28,368899
2016-11-29,354980
2016-11-30,361323
2016-12-01,295205
2016-12-02,413899
2016-12-03,354964
2016-12-04,304980
2016-12-05,359495
2016-12-06,419096
2016-12-07,395637
2016-12-08,354285
2016-12-09,335791
2016-12-10,315555
2016-12-11,289736
2016-12-12,339618
2016-12-13,359741
2016-12-14,353156
2016-12-15,347436
2016-12-16,345369
2016-12-17,299707
2016-12-18,283345
2016-12-19,347917
2016-12-20,360345
2016-12-21,392318
2016-12-22,386367
2016-12-23,370657
2016-12-24,292724
2016-12-25,231129
2016-12-26,295726
2016-12-27,359644
2016-12-28,372550
2016-12-29,373000
2016-12-30,353172
2016-12-31,305705
2017-01-01,211491
2017-01-02,349124
2017-01-03,361528
2017-01-04,392404
2017-01-05,350209
2017-01-06,398794
2017-01-07,330442
2017-01-08,303855
2017-01-09,327877
2017-01-10,372134
2017-01-11,343599
2017-01-12,340950
2017-01-13,327358
2017-01-14,294689
2017-01-15,278451
2017-01-16,324770
2017-01-17,354003
2017-01-18,353045
2017-01-19,363392
2017-01-20,361173
2017-01-21,323261
2017-01-22,285880
2017-01-23,286339
2017-01-24,365092
2017-01-25,364341
2017-01-26,369137
2017-01-27,326969
2017-01-28,313580
2017-01-29,298979
2017-01-30,306839
2017-01-31,379092
2017-02-01,429820
2017-02-02,314119
2017-02-03,408978
2017-02-04,347848
2017-02-05,354736
2017-02-06,283408
2017-02-07,410354
2017-02-08,361503
2017-02-09,409970
2017-02-10,353009
2017-02-11,312304
2017-02-12,278038
2017-02-13,340394
2017-02-14,367136
2017-02-15,343561
2017-02-16,332493
2017-02-17,378386
2017-02-18,339810
2017-02-19,305485
2017-02-20,333068
2017-02-21,332676
2017-02-22,335170
2017-02-23,388503
2017-02-24,412012
2017-02-25,371259
2017-02-26,305532
2017-02-27,332474
2017-02-28,377342
2017-03-01,368882
2017-03-02,394648
2017-03-03,408163
2017-03-04,326869
2017-03-05,347044
2017-03-06,361518
2017-03-07,405546
2017-03-08,363924
2017-03-09,378981
2017-03-10,380952
2017-03-11,351260
2017-03-12,279055
2017-03-13,340413
2017-03-14,389580
2017-03-15,363457
2017-03-16,416493
2017-03-17,361080
2017-03-18,333570
2017-03-19,338256
2017-03-20,349323
2017-03-21,373031
2017-03-22,402376
2017-03-23,366031
2017-03-24,364111
2017-03-25,328093
2017-03-26,303956
2017-03-27,306941
2017-03-28,386600
2017-03-29,371857
2017-03-30,359505
2017-03-31,344555
2017-04-01,334324
2017-04-02,316650
2017-04-03,371363
2017-04-04,344075
2017-04-05,401807
2017-04-06,381825
2017-04-07,377988
2017-04-08,307950
2017-04-09,317104
2017-04-10,374455
2017-04-11,410402
2017-04-12,382931
2017-04-13,314082
2017-04-14,388295
2017-04-15,344725
2017-04-16,278388
2017-04-17,324681
2017-04-18,391320
2017-04-19,398287
2017-04-20,351714
2017-04-21,424106
2017-04-22,349485
2017-04-23,322533
2017-04-24,304590
2017-04-25,423889
2017-04-26,439689
2017-04-27,388633
2017-04-28,407022
2017-04-29,430547
2017-04-30,351225
2017-05-01,373976
2017-05-02,428686
2017-05-03,392264
2017-05-04,469662
2017-05-05,356111
2017-05-06,473788
2017-05-07,388359
2017-05-08,471403
2017-05-09,442237
2017-05-10,405266
2017-05-11,393881
2017-05-12,415119
2017-05-13,428850
2017-05-14,483476
2017-05-15,422746
2017-05-16,312125
2017-05-17,417037
2017-05-18,388950
2017-05-19,430261
2017-05-20,477995
2017-05-21,433041
2017-05-22,440302
2017-05-23,484078
2017-05-24,446593
2017-05-25,472227
2017-05-26,468771
2017-05-27,446181
2017-05-28,394694
2017-05-29,415287
2017-05-30,457311
2017-05-31,434775
2017-06-01,435580
2017-06-02,370346
2017-06-03,406229
2017-06-04,358810
2017-06-05,405962
2017-06-06,428436
2017-06-07,478624
2017-06-08,427094
2017-06-09,402501
2017-06-10,354570
2017-06-11,315893
2017-06-12,383874
2017-06-13,422991
2017-06-14,404792
2017-06-15,407444
2017-06-16,374282
2017-06-17,329596
2017-06-18,289709
2017-06-19,379004
2017-06-20,401894
2017-06-21,413793
2017-06-22,374728
2017-06-23,352171
2017-06-24,313905
2017-06-25,249825
2017-06-26,355266
2017-06-27,363120
2017-06-28,388319
2017-06-29,332526
2017-06-30,367976
2017-07-01,301032
2017-07-02,267665
2017-07-03,347080
2017-07-04,357584
2017-07-05,325713
2017-07-06,326278
2017-07-07,386031
2017-07-08,306613
2017-07-09,264594
2017-07-10,355420
2017-07-11,368583
2017-07-12,360378
2017-07-13,349856
2017-07-14,322557
2017-07-15,303904
2017-07-16,278624
2017-07-17,333611
2017-07-18,375327
2017-07-19,364699
2017-07-20,336717
2017-07-21,379692
2017-07-22,299657
2017-07-23,250313
2017-07-24,334484
2017-07-25,347154
2017-07-26,336113
2017-07-27,318290
2017-07-28,352217
2017-07-29,292635
2017-07-30,282849
2017-07-31,354755
2017-08-01,214155
2017-08-02,305312
2017-08-03,315088
2017-08-04,334017
2017-08-05,341882
2017-08-06,290112
2017-08-07,370423
2017-08-08,403112
2017-08-09,388911
2017-08-10,387068
2017-08-11,426284
2017-08-12,371402
2017-08-13,375811
2017-08-14,387486
2017-08-15,450247
2017-08-16,401474
2017-08-17,459661
2017-08-18,400630
2017-08-19,367757
2017-08-20,305337
2017-08-21,353523
2017-08-22,300629
2017-08-23,451101
2017-08-24,308952
2017-08-25,318233
2017-08-26,337140
2017-08-27,350199
2017-08-28,338627
2017-08-29,416379
2017-08-30,399861
2017-08-31,413468
2017-09-01,413391
2017-09-02,348395
2017-09-03,287629
2017-09-04,384744
2017-09-05,405938
2017-09-06,410603
2017-09-07,376156
2017-09-08,395720
2017-09-09,312552
2017-09-10,279002
2017-09-11,366567
2017-09-12,377587
2017-09-13,377542
2017-09-14,384536
2017-09-15,421637
2017-09-16,332844
2017-09-17,290977
2017-09-18,333574
2017-09-19,409467
2017-09-20,350206
2017-09-21,370753
2017-09-22,337788
2017-09-23,291029
2017-09-24,266874
2017-09-25,338327
2017-09-26,382221
2017-09-27,376927
2017-09-28,399134
2017-09-29,372380
2017-09-30,316165
2017-10-01,296193
2017-10-02,411589
2017-10-03,409256
2017-10-04,345478
2017-10-05,389776
2017-10-06,401730
2017-10-07,350637
2017-10-08,330338
2017-10-09,409662
2017-10-10,421982
2017-10-11,420076
2017-10-12,424581
2017-10-13,448951
2017-10-14,405894
2017-10-15,395752
2017-10-16,448615
2017-10-17,475434
2017-10-18,461425
2017-10-19,487161
2017-10-20,425000
2017-10-21,423638
2017-10-22,383464
2017-10-23,456857
2017-10-24,502283
2017-10-25,446068
2017-10-26,383381
2017-10-27,370449
2017-10-28,303380
2017-10-29,460535
2017-10-30,475479
2017-10-31,428919
2017-11-01,518855
2017-11-02,514829
2017-11-03,439062
2017-11-04,431597
2017-11-05,377090
2017-11-06,417763
2017-11-07,495492
2017-11-08,452268
2017-11-09,511221
2017-11-10,419707
2017-11-11,299725
2017-11-12,306039
2017-11-13,473845
2017-11-14,415674
2017-11-15,485981
2017-11-16,460279
2017-11-17,437650
2017-11-18,411040
2017-11-19,395646
2017-11-20,498233
2017-11-21,519569
2017-11-22,462672
2017-11-23,515070
2017-11-24,450595
2017-11-25,481670
2017-11-26,501062
2017-11-27,586654
2017-11-28,578538
2017-11-29,639087
2017-11-30,589518
2017-12-01,576865
2017-12-02,466826
2017-12-03,524912
2017-12-04,613422
2017-12-05,621730
2017-12-06,697875
2017-12-07,641027
2017-12-08,657519
2017-12-09,631757
2017-12-10,524388
2017-12-11,597801
2017-12-12,610207
2017-12-13,682179
2017-12-14,800180
2017-12-15,659351
2017-12-16,578717
2017-12-17,625081
2017-12-18,647087
2017-12-19,636829
2017-12-20,608255
2017-12-21,576590
2017-12-22,613358
2017-12-23,482949
2017-12-24,418053
2017-12-25,347398
2017-12-26,391992
2017-12-27,508200
2017-12-28,496273
2017-12-29,563134
2017-12-30,548609
2017-12-31,441146
2018-01-01,376395
2018-01-02,564782
2018-01-03,650353
2018-01-04,705502
2018-01-05,592757
2018-01-06,589710
2018-01-07,621100
2018-01-08,578391
2018-01-09,617206
2018-01-10,583580
2018-01-11,551821
2018-01-12,490486
2018-01-13,433002
2018-01-14,380510
2018-01-15,448871
2018-01-16,477022
2018-01-17,501546
2018-01-18,486392
2018-01-19,379195
2018-01-20,373560
2018-01-21,323166
2018-01-22,369415
2018-01-23,351712
2018-01-24,380489
2018-01-25,352208
2018-01-26,336895
2018-01-27,386099
2018-01-28,310638
2018-01-29,342142
2018-01-30,352820
2018-01-31,313499
2018-02-01,385013
2018-02-02,350469
2018-02-03,276616
2018-02-04,248290
2018-02-05,308288
2018-02-06,358340
2018-02-07,315524
2018-02-08,257675
2018-02-09,277407
2018-02-10,273890
2018-02-11,226863
2018-02-12,286370
2018-02-13,279243
2018-02-14,294651
2018-02-15,302301
2018-02-16,278751
2018-02-17,263046
2018-02-18,242574
2018-02-19,285432
2018-02-20,306423
2018-02-21,306130
2018-02-22,278053
2018-02-23,270530
2018-02-24,222910
2018-02-25,218404
2018-02-26,278150
2018-02-27,328370
2018-02-28,273040
2018-03-01,344095
2018-03-02,300343
2018-03-03,265396
2018-03-04,244535
2018-03-05,306262
2018-03-06,295901
2018-03-07,302091
2018-03-08,282084
2018-03-09,281973
2018-03-10,227349
2018-03-11,219372
2018-03-12,268312
2018-03-13,271876
2018-03-14,277136
2018-03-15,295654
2018-03-16,271073
2018-03-17,223657
2018-03-18,237920
2018-03-19,275939
2018-03-20,284634
2018-03-21,281300
2018-03-22,270686
2018-03-23,261303
2018-03-24,230893
2018-03-25,200508
2018-03-26,272335
2018-03-27,270640
2018-03-28,258166
2018-03-29,273099
2018-03-30,262049
2018-03-31,211232
2018-04-01,195132
2018-04-02,240383
2018-04-03,286343
2018-04-04,268392
2018-04-05,263142
2018-04-06,259248
2018-04-07,215720
2018-04-08,196793
2018-04-09,251140
2018-04-10,269157
2018-04-11,263755
2018-04-12,295906
2018-04-13,313986
2018-04-14,239163
2018-04-15,265225
2018-04-16,288930
2018-04-17,298952
2018-04-18,296602
2018-04-19,314752
2018-04-20,304505
2018-04-21,283327
2018-04-22,250877
2018-04-23,313343
2018-04-24,363251
2018-04-25,311525
2018-04-26,313797
2018-04-27,305162
2018-04-28,265211
2018-04-29,257124
2018-04-30,312816
2018-05-01,319641
2018-05-02,309970
2018-05-03,335403
2018-05-04,318665
2018-05-05,292106
2018-05-06,241753
2018-05-07,296317
2018-05-08,311488
2018-05-09,303647
2018-05-10,306005
2018-05-11,302445
2018-05-12,257166
2018-05-13,230968
2018-05-14,307530
2018-05-15,315277
2018-05-16,295325
2018-05-17,274632
2018-05-18,299127
2018-05-19,244083
2018-05-20,233059
2018-05-21,292129
2018-05-22,292700
2018-05-23,310429
2018-05-24,289352
2018-05-25,278404
2018-05-26,225391
2018-05-27,207339
2018-05-28,259574
2018-05-29,287346
2018-05-30,294702
2018-05-31,303106
2018-06-01,298615
2018-06-02,247855
2018-06-03,231997
2018-06-04,296556
2018-06-05,304251
2018-06-06,297283
2018-06-07,287549
2018-06-08,284711
2018-06-09,238707
2018-06-10,241218
2018-06-11,287767
2018-06-12,296097
2018-06-13,288271
2018-06-14,289147
2018-06-15,284142
2018-06-16,221210
2018-06-17,203095
2018-06-18,280459
2018-06-19,270727
2018-06-20,283337
2018-06-21,274581
2018-06-22,278305
2018-06-23,230293
2018-06-24,213826
2018-06-25,272562
2018-06-26,269826
2018-06-27,261988
2018-06-28,259482
2018-06-29,273266
2018-06-30,241501
2018-07-01,211252
2018-07-02,273830
2018-07-03,302138
2018-07-04,286184
2018-07-05,272058
2018-07-06,281725
2018-07-07,227916
2018-07-08,220671
2018-07-09,283014
2018-07-10,293877
2018-07-11,275599
2018-07-12,270214
2018-07-13,288149
2018-07-14,237064
2018-07-15,219458
2018-07-16,286754
2018-07-17,327988
2018-07-18,330155
2018-07-19,310270
2018-07-20,307160
2018-07-21,251188
2018-07-22,235512
2018-07-23,317262
2018-07-24,360330
2018-07-25,350627
2018-07-26,320690
2018-07-27,319401
2018-07-28,260730
2018-07-29,245295
2018-07-30,318076
2018-07-31,336242
2018-08-01,330708
2018-08-02,311938
2018-08-03,309663
2018-08-04,266826
2018-08-05,233338
2018-08-06,300149
2018-08-07,320446
2018-08-08,323354
2018-08-09,304148
2018-08-10,309375
2018-08-11,255141
2018-08-12,223246
2018-08-13,303763
2018-08-14,339737
2018-08-15,341831
2018-08-16,317696
2018-08-17,320852
2018-08-18,261990
2018-08-19,245065
2018-08-20,313767
2018-08-21,302680
2018-08-22,323086
2018-08-23,297483
2018-08-24,303345
2018-08-25,271177
2018-08-26,233141
2018-08-27,309139
2018-08-28,326736
2018-08-29,337137
2018-08-30,313041
2018-08-31,325443
2018-09-01,284694
2018-09-02,252022
2018-09-03,304462
2018-09-04,320350
2018-09-05,335508
2018-09-06,334727
2018-09-07,314381
2018-09-08,275730
2018-09-09,250634
2018-09-10,301398
2018-09-11,320983
2018-09-12,312198
2018-09-13,315948
2018-09-14,297972
2018-09-15,284135
2018-09-16,242454
2018-09-17,333185
2018-09-18,338355
2018-09-19,339448
2018-09-20,347070
2018-09-21,370435
2018-09-22,308024
2018-09-23,268887
2018-09-24,321166
2018-09-25,336847
2018-09-26,324608
2018-09-27,330514
2018-09-28,343280
2018-09-29,291110
2018-09-30,273880
2018-10-01,327802
2018-10-02,334727
2018-10-03,407232
2018-10-04,355545
2018-10-05,342455
2018-10-06,305953
2018-10-07,316310
2018-10-08,326977
2018-10-09,312887
2018-10-10,327580
2018-10-11,336936
2018-10-12,321262
2018-10-13,267894
2018-10-14,250462
2018-10-15,337722
2018-10-16,337002
2018-10-17,339291
2018-10-18,328510
2018-10-19,327521
2018-10-20,292238
2018-10-21,267114
2018-10-22,332160
2018-10-23,328345
2018-10-24,326489
2018-10-25,321559
2018-10-26,322919
2018-10-27,288882
2018-10-28,268969
2018-10-29,336351
2018-10-30,346857
2018-10-31,352411
2018-11-01,344692
2018-11-02,354665
2018-11-03,307392
2018-11-04,274457
2018-11-05,369491
2018-11-06,361824
2018-11-07,361568
2018-11-08,342063
2018-11-09,351983
2018-11-10,306232
2018-11-11,284303
2018-11-12,348589
2018-11-13,336412
2018-11-14,348478
2018-11-15,341191
2018-11-16,339024
2018-11-17,283798
2018-11-18,252300
2018-11-19,305224
2018-11-20,358059
2018-11-21,309582
2018-11-22,306586
2018-11-23,293488
2018-11-24,260326
2018-11-25,257549
2018-11-26,305433
2018-11-27,306054
2018-11-28,299724
2018-11-29,306843
2018-11-30,302959
2018-12-01,270954
2018-12-02,245215
2018-12-03,286060
2018-12-04,345803
2018-12-05,298333
2018-12-06,327751
2018-12-07,309146
2018-12-08,254667
2018-12-09,244695
2018-12-10,296289
2018-12-11,295507
2018-12-12,300075
2018-12-13,300820
2018-12-14,300393
2018-12-15,271718
2018-12-16,244281
2018-12-17,320590
2018-12-18,316774
2018-12-19,337371
2018-12-20,322763
2018-12-21,319860
2018-12-22,260907
2018-12-23,244450
2018-12-24,275865
2018-12-25,228560
2018-12-26,264142
2018-12-27,293957
2018-12-28,316473
2018-12-29,291778
2018-12-30,259067
2018-12-31,264907
2019-01-01,204562
2019-01-02,286954
2019-01-03,312525
2019-01-04,300809
2019-01-05,266560
2019-01-06,264515
2019-01-07,308682
2019-01-08,324750
2019-01-09,318696
2019-01-10,328827
2019-01-11,311242
2019-01-12,274828
2019-01-13,252763
2019-01-14,317177
2019-01-15,327628
2019-01-16,352464
2019-01-17,321945
2019-01-18,327181
2019-01-19,277542
2019-01-20,263820
2019-01-21,307705
2019-01-22,312322
2019-01-23,330739
2019-01-24,329312
2019-01-25,331761
2019-01-26,317015
2019-01-27,263391
2019-01-28,329682
2019-01-29,338556
2019-01-30,324374
2019-01-31,343090
2019-02-01,337288
2019-02-02,293309
2019-02-03,272765
2019-02-04,318133
2019-02-05,360437
2019-02-06,342551
2019-02-07,336017
2019-02-08,340853
2019-02-09,293087
2019-02-10,262051
2019-02-11,319715
2019-02-12,346675
2019-02-13,390264
2019-02-14,331106
2019-02-15,318006
2019-02-16,307164
2019-02-17,269025
2019-02-18,347384
2019-02-19,379760
2019-02-20,367302
2019-02-21,340596
2019-02-22,369454
2019-02-23,306358
2019-02-24,292119
2019-02-25,343088
2019-02-26,371804
2019-02-27,361846
2019-02-28,364225
2019-03-01,357997
2019-03-02,344659
2019-03-03,292396
2019-03-04,349046
2019-03-05,372570
2019-03-06,363255
2019-03-07,358188
2019-03-08,362225
2019-03-09,322951
2019-03-10,268237
2019-03-11,386103
2019-03-12,365115
2019-03-13,359420
2019-03-14,380064
2019-03-15,371410
2019-03-16,322104
2019-03-17,280698
2019-03-18,358037
2019-03-19,380743
2019-03-20,373723
2019-03-21,370850
2019-03-22,363858
2019-03-23,309672
2019-03-24,285850
2019-03-25,360132
2019-03-26,353200
2019-03-27,395991
2019-03-28,396453
2019-03-29,383751
2019-03-30,343304
2019-03-31,314547
2019-04-01,352843
2019-04-02,456379
2019-04-03,428555
2019-04-04,413226
2019-04-05,411980
2019-04-06,329677
2019-04-07,305217
2019-04-08,397487
2019-04-09,394769
2019-04-10,405636
2019-04-11,432889
2019-04-12,378792
2019-04-13,318661
2019-04-14,294569
2019-04-15,398318
2019-04-16,383706
2019-04-17,383073
2019-04-18,379959
2019-04-19,402698
2019-04-20,315691
2019-04-21,286542
2019-04-22,335782
2019-04-23,374697
2019-04-24,437624
2019-04-25,390368
2019-04-26,383577
2019-04-27,312269
2019-04-28,302136
2019-04-29,379907
2019-04-30,404004
2019-05-01,393361
2019-05-02,402407
2019-05-03,407533
2019-05-04,349433
2019-05-05,316916
2019-05-06,390611
2019-05-07,390034
2019-05-08,435093
2019-05-09,423016
2019-05-10,401965
2019-05-11,402077
2019-05-12,379788
2019-05-13,444013
2019-05-14,455852
2019-05-15,449311
2019-05-16,451912
2019-05-17,428496
2019-05-18,400789
2019-05-19,350555
2019-05-20,408490
2019-05-21,435577
2019-05-22,424365
2019-05-23,414969
2019-05-24,401554
2019-05-25,336016
2019-05-26,317168
2019-05-27,419436
2019-05-28,441214
2019-05-29,444183
2019-05-30,411677
2019-05-31,361290
2019-06-01,381074
2019-06-02,319426
2019-06-03,349931
2019-06-04,444311
2019-06-05,409911
2019-06-06,393943
2019-06-07,384734
2019-06-08,308718
2019-06-09,280185
2019-06-10,386170
2019-06-11,397708
2019-06-12,387706
2019-06-13,437626
2019-06-14,474039
2019-06-15,406189
2019-06-16,342249
2019-06-17,395190
2019-06-18,471569
2019-06-19,442221
2019-06-20,400697
2019-06-21,418388
2019-06-22,428578
2019-06-23,396776
2019-06-24,427492
2019-06-25,445703
2019-06-26,512444
2019-06-27,455725
2019-06-28,480421
2019-06-29,372389
2019-06-30,317138
2019-07-01,392976
2019-07-02,438156
2019-07-03,426007
2019-07-04,391814
2019-07-05,376382
2019-07-06,351538
2019-07-07,284528
2019-07-08,402680
2019-07-09,406974
2019-07-10,387005
2019-07-11,373048
2019-07-12,400992
2019-07-13,302093
2019-07-14,272747
2019-07-15,372663
2019-07-16,389537
2019-07-17,367741
2019-07-18,352268
2019-07-19,357282
2019-07-20,320751
2019-07-21,261219
2019-07-22,337301
2019-07-23,354711
2019-07-24,323603
2019-07-25,385948
2019-07-26,374310
2019-07-27,293681
2019-07-28,254956
2019-07-29,345532
2019-07-30,366250
2019-07-31,384720
2019-08-01,373810
2019-08-02,372648
2019-08-03,315333
2019-08-04,279136
2019-08-05,391161
2019-08-06,419801
2019-08-07,375329
2019-08-08,387694
2019-08-09,367478
2019-08-10,300060
2019-08-11,272990
2019-08-12,299771
2019-08-13,384319
2019-08-14,368713
2019-08-15,357577
2019-08-16,342405
2019-08-17,290432
2019-08-18,269462
2019-08-19,347670
2019-08-20,357380
2019-08-21,362469
2019-08-22,365719
2019-08-23,377779
2019-08-24,299312
2019-08-25,260856
2019-08-26,362806
2019-08-27,366369
2019-08-28,353749
2019-08-29,364207
2019-08-30,356421
2019-08-31,305452
2019-09-01,277425
2019-09-02,353576
2019-09-03,407547
2019-09-04,371984
2019-09-05,375926
2019-09-06,396295
2019-09-07,319732
2019-09-08,295140
2019-09-09,360766
2019-09-10,381982
2019-09-11,381628
2019-09-12,389920
2019-09-13,366633
2019-09-14,339012
2019-09-15,284047
2019-09-16,381410
2019-09-17,390590
2019-09-18,399431
2019-09-19,374606
2019-09-20,373328
2019-09-21,340491
2019-09-22,298974
2019-09-23,353522
2019-09-24,400332
2019-09-25,376529
2019-09-26,375254
2019-09-27,346847
2019-09-28,320722
2019-09-29,293726
2019-09-30,361882
2019-10-01,389286
2019-10-02,366963
2019-10-03,359537
2019-10-04,366334
2019-10-05,327334
2019-10-06,295455
2019-10-07,367462
2019-10-08,365814
2019-10-09,357384
2019-10-10,378534
2019-10-11,370917
2019-10-12,311477
2019-10-13,287378
2019-10-14,353224
2019-10-15,365716
2019-10-16,370887
2019-10-17,363462
2019-10-18,356576
2019-10-19,341528
2019-10-20,300995
2019-10-21,377722
2019-10-22,375531
2019-10-23,370670
2019-10-24,350257
2019-10-25,390140
2019-10-26,367051
2019-10-27,296668
2019-10-28,371436
2019-10-29,364448
2019-10-30,371086
2019-10-31,344574
2019-11-01,390458
2019-11-02,324716
2019-11-03,325031
2019-11-04,382722
2019-11-05,410836
2019-11-06,380237
2019-11-07,387677
2019-11-08,372780
2019-11-09,367952
2019-11-10,295930
2019-11-11,347828
2019-11-12,340065
2019-11-13,381717
2019-11-14,370749
2019-11-15,401136
2019-11-16,342972
2019-11-17,294154
2019-11-18,353071
2019-11-19,393408
2019-11-20,361187
2019-11-21,381731
2019-11-22,384198
2019-11-23,367781
2019-11-24,303481
2019-11-25,333361
2019-11-26,407342
2019-11-27,397137
2019-11-28,371916
2019-11-29,373793
2019-11-30,336924
2019-12-01,335420
2019-12-02,389048
2019-12-03,405246
2019-12-04,395937
2019-12-05,380820
2019-12-06,381939
2019-12-07,333112
2019-12-08,307903
2019-12-09,375881
2019-12-10,391322
2019-12-11,368267
2019-12-12,382294
2019-12-13,396659
2019-12-14,336789
2019-12-15,311361
2019-12-16,386911
2019-12-17,399174
2019-12-18,392256
2019-12-19,381882
2019-12-20,389495
2019-12-21,338401
2019-12-22,304743
2019-12-23,364651
2019-12-24,346409
2019-12-25,276066
2019-12-26,335335
2019-12-27,382407
2019-12-28,340982
2019-12-29,314985
2019-12-30,384575
2019-12-31,344675
2020-01-01,270712
2020-01-02,332607
2020-01-03,374771
2020-01-04,333684
2020-01-05,321606
2020-01-06,363784
2020-01-07,406608
2020-01-08,390179
2020-01-09,389335
2020-01-10,428220
2020-01-11,363562
2020-01-12,318938
2020-01-13,353859
2020-01-14,440906
2020-01-15,409052
2020-01-16,394948
2020-01-17,403715
2020-01-18,345905
2020-01-19,341859
2020-01-20,376724
2020-01-21,389259
2020-01-22,389151
2020-01-23,382570
2020-01-24,386379
2020-01-25,331711
2020-01-26,307288
2020-01-27,355234
2020-01-28,423475
2020-01-29,412477
2020-01-30,408420
2020-01-31,410430
2020-02-01,373233
2020-02-02,363024
2020-02-03,411073
2020-02-04,398573
2020-02-05,444339
2020-02-06,391129
2020-02-07,431324
2020-02-08,374627
2020-02-09,363417
2020-02-10,368000
2020-02-11,461491
2020-02-12,434261
2020-02-13,434490
2020-02-14,401293
2020-02-15,400063
2020-02-16,335874
2020-02-17,411564
2020-02-18,408547
2020-02-19,411305
2020-02-20,398045
2020-02-21,409827
2020-02-22,378689
2020-02-23,331165
2020-02-24,399335
2020-02-25,403276
2020-02-26,410450
2020-02-27,410996
2020-02-28,440024
2020-02-29,369140
2020-03-01,366064
2020-03-02,431936
2020-03-03,425603
2020-03-04,448849
2020-03-05,431628
2020-03-06,432268
2020-03-07,375432
2020-03-08,350494
2020-03-09,421275
2020-03-10,420436
2020-03-11,369367
2020-03-12,447980
2020-03-13,374511
2020-03-14,352606
2020-03-15,287119
2020-03-16,367663
2020-03-17,377631
2020-03-18,327223
2020-03-19,363015
2020-03-20,393039
2020-03-21,329766
2020-03-22,280471
2020-03-23,352105
2020-03-24,371320
2020-03-25,312779
2020-03-26,383310
2020-03-27,372444
2020-03-28,321216
2020-03-29,300456
2020-03-30,375141
2020-03-31,385745
2020-04-01,383377
2020-04-02,402540
2020-04-03,385206
2020-04-04,332580
2020-04-05,320219
2020-04-06,388990
2020-04-07,426167
2020-04-08,390317
2020-04-09,386095
2020-04-10,391467
2020-04-11,331900
2020-04-12,312144
2020-04-13,389922
2020-04-14,422492
2020-04-15,444157
2020-04-16,463269
2020-04-17,419966
2020-04-18,402024
2020-04-19,348725
2020-04-20,443051
2020-04-21,441965
2020-04-22,413520
2020-04-23,486983
2020-04-24,466113
2020-04-25,394484
2020-04-26,359678
2020-04-27,454726
2020-04-28,468604
2020-04-29,484404
2020-04-30,491773
2020-05-01,493888
2020-05-02,409648
2020-05-03,397707
2020-05-04,467753
2020-05-05,474471
2020-05-06,483827
2020-05-07,499171
2020-05-08,481633
2020-05-09,453230
2020-05-10,403201
2020-05-11,456334
2020-05-12,504187
2020-05-13,452203
2020-05-14,429577
2020-05-15,472344
2020-05-16,427444
2020-05-17,356593
2020-05-18,425493
2020-05-19,428206
2020-05-20,437155
2020-05-21,448105
2020-05-22,419949
2020-05-23,400683
2020-05-24,332497
2020-05-25,397348
2020-05-26,446470
2020-05-27,441237
2020-05-28,451063
2020-05-29,430118
2020-05-30,400113
2020-05-31,360333
2020-06-01,449527
2020-06-02,459719
2020-06-03,470226
2020-06-04,461847
2020-06-05,472772
2020-06-06,393992
2020-06-07,356603
2020-06-08,459623
2020-06-09,472738
2020-06-10,468790
2020-06-11,493095
2020-06-12,466920
2020-06-13,388084
2020-06-14,370323
2020-06-15,439069
2020-06-16,499981
2020-06-17,493224
2020-06-18,418911
2020-06-19,503452
2020-06-20,397171
2020-06-21,347387
2020-06-22,438163
2020-06-23,520440
2020-06-24,456732
2020-06-25,461435
2020-06-26,475841
2020-06-27,390920
2020-06-28,366786
2020-06-29,458303
2020-06-30,455539
2020-07-01,561189
2020-07-02,495545
2020-07-03,486310
2020-07-04,399680
2020-07-05,371639
2020-07-06,496322
2020-07-07,514221
2020-07-08,509555
2020-07-09,520452
2020-07-10,498733
2020-07-11,428629
2020-07-12,385671
2020-07-13,463949
2020-07-14,543696
2020-07-15,488317
2020-07-16,520890
2020-07-17,459700
2020-07-18,458844
2020-07-19,400010
2020-07-20,466590
2020-07-21,480481
2020-07-22,549638
2020-07-23,513905
2020-07-24,542443
2020-07-25,438710
2020-07-26,442756
2020-07-27,495271
2020-07-28,541745
2020-07-29,519284
2020-07-30,498690
2020-07-31,535441
2020-08-01,458728
2020-08-02,444034
2020-08-03,515528
2020-08-04,514934
2020-08-05,475404
2020-08-06,554710
2020-08-07,512951
2020-08-08,444555
2020-08-09,412471
2020-08-10,489595
2020-08-11,540141
2020-08-12,530531
2020-08-13,499409
2020-08-14,554528
2020-08-15,478438
2020-08-16,415727
2020-08-17,465460
2020-08-18,540669
2020-08-19,507506
2020-08-20,512695
2020-08-21,486643
2020-08-22,464839
2020-08-23,415657
2020-08-24,486675
2020-08-25,486631
2020-08-26,498779
2020-08-27,502507
2020-08-28,518376
2020-08-29,438179
2020-08-30,398460
2020-08-31,470724
2020-09-01,567989
2020-09-02,507452
2020-09-03,489881
2020-09-04,476406
2020-09-05,473696
2020-09-06,398510
2020-09-07,478470
2020-09-08,498882
2020-09-09,484473
2020-09-10,540259
2020-09-11,488909
2020-09-12,440432
2020-09-13,388671
2020-09-14,522780
2020-09-15,517435
2020-09-16,534230
2020-09-17,536179
2020-09-18,496261
2020-09-19,451564
2020-09-20,388678
2020-09-21,458159
2020-09-22,492275
2020-09-23,522127
2020-09-24,492546
2020-09-25,536320
2020-09-26,433333
2020-09-27,392893
2020-09-28,451158
2020-09-29,536468
2020-09-30,534086
2020-10-01,493343
2020-10-02,492331
2020-10-03,466851
2020-10-04,413216
2020-10-05,457554
2020-10-06,497237
2020-10-07,545762
2020-10-08,510494
2020-10-09,514866
2020-10-10,463290
2020-10-11,399233
2020-10-12,473110
2020-10-13,530758
2020-10-14,485193
2020-10-15,533319
2020-10-16,510766
2020-10-17,428313
2020-10-18,373544
2020-10-19,489808
2020-10-20,519988
2020-10-21,490652
2020-10-22,539330
2020-10-23,511169
2020-10-24,478407
2020-10-25,402253
2020-10-26,418046
2020-10-27,433878
2020-10-28,441263
2020-10-29,463925
2020-10-30,440119
2020-10-31,441682
2020-11-01,425333
2020-11-02,382139
2020-11-03,529072
2020-11-04,509272
2020-11-05,515031
2020-11-06,541866
2020-11-07,440998
2020-11-08,408013
2020-11-09,520324
2020-11-10,492985
2020-11-11,509966
2020-11-12,519504
2020-11-13,496848
2020-11-14,449703
2020-11-15,407914
2020-11-16,493329
2020-11-17,558880
