t,entities_new_count
2010-01-01,50
2010-01-02,37
2010-01-03,61
2010-01-04,59
2010-01-05,62
2010-01-06,52
2010-01-07,58
2010-01-08,60
2010-01-09,60
2010-01-10,53
2010-01-11,48
2010-01-12,33
2010-01-13,59
2010-01-14,49
2010-01-15,40
2010-01-16,36
2010-01-17,36
2010-01-18,26
2010-01-19,12
2010-01-20,18
2010-01-21,45
2010-01-22,39
2010-01-23,34
2010-01-24,41
2010-01-25,46
2010-01-26,48
2010-01-27,42
2010-01-28,50
2010-01-29,54
2010-01-30,50
2010-01-31,23
2010-02-01,33
2010-02-02,35
2010-02-03,71
2010-02-04,64
2010-02-05,54
2010-02-06,49
2010-02-07,37
2010-02-08,55
2010-02-09,55
2010-02-10,44
2010-02-11,55
2010-02-12,48
2010-02-13,54
2010-02-14,61
2010-02-15,60
2010-02-16,51
2010-02-17,60
2010-02-18,66
2010-02-19,54
2010-02-20,45
2010-02-21,74
2010-02-22,92
2010-02-23,58
2010-02-24,60
2010-02-25,60
2010-02-26,65
2010-02-27,50
2010-02-28,43
2010-03-01,58
2010-03-02,54
2010-03-03,46
2010-03-04,68
2010-03-05,62
2010-03-06,59
2010-03-07,55
2010-03-08,45
2010-03-09,50
2010-03-10,52
2010-03-11,35
2010-03-12,43
2010-03-13,45
2010-03-14,37
2010-03-15,51
2010-03-16,39
2010-03-17,48
2010-03-18,54
2010-03-19,67
2010-03-20,55
2010-03-21,65
2010-03-22,68
2010-03-23,72
2010-03-24,63
2010-03-25,80
2010-03-26,73
2010-03-27,53
2010-03-28,60
2010-03-29,70
2010-03-30,68
2010-03-31,63
2010-04-01,60
2010-04-02,54
2010-04-03,64
2010-04-04,56
2010-04-05,64
2010-04-06,66
2010-04-07,71
2010-04-08,69
2010-04-09,83
2010-04-10,89
2010-04-11,82
2010-04-12,70
2010-04-13,63
2010-04-14,86
2010-04-15,93
2010-04-16,89
2010-04-17,86
2010-04-18,127
2010-04-19,94
2010-04-20,83
2010-04-21,84
2010-04-22,73
2010-04-23,64
2010-04-24,74
2010-04-25,76
2010-04-26,66
2010-04-27,80
2010-04-28,90
2010-04-29,69
2010-04-30,66
2010-05-01,101
2010-05-02,61
2010-05-03,67
2010-05-04,51
2010-05-05,46
2010-05-06,49
2010-05-07,34
2010-05-08,37
2010-05-09,36
2010-05-10,43
2010-05-11,34
2010-05-12,41
2010-05-13,54
2010-05-14,45
2010-05-15,30
2010-05-16,32
2010-05-17,43
2010-05-18,56
2010-05-19,57
2010-05-20,71
2010-05-21,59
2010-05-22,77
2010-05-23,100
2010-05-24,81
2010-05-25,95
2010-05-26,99
2010-05-27,107
2010-05-28,98
2010-05-29,77
2010-05-30,71
2010-05-31,65
2010-06-01,67
2010-06-02,68
2010-06-03,79
2010-06-04,74
2010-06-05,54
2010-06-06,73
2010-06-07,77
2010-06-08,87
2010-06-09,92
2010-06-10,75
2010-06-11,100
2010-06-12,71
2010-06-13,71
2010-06-14,85
2010-06-15,104
2010-06-16,67
2010-06-17,67
2010-06-18,64
2010-06-19,80
2010-06-20,94
2010-06-21,79
2010-06-22,79
2010-06-23,99
2010-06-24,97
2010-06-25,89
2010-06-26,75
2010-06-27,96
2010-06-28,112
2010-06-29,99
2010-06-30,84
2010-07-01,102
2010-07-02,81
2010-07-03,105
2010-07-04,91
2010-07-05,91
2010-07-06,91
2010-07-07,95
2010-07-08,97
2010-07-09,113
2010-07-10,113
2010-07-11,179
2010-07-12,1498
2010-07-13,852
2010-07-14,838
2010-07-15,750
2010-07-16,653
2010-07-17,217
2010-07-18,226
2010-07-19,289
2010-07-20,220
2010-07-21,227
2010-07-22,186
2010-07-23,212
2010-07-24,206
2010-07-25,190
2010-07-26,217
2010-07-27,207
2010-07-28,187
2010-07-29,168
2010-07-30,168
2010-07-31,154
2010-08-01,199
2010-08-02,201
2010-08-03,192
2010-08-04,172
2010-08-05,182
2010-08-06,146
2010-08-07,133
2010-08-08,129
2010-08-09,192
2010-08-10,172
2010-08-11,215
2010-08-12,201
2010-08-13,164
2010-08-14,200
2010-08-15,164
2010-08-16,162
2010-08-17,126
2010-08-18,171
2010-08-19,137
2010-08-20,164
2010-08-21,146
2010-08-22,151
2010-08-23,156
2010-08-24,186
2010-08-25,139
2010-08-26,146
2010-08-27,151
2010-08-28,136
2010-08-29,118
2010-08-30,139
2010-08-31,182
2010-09-01,160
2010-09-02,135
2010-09-03,134
2010-09-04,123
2010-09-05,139
2010-09-06,134
2010-09-07,93
2010-09-08,130
2010-09-09,133
2010-09-10,153
2010-09-11,111
2010-09-12,142
2010-09-13,138
2010-09-14,172
2010-09-15,146
2010-09-16,148
2010-09-17,137
2010-09-18,127
2010-09-19,167
2010-09-20,176
2010-09-21,162
2010-09-22,178
2010-09-23,216
2010-09-24,165
2010-09-25,120
2010-09-26,115
2010-09-27,130
2010-09-28,135
2010-09-29,115
2010-09-30,119
2010-10-01,106
2010-10-02,123
2010-10-03,101
2010-10-04,130
2010-10-05,127
2010-10-06,107
2010-10-07,106
2010-10-08,113
2010-10-09,119
2010-10-10,133
2010-10-11,118
2010-10-12,102
2010-10-13,113
2010-10-14,116
2010-10-15,99
2010-10-16,131
2010-10-17,127
2010-10-18,150
2010-10-19,178
2010-10-20,154
2010-10-21,140
2010-10-22,133
2010-10-23,95
2010-10-24,98
2010-10-25,104
2010-10-26,139
2010-10-27,161
2010-10-28,137
2010-10-29,127
2010-10-30,110
2010-10-31,116
2010-11-01,127
2010-11-02,110
2010-11-03,118
2010-11-04,134
2010-11-05,146
2010-11-06,130
2010-11-07,152
2010-11-08,192
2010-11-09,150
2010-11-10,154
2010-11-11,154
2010-11-12,101
2010-11-13,135
2010-11-14,156
2010-11-15,198
2010-11-16,180
2010-11-17,147
2010-11-18,142
2010-11-19,128
2010-11-20,136
2010-11-21,152
2010-11-22,138
2010-11-23,143
2010-11-24,213
2010-11-25,225
2010-11-26,221
2010-11-27,201
2010-11-28,175
2010-11-29,236
2010-11-30,198
2010-12-01,248
2010-12-02,211
2010-12-03,183
2010-12-04,184
2010-12-05,178
2010-12-06,178
2010-12-07,262
2010-12-08,243
2010-12-09,185
2010-12-10,169
2010-12-11,307
2010-12-12,377
2010-12-13,385
2010-12-14,306
2010-12-15,250
2010-12-16,221
2010-12-17,192
2010-12-18,219
2010-12-19,253
2010-12-20,215
2010-12-21,208
2010-12-22,215
2010-12-23,211
2010-12-24,160
2010-12-25,184
2010-12-26,169
2010-12-27,187
2010-12-28,232
2010-12-29,231
2010-12-30,239
2010-12-31,199
2011-01-01,244
2011-01-02,188
2011-01-03,226
2011-01-04,207
2011-01-05,242
2011-01-06,203
2011-01-07,242
2011-01-08,304
2011-01-09,261
2011-01-10,316
2011-01-11,311
2011-01-12,362
2011-01-13,356
2011-01-14,409
2011-01-15,401
2011-01-16,396
2011-01-17,358
2011-01-18,366
2011-01-19,403
2011-01-20,348
2011-01-21,555
2011-01-22,513
2011-01-23,484
2011-01-24,554
2011-01-25,391
2011-01-26,464
2011-01-27,388
2011-01-28,537
2011-01-29,618
2011-01-30,503
2011-01-31,631
2011-02-01,514
2011-02-02,409
2011-02-03,403
2011-02-04,488
2011-02-05,491
2011-02-06,424
2011-02-07,530
2011-02-08,459
2011-02-09,710
2011-02-10,1229
2011-02-11,1458
2011-02-12,1181
2011-02-13,1104
2011-02-14,1053
2011-02-15,931
2011-02-16,852
2011-02-17,1143
2011-02-18,1073
2011-02-19,855
2011-02-20,1003
2011-02-21,1049
2011-02-22,1055
2011-02-23,741
2011-02-24,716
2011-02-25,690
2011-02-26,826
2011-02-27,819
2011-02-28,777
2011-03-01,1398
2011-03-02,951
2011-03-03,1008
2011-03-04,765
2011-03-05,808
2011-03-06,737
2011-03-07,739
2011-03-08,738
2011-03-09,735
2011-03-10,676
2011-03-11,754
2011-03-12,702
2011-03-13,710
2011-03-14,679
2011-03-15,641
2011-03-16,706
2011-03-17,801
2011-03-18,849
2011-03-19,802
2011-03-20,814
2011-03-21,1361
2011-03-22,1127
2011-03-23,1933
2011-03-24,1163
2011-03-25,871
2011-03-26,871
2011-03-27,842
2011-03-28,854
2011-03-29,748
2011-03-30,790
2011-03-31,732
2011-04-01,627
2011-04-02,565
2011-04-03,710
2011-04-04,960
2011-04-05,876
2011-04-06,856
2011-04-07,656
2011-04-08,790
2011-04-09,767
2011-04-10,754
2011-04-11,824
2011-04-12,833
2011-04-13,735
2011-04-14,697
2011-04-15,731
2011-04-16,731
2011-04-17,795
2011-04-18,994
2011-04-19,1091
2011-04-20,929
2011-04-21,933
2011-04-22,934
2011-04-23,897
2011-04-24,933
2011-04-25,1111
2011-04-26,1019
2011-04-27,1192
2011-04-28,1311
2011-04-29,1251
2011-04-30,1598
2011-05-01,1444
2011-05-02,1135
2011-05-03,1133
2011-05-04,1278
2011-05-05,1348
2011-05-06,1406
2011-05-07,1147
2011-05-08,1343
2011-05-09,1541
2011-05-10,1462
2011-05-11,1412
2011-05-12,1499
2011-05-13,2243
2011-05-14,1828
2011-05-15,1603
2011-05-16,3874
2011-05-17,2665
2011-05-18,3113
2011-05-19,3538
2011-05-20,2543
2011-05-21,1561
2011-05-22,1575
2011-05-23,1886
2011-05-24,2514
2011-05-25,3291
2011-05-26,2215
2011-05-27,1451
2011-05-28,2008
2011-05-29,1642
2011-05-30,2555
2011-05-31,2871
2011-06-01,1966
2011-06-02,2313
2011-06-03,2747
2011-06-04,3583
2011-06-05,2651
2011-06-06,3175
2011-06-07,2768
2011-06-08,4097
2011-06-09,3725
2011-06-10,3321
2011-06-11,3120
2011-06-12,3710
2011-06-13,3547
2011-06-14,3654
2011-06-15,3385
2011-06-16,4022
2011-06-17,3946
2011-06-18,4386
2011-06-19,4340
2011-06-20,4178
2011-06-21,4815
2011-06-22,4309
2011-06-23,3662
2011-06-24,3661
2011-06-25,3124
2011-06-26,3697
2011-06-27,5222
2011-06-28,4148
2011-06-29,4490
2011-06-30,3692
2011-07-01,10012
2011-07-02,15941
2011-07-03,5456
2011-07-04,4499
2011-07-05,4117
2011-07-06,5803
2011-07-07,5435
2011-07-08,6533
2011-07-09,6586
2011-07-10,12037
2011-07-11,5767
2011-07-12,6131
2011-07-13,8349
2011-07-14,10223
2011-07-15,7820
2011-07-16,6141
2011-07-17,7606
2011-07-18,6491
2011-07-19,7097
2011-07-20,7266
2011-07-21,8593
2011-07-22,6945
2011-07-23,6805
2011-07-24,7019
2011-07-25,7851
2011-07-26,6125
2011-07-27,6961
2011-07-28,7961
2011-07-29,7150
2011-07-30,6950
2011-07-31,7701
2011-08-01,7354
2011-08-02,4153
2011-08-03,2579
2011-08-04,2887
2011-08-05,6615
2011-08-06,6811
2011-08-07,6314
2011-08-08,6224
2011-08-09,5892
2011-08-10,2735
2011-08-11,2714
2011-08-12,2496
2011-08-13,4313
2011-08-14,5630
2011-08-15,2571
2011-08-16,2426
2011-08-17,4716
2011-08-18,4834
2011-08-19,6964
2011-08-20,6398
2011-08-21,7511
2011-08-22,8909
2011-08-23,7118
2011-08-24,6590
2011-08-25,7551
2011-08-26,5535
2011-08-27,5926
2011-08-28,6582
2011-08-29,3934
2011-08-30,2044
2011-08-31,2296
2011-09-01,2080
2011-09-02,1783
2011-09-03,1592
2011-09-04,2808
2011-09-05,3292
2011-09-06,2075
2011-09-07,1891
2011-09-08,1616
2011-09-09,1805
2011-09-10,1523
2011-09-11,1753
2011-09-12,1803
2011-09-13,1815
2011-09-14,1742
2011-09-15,2109
2011-09-16,2106
2011-09-17,1878
2011-09-18,1961
2011-09-19,1986
2011-09-20,6314
2011-09-21,2163
2011-09-22,4916
2011-09-23,7829
2011-09-24,7702
2011-09-25,8024
2011-09-26,6260
2011-09-27,6516
2011-09-28,1711
2011-09-29,1834
2011-09-30,1773
2011-10-01,1687
2011-10-02,1662
2011-10-03,1782
2011-10-04,2305
2011-10-05,1853
2011-10-06,1872
2011-10-07,1817
2011-10-08,1570
2011-10-09,1499
2011-10-10,1719
2011-10-11,2086
2011-10-12,1775
2011-10-13,1697
2011-10-14,1768
2011-10-15,1689
2011-10-16,1672
2011-10-17,1926
2011-10-18,1717
2011-10-19,1625
2011-10-20,1443
2011-10-21,1872
2011-10-22,1898
2011-10-23,1966
2011-10-24,2015
2011-10-25,1945
2011-10-26,1863
2011-10-27,1815
2011-10-28,2220
2011-10-29,2312
2011-10-30,2149
2011-10-31,1730
2011-11-01,2243
2011-11-02,1974
2011-11-03,2314
2011-11-04,2399
2011-11-05,2121
2011-11-06,2017
2011-11-07,2113
2011-11-08,2099
2011-11-09,2476
2011-11-10,2362
2011-11-11,2059
2011-11-12,2034
2011-11-13,2399
2011-11-14,2160
2011-11-15,2512
2011-11-16,2592
2011-11-17,1852
2011-11-18,1943
2011-11-19,1602
2011-11-20,1788
2011-11-21,1852
2011-11-22,2048
2011-11-23,2075
2011-11-24,1905
2011-11-25,1862
2011-11-26,1929
2011-11-27,2087
2011-11-28,2226
2011-11-29,2870
2011-11-30,2687
2011-12-01,2873
2011-12-02,2395
2011-12-03,2086
2011-12-04,2296
2011-12-05,2643
2011-12-06,2552
2011-12-07,2343
2011-12-08,1931
2011-12-09,2105
2011-12-10,1782
2011-12-11,1915
2011-12-12,1802
2011-12-13,2698
2011-12-14,1994
2011-12-15,1597
2011-12-16,1824
2011-12-17,1644
2011-12-18,1376
2011-12-19,1980
2011-12-20,2076
2011-12-21,1925
2011-12-22,1944
2011-12-23,2091
2011-12-24,1681
2011-12-25,1928
2011-12-26,1965
2011-12-27,1827
2011-12-28,1512
2011-12-29,1741
2011-12-30,1592
2011-12-31,1633
2012-01-01,1518
2012-01-02,1767
2012-01-03,1809
2012-01-04,1856
2012-01-05,2350
2012-01-06,2196
2012-01-07,2001
2012-01-08,1999
2012-01-09,2004
2012-01-10,2515
2012-01-11,2266
2012-01-12,2064
2012-01-13,2268
2012-01-14,2156
2012-01-15,1955
2012-01-16,2026
2012-01-17,2195
2012-01-18,2283
2012-01-19,2318
2012-01-20,2083
2012-01-21,2066
2012-01-22,1609
2012-01-23,1897
2012-01-24,2146
2012-01-25,2546
2012-01-26,2031
2012-01-27,2174
2012-01-28,1865
2012-01-29,1763
2012-01-30,1873
2012-01-31,2334
2012-02-01,2190
2012-02-02,2171
2012-02-03,2139
2012-02-04,2353
2012-02-05,1963
2012-02-06,1881
2012-02-07,2038
2012-02-08,2062
2012-02-09,2023
2012-02-10,2124
2012-02-11,1896
2012-02-12,1763
2012-02-13,2078
2012-02-14,2457
2012-02-15,2545
2012-02-16,2819
2012-02-17,2173
2012-02-18,2178
2012-02-19,2279
2012-02-20,2259
2012-02-21,2372
2012-02-22,2429
2012-02-23,2515
2012-02-24,2350
2012-02-25,1852
2012-02-26,1763
2012-02-27,2036
2012-02-28,2180
2012-02-29,2144
2012-03-01,2140
2012-03-02,2436
2012-03-03,1716
2012-03-04,2243
2012-03-05,2332
2012-03-06,2150
2012-03-07,2021
2012-03-08,2129
2012-03-09,2065
2012-03-10,1723
2012-03-11,1642
2012-03-12,1812
2012-03-13,2444
2012-03-14,2360
2012-03-15,2228
2012-03-16,2252
2012-03-17,2187
2012-03-18,1889
2012-03-19,2111
2012-03-20,2231
2012-03-21,2371
2012-03-22,2163
2012-03-23,2035
2012-03-24,1791
2012-03-25,1930
2012-03-26,2179
2012-03-27,2068
2012-03-28,2254
2012-03-29,2276
2012-03-30,1936
2012-03-31,1822
2012-04-01,1603
2012-04-02,2168
2012-04-03,2501
2012-04-04,2363
2012-04-05,2323
2012-04-06,2108
2012-04-07,1870
2012-04-08,1809
2012-04-09,2106
2012-04-10,2396
2012-04-11,2562
2012-04-12,2552
2012-04-13,2230
2012-04-14,2359
2012-04-15,2237
2012-04-16,2426
2012-04-17,2346
2012-04-18,2514
2012-04-19,2274
2012-04-20,2553
2012-04-21,2198
2012-04-22,1924
2012-04-23,2134
2012-04-24,2384
2012-04-25,2246
2012-04-26,2323
2012-04-27,2225
2012-04-28,2053
2012-04-29,1902
2012-04-30,2238
2012-05-01,2366
2012-05-02,2619
2012-05-03,2266
2012-05-04,2615
2012-05-05,2058
2012-05-06,1951
2012-05-07,2531
2012-05-08,2279
2012-05-09,2487
2012-05-10,2340
2012-05-11,2545
2012-05-12,2085
2012-05-13,2036
2012-05-14,2781
2012-05-15,2470
2012-05-16,2375
2012-05-17,2256
2012-05-18,2397
2012-05-19,2215
2012-05-20,2250
2012-05-21,2595
2012-05-22,2972
2012-05-23,3146
2012-05-24,2819
2012-05-25,2652
2012-05-26,2458
2012-05-27,2329
2012-05-28,2665
2012-05-29,3479
2012-05-30,2913
2012-05-31,3331
2012-06-01,2953
2012-06-02,2139
2012-06-03,2705
2012-06-04,3186
2012-06-05,4601
2012-06-06,3061
2012-06-07,3662
2012-06-08,3018
2012-06-09,2989
2012-06-10,3772
2012-06-11,3174
2012-06-12,3083
2012-06-13,4670
2012-06-14,4307
2012-06-15,4204
2012-06-16,3821
2012-06-17,3477
2012-06-18,3888
2012-06-19,3822
2012-06-20,3848
2012-06-21,3800
2012-06-22,3825
2012-06-23,3805
2012-06-24,3298
2012-06-25,4102
2012-06-26,4320
2012-06-27,4378
2012-06-28,4135
2012-06-29,4611
2012-06-30,4481
2012-07-01,5286
2012-07-02,4438
2012-07-03,4529
2012-07-04,3763
2012-07-05,2992
2012-07-06,4379
2012-07-07,3857
2012-07-08,4555
2012-07-09,4289
2012-07-10,5129
2012-07-11,4480
2012-07-12,4364
2012-07-13,4107
2012-07-14,4029
2012-07-15,4295
2012-07-16,4166
2012-07-17,5232
2012-07-18,4368
2012-07-19,4012
2012-07-20,4531
2012-07-21,4933
2012-07-22,5385
2012-07-23,5768
2012-07-24,4991
2012-07-25,4403
2012-07-26,4998
2012-07-27,4358
2012-07-28,7552
2012-07-29,4699
2012-07-30,4552
2012-07-31,13259
2012-08-01,5368
2012-08-02,6152
2012-08-03,4690
2012-08-04,4392
2012-08-05,4754
2012-08-06,6179
2012-08-07,5748
2012-08-08,8043
2012-08-09,5288
2012-08-10,5965
2012-08-11,5347
2012-08-12,5801
2012-08-13,8662
2012-08-14,6630
2012-08-15,6313
2012-08-16,8960
2012-08-17,8202
2012-08-18,8170
2012-08-19,6468
2012-08-20,5359
2012-08-21,7039
2012-08-22,6542
2012-08-23,6105
2012-08-24,6144
2012-08-25,4467
2012-08-26,3523
2012-08-27,5274
2012-08-28,5844
2012-08-29,5500
2012-08-30,3800
2012-08-31,7113
2012-09-01,6429
2012-09-02,4174
2012-09-03,3779
2012-09-04,5490
2012-09-05,5120
2012-09-06,6361
2012-09-07,6783
2012-09-08,4023
2012-09-09,6754
2012-09-10,4796
2012-09-11,7396
2012-09-12,4788
2012-09-13,4335
2012-09-14,4947
2012-09-15,4314
2012-09-16,4613
2012-09-17,4468
2012-09-18,6435
2012-09-19,8913
2012-09-20,10255
2012-09-21,6268
2012-09-22,3654
2012-09-23,3860
2012-09-24,4524
2012-09-25,9562
2012-09-26,9136
2012-09-27,8212
2012-09-28,11063
2012-09-29,6944
2012-09-30,4477
2012-10-01,4959
2012-10-02,9724
2012-10-03,8809
2012-10-04,8450
2012-10-05,7753
2012-10-06,6157
2012-10-07,7037
2012-10-08,7261
2012-10-09,8347
2012-10-10,7744
2012-10-11,8239
2012-10-12,6818
2012-10-13,5375
2012-10-14,6104
2012-10-15,6783
2012-10-16,6289
2012-10-17,9591
2012-10-18,6972
2012-10-19,5694
2012-10-20,5425
2012-10-21,3977
2012-10-22,5179
2012-10-23,5567
2012-10-24,6194
2012-10-25,6269
2012-10-26,5984
2012-10-27,4485
2012-10-28,4165
2012-10-29,4262
2012-10-30,5372
2012-10-31,5466
2012-11-01,5340
2012-11-02,5657
2012-11-03,5846
2012-11-04,4895
2012-11-05,5492
2012-11-06,6980
2012-11-07,8414
2012-11-08,6061
2012-11-09,5868
2012-11-10,6153
2012-11-11,4960
2012-11-12,5233
2012-11-13,5917
2012-11-14,6015
2012-11-15,7291
2012-11-16,6819
2012-11-17,6890
2012-11-18,6175
2012-11-19,5770
2012-11-20,6419
2012-11-21,6119
2012-11-22,6381
2012-11-23,4994
2012-11-24,5351
2012-11-25,5045
2012-11-26,6400
2012-11-27,4672
2012-11-28,5262
2012-11-29,5508
2012-11-30,5666
2012-12-01,6195
2012-12-02,3556
2012-12-03,4307
2012-12-04,6555
2012-12-05,7150
2012-12-06,6282
2012-12-07,6125
2012-12-08,5646
2012-12-09,5266
2012-12-10,4625
2012-12-11,5238
2012-12-12,5910
2012-12-13,7436
2012-12-14,7069
2012-12-15,5629
2012-12-16,5757
2012-12-17,6659
2012-12-18,7847
2012-12-19,7152
2012-12-20,6317
2012-12-21,7608
2012-12-22,10628
2012-12-23,6166
2012-12-24,5898
2012-12-25,4371
2012-12-26,4213
2012-12-27,4708
2012-12-28,6913
2012-12-29,6200
2012-12-30,11623
2012-12-31,5561
2013-01-01,5696
2013-01-02,6929
2013-01-03,9787
2013-01-04,8403
2013-01-05,10136
2013-01-06,7700
2013-01-07,9295
2013-01-08,9776
2013-01-09,9786
2013-01-10,10027
2013-01-11,10980
2013-01-12,8644
2013-01-13,8608
2013-01-14,6047
2013-01-15,10322
2013-01-16,9446
2013-01-17,10192
2013-01-18,9970
2013-01-19,8936
2013-01-20,7988
2013-01-21,6870
2013-01-22,8077
2013-01-23,7228
2013-01-24,8151
2013-01-25,8341
2013-01-26,9147
2013-01-27,9227
2013-01-28,7494
2013-01-29,7924
2013-01-30,6415
2013-01-31,7340
2013-02-01,11043
2013-02-02,10075
2013-02-03,9789
2013-02-04,10409
2013-02-05,10179
2013-02-06,10522
2013-02-07,11477
2013-02-08,11370
2013-02-09,10608
2013-02-10,9818
2013-02-11,6646
2013-02-12,7297
2013-02-13,6584
2013-02-14,7589
2013-02-15,8178
2013-02-16,6398
2013-02-17,6663
2013-02-18,7261
2013-02-19,7802
2013-02-20,7814
2013-02-21,8183
2013-02-22,10062
2013-02-23,10039
2013-02-24,10610
2013-02-25,10282
2013-02-26,10910
2013-02-27,9046
2013-02-28,10339
2013-03-01,12188
2013-03-02,7477
2013-03-03,6602
2013-03-04,7818
2013-03-05,9565
2013-03-06,11781
2013-03-07,10467
2013-03-08,9399
2013-03-09,8240
2013-03-10,7344
2013-03-11,6277
2013-03-12,8585
2013-03-13,8280
2013-03-14,8344
2013-03-15,9830
2013-03-16,7715
2013-03-17,7372
2013-03-18,8527
2013-03-19,11155
2013-03-20,9544
2013-03-21,9321
2013-03-22,10955
2013-03-23,8548
2013-03-24,8935
2013-03-25,9407
2013-03-26,10937
2013-03-27,11492
2013-03-28,13031
2013-03-29,13257
2013-03-30,11776
2013-03-31,8737
2013-04-01,10498
2013-04-02,13745
2013-04-03,16826
2013-04-04,18364
2013-04-05,17048
2013-04-06,12670
2013-04-07,11595
2013-04-08,23827
2013-04-09,19424
2013-04-10,26726
2013-04-11,19621
2013-04-12,18166
2013-04-13,13166
2013-04-14,10450
2013-04-15,15029
2013-04-16,14692
2013-04-17,18839
2013-04-18,11783
2013-04-19,14356
2013-04-20,9776
2013-04-21,8527
2013-04-22,12687
2013-04-23,12565
2013-04-24,13474
2013-04-25,11354
2013-04-26,11600
2013-04-27,15173
2013-04-28,53280
2013-04-29,8955
2013-04-30,9161
2013-05-01,10838
2013-05-02,10822
2013-05-03,11221
2013-05-04,8720
2013-05-05,8735
2013-05-06,9523
2013-05-07,11671
2013-05-08,13104
2013-05-09,10200
2013-05-10,10359
2013-05-11,7937
2013-05-12,7095
2013-05-13,9103
2013-05-14,9447
2013-05-15,9819
2013-05-16,10900
2013-05-17,10564
2013-05-18,8368
2013-05-19,7225
2013-05-20,8591
2013-05-21,10673
2013-05-22,9307
2013-05-23,10245
2013-05-24,10165
2013-05-25,7249
2013-05-26,6538
2013-05-27,7348
2013-05-28,8893
2013-05-29,10213
2013-05-30,9937
2013-05-31,9315
2013-06-01,8025
2013-06-02,7395
2013-06-03,8264
2013-06-04,9122
2013-06-05,9090
2013-06-06,9194
2013-06-07,9963
2013-06-08,6660
2013-06-09,7110
2013-06-10,7889
2013-06-11,8328
2013-06-12,8120
2013-06-13,9107
2013-06-14,11128
2013-06-15,7209
2013-06-16,5254
2013-06-17,7617
2013-06-18,8852
2013-06-19,9351
2013-06-20,9075
2013-06-21,10572
2013-06-22,7493
2013-06-23,6024
2013-06-24,9059
2013-06-25,8643
2013-06-26,9184
2013-06-27,8737
2013-06-28,10125
2013-06-29,7915
2013-06-30,6405
2013-07-01,9324
2013-07-02,9239
2013-07-03,9388
2013-07-04,8457
2013-07-05,8172
2013-07-06,6746
2013-07-07,5854
2013-07-08,8376
2013-07-09,9229
2013-07-10,9217
2013-07-11,11077
2013-07-12,13865
2013-07-13,9159
2013-07-14,6267
2013-07-15,7849
2013-07-16,10732
2013-07-17,8884
2013-07-18,8961
2013-07-19,8884
2013-07-20,8117
2013-07-21,6678
2013-07-22,8152
2013-07-23,9437
2013-07-24,9163
2013-07-25,9468
2013-07-26,8870
2013-07-27,6927
2013-07-28,6808
2013-07-29,8130
2013-07-30,10173
2013-07-31,11766
2013-08-01,43484
2013-08-02,12614
2013-08-03,9326
2013-08-04,7073
2013-08-05,10178
2013-08-06,8955
2013-08-07,10675
2013-08-08,8965
2013-08-09,7614
2013-08-10,8362
2013-08-11,5885
2013-08-12,9392
2013-08-13,12142
2013-08-14,12318
2013-08-15,11675
2013-08-16,10161
2013-08-17,6674
2013-08-18,7004
2013-08-19,9337
2013-08-20,9273
2013-08-21,9994
2013-08-22,9667
2013-08-23,9031
2013-08-24,7346
2013-08-25,6220
2013-08-26,7938
2013-08-27,10306
2013-08-28,9998
2013-08-29,8117
2013-08-30,12343
2013-08-31,12728
2013-09-01,7528
2013-09-02,8161
2013-09-03,9724
2013-09-04,11190
2013-09-05,10571
2013-09-06,10927
2013-09-07,9132
2013-09-08,6659
2013-09-09,9264
2013-09-10,9251
2013-09-11,9892
2013-09-12,10072
2013-09-13,9608
2013-09-14,7614
2013-09-15,6954
2013-09-16,9658
2013-09-17,10083
2013-09-18,10463
2013-09-19,11024
2013-09-20,12156
2013-09-21,10962
2013-09-22,9448
2013-09-23,10950
2013-09-24,11099
2013-09-25,11542
2013-09-26,11728
2013-09-27,10668
2013-09-28,10005
2013-09-29,10382
2013-09-30,11936
2013-10-01,13014
2013-10-02,14486
2013-10-03,13452
2013-10-04,12629
2013-10-05,9225
2013-10-06,9084
2013-10-07,10480
2013-10-08,11266
2013-10-09,12090
2013-10-10,10465
2013-10-11,10346
2013-10-12,9111
2013-10-13,17838
2013-10-14,9935
2013-10-15,12559
2013-10-16,14039
2013-10-17,10889
2013-10-18,12458
2013-10-19,13334
2013-10-20,12514
2013-10-21,13885
2013-10-22,13665
2013-10-23,13340
2013-10-24,14458
2013-10-25,13199
2013-10-26,9385
2013-10-27,7495
2013-10-28,10465
2013-10-29,11085
2013-10-30,12152
2013-10-31,11758
2013-11-01,11965
2013-11-02,10172
2013-11-03,9289
2013-11-04,13144
2013-11-05,16234
2013-11-06,16396
2013-11-07,17911
2013-11-08,18406
2013-11-09,18621
2013-11-10,15765
2013-11-11,12969
2013-11-12,15128
2013-11-13,15622
2013-11-14,17461
2013-11-15,16084
2013-11-16,14706
2013-11-17,14570
2013-11-18,23801
2013-11-19,34036
2013-11-20,26512
2013-11-21,24424
2013-11-22,24477
2013-11-23,22765
2013-11-24,16325
2013-11-25,20380
2013-11-26,24826
2013-11-27,28034
2013-11-28,29322
2013-11-29,27954
2013-11-30,26244
2013-12-01,24599
2013-12-02,28748
2013-12-03,24618
2013-12-04,25137
2013-12-05,27016
2013-12-06,23354
2013-12-07,24652
2013-12-08,16354
2013-12-09,24237
2013-12-10,21690
2013-12-11,22261
2013-12-12,19453
2013-12-13,22025
2013-12-14,19259
2013-12-15,16484
2013-12-16,23890
2013-12-17,20719
2013-12-18,25965
2013-12-19,21022
2013-12-20,18320
2013-12-21,13797
2013-12-22,13405
2013-12-23,23217
2013-12-24,16488
2013-12-25,18267
2013-12-26,16485
2013-12-27,16130
2013-12-28,12889
2013-12-29,13614
2013-12-30,18787
2013-12-31,13207
2014-01-01,10530
2014-01-02,15285
2014-01-03,16271
2014-01-04,15068
2014-01-05,14547
2014-01-06,23069
2014-01-07,17588
2014-01-08,18127
2014-01-09,16402
2014-01-10,14822
2014-01-11,14236
2014-01-12,12894
2014-01-13,18467
2014-01-14,14987
2014-01-15,14736
2014-01-16,14447
2014-01-17,15575
2014-01-18,13371
2014-01-19,12570
2014-01-20,18780
2014-01-21,16063
2014-01-22,15677
2014-01-23,16684
2014-01-24,16633
2014-01-25,15106
2014-01-26,15486
2014-01-27,20656
2014-01-28,19229
2014-01-29,17456
2014-01-30,18043
2014-01-31,18189
2014-02-01,15638
2014-02-02,15121
2014-02-03,19340
2014-02-04,20133
2014-02-05,19605
2014-02-06,19439
2014-02-07,17383
2014-02-08,15529
2014-02-09,15370
2014-02-10,19796
2014-02-11,15769
2014-02-12,18671
2014-02-13,19335
2014-02-14,22245
2014-02-15,17469
2014-02-16,15954
2014-02-17,19806
2014-02-18,18372
2014-02-19,20032
2014-02-20,21341
2014-02-21,20428
2014-02-22,17318
2014-02-23,16970
2014-02-24,23359
2014-02-25,24118
2014-02-26,23847
2014-02-27,21452
2014-02-28,21515
2014-03-01,21116
2014-03-02,16268
2014-03-03,29309
2014-03-04,27573
2014-03-05,21900
2014-03-06,22741
2014-03-07,22467
2014-03-08,28365
2014-03-09,21271
2014-03-10,23173
2014-03-11,23651
2014-03-12,25043
2014-03-13,26335
2014-03-14,25566
2014-03-15,17654
2014-03-16,15696
2014-03-17,31694
2014-03-18,18396
2014-03-19,23755
2014-03-20,20423
2014-03-21,20324
2014-03-22,19820
2014-03-23,14366
2014-03-24,22929
2014-03-25,18461
2014-03-26,19142
2014-03-27,19512
2014-03-28,21818
2014-03-29,16878
2014-03-30,18433
2014-03-31,16188
2014-04-01,18596
2014-04-02,18126
2014-04-03,18421
2014-04-04,18421
2014-04-05,15163
2014-04-06,17239
2014-04-07,17625
2014-04-08,19099
2014-04-09,18702
2014-04-10,19693
2014-04-11,18585
2014-04-12,14763
2014-04-13,18157
2014-04-14,18582
2014-04-15,18970
2014-04-16,19251
2014-04-17,17643
2014-04-18,17454
2014-04-19,15141
2014-04-20,18083
2014-04-21,15707
2014-04-22,22225
2014-04-23,18314
2014-04-24,19695
2014-04-25,19563
2014-04-26,14882
2014-04-27,16381
2014-04-28,17206
2014-04-29,17524
2014-04-30,17310
2014-05-01,17143
2014-05-02,16879
2014-05-03,14326
2014-05-04,15564
2014-05-05,16874
2014-05-06,20883
2014-05-07,19113
2014-05-08,18696
2014-05-09,18538
2014-05-10,15723
2014-05-11,17352
2014-05-12,18998
2014-05-13,18835
2014-05-14,18622
2014-05-15,23616
2014-05-16,20329
2014-05-17,15636
2014-05-18,16474
2014-05-19,18386
2014-05-20,20403
2014-05-21,19619
2014-05-22,21275
2014-05-23,21937
2014-05-24,14178
2014-05-25,17658
2014-05-26,16974
2014-05-27,20740
2014-05-28,18926
2014-05-29,17753
2014-05-30,17769
2014-05-31,14724
2014-06-01,16867
2014-06-02,17524
2014-06-03,19021
2014-06-04,18676
2014-06-05,18810
2014-06-06,17036
2014-06-07,14126
2014-06-08,15866
2014-06-09,15452
2014-06-10,17545
2014-06-11,17970
2014-06-12,18491
2014-06-13,16819
2014-06-14,15657
2014-06-15,17579
2014-06-16,18069
2014-06-17,20125
2014-06-18,17739
2014-06-19,17247
2014-06-20,17681
2014-06-21,15886
2014-06-22,17739
2014-06-23,17213
2014-06-24,18088
2014-06-25,16779
2014-06-26,17153
2014-06-27,18562
2014-06-28,14167
2014-06-29,17117
2014-06-30,18335
2014-07-01,19113
2014-07-02,19748
2014-07-03,16086
2014-07-04,18154
2014-07-05,16580
2014-07-06,21773
2014-07-07,21788
2014-07-08,24036
2014-07-09,21537
2014-07-10,18440
2014-07-11,17489
2014-07-12,15270
2014-07-13,17724
2014-07-14,17791
2014-07-15,18541
2014-07-16,19349
2014-07-17,17568
2014-07-18,19167
2014-07-19,20829
2014-07-20,19127
2014-07-21,19262
2014-07-22,19104
2014-07-23,20803
2014-07-24,21267
2014-07-25,18888
2014-07-26,15590
2014-07-27,16816
2014-07-28,18991
2014-07-29,17809
2014-07-30,19632
2014-07-31,18320
2014-08-01,19292
2014-08-02,15240
2014-08-03,16805
2014-08-04,19539
2014-08-05,22591
2014-08-06,20971
2014-08-07,18041
2014-08-08,19701
2014-08-09,15462
2014-08-10,17115
2014-08-11,19188
2014-08-12,19907
2014-08-13,20457
2014-08-14,19690
2014-08-15,20986
2014-08-16,25341
2014-08-17,19518
2014-08-18,19848
2014-08-19,17911
2014-08-20,19437
2014-08-21,19653
2014-08-22,19528
2014-08-23,14733
2014-08-24,16720
2014-08-25,17527
2014-08-26,18481
2014-08-27,19052
2014-08-28,18530
2014-08-29,16552
2014-08-30,15339
2014-08-31,16818
2014-09-01,20623
2014-09-02,18813
2014-09-03,19249
2014-09-04,19161
2014-09-05,23432
2014-09-06,16487
2014-09-07,24492
2014-09-08,21844
2014-09-09,22547
2014-09-10,22832
2014-09-11,19001
2014-09-12,20497
2014-09-13,20553
2014-09-14,29652
2014-09-15,20195
2014-09-16,29392
2014-09-17,18774
2014-09-18,20347
2014-09-19,20610
2014-09-20,16592
2014-09-21,16951
2014-09-22,18159
2014-09-23,17675
2014-09-24,18542
2014-09-25,20202
2014-09-26,19250
2014-09-27,14921
2014-09-28,18383
2014-09-29,21436
2014-09-30,22318
2014-10-01,24806
2014-10-02,19000
2014-10-03,17093
2014-10-04,18759
2014-10-05,23570
2014-10-06,22290
2014-10-07,22270
2014-10-08,21970
2014-10-09,23856
2014-10-10,24205
2014-10-11,18485
2014-10-12,20991
2014-10-13,21626
2014-10-14,22509
2014-10-15,22554
2014-10-16,21910
2014-10-17,21912
2014-10-18,17738
2014-10-19,19211
2014-10-20,21324
2014-10-21,20868
2014-10-22,19652
2014-10-23,21149
2014-10-24,22888
2014-10-25,20517
2014-10-26,18401
2014-10-27,21729
2014-10-28,22146
2014-10-29,21523
2014-10-30,19741
2014-10-31,22884
2014-11-01,18708
2014-11-02,26446
2014-11-03,20524
2014-11-04,22762
2014-11-05,23007
2014-11-06,23993
2014-11-07,20458
2014-11-08,16561
2014-11-09,21341
2014-11-10,21240
2014-11-11,21017
2014-11-12,23938
2014-11-13,22744
2014-11-14,22166
2014-11-15,18948
2014-11-16,19686
2014-11-17,20162
2014-11-18,20972
2014-11-19,20691
2014-11-20,22751
2014-11-21,21111
2014-11-22,16978
2014-11-23,19182
2014-11-24,19233
2014-11-25,20464
2014-11-26,19955
2014-11-27,19417
2014-11-28,21849
2014-11-29,18224
2014-11-30,21429
2014-12-01,24126
2014-12-02,24579
2014-12-03,21841
2014-12-04,21140
2014-12-05,22162
2014-12-06,20217
2014-12-07,21166
2014-12-08,21521
2014-12-09,25682
2014-12-10,22024
2014-12-11,21977
2014-12-12,23515
2014-12-13,19625
2014-12-14,22134
2014-12-15,24802
2014-12-16,25644
2014-12-17,26708
2014-12-18,27097
2014-12-19,25461
2014-12-20,22223
2014-12-21,20917
2014-12-22,24370
2014-12-23,23653
2014-12-24,20422
2014-12-25,15767
2014-12-26,19929
2014-12-27,21066
2014-12-28,22391
2014-12-29,22040
2014-12-30,22013
2014-12-31,21755
2015-01-01,15035
2015-01-02,21932
2015-01-03,21124
2015-01-04,21088
2015-01-05,22501
2015-01-06,23961
2015-01-07,23239
2015-01-08,23400
2015-01-09,24645
2015-01-10,24412
2015-01-11,20161
2015-01-12,21567
2015-01-13,25950
2015-01-14,35875
2015-01-15,26785
2015-01-16,25543
2015-01-17,24476
2015-01-18,22226
2015-01-19,25480
2015-01-20,25406
2015-01-21,25854
2015-01-22,24398
2015-01-23,26563
2015-01-24,23814
2015-01-25,26443
2015-01-26,29245
2015-01-27,28726
2015-01-28,25277
2015-01-29,25898
2015-01-30,23181
2015-01-31,29580
2015-02-01,23827
2015-02-02,22590
2015-02-03,26615
2015-02-04,25477
2015-02-05,22979
2015-02-06,26237
2015-02-07,23382
2015-02-08,23907
2015-02-09,24264
2015-02-10,23149
2015-02-11,24146
2015-02-12,25828
2015-02-13,32353
2015-02-14,23990
2015-02-15,24924
2015-02-16,23393
2015-02-17,27503
2015-02-18,23629
2015-02-19,21246
2015-02-20,23371
2015-02-21,21551
2015-02-22,21540
2015-02-23,24041
2015-02-24,24616
2015-02-25,24998
2015-02-26,24552
2015-02-27,24084
2015-02-28,24863
2015-03-01,21646
2015-03-02,26100
2015-03-03,26124
2015-03-04,24497
2015-03-05,28721
2015-03-06,23592
2015-03-07,21293
2015-03-08,20789
2015-03-09,23532
2015-03-10,27149
2015-03-11,28242
2015-03-12,27042
2015-03-13,24202
2015-03-14,22505
2015-03-15,21187
2015-03-16,24860
2015-03-17,23832
2015-03-18,24010
2015-03-19,24981
2015-03-20,25355
2015-03-21,22961
2015-03-22,26510
2015-03-23,29822
2015-03-24,23147
2015-03-25,27382
2015-03-26,25016
2015-03-27,24354
2015-03-28,21365
2015-03-29,25112
2015-03-30,25225
2015-03-31,27581
2015-04-01,28398
2015-04-02,26898
2015-04-03,24703
2015-04-04,21883
2015-04-05,21253
2015-04-06,25452
2015-04-07,27270
2015-04-08,27091
2015-04-09,28976
2015-04-10,25923
2015-04-11,23196
2015-04-12,23971
2015-04-13,28908
2015-04-14,26445
2015-04-15,25877
2015-04-16,23810
2015-04-17,24470
2015-04-18,21280
2015-04-19,23997
2015-04-20,25151
2015-04-21,26234
2015-04-22,26566
2015-04-23,26222
2015-04-24,25188
2015-04-25,21973
2015-04-26,24267
2015-04-27,25866
2015-04-28,27985
2015-04-29,27384
2015-04-30,24998
2015-05-01,24600
2015-05-02,23800
2015-05-03,22615
2015-05-04,29384
2015-05-05,27131
2015-05-06,26381
2015-05-07,27529
2015-05-08,26909
2015-05-09,22586
2015-05-10,22398
2015-05-11,25900
2015-05-12,27222
2015-05-13,26805
2015-05-14,27334
2015-05-15,26254
2015-05-16,22575
2015-05-17,20793
2015-05-18,28955
2015-05-19,27394
2015-05-20,26246
2015-05-21,25495
2015-05-22,25900
2015-05-23,22285
2015-05-24,21821
2015-05-25,23832
2015-05-26,29296
2015-05-27,28326
2015-05-28,28065
2015-05-29,37817
2015-05-30,34194
2015-05-31,34217
2015-06-01,36828
2015-06-02,36837
2015-06-03,32051
2015-06-04,32496
2015-06-05,29310
2015-06-06,31577
2015-06-07,23024
2015-06-08,33131
2015-06-09,40066
2015-06-10,56122
2015-06-11,38498
2015-06-12,42325
2015-06-13,27199
2015-06-14,25810
2015-06-15,32983
2015-06-16,31122
2015-06-17,31551
2015-06-18,33224
2015-06-19,44186
2015-06-20,25671
2015-06-21,23701
2015-06-22,31436
2015-06-23,30687
2015-06-24,28793
2015-06-25,28879
2015-06-26,30178
2015-06-27,25659
2015-06-28,27371
2015-06-29,31289
2015-06-30,37439
2015-07-01,41457
2015-07-02,49220
2015-07-03,38344
2015-07-04,30005
2015-07-05,46638
2015-07-06,52459
2015-07-07,52863
2015-07-08,45815
2015-07-09,43032
2015-07-10,37592
2015-07-11,36611
2015-07-12,32099
2015-07-13,35337
2015-07-14,33742
2015-07-15,30779
2015-07-16,32435
2015-07-17,30281
2015-07-18,28683
2015-07-19,28458
2015-07-20,36908
2015-07-21,47363
2015-07-22,41773
2015-07-23,29908
2015-07-24,30585
2015-07-25,28611
2015-07-26,29025
2015-07-27,33654
2015-07-28,35699
2015-07-29,35624
2015-07-30,29823
2015-07-31,31900
2015-08-01,28192
2015-08-02,28738
2015-08-03,32492
2015-08-04,33392
2015-08-05,36596
2015-08-06,34382
2015-08-07,32654
2015-08-08,29626
2015-08-09,26415
2015-08-10,32018
2015-08-11,33503
2015-08-12,38356
2015-08-13,36235
2015-08-14,37357
2015-08-15,33523
2015-08-16,32250
2015-08-17,35641
2015-08-18,38160
2015-08-19,37696
2015-08-20,35257
2015-08-21,34843
2015-08-22,34841
2015-08-23,32102
2015-08-24,39591
2015-08-25,40076
2015-08-26,37556
2015-08-27,41775
2015-08-28,39889
2015-08-29,35075
2015-08-30,32347
2015-08-31,36688
2015-09-01,38211
2015-09-02,37094
2015-09-03,41181
2015-09-04,37440
2015-09-05,36004
2015-09-06,37979
2015-09-07,52593
2015-09-08,58915
2015-09-09,53848
2015-09-10,44222
2015-09-11,62849
2015-09-12,43304
2015-09-13,31381
2015-09-14,34163
2015-09-15,37520
2015-09-16,36886
2015-09-17,42006
2015-09-18,38856
2015-09-19,30506
2015-09-20,55281
2015-09-21,76113
2015-09-22,69416
2015-09-23,36468
2015-09-24,34518
2015-09-25,34634
2015-09-26,29738
2015-09-27,28764
2015-09-28,37135
2015-09-29,38845
2015-09-30,40610
2015-10-01,38312
2015-10-02,34470
2015-10-03,35072
2015-10-04,35291
2015-10-05,38715
2015-10-06,40332
2015-10-07,37580
2015-10-08,40544
2015-10-09,41067
2015-10-10,37445
2015-10-11,33541
2015-10-12,38174
2015-10-13,40513
2015-10-14,36496
2015-10-15,39193
2015-10-16,40196
2015-10-17,39174
2015-10-18,34515
2015-10-19,42601
2015-10-20,46912
2015-10-21,42929
2015-10-22,43593
2015-10-23,43729
2015-10-24,42836
2015-10-25,37949
2015-10-26,41912
2015-10-27,50029
2015-10-28,51211
2015-10-29,51282
2015-10-30,52979
2015-10-31,52773
2015-11-01,40852
2015-11-02,48962
2015-11-03,59646
2015-11-04,62965
2015-11-05,56595
2015-11-06,51700
2015-11-07,45395
2015-11-08,58209
2015-11-09,46509
2015-11-10,47852
2015-11-11,45623
2015-11-12,42672
2015-11-13,43752
2015-11-14,40664
2015-11-15,39922
2015-11-16,43775
2015-11-17,47660
2015-11-18,49030
2015-11-19,45898
2015-11-20,42994
2015-11-21,40768
2015-11-22,37815
2015-11-23,39741
2015-11-24,43786
2015-11-25,41428
2015-11-26,41666
2015-11-27,42642
2015-11-28,42453
2015-11-29,37271
2015-11-30,50062
2015-12-01,47077
2015-12-02,46449
2015-12-03,43391
2015-12-04,46913
2015-12-05,50259
2015-12-06,43022
2015-12-07,45746
2015-12-08,47608
2015-12-09,49900
2015-12-10,47124
2015-12-11,52027
2015-12-12,53848
2015-12-13,46009
2015-12-14,52402
2015-12-15,51926
2015-12-16,51485
2015-12-17,48930
2015-12-18,48672
2015-12-19,52129
2015-12-20,43198
2015-12-21,50095
2015-12-22,53395
2015-12-23,49527
2015-12-24,42598
2015-12-25,33841
2015-12-26,38509
2015-12-27,37480
2015-12-28,44433
2015-12-29,46503
2015-12-30,43606
2015-12-31,44416
2016-01-01,31777
2016-01-02,40645
2016-01-03,41229
2016-01-04,47524
2016-01-05,51748
2016-01-06,46039
2016-01-07,54618
2016-01-08,47554
2016-01-09,50189
2016-01-10,47782
2016-01-11,51987
2016-01-12,56047
2016-01-13,50521
2016-01-14,48793
2016-01-15,56599
2016-01-16,61252
2016-01-17,52991
2016-01-18,55357
2016-01-19,48200
2016-01-20,66128
2016-01-21,62875
2016-01-22,55091
2016-01-23,49920
2016-01-24,44915
2016-01-25,56345
2016-01-26,62789
2016-01-27,58447
2016-01-28,65434
2016-01-29,68384
2016-01-30,47790
2016-01-31,50208
2016-02-01,65801
2016-02-02,79968
2016-02-03,51776
2016-02-04,53469
2016-02-05,53129
2016-02-06,51490
2016-02-07,52936
2016-02-08,50321
2016-02-09,54473
2016-02-10,59951
2016-02-11,58514
2016-02-12,58041
2016-02-13,51927
2016-02-14,46585
2016-02-15,52898
2016-02-16,56983
2016-02-17,56720
2016-02-18,60722
2016-02-19,59177
2016-02-20,52370
2016-02-21,51544
2016-02-22,61344
2016-02-23,62916
2016-02-24,58615
2016-02-25,64848
2016-02-26,57052
2016-02-27,52738
2016-02-28,54205
2016-02-29,63000
2016-03-01,72766
2016-03-02,66006
2016-03-03,52915
2016-03-04,48993
2016-03-05,44254
2016-03-06,39519
2016-03-07,44113
2016-03-08,46424
2016-03-09,43664
2016-03-10,44777
2016-03-11,45555
2016-03-12,42834
2016-03-13,40808
2016-03-14,47200
2016-03-15,50252
2016-03-16,46976
2016-03-17,48505
2016-03-18,45606
2016-03-19,41496
2016-03-20,41135
2016-03-21,48073
2016-03-22,48113
2016-03-23,46583
2016-03-24,46145
2016-03-25,43895
2016-03-26,38893
2016-03-27,37870
2016-03-28,45373
2016-03-29,49850
2016-03-30,49077
2016-03-31,49389
2016-04-01,49139
2016-04-02,43091
2016-04-03,44765
2016-04-04,54711
2016-04-05,54339
2016-04-06,53460
2016-04-07,52397
2016-04-08,51842
2016-04-09,46978
2016-04-10,45591
2016-04-11,52577
2016-04-12,54678
2016-04-13,53078
2016-04-14,50015
2016-04-15,50063
2016-04-16,44687
2016-04-17,44294
2016-04-18,54906
2016-04-19,56539
2016-04-20,53364
2016-04-21,55646
2016-04-22,52050
2016-04-23,45645
2016-04-24,46372
2016-04-25,54237
2016-04-26,59364
2016-04-27,54121
2016-04-28,53359
2016-04-29,52010
2016-04-30,44467
2016-05-01,41607
2016-05-02,51511
2016-05-03,54427
2016-05-04,51182
2016-05-05,49663
2016-05-06,50564
2016-05-07,45237
2016-05-08,40976
2016-05-09,55064
2016-05-10,59850
2016-05-11,56148
2016-05-12,56330
2016-05-13,51395
2016-05-14,48316
2016-05-15,44985
2016-05-16,65499
2016-05-17,55857
2016-05-18,59455
2016-05-19,57474
2016-05-20,54325
2016-05-21,49396
2016-05-22,45910
2016-05-23,58654
2016-05-24,62355
2016-05-25,57287
2016-05-26,57823
2016-05-27,58349
2016-05-28,54162
2016-05-29,50874
2016-05-30,58097
2016-05-31,62293
2016-06-01,64960
2016-06-02,60571
2016-06-03,64008
2016-06-04,56180
2016-06-05,49765
2016-06-06,61725
2016-06-07,65346
2016-06-08,59442
2016-06-09,60997
2016-06-10,56266
2016-06-11,50766
2016-06-12,54986
2016-06-13,67784
2016-06-14,65051
2016-06-15,66180
2016-06-16,69529
2016-06-17,68305
2016-06-18,57491
2016-06-19,49934
2016-06-20,67637
2016-06-21,69681
2016-06-22,62079
2016-06-23,68069
2016-06-24,66179
2016-06-25,55389
2016-06-26,49219
2016-06-27,62643
2016-06-28,64972
2016-06-29,61561
2016-06-30,62245
2016-07-01,58719
2016-07-02,54701
2016-07-03,48730
2016-07-04,58787
2016-07-05,63183
2016-07-06,63284
2016-07-07,63035
2016-07-08,59646
2016-07-09,54672
2016-07-10,46677
2016-07-11,60177
2016-07-12,63309
2016-07-13,61201
2016-07-14,59716
2016-07-15,57288
2016-07-16,50027
2016-07-17,46073
2016-07-18,61413
2016-07-19,58847
2016-07-20,60928
2016-07-21,57862
2016-07-22,58704
2016-07-23,52160
2016-07-24,47422
2016-07-25,61520
2016-07-26,64218
2016-07-27,64433
2016-07-28,59645
2016-07-29,60249
2016-07-30,52044
2016-07-31,47509
2016-08-01,60990
2016-08-02,71234
2016-08-03,68060
2016-08-04,63038
2016-08-05,61805
2016-08-06,52952
2016-08-07,49178
2016-08-08,65091
2016-08-09,68891
2016-08-10,67071
2016-08-11,67675
2016-08-12,64822
2016-08-13,57762
2016-08-14,50360
2016-08-15,57473
2016-08-16,75289
2016-08-17,69477
2016-08-18,66696
2016-08-19,68299
2016-08-20,64151
2016-08-21,54411
2016-08-22,67872
2016-08-23,76270
2016-08-24,70287
2016-08-25,71132
2016-08-26,67897
2016-08-27,59551
2016-08-28,50673
2016-08-29,62720
2016-08-30,75611
2016-08-31,68908
2016-09-01,67576
2016-09-02,62818
2016-09-03,59443
2016-09-04,54561
2016-09-05,68967
2016-09-06,72244
2016-09-07,73291
2016-09-08,71781
2016-09-09,67275
2016-09-10,62050
2016-09-11,56460
2016-09-12,67646
2016-09-13,71853
2016-09-14,70179
2016-09-15,70951
2016-09-16,64017
2016-09-17,71391
2016-09-18,56743
2016-09-19,72054
2016-09-20,75267
2016-09-21,73739
2016-09-22,71536
2016-09-23,71395
2016-09-24,62782
2016-09-25,59021
2016-09-26,73153
2016-09-27,78620
2016-09-28,76322
2016-09-29,81097
2016-09-30,79170
2016-10-01,69336
2016-10-02,61945
2016-10-03,87458
2016-10-04,88955
2016-10-05,89729
2016-10-06,89992
2016-10-07,84129
2016-10-08,76402
2016-10-09,65377
2016-10-10,74480
2016-10-11,91526
2016-10-12,76278
2016-10-13,80431
2016-10-14,85382
2016-10-15,73854
2016-10-16,67684
2016-10-17,84185
2016-10-18,85920
2016-10-19,68906
2016-10-20,100545
2016-10-21,80791
2016-10-22,71952
2016-10-23,65057
2016-10-24,75218
2016-10-25,84079
2016-10-26,83045
2016-10-27,112004
2016-10-28,90269
2016-10-29,83120
2016-10-30,69204
2016-10-31,84517
2016-11-01,88854
2016-11-02,97692
2016-11-03,99486
2016-11-04,95892
2016-11-05,88809
2016-11-06,74422
2016-11-07,101095
2016-11-08,102665
2016-11-09,99127
2016-11-10,96666
2016-11-11,89915
2016-11-12,81835
2016-11-13,77669
2016-11-14,96289
2016-11-15,99775
2016-11-16,96955
2016-11-17,103367
2016-11-18,101947
2016-11-19,91544
2016-11-20,87087
2016-11-21,104798
2016-11-22,100521
2016-11-23,98609
2016-11-24,119796
2016-11-25,111677
2016-11-26,97044
2016-11-27,79976
2016-11-28,109219
2016-11-29,106815
2016-11-30,111339
2016-12-01,84543
2016-12-02,135037
2016-12-03,103204
2016-12-04,84835
2016-12-05,107585
2016-12-06,129231
2016-12-07,113045
2016-12-08,100638
2016-12-09,98366
2016-12-10,92084
2016-12-11,77368
2016-12-12,101417
2016-12-13,107583
2016-12-14,107030
2016-12-15,104072
2016-12-16,100661
2016-12-17,87706
2016-12-18,76617
2016-12-19,100580
2016-12-20,105993
2016-12-21,109899
2016-12-22,107069
2016-12-23,103960
2016-12-24,83830
2016-12-25,64266
2016-12-26,81659
2016-12-27,99915
2016-12-28,104813
2016-12-29,104777
2016-12-30,95266
2016-12-31,82220
2017-01-01,58625
2017-01-02,96934
2017-01-03,100538
2017-01-04,112141
2017-01-05,97807
2017-01-06,114123
2017-01-07,92584
2017-01-08,80866
2017-01-09,94271
2017-01-10,111617
2017-01-11,101786
2017-01-12,100756
2017-01-13,94519
2017-01-14,85805
2017-01-15,79578
2017-01-16,95047
2017-01-17,105487
2017-01-18,101451
2017-01-19,101648
2017-01-20,102977
2017-01-21,87733
2017-01-22,75407
2017-01-23,80041
2017-01-24,105631
2017-01-25,102794
2017-01-26,102633
2017-01-27,85363
2017-01-28,85189
2017-01-29,78621
2017-01-30,85613
2017-01-31,111040
2017-02-01,120650
2017-02-02,81389
2017-02-03,112695
2017-02-04,91449
2017-02-05,96556
2017-02-06,78077
2017-02-07,123239
2017-02-08,104004
2017-02-09,115541
2017-02-10,100368
2017-02-11,87232
2017-02-12,76434
2017-02-13,97607
2017-02-14,103581
2017-02-15,97938
2017-02-16,91475
2017-02-17,107537
2017-02-18,92612
2017-02-19,77866
2017-02-20,92141
2017-02-21,93115
2017-02-22,98575
2017-02-23,108255
2017-02-24,119223
2017-02-25,103089
2017-02-26,79606
2017-02-27,95633
2017-02-28,107523
2017-03-01,104256
2017-03-02,112645
2017-03-03,117305
2017-03-04,90793
2017-03-05,96196
2017-03-06,100360
2017-03-07,111875
2017-03-08,101099
2017-03-09,110307
2017-03-10,105672
2017-03-11,97992
2017-03-12,75865
2017-03-13,94891
2017-03-14,105799
2017-03-15,100562
2017-03-16,103811
2017-03-17,90127
2017-03-18,87527
2017-03-19,89515
2017-03-20,95225
2017-03-21,97945
2017-03-22,100154
2017-03-23,93903
2017-03-24,89796
2017-03-25,89199
2017-03-26,80754
2017-03-27,82948
2017-03-28,104929
2017-03-29,104644
2017-03-30,93533
2017-03-31,92173
2017-04-01,87112
2017-04-02,78397
2017-04-03,96984
2017-04-04,94630
2017-04-05,107615
2017-04-06,99284
2017-04-07,95439
2017-04-08,78923
2017-04-09,78790
2017-04-10,97189
2017-04-11,101491
2017-04-12,94542
2017-04-13,78873
2017-04-14,103648
2017-04-15,85906
2017-04-16,68471
2017-04-17,85165
2017-04-18,105238
2017-04-19,105257
2017-04-20,90469
2017-04-21,109017
2017-04-22,89576
2017-04-23,80988
2017-04-24,80816
2017-04-25,115379
2017-04-26,117143
2017-04-27,101509
2017-04-28,113356
2017-04-29,107977
2017-04-30,92751
2017-05-01,96933
2017-05-02,106433
2017-05-03,104843
2017-05-04,117369
2017-05-05,88240
2017-05-06,124276
2017-05-07,97357
2017-05-08,119389
2017-05-09,114256
2017-05-10,97962
2017-05-11,106388
2017-05-12,109427
2017-05-13,109320
2017-05-14,126925
2017-05-15,108238
2017-05-16,79954
2017-05-17,103457
2017-05-18,99355
2017-05-19,112561
2017-05-20,131821
2017-05-21,126205
2017-05-22,128377
2017-05-23,137889
2017-05-24,130727
2017-05-25,128900
2017-05-26,133825
2017-05-27,122085
2017-05-28,104363
2017-05-29,107409
2017-05-30,111828
2017-05-31,112432
2017-06-01,109148
2017-06-02,92551
2017-06-03,97798
2017-06-04,92198
2017-06-05,99592
2017-06-06,109639
2017-06-07,123048
2017-06-08,113192
2017-06-09,101740
2017-06-10,91210
2017-06-11,81200
2017-06-12,95828
2017-06-13,106097
2017-06-14,99059
2017-06-15,104060
2017-06-16,96552
2017-06-17,82938
2017-06-18,74130
2017-06-19,90021
2017-06-20,101585
2017-06-21,119187
2017-06-22,91917
2017-06-23,86609
2017-06-24,74765
2017-06-25,59121
2017-06-26,87853
2017-06-27,95885
2017-06-28,97123
2017-06-29,83014
2017-06-30,91746
2017-07-01,69278
2017-07-02,61867
2017-07-03,82141
2017-07-04,94736
2017-07-05,84220
2017-07-06,81911
2017-07-07,106728
2017-07-08,77699
2017-07-09,68380
2017-07-10,91309
2017-07-11,94644
2017-07-12,92579
2017-07-13,87768
2017-07-14,81035
2017-07-15,76724
2017-07-16,69594
2017-07-17,85384
2017-07-18,94783
2017-07-19,94348
2017-07-20,80892
2017-07-21,98115
2017-07-22,72603
2017-07-23,61852
2017-07-24,80824
2017-07-25,89104
2017-07-26,89013
2017-07-27,87689
2017-07-28,94503
2017-07-29,80707
2017-07-30,76051
2017-07-31,114622
2017-08-01,69908
2017-08-02,91523
2017-08-03,93488
2017-08-04,93946
2017-08-05,92795
2017-08-06,77976
2017-08-07,96478
2017-08-08,106736
2017-08-09,108520
2017-08-10,105717
2017-08-11,109374
2017-08-12,103488
2017-08-13,98064
2017-08-14,103544
2017-08-15,122463
2017-08-16,109895
2017-08-17,117716
2017-08-18,104445
2017-08-19,98621
2017-08-20,86197
2017-08-21,95751
2017-08-22,86149
2017-08-23,119700
2017-08-24,82357
2017-08-25,87518
2017-08-26,86043
2017-08-27,91503
2017-08-28,90489
2017-08-29,107954
2017-08-30,104309
2017-08-31,107564
2017-09-01,109500
2017-09-02,94626
2017-09-03,75789
2017-09-04,98512
2017-09-05,108819
2017-09-06,111043
2017-09-07,101590
2017-09-08,105559
2017-09-09,84368
2017-09-10,76503
2017-09-11,100907
2017-09-12,100220
2017-09-13,101073
2017-09-14,101211
2017-09-15,113050
2017-09-16,89738
2017-09-17,76401
2017-09-18,92109
2017-09-19,116414
2017-09-20,100793
2017-09-21,97222
2017-09-22,91625
2017-09-23,76659
2017-09-24,69406
2017-09-25,89749
2017-09-26,102562
2017-09-27,96975
2017-09-28,103184
2017-09-29,97168
2017-09-30,80897
2017-10-01,78874
2017-10-02,105532
2017-10-03,108861
2017-10-04,91413
2017-10-05,105675
2017-10-06,104215
2017-10-07,104403
2017-10-08,84349
2017-10-09,106309
2017-10-10,115725
2017-10-11,117354
2017-10-12,111419
2017-10-13,119570
2017-10-14,108557
2017-10-15,107353
2017-10-16,122671
2017-10-17,131090
2017-10-18,134607
2017-10-19,128769
2017-10-20,108029
2017-10-21,107092
2017-10-22,94525
2017-10-23,123289
2017-10-24,133757
2017-10-25,119337
2017-10-26,99665
2017-10-27,94737
2017-10-28,78619
2017-10-29,121453
2017-10-30,121916
2017-10-31,111083
2017-11-01,139273
2017-11-02,146938
2017-11-03,128718
2017-11-04,120446
2017-11-05,102392
2017-11-06,120584
2017-11-07,141026
2017-11-08,123040
2017-11-09,135347
2017-11-10,111353
2017-11-11,80502
2017-11-12,83609
2017-11-13,124923
2017-11-14,108123
2017-11-15,124392
2017-11-16,118432
2017-11-17,113855
2017-11-18,105160
2017-11-19,99617
2017-11-20,127389
2017-11-21,133744
2017-11-22,114120
2017-11-23,129660
2017-11-24,112690
2017-11-25,118021
2017-11-26,129033
2017-11-27,157916
2017-11-28,161222
2017-11-29,177477
2017-11-30,170994
2017-12-01,159661
2017-12-02,127904
2017-12-03,138496
2017-12-04,155286
2017-12-05,154388
2017-12-06,165939
2017-12-07,182440
2017-12-08,196032
2017-12-09,182167
2017-12-10,151895
2017-12-11,168693
2017-12-12,160988
2017-12-13,175141
2017-12-14,182144
2017-12-15,159490
2017-12-16,141264
2017-12-17,156307
2017-12-18,158655
2017-12-19,155799
2017-12-20,143409
2017-12-21,129502
2017-12-22,141177
2017-12-23,114551
2017-12-24,96124
2017-12-25,81359
2017-12-26,93043
2017-12-27,111518
2017-12-28,110423
2017-12-29,105789
2017-12-30,102815
2017-12-31,94699
2018-01-01,78393
2018-01-02,104546
2018-01-03,114553
2018-01-04,111280
2018-01-05,109326
2018-01-06,124189
2018-01-07,133573
2018-01-08,121967
2018-01-09,123237
2018-01-10,119190
2018-01-11,114553
2018-01-12,107210
2018-01-13,92194
2018-01-14,84608
2018-01-15,96042
2018-01-16,109618
2018-01-17,110839
2018-01-18,98681
2018-01-19,83257
2018-01-20,92873
2018-01-21,73054
2018-01-22,83599
2018-01-23,84295
2018-01-24,90040
2018-01-25,78543
2018-01-26,71825
2018-01-27,161068
2018-01-28,67372
2018-01-29,84161
2018-01-30,82893
2018-01-31,79193
2018-02-01,99791
2018-02-02,83977
2018-02-03,68177
2018-02-04,60971
2018-02-05,79683
2018-02-06,98731
2018-02-07,80922
2018-02-08,71547
2018-02-09,73113
2018-02-10,73946
2018-02-11,58610
2018-02-12,75909
2018-02-13,74430
2018-02-14,78295
2018-02-15,83798
2018-02-16,77698
2018-02-17,73824
2018-02-18,65182
2018-02-19,79616
2018-02-20,83427
2018-02-21,78709
2018-02-22,78257
2018-02-23,69348
2018-02-24,58326
2018-02-25,54280
2018-02-26,70991
2018-02-27,83536
2018-02-28,70264
2018-03-01,89226
2018-03-02,79225
2018-03-03,68574
2018-03-04,68194
2018-03-05,88752
2018-03-06,83055
2018-03-07,88562
2018-03-08,80255
2018-03-09,81635
2018-03-10,66943
2018-03-11,65402
2018-03-12,76132
2018-03-13,77843
2018-03-14,79490
2018-03-15,83997
2018-03-16,75712
2018-03-17,64055
2018-03-18,63198
2018-03-19,77998
2018-03-20,82049
2018-03-21,79730
2018-03-22,73167
2018-03-23,69532
2018-03-24,58791
2018-03-25,52378
2018-03-26,72991
2018-03-27,73417
2018-03-28,74546
2018-03-29,73553
2018-03-30,70664
2018-03-31,56801
2018-04-01,55105
2018-04-02,67075
2018-04-03,78202
2018-04-04,75362
2018-04-05,75855
2018-04-06,77356
2018-04-07,60494
2018-04-08,53527
2018-04-09,70947
2018-04-10,73794
2018-04-11,73751
2018-04-12,85345
2018-04-13,89151
2018-04-14,70921
2018-04-15,73805
2018-04-16,82570
2018-04-17,84094
2018-04-18,79501
2018-04-19,82070
2018-04-20,82284
2018-04-21,81081
2018-04-22,69222
2018-04-23,88907
2018-04-24,104535
2018-04-25,90438
2018-04-26,89898
2018-04-27,90036
2018-04-28,74132
2018-04-29,69346
2018-04-30,82820
2018-05-01,93025
2018-05-02,86636
2018-05-03,96271
2018-05-04,90808
2018-05-05,81146
2018-05-06,67075
2018-05-07,85277
2018-05-08,86936
2018-05-09,82821
2018-05-10,81799
2018-05-11,80900
2018-05-12,69123
2018-05-13,63488
2018-05-14,84837
2018-05-15,87306
2018-05-16,80162
2018-05-17,77068
2018-05-18,86104
2018-05-19,68013
2018-05-20,63233
2018-05-21,81331
2018-05-22,81848
2018-05-23,83940
2018-05-24,81918
2018-05-25,77921
2018-05-26,62759
2018-05-27,57123
2018-05-28,76296
2018-05-29,85335
2018-05-30,83270
2018-05-31,83120
2018-06-01,86871
2018-06-02,70520
2018-06-03,63316
2018-06-04,84325
2018-06-05,89733
2018-06-06,88074
2018-06-07,83933
2018-06-08,84288
2018-06-09,69605
2018-06-10,70521
2018-06-11,82342
2018-06-12,87611
2018-06-13,82802
2018-06-14,82369
2018-06-15,81569
2018-06-16,62451
2018-06-17,59468
2018-06-18,82322
2018-06-19,80539
2018-06-20,83750
2018-06-21,77704
2018-06-22,78380
2018-06-23,67144
2018-06-24,60645
2018-06-25,83024
2018-06-26,78434
2018-06-27,82400
2018-06-28,75716
2018-06-29,81451
2018-06-30,68702
2018-07-01,59876
2018-07-02,77851
2018-07-03,92033
2018-07-04,85512
2018-07-05,79336
2018-07-06,79356
2018-07-07,64989
2018-07-08,67913
2018-07-09,87765
2018-07-10,89752
2018-07-11,83800
2018-07-12,80755
2018-07-13,85687
2018-07-14,66846
2018-07-15,59535
2018-07-16,84507
2018-07-17,94321
2018-07-18,94040
2018-07-19,88954
2018-07-20,87580
2018-07-21,73262
2018-07-22,65819
2018-07-23,91432
2018-07-24,112924
2018-07-25,105872
2018-07-26,97754
2018-07-27,96261
2018-07-28,81171
2018-07-29,77003
2018-07-30,92797
2018-07-31,93607
2018-08-01,91579
2018-08-02,87119
2018-08-03,87272
2018-08-04,69916
2018-08-05,63990
2018-08-06,86154
2018-08-07,90706
2018-08-08,92646
2018-08-09,84456
2018-08-10,84089
2018-08-11,72716
2018-08-12,63809
2018-08-13,87577
2018-08-14,95187
2018-08-15,92786
2018-08-16,86702
2018-08-17,84110
2018-08-18,74712
2018-08-19,66200
2018-08-20,83440
2018-08-21,84085
2018-08-22,88364
2018-08-23,79547
2018-08-24,79582
2018-08-25,74740
2018-08-26,62797
2018-08-27,83963
2018-08-28,90952
2018-08-29,94767
2018-08-30,83837
2018-08-31,87758
2018-09-01,71992
2018-09-02,67678
2018-09-03,85989
2018-09-04,90847
2018-09-05,91376
2018-09-06,89437
2018-09-07,85203
2018-09-08,72867
2018-09-09,68248
2018-09-10,84290
2018-09-11,89533
2018-09-12,84436
2018-09-13,87169
2018-09-14,80575
2018-09-15,75232
2018-09-16,63550
2018-09-17,90092
2018-09-18,87756
2018-09-19,84352
2018-09-20,84752
2018-09-21,94633
2018-09-22,80127
2018-09-23,74180
2018-09-24,90323
2018-09-25,94712
2018-09-26,92704
2018-09-27,90933
2018-09-28,89029
2018-09-29,72791
2018-09-30,71007
2018-10-01,89330
2018-10-02,96604
2018-10-03,173819
2018-10-04,108020
2018-10-05,93096
2018-10-06,86955
2018-10-07,91596
2018-10-08,92526
2018-10-09,88613
2018-10-10,93133
2018-10-11,91168
2018-10-12,89093
2018-10-13,74695
2018-10-14,70827
2018-10-15,91547
2018-10-16,92850
2018-10-17,93944
2018-10-18,88396
2018-10-19,93560
2018-10-20,79607
2018-10-21,70430
2018-10-22,92338
2018-10-23,92821
2018-10-24,94909
2018-10-25,88124
2018-10-26,92196
2018-10-27,75407
2018-10-28,69113
2018-10-29,93220
2018-10-30,93366
2018-10-31,91823
2018-11-01,90672
2018-11-02,93520
2018-11-03,77745
2018-11-04,73949
2018-11-05,99397
2018-11-06,100513
2018-11-07,104292
2018-11-08,97361
2018-11-09,96880
2018-11-10,82578
2018-11-11,75749
2018-11-12,98622
2018-11-13,103068
2018-11-14,104091
2018-11-15,99340
2018-11-16,102462
2018-11-17,78622
2018-11-18,73661
2018-11-19,86481
2018-11-20,103045
2018-11-21,90286
2018-11-22,90016
2018-11-23,86617
2018-11-24,73764
2018-11-25,74272
2018-11-26,88531
2018-11-27,88080
2018-11-28,89838
2018-11-29,88738
2018-11-30,82934
2018-12-01,72956
2018-12-02,68192
2018-12-03,83888
2018-12-04,92312
2018-12-05,82587
2018-12-06,87123
2018-12-07,89154
2018-12-08,73647
2018-12-09,70395
2018-12-10,87128
2018-12-11,85618
2018-12-12,87947
2018-12-13,85289
2018-12-14,84598
2018-12-15,75277
2018-12-16,70005
2018-12-17,89985
2018-12-18,96476
2018-12-19,98512
2018-12-20,96041
2018-12-21,92054
2018-12-22,73300
2018-12-23,69692
2018-12-24,83463
2018-12-25,66893
2018-12-26,74575
2018-12-27,81928
2018-12-28,84799
2018-12-29,80976
2018-12-30,70452
2018-12-31,70913
2019-01-01,56967
2019-01-02,78306
2019-01-03,87826
2019-01-04,84624
2019-01-05,75608
2019-01-06,76774
2019-01-07,91203
2019-01-08,90461
2019-01-09,88420
2019-01-10,92630
2019-01-11,89192
2019-01-12,76593
2019-01-13,74803
2019-01-14,93126
2019-01-15,99892
2019-01-16,98854
2019-01-17,94738
2019-01-18,92119
2019-01-19,78831
2019-01-20,72353
2019-01-21,89841
2019-01-22,91679
2019-01-23,91891
2019-01-24,98012
2019-01-25,92628
2019-01-26,80143
2019-01-27,74821
2019-01-28,95070
2019-01-29,97699
2019-01-30,95828
2019-01-31,99817
2019-02-01,96412
2019-02-02,80523
2019-02-03,78741
2019-02-04,98812
2019-02-05,104928
2019-02-06,106421
2019-02-07,103590
2019-02-08,104317
2019-02-09,94401
2019-02-10,85213
2019-02-11,102150
2019-02-12,109020
2019-02-13,119114
2019-02-14,97520
2019-02-15,93978
2019-02-16,89745
2019-02-17,79289
2019-02-18,102804
2019-02-19,110793
2019-02-20,110828
2019-02-21,102692
2019-02-22,107547
2019-02-23,89063
2019-02-24,88772
2019-02-25,101708
2019-02-26,109926
2019-02-27,106104
2019-02-28,102942
2019-03-01,100539
2019-03-02,93890
2019-03-03,85171
2019-03-04,103294
2019-03-05,107032
2019-03-06,106131
2019-03-07,102314
2019-03-08,103889
2019-03-09,88725
2019-03-10,77244
2019-03-11,110182
2019-03-12,104544
2019-03-13,104563
2019-03-14,107283
2019-03-15,106894
2019-03-16,92810
2019-03-17,82152
2019-03-18,101635
2019-03-19,107939
2019-03-20,106994
2019-03-21,104271
2019-03-22,102071
2019-03-23,86751
2019-03-24,82596
2019-03-25,106243
2019-03-26,102767
2019-03-27,116820
2019-03-28,108314
2019-03-29,102729
2019-03-30,95553
2019-03-31,86196
2019-04-01,100738
2019-04-02,130331
2019-04-03,124607
2019-04-04,115459
2019-04-05,118016
2019-04-06,93856
2019-04-07,87002
2019-04-08,113786
2019-04-09,110076
2019-04-10,112222
2019-04-11,107981
2019-04-12,104604
2019-04-13,90967
2019-04-14,84744
2019-04-15,113823
2019-04-16,107277
2019-04-17,106576
2019-04-18,106130
2019-04-19,97453
2019-04-20,84912
2019-04-21,79217
2019-04-22,93190
2019-04-23,105908
2019-04-24,119568
2019-04-25,107986
2019-04-26,108393
2019-04-27,89174
2019-04-28,82526
2019-04-29,103103
2019-04-30,113526
2019-05-01,108424
2019-05-02,108941
2019-05-03,113232
2019-05-04,95909
2019-05-05,90358
2019-05-06,107800
2019-05-07,108410
2019-05-08,117575
2019-05-09,114442
2019-05-10,109369
2019-05-11,112645
2019-05-12,105166
2019-05-13,122909
2019-05-14,131931
2019-05-15,121897
2019-05-16,126606
2019-05-17,117579
2019-05-18,102990
2019-05-19,94081
2019-05-20,110181
2019-05-21,118061
2019-05-22,110574
2019-05-23,115068
2019-05-24,105629
2019-05-25,93938
2019-05-26,84129
2019-05-27,114707
2019-05-28,120157
2019-05-29,114652
2019-05-30,106031
2019-05-31,93794
2019-06-01,97414
2019-06-02,83825
2019-06-03,92775
2019-06-04,111288
2019-06-05,101944
2019-06-06,99695
2019-06-07,96684
2019-06-08,80782
2019-06-09,73436
2019-06-10,99944
2019-06-11,102666
2019-06-12,101384
2019-06-13,110601
2019-06-14,113314
2019-06-15,111455
2019-06-16,92584
2019-06-17,108141
2019-06-18,123675
2019-06-19,114230
2019-06-20,102826
2019-06-21,109777
2019-06-22,116062
2019-06-23,104690
2019-06-24,115047
2019-06-25,115589
2019-06-26,141981
2019-06-27,121409
2019-06-28,123807
2019-06-29,99004
2019-06-30,86636
2019-07-01,105114
2019-07-02,118793
2019-07-03,112277
2019-07-04,105325
2019-07-05,97642
2019-07-06,87947
2019-07-07,77768
2019-07-08,113883
2019-07-09,115688
2019-07-10,111285
2019-07-11,102148
2019-07-12,108637
2019-07-13,84414
2019-07-14,75593
2019-07-15,105426
2019-07-16,105142
2019-07-17,98371
2019-07-18,99073
2019-07-19,100102
2019-07-20,87853
2019-07-21,71493
2019-07-22,96845
2019-07-23,101502
2019-07-24,90400
2019-07-25,102298
2019-07-26,93569
2019-07-27,76689
2019-07-28,66059
2019-07-29,92740
2019-07-30,99317
2019-07-31,101052
2019-08-01,100999
2019-08-02,98384
2019-08-03,82381
2019-08-04,72879
2019-08-05,111500
2019-08-06,114773
2019-08-07,100849
2019-08-08,107894
2019-08-09,98833
2019-08-10,79083
2019-08-11,71539
2019-08-12,83529
2019-08-13,106958
2019-08-14,100559
2019-08-15,95928
2019-08-16,94577
2019-08-17,80434
2019-08-18,77054
2019-08-19,96672
2019-08-20,100464
2019-08-21,101371
2019-08-22,103877
2019-08-23,95981
2019-08-24,80685
2019-08-25,69261
2019-08-26,107001
2019-08-27,99554
2019-08-28,95493
2019-08-29,101915
2019-08-30,91285
2019-08-31,76089
2019-09-01,72084
2019-09-02,101318
2019-09-03,117646
2019-09-04,103972
2019-09-05,99908
2019-09-06,104029
2019-09-07,81810
2019-09-08,73868
2019-09-09,100011
2019-09-10,106018
2019-09-11,101689
2019-09-12,104690
2019-09-13,94161
2019-09-14,82317
2019-09-15,72784
2019-09-16,104115
2019-09-17,104789
2019-09-18,103412
2019-09-19,98763
2019-09-20,98251
2019-09-21,83142
2019-09-22,73811
2019-09-23,99693
2019-09-24,107425
2019-09-25,100842
2019-09-26,97500
2019-09-27,90613
2019-09-28,78779
2019-09-29,72945
2019-09-30,97197
2019-10-01,105081
2019-10-02,100627
2019-10-03,95437
2019-10-04,93319
2019-10-05,81037
2019-10-06,73451
2019-10-07,99670
2019-10-08,98915
2019-10-09,99250
2019-10-10,98649
2019-10-11,96174
2019-10-12,77654
2019-10-13,73233
2019-10-14,96765
2019-10-15,100144
2019-10-16,98524
2019-10-17,93937
2019-10-18,91062
2019-10-19,79473
2019-10-20,74363
2019-10-21,100101
2019-10-22,96654
2019-10-23,96940
2019-10-24,94384
2019-10-25,103619
2019-10-26,97616
2019-10-27,79925
2019-10-28,107621
2019-10-29,101675
2019-10-30,102869
2019-10-31,94686
2019-11-01,102669
2019-11-02,83734
2019-11-03,82756
2019-11-04,108611
2019-11-05,110286
2019-11-06,109107
2019-11-07,106652
2019-11-08,104524
2019-11-09,96692
2019-11-10,75699
2019-11-11,98125
2019-11-12,97390
