t,addresses_non_zero_count
2010-01-01,29959
2010-01-02,30085
2010-01-03,30271
2010-01-04,30372
2010-01-05,30570
2010-01-06,30733
2010-01-07,30887
2010-01-08,31040
2010-01-09,31191
2010-01-10,31381
2010-01-11,31540
2010-01-12,31485
2010-01-13,31651
2010-01-14,31787
2010-01-15,31923
2010-01-16,32043
2010-01-17,32174
2010-01-18,32300
2010-01-19,32424
2010-01-20,32582
2010-01-21,32754
2010-01-22,32884
2010-01-23,33044
2010-01-24,33197
2010-01-25,33355
2010-01-26,33536
2010-01-27,33680
2010-01-28,33836
2010-01-29,34015
2010-01-30,34194
2010-01-31,34342
2010-02-01,34517
2010-02-02,34641
2010-02-03,34905
2010-02-04,35097
2010-02-05,35080
2010-02-06,35244
2010-02-07,35456
2010-02-08,35538
2010-02-09,35331
2010-02-10,34894
2010-02-11,34989
2010-02-12,35137
2010-02-13,35286
2010-02-14,35445
2010-02-15,35537
2010-02-16,35720
2010-02-17,35940
2010-02-18,36093
2010-02-19,36286
2010-02-20,36482
2010-02-21,36581
2010-02-22,36577
2010-02-23,36827
2010-02-24,36893
2010-02-25,36906
2010-02-26,37060
2010-02-27,37223
2010-02-28,37274
2010-03-01,37438
2010-03-02,37587
2010-03-03,37635
2010-03-04,37434
2010-03-05,37605
2010-03-06,37691
2010-03-07,37757
2010-03-08,37705
2010-03-09,37771
2010-03-10,37899
2010-03-11,37969
2010-03-12,38083
2010-03-13,38201
2010-03-14,38318
2010-03-15,38456
2010-03-16,38560
2010-03-17,38673
2010-03-18,38740
2010-03-19,38772
2010-03-20,38905
2010-03-21,39081
2010-03-22,39222
2010-03-23,39358
2010-03-24,39504
2010-03-25,39357
2010-03-26,39481
2010-03-27,39638
2010-03-28,39808
2010-03-29,39936
2010-03-30,40141
2010-03-31,40329
2010-04-01,40471
2010-04-02,40607
2010-04-03,40747
2010-04-04,40852
2010-04-05,40890
2010-04-06,40958
2010-04-07,41055
2010-04-08,41223
2010-04-09,41346
2010-04-10,41356
2010-04-11,41441
2010-04-12,41527
2010-04-13,41686
2010-04-14,41794
2010-04-15,41385
2010-04-16,41395
2010-04-17,41558
2010-04-18,41710
2010-04-19,41675
2010-04-20,41693
2010-04-21,41784
2010-04-22,41914
2010-04-23,42030
2010-04-24,42114
2010-04-25,42125
2010-04-26,42230
2010-04-27,42373
2010-04-28,42454
2010-04-29,42566
2010-04-30,42688
2010-05-01,42816
2010-05-02,42937
2010-05-03,42996
2010-05-04,42979
2010-05-05,42989
2010-05-06,42871
2010-05-07,42925
2010-05-08,42816
2010-05-09,42892
2010-05-10,42883
2010-05-11,42964
2010-05-12,42985
2010-05-13,43023
2010-05-14,43060
2010-05-15,43100
2010-05-16,43173
2010-05-17,43196
2010-05-18,43267
2010-05-19,43341
2010-05-20,43490
2010-05-21,43549
2010-05-22,43627
2010-05-23,43741
2010-05-24,43856
2010-05-25,43977
2010-05-26,44095
2010-05-27,44168
2010-05-28,44343
2010-05-29,44426
2010-05-30,44533
2010-05-31,44620
2010-06-01,44688
2010-06-02,44794
2010-06-03,44803
2010-06-04,44902
2010-06-05,44986
2010-06-06,45085
2010-06-07,44990
2010-06-08,45074
2010-06-09,45140
2010-06-10,45259
2010-06-11,45357
2010-06-12,45442
2010-06-13,45531
2010-06-14,45559
2010-06-15,45692
2010-06-16,45766
2010-06-17,45876
2010-06-18,45956
2010-06-19,45978
2010-06-20,46109
2010-06-21,46216
2010-06-22,46293
2010-06-23,46427
2010-06-24,46507
2010-06-25,46644
2010-06-26,46773
2010-06-27,46876
2010-06-28,46968
2010-06-29,46997
2010-06-30,47011
2010-07-01,47099
2010-07-02,47131
2010-07-03,47246
2010-07-04,47194
2010-07-05,47228
2010-07-06,47338
2010-07-07,47364
2010-07-08,47465
2010-07-09,47605
2010-07-10,47653
2010-07-11,47830
2010-07-12,49460
2010-07-13,50353
2010-07-14,51174
2010-07-15,51682
2010-07-16,52238
2010-07-17,52252
2010-07-18,52189
2010-07-19,52307
2010-07-20,52468
2010-07-21,52515
2010-07-22,52714
2010-07-23,52878
2010-07-24,52961
2010-07-25,53044
2010-07-26,52697
2010-07-27,52761
2010-07-28,52831
2010-07-29,53015
2010-07-30,53092
2010-07-31,53226
2010-08-01,53360
2010-08-02,53475
2010-08-03,53534
2010-08-04,53701
2010-08-05,53818
2010-08-06,53860
2010-08-07,53876
2010-08-08,53989
2010-08-09,54071
2010-08-10,54147
2010-08-11,54210
2010-08-12,54404
2010-08-13,54461
2010-08-14,54643
2010-08-15,54741
2010-08-16,54796
2010-08-17,54906
2010-08-18,54914
2010-08-19,55029
2010-08-20,55101
2010-08-21,55221
2010-08-22,55293
2010-08-23,55358
2010-08-24,55444
2010-08-25,55594
2010-08-26,55596
2010-08-27,55668
2010-08-28,55769
2010-08-29,55907
2010-08-30,55988
2010-08-31,55994
2010-09-01,56080
2010-09-02,56116
2010-09-03,56244
2010-09-04,56340
2010-09-05,56395
2010-09-06,56448
2010-09-07,56539
2010-09-08,56637
2010-09-09,56728
2010-09-10,56833
2010-09-11,56936
2010-09-12,56909
2010-09-13,56980
2010-09-14,57070
2010-09-15,57160
2010-09-16,57176
2010-09-17,56796
2010-09-18,56924
2010-09-19,56937
2010-09-20,57049
2010-09-21,57080
2010-09-22,57191
2010-09-23,57261
2010-09-24,57378
2010-09-25,57429
2010-09-26,57506
2010-09-27,57246
2010-09-28,56331
2010-09-29,56379
2010-09-30,56489
2010-10-01,56562
2010-10-02,56619
2010-10-03,56688
2010-10-04,56640
2010-10-05,56693
2010-10-06,56767
2010-10-07,56776
2010-10-08,56688
2010-10-09,56698
2010-10-10,56805
2010-10-11,56883
2010-10-12,56952
2010-10-13,56777
2010-10-14,56863
2010-10-15,56961
2010-10-16,56891
2010-10-17,57018
2010-10-18,57138
2010-10-19,57370
2010-10-20,57493
2010-10-21,57521
2010-10-22,57594
2010-10-23,57728
2010-10-24,57896
2010-10-25,57965
2010-10-26,58189
2010-10-27,58239
2010-10-28,58258
2010-10-29,58292
2010-10-30,58405
2010-10-31,58427
2010-11-01,58503
2010-11-02,58615
2010-11-03,58709
2010-11-04,58769
2010-11-05,58717
2010-11-06,58854
2010-11-07,58979
2010-11-08,58354
2010-11-09,58447
2010-11-10,58585
2010-11-11,58746
2010-11-12,58847
2010-11-13,58928
2010-11-14,58796
2010-11-15,58943
2010-11-16,59014
2010-11-17,59179
2010-11-18,59337
2010-11-19,59370
2010-11-20,59533
2010-11-21,59665
2010-11-22,59776
2010-11-23,59803
2010-11-24,59841
2010-11-25,60002
2010-11-26,60153
2010-11-27,60251
2010-11-28,60413
2010-11-29,60440
2010-11-30,60614
2010-12-01,60627
2010-12-02,60717
2010-12-03,60657
2010-12-04,60871
2010-12-05,61072
2010-12-06,61313
2010-12-07,61399
2010-12-08,61605
2010-12-09,61775
2010-12-10,61972
2010-12-11,62283
2010-12-12,62633
2010-12-13,62466
2010-12-14,62763
2010-12-15,63043
2010-12-16,63238
2010-12-17,63420
2010-12-18,63669
2010-12-19,63778
2010-12-20,63857
2010-12-21,64059
2010-12-22,64177
2010-12-23,64406
2010-12-24,64589
2010-12-25,64882
2010-12-26,65091
2010-12-27,65003
2010-12-28,65251
2010-12-29,65339
2010-12-30,65450
2010-12-31,65621
2011-01-01,65809
2011-01-02,65907
2011-01-03,65965
2011-01-04,66156
2011-01-05,66111
2011-01-06,66163
2011-01-07,66305
2011-01-08,66489
2011-01-09,66633
2011-01-10,66817
2011-01-11,66958
2011-01-12,67134
2011-01-13,67022
2011-01-14,66936
2011-01-15,67135
2011-01-16,67249
2011-01-17,67467
2011-01-18,67578
2011-01-19,67684
2011-01-20,67878
2011-01-21,67977
2011-01-22,68111
2011-01-23,68101
2011-01-24,68285
2011-01-25,68459
2011-01-26,68561
2011-01-27,68505
2011-01-28,68695
2011-01-29,68831
2011-01-30,68942
2011-01-31,69029
2011-02-01,69031
2011-02-02,69083
2011-02-03,69153
2011-02-04,69242
2011-02-05,69191
2011-02-06,69279
2011-02-07,69365
2011-02-08,69452
2011-02-09,69760
2011-02-10,70404
2011-02-11,71288
2011-02-12,72036
2011-02-13,72424
2011-02-14,72184
2011-02-15,72527
2011-02-16,72784
2011-02-17,73520
2011-02-18,73984
2011-02-19,74303
2011-02-20,74781
2011-02-21,75399
2011-02-22,75960
2011-02-23,76600
2011-02-24,77062
2011-02-25,77619
2011-02-26,77915
2011-02-27,78371
2011-02-28,78812
2011-03-01,79769
2011-03-02,80040
2011-03-03,80784
2011-03-04,81204
2011-03-05,81479
2011-03-06,81905
2011-03-07,82277
2011-03-08,82699
2011-03-09,82931
2011-03-10,83217
2011-03-11,83399
2011-03-12,83557
2011-03-13,83738
2011-03-14,83644
2011-03-15,83801
2011-03-16,83817
2011-03-17,84050
2011-03-18,84114
2011-03-19,84318
2011-03-20,84536
2011-03-21,85329
2011-03-22,85811
2011-03-23,87136
2011-03-24,87881
2011-03-25,88300
2011-03-26,88644
2011-03-27,89389
2011-03-28,89391
2011-03-29,89668
2011-03-30,89960
2011-03-31,90303
2011-04-01,90522
2011-04-02,90836
2011-04-03,91294
2011-04-04,91689
2011-04-05,92126
2011-04-06,92498
2011-04-07,92730
2011-04-08,93019
2011-04-09,93395
2011-04-10,93737
2011-04-11,93942
2011-04-12,94070
2011-04-13,94167
2011-04-14,95489
2011-04-15,95544
2011-04-16,94349
2011-04-17,94612
2011-04-18,94853
2011-04-19,95322
2011-04-20,95462
2011-04-21,95911
2011-04-22,96198
2011-04-23,96374
2011-04-24,96621
2011-04-25,97097
2011-04-26,97408
2011-04-27,97677
2011-04-28,98139
2011-04-29,98571
2011-04-30,99089
2011-05-01,99582
2011-05-02,99886
2011-05-03,100276
2011-05-04,100477
2011-05-05,100937
2011-05-06,101585
2011-05-07,101850
2011-05-08,102515
2011-05-09,102820
2011-05-10,103120
2011-05-11,103550
2011-05-12,103931
2011-05-13,104015
2011-05-14,104874
2011-05-15,105819
2011-05-16,108820
2011-05-17,110617
2011-05-18,112497
2011-05-19,114942
2011-05-20,116641
2011-05-21,117769
2011-05-22,118842
2011-05-23,119797
2011-05-24,121863
2011-05-25,124473
2011-05-26,125802
2011-05-27,126669
2011-05-28,127995
2011-05-29,128505
2011-05-30,130553
2011-05-31,132151
2011-06-01,133109
2011-06-02,133765
2011-06-03,134883
2011-06-04,137449
2011-06-05,139058
2011-06-06,140536
2011-06-07,141839
2011-06-08,141424
2011-06-09,143532
2011-06-10,145499
2011-06-11,147085
2011-06-12,148498
2011-06-13,150245
2011-06-14,152587
2011-06-15,154479
2011-06-16,156412
2011-06-17,158353
2011-06-18,161356
2011-06-19,164061
2011-06-20,167433
2011-06-21,171424
2011-06-22,175567
2011-06-23,178844
2011-06-24,181300
2011-06-25,183503
2011-06-26,185659
2011-06-27,188988
2011-06-28,191335
2011-06-29,194774
2011-06-30,196974
2011-07-01,205655
2011-07-02,220200
2011-07-03,224122
2011-07-04,227069
2011-07-05,229027
2011-07-06,232596
2011-07-07,236960
2011-07-08,242624
2011-07-09,247958
2011-07-10,258923
2011-07-11,263553
2011-07-12,268401
2011-07-13,275663
2011-07-14,285086
2011-07-15,291799
2011-07-16,296738
2011-07-17,303267
2011-07-18,305043
2011-07-19,310575
2011-07-20,315842
2011-07-21,322618
2011-07-22,327729
2011-07-23,333046
2011-07-24,338769
2011-07-25,345314
2011-07-26,349608
2011-07-27,355453
2011-07-28,361473
2011-07-29,367605
2011-07-30,373414
2011-07-31,380055
2011-08-01,386061
2011-08-02,388614
2011-08-03,389305
2011-08-04,389923
2011-08-05,395398
2011-08-06,400148
2011-08-07,405485
2011-08-08,406888
2011-08-09,411488
2011-08-10,412583
2011-08-11,413706
2011-08-12,414102
2011-08-13,416496
2011-08-14,420653
2011-08-15,421816
2011-08-16,422843
2011-08-17,425513
2011-08-18,429263
2011-08-19,434988
2011-08-20,440560
2011-08-21,446963
2011-08-22,454630
2011-08-23,460920
2011-08-24,466327
2011-08-25,472655
2011-08-26,475835
2011-08-27,478751
2011-08-28,483920
2011-08-29,486511
2011-08-30,487164
2011-08-31,487830
2011-09-01,488076
2011-09-02,488662
2011-09-03,489320
2011-09-04,490863
2011-09-05,492478
2011-09-06,492727
2011-09-07,493293
2011-09-08,493709
2011-09-09,492754
2011-09-10,491605
2011-09-11,492090
2011-09-12,492250
2011-09-13,492806
2011-09-14,493195
2011-09-15,493657
2011-09-16,494042
2011-09-17,494415
2011-09-18,494962
2011-09-19,495218
2011-09-20,499994
2011-09-21,499027
2011-09-22,502651
2011-09-23,509192
2011-09-24,515177
2011-09-25,522075
2011-09-26,527231
2011-09-27,532229
2011-09-28,532793
2011-09-29,533337
2011-09-30,533667
2011-10-01,533767
2011-10-02,534104
2011-10-03,534510
2011-10-04,534919
2011-10-05,535475
2011-10-06,535531
2011-10-07,535889
2011-10-08,536270
2011-10-09,536895
2011-10-10,537357
2011-10-11,538061
2011-10-12,538493
2011-10-13,539217
2011-10-14,539070
2011-10-15,539516
2011-10-16,539706
2011-10-17,539949
2011-10-18,540402
2011-10-19,540619
2011-10-20,541106
2011-10-21,541727
2011-10-22,542328
2011-10-23,543081
2011-10-24,543537
2011-10-25,544325
2011-10-26,544708
2011-10-27,545108
2011-10-28,545215
2011-10-29,545507
2011-10-30,545859
2011-10-31,546265
2011-11-01,547001
2011-11-02,547327
2011-11-03,547499
2011-11-04,547029
2011-11-05,547268
2011-11-06,547917
2011-11-07,548354
2011-11-08,548575
2011-11-09,549051
2011-11-10,549477
2011-11-11,549612
2011-11-12,549848
2011-11-13,550431
2011-11-14,550431
2011-11-15,550330
2011-11-16,550526
2011-11-17,550436
2011-11-18,550803
2011-11-19,551048
2011-11-20,550608
2011-11-21,551065
2011-11-22,551354
2011-11-23,551514
2011-11-24,551477
2011-11-25,552113
2011-11-26,552507
2011-11-27,553139
2011-11-28,553761
2011-11-29,554294
2011-11-30,553247
2011-12-01,554448
2011-12-02,555322
2011-12-03,555181
2011-12-04,556008
2011-12-05,556960
2011-12-06,557800
2011-12-07,558508
2011-12-08,556879
2011-12-09,557586
2011-12-10,557861
2011-12-11,557612
2011-12-12,557802
2011-12-13,559253
2011-12-14,559760
2011-12-15,560140
2011-12-16,560489
2011-12-17,560810
2011-12-18,561389
2011-12-19,561752
2011-12-20,561914
2011-12-21,562254
2011-12-22,562821
2011-12-23,563815
2011-12-24,564434
2011-12-25,565146
2011-12-26,566134
2011-12-27,566837
2011-12-28,567101
2011-12-29,567709
2011-12-30,568110
2011-12-31,568173
2012-01-01,568489
2012-01-02,568849
2012-01-03,568570
2012-01-04,568934
2012-01-05,569556
2012-01-06,569721
2012-01-07,569929
2012-01-08,570274
2012-01-09,570133
2012-01-10,570245
2012-01-11,569205
2012-01-12,569731
2012-01-13,570225
2012-01-14,570927
2012-01-15,571174
2012-01-16,571830
2012-01-17,572570
2012-01-18,573307
2012-01-19,573936
2012-01-20,574711
2012-01-21,575126
2012-01-22,575654
2012-01-23,576494
2012-01-24,577060
2012-01-25,577774
2012-01-26,578271
2012-01-27,578703
2012-01-28,579277
2012-01-29,578842
2012-01-30,579697
2012-01-31,580449
2012-02-01,581055
2012-02-02,581740
2012-02-03,582398
2012-02-04,582566
2012-02-05,582908
2012-02-06,583167
2012-02-07,583515
2012-02-08,584266
2012-02-09,585213
2012-02-10,585545
2012-02-11,585637
2012-02-12,585948
2012-02-13,586322
2012-02-14,586784
2012-02-15,587772
2012-02-16,588821
2012-02-17,589579
2012-02-18,590463
2012-02-19,591796
2012-02-20,592916
2012-02-21,593615
2012-02-22,594243
2012-02-23,594962
2012-02-24,595485
2012-02-25,595173
2012-02-26,595882
2012-02-27,596692
2012-02-28,597052
2012-02-29,597836
2012-03-01,598074
2012-03-02,598109
2012-03-03,598659
2012-03-04,599932
2012-03-05,600759
2012-03-06,601560
2012-03-07,602790
2012-03-08,603787
2012-03-09,604178
2012-03-10,604854
2012-03-11,605607
2012-03-12,606204
2012-03-13,607166
2012-03-14,607704
2012-03-15,608826
2012-03-16,609750
2012-03-17,610919
2012-03-18,612414
2012-03-19,612853
2012-03-20,614039
2012-03-21,615151
2012-03-22,615974
2012-03-23,616636
2012-03-24,617711
2012-03-25,618042
2012-03-26,618389
2012-03-27,618915
2012-03-28,619756
2012-03-29,620284
2012-03-30,620932
2012-03-31,621687
2012-04-01,622166
2012-04-02,622684
2012-04-03,622782
2012-04-04,623710
2012-04-05,624383
2012-04-06,624475
2012-04-07,625213
2012-04-08,626144
2012-04-09,626799
2012-04-10,628153
2012-04-11,629032
2012-04-12,629851
2012-04-13,630485
2012-04-14,631667
2012-04-15,632794
2012-04-16,633302
2012-04-17,633521
2012-04-18,634115
2012-04-19,634328
2012-04-20,634726
2012-04-21,635255
2012-04-22,636057
2012-04-23,636817
2012-04-24,637657
2012-04-25,638580
2012-04-26,640334
2012-04-27,640862
2012-04-28,641691
2012-04-29,642478
2012-04-30,643293
2012-05-01,644087
2012-05-02,645081
2012-05-03,646782
2012-05-04,647624
2012-05-05,648818
2012-05-06,646249
2012-05-07,646598
2012-05-08,647722
2012-05-09,648329
2012-05-10,648858
2012-05-11,649343
2012-05-12,650142
2012-05-13,651399
2012-05-14,652395
2012-05-15,652964
2012-05-16,652161
2012-05-17,653086
2012-05-18,654097
2012-05-19,655004
2012-05-20,656117
2012-05-21,657773
2012-05-22,659444
2012-05-23,660630
2012-05-24,662371
2012-05-25,663449
2012-05-26,664460
2012-05-27,666422
2012-05-28,668137
2012-05-29,667805
2012-05-30,668959
2012-05-31,670657
2012-06-01,672119
2012-06-02,672750
2012-06-03,675777
2012-06-04,675181
2012-06-05,678143
2012-06-06,679629
2012-06-07,678650
2012-06-08,679827
2012-06-09,681011
2012-06-10,684328
2012-06-11,686859
2012-06-12,687374
2012-06-13,692720
2012-06-14,694639
2012-06-15,693840
2012-06-16,696171
2012-06-17,698590
2012-06-18,700996
2012-06-19,701662
2012-06-20,702689
2012-06-21,704184
2012-06-22,705978
2012-06-23,706412
2012-06-24,708075
2012-06-25,709530
2012-06-26,711669
2012-06-27,711917
2012-06-28,713350
2012-06-29,715244
2012-06-30,717793
2012-07-01,720506
2012-07-02,722855
2012-07-03,724357
2012-07-04,724430
2012-07-05,725364
2012-07-06,727477
2012-07-07,730086
2012-07-08,731879
2012-07-09,732987
2012-07-10,735888
2012-07-11,737586
2012-07-12,738962
2012-07-13,739463
2012-07-14,741139
2012-07-15,742300
2012-07-16,742945
2012-07-17,744722
2012-07-18,745652
2012-07-19,743848
2012-07-20,745789
2012-07-21,748245
2012-07-22,751887
2012-07-23,753673
2012-07-24,752871
2012-07-25,754584
2012-07-26,756735
2012-07-27,758702
2012-07-28,764107
2012-07-29,764394
2012-07-30,764196
2012-07-31,767199
2012-08-01,768311
2012-08-02,769616
2012-08-03,771453
2012-08-04,773249
2012-08-05,775785
2012-08-06,779386
2012-08-07,783013
2012-08-08,784233
2012-08-09,784287
2012-08-10,787349
2012-08-11,790213
2012-08-12,795016
2012-08-13,802136
2012-08-14,805295
2012-08-15,805348
2012-08-16,807859
2012-08-17,810482
2012-08-18,814242
2012-08-19,803315
2012-08-20,801030
2012-08-21,802482
2012-08-22,804252
2012-08-23,808322
2012-08-24,810709
2012-08-25,813146
2012-08-26,814603
2012-08-27,817301
2012-08-28,820783
2012-08-29,824135
2012-08-30,826411
2012-08-31,828507
2012-09-01,832874
2012-09-02,835049
2012-09-03,836800
2012-09-04,834342
2012-09-05,837554
2012-09-06,839133
2012-09-07,839085
2012-09-08,841031
2012-09-09,844043
2012-09-10,846347
2012-09-11,849434
2012-09-12,853376
2012-09-13,854573
2012-09-14,856205
2012-09-15,858613
2012-09-16,860791
2012-09-17,862206
2012-09-18,866181
2012-09-19,871532
2012-09-20,877444
2012-09-21,879216
2012-09-22,880483
2012-09-23,882805
2012-09-24,884569
2012-09-25,890171
2012-09-26,892227
2012-09-27,896085
2012-09-28,900033
2012-09-29,901252
2012-09-30,902604
2012-10-01,906173
2012-10-02,907862
2012-10-03,906934
2012-10-04,908332
2012-10-05,912160
2012-10-06,916651
2012-10-07,919237
2012-10-08,924453
2012-10-09,926482
2012-10-10,929514
2012-10-11,933902
2012-10-12,940681
2012-10-13,941614
2012-10-14,947430
2012-10-15,948355
2012-10-16,949185
2012-10-17,955674
2012-10-18,953013
2012-10-19,948956
2012-10-20,948033
2012-10-21,949589
2012-10-22,952032
2012-10-23,950867
2012-10-24,953762
2012-10-25,953474
2012-10-26,952944
2012-10-27,953047
2012-10-28,954258
2012-10-29,948543
2012-10-30,950782
2012-10-31,953163
2012-11-01,953563
2012-11-02,956302
2012-11-03,960183
2012-11-04,960928
2012-11-05,962229
2012-11-06,964470
2012-11-07,967136
2012-11-08,969007
2012-11-09,970810
2012-11-10,969511
2012-11-11,972989
2012-11-12,974911
2012-11-13,978360
2012-11-14,981707
2012-11-15,984313
2012-11-16,983610
2012-11-17,993405
2012-11-18,995843
2012-11-19,998317
2012-11-20,1000855
2012-11-21,1000530
2012-11-22,1003993
2012-11-23,1005113
2012-11-24,1006579
2012-11-25,1008957
2012-11-26,1012468
2012-11-27,1013614
2012-11-28,1014890
2012-11-29,1015333
2012-11-30,1018186
2012-12-01,1020542
2012-12-02,1021204
2012-12-03,1022296
2012-12-04,1020080
2012-12-05,1021247
2012-12-06,1023686
2012-12-07,1024792
2012-12-08,1028304
2012-12-09,1028126
2012-12-10,1027666
2012-12-11,1029145
2012-12-12,1028718
2012-12-13,1030328
2012-12-14,1032781
2012-12-15,1035374
2012-12-16,1038022
2012-12-17,1041733
2012-12-18,1046758
2012-12-19,1049144
2012-12-20,1052181
2012-12-21,1054934
2012-12-22,1063147
2012-12-23,1064763
2012-12-24,1066973
2012-12-25,1070298
2012-12-26,1064645
2012-12-27,1065521
2012-12-28,1068592
2012-12-29,1067817
2012-12-30,1076774
2012-12-31,1080324
2013-01-01,1082974
2013-01-02,1087026
2013-01-03,1093818
2013-01-04,1098477
2013-01-05,1104763
2013-01-06,1107709
2013-01-07,1108809
2013-01-08,1111704
2013-01-09,1115500
2013-01-10,1115966
2013-01-11,1120864
2013-01-12,1122903
2013-01-13,1124403
2013-01-14,1125096
2013-01-15,1131697
2013-01-16,1136119
2013-01-17,1136697
2013-01-18,1139479
2013-01-19,1143211
2013-01-20,1146987
2013-01-21,1146372
2013-01-22,1145994
2013-01-23,1147491
2013-01-24,1141569
2013-01-25,1145622
2013-01-26,1147373
2013-01-27,1155466
2013-01-28,1157148
2013-01-29,1156566
2013-01-30,1158382
2013-01-31,1161470
2013-02-01,1166554
2013-02-02,1172450
2013-02-03,1176876
2013-02-04,1180099
2013-02-05,1183321
2013-02-06,1188163
2013-02-07,1192205
2013-02-08,1193615
2013-02-09,1196260
2013-02-10,1200056
2013-02-11,1199625
2013-02-12,1201580
2013-02-13,1201383
2013-02-14,1201067
2013-02-15,1202771
2013-02-16,1205661
2013-02-17,1208677
2013-02-18,1212981
2013-02-19,1216613
2013-02-20,1218672
2013-02-21,1222454
2013-02-22,1226747
2013-02-23,1231485
2013-02-24,1237585
2013-02-25,1241028
2013-02-26,1245348
2013-02-27,1248407
2013-02-28,1251856
2013-03-01,1256759
2013-03-02,1259357
2013-03-03,1261556
2013-03-04,1263786
2013-03-05,1268632
2013-03-06,1272650
2013-03-07,1274365
2013-03-08,1277186
2013-03-09,1278877
2013-03-10,1283998
2013-03-11,1284057
2013-03-12,1282856
2013-03-13,1285032
2013-03-14,1285415
2013-03-15,1289210
2013-03-16,1292950
2013-03-17,1298129
2013-03-18,1302275
2013-03-19,1304469
2013-03-20,1309136
2013-03-21,1309089
2013-03-22,1311947
2013-03-23,1311025
2013-03-24,1316413
2013-03-25,1321228
2013-03-26,1324924
2013-03-27,1330785
2013-03-28,1324349
2013-03-29,1328995
2013-03-30,1334630
2013-03-31,1339219
2013-04-01,1340995
2013-04-02,1344830
2013-04-03,1352161
2013-04-04,1356188
2013-04-05,1364879
2013-04-06,1369396
2013-04-07,1374785
2013-04-08,1391064
2013-04-09,1399835
2013-04-10,1413274
2013-04-11,1419797
2013-04-12,1424177
2013-04-13,1430759
2013-04-14,1435929
2013-04-15,1446737
2013-04-16,1452753
2013-04-17,1461928
2013-04-18,1465013
2013-04-19,1470341
2013-04-20,1474391
2013-04-21,1478853
2013-04-22,1489024
2013-04-23,1494555
2013-04-24,1498880
2013-04-25,1504674
2013-04-26,1511467
2013-04-27,1521442
2013-04-28,1569241
2013-04-29,1574428
2013-04-30,1575864
2013-05-01,1582011
2013-05-02,1585072
2013-05-03,1587719
2013-05-04,1592548
2013-05-05,1596748
2013-05-06,1599330
2013-05-07,1608756
2013-05-08,1615943
2013-05-09,1620858
2013-05-10,1626061
2013-05-11,1627064
2013-05-12,1632383
2013-05-13,1637480
2013-05-14,1641951
2013-05-15,1644774
2013-05-16,1651727
2013-05-17,1653468
2013-05-18,1657083
2013-05-19,1659703
2013-05-20,1662376
2013-05-21,1665525
2013-05-22,1669549
2013-05-23,1672808
2013-05-24,1673457
2013-05-25,1672423
2013-05-26,1671132
2013-05-27,1673997
2013-05-28,1677158
2013-05-29,1679554
2013-05-30,1681527
2013-05-31,1684014
2013-06-01,1685749
2013-06-02,1685813
2013-06-03,1684752
2013-06-04,1685436
2013-06-05,1686670
2013-06-06,1688525
2013-06-07,1688802
2013-06-08,1689553
2013-06-09,1690039
2013-06-10,1692229
2013-06-11,1697166
2013-06-12,1699666
2013-06-13,1702870
2013-06-14,1704510
2013-06-15,1704987
2013-06-16,1706079
2013-06-17,1709731
2013-06-18,1712640
2013-06-19,1715260
2013-06-20,1715756
2013-06-21,1716449
2013-06-22,1717485
2013-06-23,1717448
2013-06-24,1718963
2013-06-25,1721900
2013-06-26,1725053
2013-06-27,1728351
2013-06-28,1729296
2013-06-29,1731321
2013-06-30,1733516
2013-07-01,1735364
2013-07-02,1736334
2013-07-03,1739728
2013-07-04,1742541
2013-07-05,1745283
2013-07-06,1742796
2013-07-07,1743537
2013-07-08,1746720
2013-07-09,1748075
2013-07-10,1751937
2013-07-11,1754804
2013-07-12,1757028
2013-07-13,1756591
2013-07-14,1757655
2013-07-15,1758148
2013-07-16,1761173
2013-07-17,1764586
2013-07-18,1766128
2013-07-19,1769922
2013-07-20,1772138
2013-07-21,1773452
2013-07-22,1776817
2013-07-23,1779926
2013-07-24,1781357
2013-07-25,1781251
2013-07-26,1782639
2013-07-27,1781288
2013-07-28,1783311
2013-07-29,1785101
2013-07-30,1786469
2013-07-31,1785576
2013-08-01,1820730
2013-08-02,1823854
2013-08-03,1825452
2013-08-04,1823465
2013-08-05,1825709
2013-08-06,1829340
2013-08-07,1834554
2013-08-08,1836966
2013-08-09,1839031
2013-08-10,1841783
2013-08-11,1841652
2013-08-12,1841276
2013-08-13,1845029
2013-08-14,1848096
2013-08-15,1852870
2013-08-16,1853757
2013-08-17,1855161
2013-08-18,1855886
2013-08-19,1861689
2013-08-20,1863499
2013-08-21,1865815
2013-08-22,1868678
2013-08-23,1866351
2013-08-24,1867574
2013-08-25,1861288
2013-08-26,1861362
2013-08-27,1854431
2013-08-28,1858620
2013-08-29,1863202
2013-08-30,1862795
2013-08-31,1882435
2013-09-01,1884078
2013-09-02,1886478
2013-09-03,1886619
2013-09-04,1887037
2013-09-05,1890252
2013-09-06,1889266
2013-09-07,1889484
2013-09-08,1888802
2013-09-09,1887160
2013-09-10,1885548
2013-09-11,1887446
2013-09-12,1887961
2013-09-13,1892489
2013-09-14,1895489
2013-09-15,1896565
2013-09-16,1899190
2013-09-17,1902171
2013-09-18,1902120
2013-09-19,1904776
2013-09-20,1909018
2013-09-21,1913097
2013-09-22,1913965
2013-09-23,1916796
2013-09-24,1920919
2013-09-25,1924397
2013-09-26,1928572
2013-09-27,1929114
2013-09-28,1930747
2013-09-29,1928893
2013-09-30,1932822
2013-10-01,1934305
2013-10-02,1926017
2013-10-03,1919874
2013-10-04,1922808
2013-10-05,1924266
2013-10-06,1926300
2013-10-07,1928723
2013-10-08,1933108
2013-10-09,1938778
2013-10-10,1944187
2013-10-11,1947458
2013-10-12,1951740
2013-10-13,1955539
2013-10-14,1960384
2013-10-15,1967395
2013-10-16,1973623
2013-10-17,1977478
2013-10-18,1981446
2013-10-19,1983483
2013-10-20,1991390
2013-10-21,1994200
2013-10-22,2000453
2013-10-23,2001305
2013-10-24,2001692
2013-10-25,2001961
2013-10-26,2005171
2013-10-27,2008696
2013-10-28,2010085
2013-10-29,2015068
2013-10-30,2018971
2013-10-31,2021599
2013-11-01,2025161
2013-11-02,2029895
2013-11-03,2029751
2013-11-04,2033220
2013-11-05,2035528
2013-11-06,2025250
2013-11-07,2032572
2013-11-08,2036190
2013-11-09,2040973
2013-11-10,2043160
2013-11-11,2038582
2013-11-12,2045476
2013-11-13,2049807
2013-11-14,2056868
2013-11-15,2064533
2013-11-16,2072470
2013-11-17,2077607
2013-11-18,2089599
2013-11-19,2095962
2013-11-20,2104763
2013-11-21,2077325
2013-11-22,2083866
2013-11-23,2094201
2013-11-24,2097606
2013-11-25,2107522
2013-11-26,2120872
2013-11-27,2133326
2013-11-28,2150643
2013-11-29,2167354
2013-11-30,2186237
2013-12-01,2188858
2013-12-02,2202465
2013-12-03,2216359
2013-12-04,2225065
2013-12-05,2236761
2013-12-06,2246821
2013-12-07,2257047
2013-12-08,2263540
2013-12-09,2279416
2013-12-10,2287060
2013-12-11,2294710
2013-12-12,2301485
2013-12-13,2309158
2013-12-14,2304015
2013-12-15,2294453
2013-12-16,2300169
2013-12-17,2304244
2013-12-18,2308961
2013-12-19,2315337
2013-12-20,2314967
2013-12-21,2316974
2013-12-22,2314314
2013-12-23,2332010
2013-12-24,2340573
2013-12-25,2345474
2013-12-26,2351545
2013-12-27,2360118
2013-12-28,2357827
2013-12-29,2349855
2013-12-30,2361793
2013-12-31,2364900
2014-01-01,2370151
2014-01-02,2374458
2014-01-03,2379222
2014-01-04,2384959
2014-01-05,2389111
2014-01-06,2395758
2014-01-07,2404967
2014-01-08,2422152
2014-01-09,2430361
2014-01-10,2434834
2014-01-11,2438197
2014-01-12,2444273
2014-01-13,2456774
2014-01-14,2461206
2014-01-15,2470511
2014-01-16,2471325
2014-01-17,2481966
2014-01-18,2487894
2014-01-19,2493316
2014-01-20,2497109
2014-01-21,2503182
2014-01-22,2511022
2014-01-23,2512804
2014-01-24,2520493
2014-01-25,2523819
2014-01-26,2530827
2014-01-27,2543647
2014-01-28,2548867
2014-01-29,2557307
2014-01-30,2563653
2014-01-31,2571264
2014-02-01,2579168
2014-02-02,2581668
2014-02-03,2590259
2014-02-04,2596547
2014-02-05,2602329
2014-02-06,2610772
2014-02-07,2615550
2014-02-08,2621661
2014-02-09,2625912
2014-02-10,2638950
2014-02-11,2644091
2014-02-12,2580948
2014-02-13,2573552
2014-02-14,2573437
2014-02-15,2575026
2014-02-16,2577367
2014-02-17,2580004
2014-02-18,2582631
2014-02-19,2586438
2014-02-20,2593527
2014-02-21,2599250
2014-02-22,2602461
2014-02-23,2607400
2014-02-24,2617756
2014-02-25,2624437
2014-02-26,2629667
2014-02-27,2637584
2014-02-28,2626614
2014-03-01,2629858
2014-03-02,2633203
2014-03-03,2647822
2014-03-04,2655239
2014-03-05,2657881
2014-03-06,2663543
2014-03-07,2670071
2014-03-08,2680095
2014-03-09,2691645
2014-03-10,2692729
2014-03-11,2691399
2014-03-12,2691580
2014-03-13,2698914
2014-03-14,2677320
2014-03-15,2677376
2014-03-16,2682610
2014-03-17,2695794
2014-03-18,2703367
2014-03-19,2716363
2014-03-20,2718903
2014-03-21,2718038
2014-03-22,2712752
2014-03-23,2716211
2014-03-24,2726179
2014-03-25,2731683
2014-03-26,2737040
2014-03-27,2742533
2014-03-28,2749470
2014-03-29,2756824
2014-03-30,2768170
2014-03-31,2772627
2014-04-01,2779491
2014-04-02,2785223
2014-04-03,2770906
2014-04-04,2775182
2014-04-05,2775461
2014-04-06,2789185
2014-04-07,2791693
2014-04-08,2796884
2014-04-09,2798639
2014-04-10,2803050
2014-04-11,2807151
2014-04-12,2806554
2014-04-13,2818738
2014-04-14,2821766
2014-04-15,2816109
2014-04-16,2809474
2014-04-17,2810183
2014-04-18,2813446
2014-04-19,2811947
2014-04-20,2821014
2014-04-21,2822656
2014-04-22,2831236
2014-04-23,2839019
2014-04-24,2839459
2014-04-25,2843039
2014-04-26,2847107
2014-04-27,2851978
2014-04-28,2858967
2014-04-29,2858877
2014-04-30,2860920
2014-05-01,2866328
2014-05-02,2871158
2014-05-03,2874070
2014-05-04,2881186
2014-05-05,2887707
2014-05-06,2893590
2014-05-07,2898938
2014-05-08,2900310
2014-05-09,2902220
2014-05-10,2906579
2014-05-11,2915912
2014-05-12,2919308
2014-05-13,2922245
2014-05-14,2926504
2014-05-15,2930998
2014-05-16,2928563
2014-05-17,2918538
2014-05-18,2921756
2014-05-19,2901240
2014-05-20,2900906
2014-05-21,2903788
2014-05-22,2907666
2014-05-23,2913386
2014-05-24,2917085
2014-05-25,2927467
2014-05-26,2930996
2014-05-27,2934900
2014-05-28,2936623
2014-05-29,2939711
2014-05-30,2944685
2014-05-31,2947137
2014-06-01,2956192
2014-06-02,2959021
2014-06-03,2963733
2014-06-04,2971586
2014-06-05,2972585
2014-06-06,2969029
2014-06-07,2974338
2014-06-08,2982152
2014-06-09,2980860
2014-06-10,2974820
2014-06-11,2975692
2014-06-12,2976939
2014-06-13,2976084
2014-06-14,2977757
2014-06-15,2989807
2014-06-16,2990086
2014-06-17,2997293
2014-06-18,3001607
2014-06-19,3002298
2014-06-20,3007663
2014-06-21,3009746
2014-06-22,3021259
2014-06-23,3023059
2014-06-24,3023624
2014-06-25,3027808
2014-06-26,3032351
2014-06-27,3035866
2014-06-28,3036109
2014-06-29,3046372
2014-06-30,3050329
2014-07-01,3051451
2014-07-02,3053305
2014-07-03,3058115
2014-07-04,3064968
2014-07-05,3072677
2014-07-06,3086040
2014-07-07,3092638
2014-07-08,3095445
2014-07-09,3101096
2014-07-10,3104530
2014-07-11,3106873
2014-07-12,3114747
2014-07-13,3125018
2014-07-14,3130775
2014-07-15,3135633
2014-07-16,3142804
2014-07-17,3144353
2014-07-18,3141503
2014-07-19,3148099
2014-07-20,3162849
2014-07-21,3162402
2014-07-22,3165106
2014-07-23,3170437
2014-07-24,3172386
2014-07-25,3175939
2014-07-26,3180367
2014-07-27,3189081
2014-07-28,3192138
2014-07-29,3197126
2014-07-30,3200496
2014-07-31,3196691
2014-08-01,3202127
2014-08-02,3205534
2014-08-03,3216171
2014-08-04,3208429
2014-08-05,3215386
2014-08-06,3218718
2014-08-07,3219270
2014-08-08,3222400
2014-08-09,3227332
2014-08-10,3234057
2014-08-11,3238724
2014-08-12,3244946
2014-08-13,3249142
2014-08-14,3249116
2014-08-15,3247700
2014-08-16,3247327
2014-08-17,3261603
2014-08-18,3267493
2014-08-19,3272177
2014-08-20,3281286
2014-08-21,3288800
2014-08-22,3293867
2014-08-23,3297724
2014-08-24,3307651
2014-08-25,3310690
2014-08-26,3317390
2014-08-27,3316965
2014-08-28,3325332
2014-08-29,3328262
2014-08-30,3331381
2014-08-31,3343044
2014-09-01,3354934
2014-09-02,3353451
2014-09-03,3357818
2014-09-04,3364936
2014-09-05,3372292
2014-09-06,3380240
2014-09-07,3406741
2014-09-08,3411814
2014-09-09,3386625
2014-09-10,3347941
2014-09-11,3355750
2014-09-12,3364005
2014-09-13,3371546
2014-09-14,3391288
2014-09-15,3393081
2014-09-16,3398547
2014-09-17,3402933
2014-09-18,3410323
2014-09-19,3416117
2014-09-20,3417482
2014-09-21,3433699
2014-09-22,3434387
2014-09-23,3430917
2014-09-24,3443309
2014-09-25,3447402
2014-09-26,3454384
2014-09-27,3453885
2014-09-28,3468816
2014-09-29,3471139
2014-09-30,3475558
2014-10-01,3495921
2014-10-02,3503193
2014-10-03,3521945
2014-10-04,3532736
2014-10-05,3550667
2014-10-06,3558487
2014-10-07,3562137
2014-10-08,3568628
2014-10-09,3575777
2014-10-10,3585123
2014-10-11,3588157
2014-10-12,3588989
2014-10-13,3598957
2014-10-14,3591294
2014-10-15,3596761
2014-10-16,3603917
2014-10-17,3610154
2014-10-18,3612651
2014-10-19,3625965
2014-10-20,3627148
2014-10-21,3626807
2014-10-22,3629032
2014-10-23,3626692
2014-10-24,3628575
2014-10-25,3640949
2014-10-26,3643398
2014-10-27,3645231
2014-10-28,3650608
2014-10-29,3658167
2014-10-30,3662403
2014-10-31,3663750
2014-11-01,3664951
2014-11-02,3686556
2014-11-03,3684713
2014-11-04,3689118
2014-11-05,3695276
2014-11-06,3683495
2014-11-07,3654554
2014-11-08,3648439
2014-11-09,3669371
2014-11-10,3667298
2014-11-11,3669072
2014-11-12,3676626
2014-11-13,3682439
2014-11-14,3694168
2014-11-15,3699204
2014-11-16,3717038
2014-11-17,3715189
2014-11-18,3722694
2014-11-19,3729458
2014-11-20,3731057
2014-11-21,3735954
2014-11-22,3741101
2014-11-23,3761850
2014-11-24,3761907
2014-11-25,3763003
2014-11-26,3770065
2014-11-27,3774791
2014-11-28,3784003
2014-11-29,3785073
2014-11-30,3789099
2014-12-01,3797285
2014-12-02,3794940
2014-12-03,3796258
2014-12-04,3795981
2014-12-05,3807372
2014-12-06,3809098
2014-12-07,3836100
2014-12-08,3828317
2014-12-09,3832305
2014-12-10,3833403
2014-12-11,3834615
2014-12-12,3843754
2014-12-13,3846542
2014-12-14,3868640
2014-12-15,3867303
2014-12-16,3872842
2014-12-17,3878243
2014-12-18,3878568
2014-12-19,3882449
2014-12-20,3893479
2014-12-21,3902958
2014-12-22,3891365
2014-12-23,3881145
2014-12-24,3885413
2014-12-25,3885417
2014-12-26,3895200
2014-12-27,3898904
2014-12-28,3913391
2014-12-29,3910588
2014-12-30,3917504
2014-12-31,3921684
2015-01-01,3925385
2015-01-02,3933664
2015-01-03,3943161
2015-01-04,3950735
2015-01-05,3948173
2015-01-06,3949107
2015-01-07,3955438
2015-01-08,3962724
2015-01-09,3967666
2015-01-10,3989724
2015-01-11,3989569
2015-01-12,3991136
2015-01-13,3989734
2015-01-14,4003924
2015-01-15,4011995
2015-01-16,4018272
2015-01-17,4041811
2015-01-18,4048787
2015-01-19,4042631
2015-01-20,4048963
2015-01-21,4052728
2015-01-22,4059945
2015-01-23,4065145
2015-01-24,4065612
2015-01-25,4082353
2015-01-26,4085746
2015-01-27,4088714
2015-01-28,4086087
2015-01-29,4092213
2015-01-30,4098657
2015-01-31,4119825
2015-02-01,4126764
2015-02-02,4122124
2015-02-03,4128410
2015-02-04,4135840
2015-02-05,4132519
2015-02-06,4145529
2015-02-07,4143249
2015-02-08,4162951
2015-02-09,4164219
2015-02-10,4167023
2015-02-11,4168000
2015-02-12,4189388
2015-02-13,4223763
2015-02-14,4221128
2015-02-15,4234254
2015-02-16,4245023
2015-02-17,4257901
2015-02-18,4258556
2015-02-19,4263035
2015-02-20,4258987
2015-02-21,4269671
2015-02-22,4278117
2015-02-23,4282577
2015-02-24,4287100
2015-02-25,4292471
2015-02-26,4298488
2015-02-27,4304017
2015-02-28,4318274
2015-03-01,4318462
2015-03-02,4307116
2015-03-03,4303288
2015-03-04,4306074
2015-03-05,4309911
2015-03-06,4309231
2015-03-07,4324212
2015-03-08,4323854
2015-03-09,4328734
2015-03-10,4330575
2015-03-11,4338296
2015-03-12,4329678
2015-03-13,4328031
2015-03-14,4348684
2015-03-15,4361149
2015-03-16,4362210
2015-03-17,4372703
2015-03-18,4358266
2015-03-19,4328629
2015-03-20,4337676
2015-03-21,4357536
2015-03-22,4363029
2015-03-23,4373343
2015-03-24,4377217
2015-03-25,4385573
2015-03-26,4388373
2015-03-27,4396141
2015-03-28,4412798
2015-03-29,4414192
2015-03-30,4412130
2015-03-31,4422393
2015-04-01,4428051
2015-04-02,4432871
2015-04-03,4436421
2015-04-04,4455533
2015-04-05,4455001
2015-04-06,4455266
2015-04-07,4459485
2015-04-08,4466926
2015-04-09,4472265
2015-04-10,4481045
2015-04-11,4500861
2015-04-12,4512754
2015-04-13,4506937
2015-04-14,4509099
2015-04-15,4514108
2015-04-16,4524244
2015-04-17,4531149
2015-04-18,4550481
2015-04-19,4549308
2015-04-20,4555914
2015-04-21,4558535
2015-04-22,4565477
2015-04-23,4570542
2015-04-24,4561175
2015-04-25,4585323
2015-04-26,4585131
2015-04-27,4593146
2015-04-28,4592698
2015-04-29,4598118
2015-04-30,4603372
2015-05-01,4610593
2015-05-02,4635466
2015-05-03,4646477
2015-05-04,4644066
2015-05-05,4647825
2015-05-06,4649588
2015-05-07,4658210
2015-05-08,4684274
2015-05-09,4683805
2015-05-10,4674181
2015-05-11,4677283
2015-05-12,4672520
2015-05-13,4682767
2015-05-14,4688822
2015-05-15,4696600
2015-05-16,4715057
2015-05-17,4713513
2015-05-18,4723031
2015-05-19,4727648
2015-05-20,4733749
2015-05-21,4740798
2015-05-22,4745892
2015-05-23,4751974
2015-05-24,4763426
2015-05-25,4767592
2015-05-26,4770643
2015-05-27,4772342
2015-05-28,4778359
2015-05-29,4795428
2015-05-30,4813938
2015-05-31,4823995
2015-06-01,4827683
2015-06-02,4826496
2015-06-03,4832599
2015-06-04,4835120
2015-06-05,4839687
2015-06-06,4855784
2015-06-07,4859157
2015-06-08,4866698
2015-06-09,4873126
2015-06-10,4855726
2015-06-11,4857400
2015-06-12,4866483
2015-06-13,4871232
2015-06-14,4877927
2015-06-15,4886085
2015-06-16,4893280
2015-06-17,4884047
2015-06-18,4882728
2015-06-19,4905755
2015-06-20,4920276
2015-06-21,4923015
2015-06-22,4931223
2015-06-23,4937942
2015-06-24,4945214
2015-06-25,4947167
2015-06-26,4953525
2015-06-27,4964410
2015-06-28,4974640
2015-06-29,4976797
2015-06-30,4979470
2015-07-01,4985718
2015-07-02,4995122
2015-07-03,4999007
2015-07-04,5009005
2015-07-05,5021422
2015-07-06,5029299
2015-07-07,5045826
2015-07-08,5063049
2015-07-09,5065777
2015-07-10,5063799
2015-07-11,5077259
2015-07-12,5084018
2015-07-13,5088351
2015-07-14,5086418
2015-07-15,5095646
2015-07-16,5096737
2015-07-17,5098031
2015-07-18,5107116
2015-07-19,5119943
2015-07-20,5128049
2015-07-21,5144006
2015-07-22,5157115
2015-07-23,5159148
2015-07-24,5161085
2015-07-25,5164349
2015-07-26,5180806
2015-07-27,5189671
2015-07-28,5191501
2015-07-29,5196260
2015-07-30,5203984
2015-07-31,5206074
2015-08-01,5210105
2015-08-02,5224128
2015-08-03,5224909
2015-08-04,5243472
2015-08-05,5243035
2015-08-06,5246668
2015-08-07,5247191
2015-08-08,5262346
2015-08-09,5266636
2015-08-10,5265328
2015-08-11,5268720
2015-08-12,5279346
2015-08-13,5285314
2015-08-14,5294294
2015-08-15,5305871
2015-08-16,5315884
2015-08-17,5322113
2015-08-18,5324858
2015-08-19,5331788
2015-08-20,5336360
2015-08-21,5344225
2015-08-22,5360400
2015-08-23,5374005
2015-08-24,5373263
2015-08-25,5383507
2015-08-26,5393323
2015-08-27,5409803
2015-08-28,5415799
2015-08-29,5429631
2015-08-30,5444853
2015-08-31,5443326
2015-09-01,5447450
2015-09-02,5455181
2015-09-03,5460280
2015-09-04,5469243
2015-09-05,5489431
2015-09-06,5502669
2015-09-07,5525468
2015-09-08,5546214
2015-09-09,5569017
2015-09-10,5584442
2015-09-11,5631698
2015-09-12,5651167
2015-09-13,5668309
2015-09-14,5668195
2015-09-15,5673811
2015-09-16,5679578
2015-09-17,5697398
2015-09-18,5702896
2015-09-19,5706156
2015-09-20,5756808
2015-09-21,5794420
2015-09-22,5836609
2015-09-23,5846048
2015-09-24,5853026
2015-09-25,5856266
2015-09-26,5845289
2015-09-27,5832775
2015-09-28,5829590
2015-09-29,5802168
2015-09-30,5800470
2015-10-01,5808746
2015-10-02,5805008
2015-10-03,5812408
2015-10-04,5838451
2015-10-05,5840131
2015-10-06,5826755
2015-10-07,5834060
2015-10-08,5843026
2015-10-09,5850334
2015-10-10,5874736
2015-10-11,5889253
2015-10-12,5881890
2015-10-13,5881490
2015-10-14,5885176
2015-10-15,5891081
2015-10-16,5893352
2015-10-17,5901060
2015-10-18,5907745
2015-10-19,5903442
2015-10-20,5886274
2015-10-21,5890782
2015-10-22,5902798
2015-10-23,5881419
2015-10-24,5905800
2015-10-25,5894035
2015-10-26,5843864
2015-10-27,5866747
2015-10-28,5878850
2015-10-29,5859972
2015-10-30,5866323
2015-10-31,5890317
2015-11-01,5900653
2015-11-02,5884088
2015-11-03,5909667
2015-11-04,5916062
2015-11-05,5917948
2015-11-06,5936476
2015-11-07,5954631
2015-11-08,5986716
2015-11-09,5970432
2015-11-10,5967695
2015-11-11,5974981
2015-11-12,5993554
2015-11-13,6014637
2015-11-14,6050749
2015-11-15,6058496
2015-11-16,6043156
2015-11-17,6046376
2015-11-18,6052259
2015-11-19,6063943
2015-11-20,6076803
2015-11-21,6087811
2015-11-22,6110749
2015-11-23,6115407
2015-11-24,6135016
2015-11-25,6136579
2015-11-26,6135703
2015-11-27,6144939
2015-11-28,6182428
2015-11-29,6173940
2015-11-30,6176374
2015-12-01,6193096
2015-12-02,6212465
2015-12-03,6208580
2015-12-04,6215439
2015-12-05,6246868
2015-12-06,6275138
2015-12-07,6260799
2015-12-08,6277787
2015-12-09,6284074
2015-12-10,6305011
2015-12-11,6347837
2015-12-12,6384964
2015-12-13,6419323
2015-12-14,6398648
2015-12-15,6434542
2015-12-16,6447005
2015-12-17,6469123
2015-12-18,6489212
2015-12-19,6545584
2015-12-20,6582504
2015-12-21,6592910
2015-12-22,6624527
2015-12-23,6640914
2015-12-24,6671842
2015-12-25,6710106
2015-12-26,6737021
2015-12-27,6752875
2015-12-28,6767435
2015-12-29,6765386
2015-12-30,6797784
2015-12-31,6793548
2016-01-01,6810666
2016-01-02,6795517
2016-01-03,6814427
2016-01-04,6822805
2016-01-05,6830653
2016-01-06,6840668
2016-01-07,6864539
2016-01-08,6862118
2016-01-09,6884952
2016-01-10,6908046
2016-01-11,6915764
2016-01-12,6936933
2016-01-13,6939085
2016-01-14,6947432
2016-01-15,6959470
2016-01-16,6962699
2016-01-17,6988156
2016-01-18,6988025
2016-01-19,6991563
2016-01-20,6908020
2016-01-21,6909860
2016-01-22,6889516
2016-01-23,6904117
2016-01-24,6938843
2016-01-25,6942376
2016-01-26,6955163
2016-01-27,6961265
2016-01-28,6961913
2016-01-29,6931692
2016-01-30,6938101
2016-01-31,6954651
2016-02-01,6865489
2016-02-02,6769891
2016-02-03,6681549
2016-02-04,6713051
2016-02-05,6726755
2016-02-06,6764361
2016-02-07,6826022
2016-02-08,6845512
2016-02-09,6854232
2016-02-10,6868138
2016-02-11,6898771
2016-02-12,6936075
2016-02-13,6968131
2016-02-14,6998000
2016-02-15,7021585
2016-02-16,7049513
2016-02-17,7078999
2016-02-18,7116595
2016-02-19,7119601
2016-02-20,7146703
2016-02-21,7171530
2016-02-22,7227478
2016-02-23,7240333
2016-02-24,7255946
2016-02-25,7254201
2016-02-26,7268828
2016-02-27,7280220
2016-02-28,7349128
2016-02-29,7387624
2016-03-01,7426849
2016-03-02,7436662
2016-03-03,7443069
2016-03-04,7390059
2016-03-05,7374331
2016-03-06,7384486
2016-03-07,7394336
2016-03-08,7405840
2016-03-09,7328335
2016-03-10,7353688
2016-03-11,7376938
2016-03-12,7401268
2016-03-13,7419247
2016-03-14,7436091
2016-03-15,7457824
2016-03-16,7481006
2016-03-17,7501867
2016-03-18,7524115
2016-03-19,7556920
2016-03-20,7583326
2016-03-21,7591485
2016-03-22,7619438
2016-03-23,7648212
2016-03-24,7654896
2016-03-25,7678512
2016-03-26,7626207
2016-03-27,7628694
2016-03-28,7557522
2016-03-29,7378755
2016-03-30,7341347
2016-03-31,7354278
2016-04-01,7338289
2016-04-02,7311207
2016-04-03,7315813
2016-04-04,7331670
2016-04-05,7343507
2016-04-06,7366765
2016-04-07,7397960
2016-04-08,7425305
2016-04-09,7452063
2016-04-10,7506068
2016-04-11,7523725
2016-04-12,7546708
2016-04-13,7547079
2016-04-14,7556267
2016-04-15,7584259
2016-04-16,7599472
2016-04-17,7614938
2016-04-18,7633829
2016-04-19,7654761
2016-04-20,7658634
2016-04-21,7686359
2016-04-22,7699462
2016-04-23,7732485
2016-04-24,7751380
2016-04-25,7769373
2016-04-26,7790212
2016-04-27,7806105
2016-04-28,7823124
2016-04-29,7841059
2016-04-30,7859753
2016-05-01,7889048
2016-05-02,7902198
2016-05-03,7915678
2016-05-04,7916953
2016-05-05,7929036
2016-05-06,7945551
2016-05-07,7958864
2016-05-08,7977480
2016-05-09,8002233
2016-05-10,8022295
2016-05-11,8036881
2016-05-12,8056834
2016-05-13,8079821
2016-05-14,8092124
2016-05-15,8109859
2016-05-16,8151637
2016-05-17,8175481
2016-05-18,8196268
2016-05-19,8216726
2016-05-20,8230982
2016-05-21,8201132
2016-05-22,8187268
2016-05-23,8214703
2016-05-24,8225555
2016-05-25,8237122
2016-05-26,8258911
2016-05-27,8256662
2016-05-28,8261395
2016-05-29,8280971
2016-05-30,8266081
2016-05-31,8291255
2016-06-01,8313528
2016-06-02,8335283
2016-06-03,8358560
2016-06-04,8388151
2016-06-05,8411003
2016-06-06,8432002
2016-06-07,8471006
2016-06-08,8502780
2016-06-09,8535811
2016-06-10,8556467
2016-06-11,8580246
2016-06-12,8588866
2016-06-13,8592578
2016-06-14,8622314
2016-06-15,8633233
2016-06-16,8671104
2016-06-17,8678897
2016-06-18,8668474
2016-06-19,8679647
2016-06-20,8726525
2016-06-21,8734599
2016-06-22,8731755
2016-06-23,8757971
2016-06-24,8784408
2016-06-25,8778955
2016-06-26,8771818
2016-06-27,8785779
2016-06-28,8799358
2016-06-29,8820865
2016-06-30,8841827
2016-07-01,8837872
2016-07-02,8846482
2016-07-03,8881858
2016-07-04,8906900
2016-07-05,8913554
2016-07-06,8939220
2016-07-07,8956737
2016-07-08,8974787
2016-07-09,9007591
2016-07-10,9037648
2016-07-11,9056462
2016-07-12,9081280
2016-07-13,9114157
2016-07-14,9118078
2016-07-15,9143852
2016-07-16,9147380
2016-07-17,9149439
2016-07-18,9161687
2016-07-19,9178965
2016-07-20,9196280
2016-07-21,9219784
2016-07-22,9240554
2016-07-23,9237113
2016-07-24,9256610
2016-07-25,9269218
2016-07-26,9296056
2016-07-27,9307824
2016-07-28,9319050
2016-07-29,9323920
2016-07-30,9361317
2016-07-31,9325890
2016-08-01,9336364
2016-08-02,9346154
2016-08-03,9363335
2016-08-04,9376867
2016-08-05,9401731
2016-08-06,9431486
2016-08-07,9431097
2016-08-08,9439218
2016-08-09,9475807
2016-08-10,9488078
2016-08-11,9503108
2016-08-12,9521477
2016-08-13,9568720
2016-08-14,9600622
2016-08-15,9572646
2016-08-16,9591987
2016-08-17,9605810
2016-08-18,9607639
2016-08-19,9626229
2016-08-20,9666096
2016-08-21,9697139
2016-08-22,9705826
2016-08-23,9717988
2016-08-24,9746171
2016-08-25,9781581
2016-08-26,9805998
2016-08-27,9832918
2016-08-28,9844942
2016-08-29,9836288
2016-08-30,9849595
2016-08-31,9859623
2016-09-01,9874874
2016-09-02,9902728
2016-09-03,9918487
2016-09-04,9942607
2016-09-05,9957934
2016-09-06,9982639
2016-09-07,9990205
2016-09-08,10017080
2016-09-09,10029565
2016-09-10,10057964
2016-09-11,10104534
2016-09-12,10113932
2016-09-13,10115422
2016-09-14,10137171
2016-09-15,10168121
2016-09-16,10192438
2016-09-17,10211024
2016-09-18,10228175
2016-09-19,10251540
2016-09-20,10284674
2016-09-21,10315822
2016-09-22,10339638
2016-09-23,10372107
2016-09-24,10393125
2016-09-25,10426872
2016-09-26,10444270
2016-09-27,10458442
2016-09-28,10480970
2016-09-29,10507724
2016-09-30,10535872
2016-10-01,10563114
2016-10-02,10586624
2016-10-03,10600416
2016-10-04,10635388
2016-10-05,10661998
2016-10-06,10695149
2016-10-07,10734367
2016-10-08,10773095
2016-10-09,10808894
2016-10-10,10836790
2016-10-11,10846138
2016-10-12,10852885
2016-10-13,10832375
2016-10-14,10864222
2016-10-15,10885003
2016-10-16,10905907
2016-10-17,10923512
2016-10-18,10938727
2016-10-19,10952807
2016-10-20,10962523
2016-10-21,10988944
2016-10-22,10993101
2016-10-23,10980630
2016-10-24,10966403
2016-10-25,10956602
2016-10-26,10933979
2016-10-27,10948399
2016-10-28,10984293
2016-10-29,11019744
2016-10-30,11044598
2016-10-31,11076192
2016-11-01,11064139
2016-11-02,11097845
2016-11-03,11137611
2016-11-04,11180195
2016-11-05,11227355
2016-11-06,11266019
2016-11-07,11299742
2016-11-08,11333243
2016-11-09,11354579
2016-11-10,11392155
2016-11-11,11433879
2016-11-12,11472044
2016-11-13,11506832
2016-11-14,11536326
2016-11-15,11580191
2016-11-16,11617109
2016-11-17,11649880
2016-11-18,11696286
2016-11-19,11750692
2016-11-20,11787959
2016-11-21,11848502
2016-11-22,11907684
2016-11-23,11919733
2016-11-24,11941878
2016-11-25,11971317
2016-11-26,11982809
2016-11-27,12002625
2016-11-28,12016927
2016-11-29,12041448
2016-11-30,12089021
2016-12-01,12058576
2016-12-02,12130047
2016-12-03,12133280
2016-12-04,12092544
2016-12-05,12122014
2016-12-06,12169468
2016-12-07,12171015
2016-12-08,12193980
2016-12-09,12224379
2016-12-10,12247002
2016-12-11,12276270
2016-12-12,12307471
2016-12-13,12335326
2016-12-14,12392203
2016-12-15,12438781
2016-12-16,12474534
2016-12-17,12518819
2016-12-18,12522749
2016-12-19,12548098
2016-12-20,12583794
2016-12-21,12604748
2016-12-22,12630008
2016-12-23,12670737
2016-12-24,12686338
2016-12-25,12698896
2016-12-26,12717976
2016-12-27,12755216
2016-12-28,12793570
2016-12-29,12833287
2016-12-30,12859246
2016-12-31,12899561
2017-01-01,12920338
2017-01-02,12924541
2017-01-03,12970232
2017-01-04,13014419
2017-01-05,13041659
2017-01-06,13095478
2017-01-07,13125040
2017-01-08,13135621
2017-01-09,13177366
2017-01-10,13210192
2017-01-11,13241422
2017-01-12,13273133
2017-01-13,13328038
2017-01-14,13344439
2017-01-15,13359751
2017-01-16,13370281
2017-01-17,13396439
2017-01-18,13435649
2017-01-19,13448405
2017-01-20,13485281
2017-01-21,13500914
2017-01-22,13516310
2017-01-23,13489240
2017-01-24,13483850
2017-01-25,13487238
2017-01-26,13469180
2017-01-27,13448579
2017-01-28,13453900
2017-01-29,13434016
2017-01-30,13426811
2017-01-31,13469311
2017-02-01,13491009
2017-02-02,13486363
2017-02-03,13556519
2017-02-04,13580818
2017-02-05,13589853
2017-02-06,13567573
2017-02-07,13622250
2017-02-08,13660100
2017-02-09,13686576
2017-02-10,13715726
2017-02-11,13729370
2017-02-12,13731014
2017-02-13,13743822
2017-02-14,13789347
2017-02-15,13834615
2017-02-16,13824636
2017-02-17,13878358
2017-02-18,13887190
2017-02-19,13911380
2017-02-20,13929643
2017-02-21,13951822
2017-02-22,13991056
2017-02-23,14046324
2017-02-24,14084841
2017-02-25,14103145
2017-02-26,14073948
2017-02-27,14105193
2017-02-28,14151551
2017-03-01,14196837
2017-03-02,14232826
2017-03-03,14296923
2017-03-04,14333986
2017-03-05,14351919
2017-03-06,14401804
2017-03-07,14442650
2017-03-08,14462865
2017-03-09,14493576
2017-03-10,14504532
2017-03-11,14511343
2017-03-12,14494495
2017-03-13,14504258
2017-03-14,14517546
2017-03-15,14548456
2017-03-16,14606615
2017-03-17,14609668
2017-03-18,14612019
2017-03-19,14628515
2017-03-20,14674315
2017-03-21,14713190
2017-03-22,14721545
2017-03-23,14752364
2017-03-24,14756332
2017-03-25,14805715
2017-03-26,14845302
2017-03-27,14870065
2017-03-28,14887368
2017-03-29,14937963
2017-03-30,14941149
2017-03-31,14975814
2017-04-01,15008904
2017-04-02,15027177
2017-04-03,15050811
2017-04-04,15095138
2017-04-05,15126927
2017-04-06,15156811
2017-04-07,15159531
2017-04-08,15201482
2017-04-09,15202696
2017-04-10,15265210
2017-04-11,15296489
2017-04-12,15353612
2017-04-13,15362567
2017-04-14,15420162
2017-04-15,15448244
2017-04-16,15439665
2017-04-17,15483402
2017-04-18,15535701
2017-04-19,15590084
2017-04-20,15584553
2017-04-21,15619315
2017-04-22,15660634
2017-04-23,15684368
2017-04-24,15694364
2017-04-25,15752513
2017-04-26,15820444
2017-04-27,15853395
2017-04-28,15928349
2017-04-29,15960268
2017-04-30,15951726
2017-05-01,15991289
2017-05-02,16037664
2017-05-03,16103406
2017-05-04,16174820
2017-05-05,16226208
2017-05-06,16288909
2017-05-07,16291860
2017-05-08,16342139
2017-05-09,16397813
2017-05-10,16454258
2017-05-11,16527174
2017-05-12,16596345
2017-05-13,16648885
2017-05-14,16713805
2017-05-15,16752314
2017-05-16,16721742
2017-05-17,16753949
2017-05-18,16769687
2017-05-19,16800206
2017-05-20,16841486
2017-05-21,16899981
2017-05-22,16974012
2017-05-23,17040460
2017-05-24,17118921
2017-05-25,17198377
2017-05-26,17283447
2017-05-27,17306021
2017-05-28,17276564
2017-05-29,17336805
2017-05-30,17388529
2017-05-31,17437041
2017-06-01,17463912
2017-06-02,17483307
2017-06-03,17432793
2017-06-04,17445280
2017-06-05,17460642
2017-06-06,17521878
2017-06-07,17554448
2017-06-08,17570232
2017-06-09,17597893
2017-06-10,17620686
2017-06-11,17608629
2017-06-12,17639959
2017-06-13,17720573
2017-06-14,17764529
2017-06-15,17768533
2017-06-16,17787501
2017-06-17,17789452
2017-06-18,17763748
2017-06-19,17768772
2017-06-20,17853510
2017-06-21,17920222
2017-06-22,17913381
2017-06-23,17911956
2017-06-24,17915418
2017-06-25,17912888
2017-06-26,17915323
2017-06-27,17984886
2017-06-28,17991216
2017-06-29,18017433
2017-06-30,18029262
2017-07-01,18008604
2017-07-02,17979894
2017-07-03,17991348
2017-07-04,18037529
2017-07-05,18060456
2017-07-06,18081201
2017-07-07,18140943
2017-07-08,18133376
2017-07-09,18148309
2017-07-10,18190051
2017-07-11,18213082
2017-07-12,18193362
2017-07-13,18215353
2017-07-14,18242308
2017-07-15,18229890
2017-07-16,18202717
2017-07-17,18185670
2017-07-18,18164810
2017-07-19,18165278
2017-07-20,18178177
2017-07-21,18182783
2017-07-22,18146252
2017-07-23,18124474
2017-07-24,18118169
2017-07-25,18149555
2017-07-26,18138346
2017-07-27,18085693
2017-07-28,18086910
2017-07-29,18036984
2017-07-30,18025260
2017-07-31,18011689
2017-08-01,18002770
2017-08-02,17994670
2017-08-03,18004278
2017-08-04,18008264
2017-08-05,18006904
2017-08-06,18041644
2017-08-07,18081274
2017-08-08,18110058
2017-08-09,18145714
2017-08-10,18173377
2017-08-11,18226366
2017-08-12,18266336
2017-08-13,18274168
2017-08-14,18346331
2017-08-15,18432440
2017-08-16,18499164
2017-08-17,18501930
2017-08-18,18567198
2017-08-19,18587749
2017-08-20,18592201
2017-08-21,18662405
2017-08-22,18735399
2017-08-23,18756574
2017-08-24,18801758
2017-08-25,18898396
2017-08-26,18951918
2017-08-27,18917969
2017-08-28,18963527
2017-08-29,18977519
2017-08-30,18958270
2017-08-31,18969636
2017-09-01,19009462
2017-09-02,19059829
2017-09-03,19066520
2017-09-04,19083959
2017-09-05,19119874
2017-09-06,19145277
2017-09-07,19107093
2017-09-08,19116208
2017-09-09,19118707
2017-09-10,19128940
2017-09-11,19142389
2017-09-12,19180381
2017-09-13,19211469
2017-09-14,19215257
2017-09-15,19261945
2017-09-16,19285659
2017-09-17,19309332
2017-09-18,19334468
2017-09-19,19334597
2017-09-20,19383623
2017-09-21,19411217
2017-09-22,19468959
2017-09-23,19494055
2017-09-24,19502646
2017-09-25,19542235
2017-09-26,19561011
2017-09-27,19616913
2017-09-28,19640764
2017-09-29,19692120
2017-09-30,19717513
2017-10-01,19716016
2017-10-02,19742764
2017-10-03,19771351
2017-10-04,19820960
2017-10-05,19868870
2017-10-06,19891703
2017-10-07,19937448
2017-10-08,19931834
2017-10-09,19946484
2017-10-10,19967938
2017-10-11,20030567
2017-10-12,20077602
2017-10-13,20196587
2017-10-14,20240554
2017-10-15,20232654
2017-10-16,20284756
2017-10-17,20347363
2017-10-18,20438837
2017-10-19,20487579
2017-10-20,20554933
2017-10-21,20606629
2017-10-22,20595406
2017-10-23,20632775
2017-10-24,20681948
2017-10-25,20666812
2017-10-26,20725150
2017-10-27,20843445
2017-10-28,20927306
2017-10-29,20970056
2017-10-30,21051851
2017-10-31,21096233
2017-11-01,21181708
2017-11-02,21279260
2017-11-03,21429404
2017-11-04,21484466
2017-11-05,21481415
2017-11-06,21536760
2017-11-07,21609163
2017-11-08,21674475
2017-11-09,21759727
2017-11-10,21857407
2017-11-11,21941918
2017-11-12,22027922
2017-11-13,22119371
2017-11-14,22179066
2017-11-15,22237453
2017-11-16,22289032
2017-11-17,22278461
2017-11-18,22304143
2017-11-19,22243136
2017-11-20,22279836
2017-11-21,22347539
2017-11-22,22411718
2017-11-23,22494250
2017-11-24,22552472
2017-11-25,22586069
2017-11-26,22655262
2017-11-27,22760291
2017-11-28,22893135
2017-11-29,23045187
2017-11-30,23170843
2017-12-01,23281442
2017-12-02,23307310
2017-12-03,23384291
2017-12-04,23493878
2017-12-05,23635781
2017-12-06,23814280
2017-12-07,24029760
2017-12-08,24242890
2017-12-09,24361147
2017-12-10,24401292
2017-12-11,24546678
2017-12-12,24733958
2017-12-13,24870367
2017-12-14,25119322
2017-12-15,25276874
2017-12-16,25306988
2017-12-17,25398251
2017-12-18,25520066
2017-12-19,25773873
2017-12-20,25995294
2017-12-21,26225863
2017-12-22,26392749
2017-12-23,26490262
2017-12-24,26448519
2017-12-25,26409546
2017-12-26,26397247
2017-12-27,26458320
2017-12-28,26515575
2017-12-29,26613537
2017-12-30,26750106
2017-12-31,26730957
2018-01-01,26641786
2018-01-02,26716131
2018-01-03,26940707
2018-01-04,27221649
2018-01-05,27450920
2018-01-06,27561284
2018-01-07,27736017
2018-01-08,27871257
2018-01-09,28058091
2018-01-10,28198768
2018-01-11,28171067
2018-01-12,28120613
2018-01-13,28117584
2018-01-14,28029753
2018-01-15,28040231
2018-01-16,28078310
2018-01-17,28091833
2018-01-18,28094937
2018-01-19,27919418
2018-01-20,27787347
2018-01-21,27576040
2018-01-22,27451053
2018-01-23,27346684
2018-01-24,27251208
2018-01-25,27193735
2018-01-26,27130415
2018-01-27,27112089
2018-01-28,27077194
2018-01-29,27066879
2018-01-30,27004179
2018-01-31,27018667
2018-02-01,27026398
2018-02-02,26955617
2018-02-03,26886977
2018-02-04,26753036
2018-02-05,26562089
2018-02-06,26426352
2018-02-07,26340551
2018-02-08,26217915
2018-02-09,26145417
2018-02-10,26044328
2018-02-11,25833650
2018-02-12,25608677
2018-02-13,25420789
2018-02-14,25182247
2018-02-15,25092408
2018-02-16,24971951
2018-02-17,24834875
2018-02-18,24696649
2018-02-19,24508868
2018-02-20,24469940
2018-02-21,24459480
2018-02-22,24485912
2018-02-23,24417091
2018-02-24,24230974
2018-02-25,24229656
2018-02-26,24202675
2018-02-27,24217742
2018-02-28,24116388
2018-03-01,24050048
2018-03-02,24041634
2018-03-03,23744932
2018-03-04,23509374
2018-03-05,23322089
2018-03-06,23139901
2018-03-07,22895808
2018-03-08,22603766
2018-03-09,22401896
2018-03-10,22108438
2018-03-11,21728816
2018-03-12,21486151
2018-03-13,21314271
2018-03-14,21331629
2018-03-15,21353836
2018-03-16,21394002
2018-03-17,21429334
2018-03-18,21449138
2018-03-19,21458588
2018-03-20,21489424
2018-03-21,21515209
2018-03-22,21519617
2018-03-23,21491983
2018-03-24,21458376
2018-03-25,21462585
2018-03-26,21450912
2018-03-27,21415708
2018-03-28,21419189
2018-03-29,21445724
2018-03-30,21491984
2018-03-31,21474087
2018-04-01,21492321
2018-04-02,21522570
2018-04-03,21526112
2018-04-04,21547452
2018-04-05,21567832
2018-04-06,21589165
2018-04-07,21560904
2018-04-08,21595563
2018-04-09,21586794
2018-04-10,21603154
2018-04-11,21613415
2018-04-12,21612596
2018-04-13,21658152
2018-04-14,21689380
2018-04-15,21667086
2018-04-16,21538874
2018-04-17,21559779
2018-04-18,21596035
2018-04-19,21644669
2018-04-20,21698800
2018-04-21,21676578
2018-04-22,21721392
2018-04-23,21765160
2018-04-24,21771842
2018-04-25,21760423
2018-04-26,21771226
2018-04-27,21806670
2018-04-28,21839626
2018-04-29,21874438
2018-04-30,21894995
2018-05-01,21966784
2018-05-02,21930450
2018-05-03,21967748
2018-05-04,21994581
2018-05-05,22003726
2018-05-06,22016615
2018-05-07,21987681
2018-05-08,21996773
2018-05-09,22025910
2018-05-10,22052768
2018-05-11,21997694
2018-05-12,22001963
2018-05-13,22015282
2018-05-14,22023526
2018-05-15,22036151
2018-05-16,22056280
2018-05-17,22019404
2018-05-18,21994002
2018-05-19,22003500
2018-05-20,22045282
2018-05-21,22034080
2018-05-22,22054058
2018-05-23,22064783
2018-05-24,22107488
2018-05-25,22121802
2018-05-26,22152586
2018-05-27,22182423
2018-05-28,22152584
2018-05-29,22155049
2018-05-30,22173066
2018-05-31,22169598
2018-06-01,22240110
2018-06-02,22253219
2018-06-03,22265867
2018-06-04,22221691
2018-06-05,22227944
2018-06-06,22236484
2018-06-07,22247102
2018-06-08,22269677
2018-06-09,22284518
2018-06-10,22287977
2018-06-11,22304377
2018-06-12,22295638
2018-06-13,22278315
2018-06-14,22295710
2018-06-15,22304686
2018-06-16,22340739
2018-06-17,22359145
2018-06-18,22366331
2018-06-19,22320706
2018-06-20,22330122
2018-06-21,22349347
2018-06-22,22355244
2018-06-23,22380608
2018-06-24,22397062
2018-06-25,22385427
2018-06-26,22399468
2018-06-27,22399137
2018-06-28,22390592
2018-06-29,22423925
2018-06-30,22404240
2018-07-01,22418470
2018-07-02,22412207
2018-07-03,22392892
2018-07-04,22413455
2018-07-05,22434886
2018-07-06,22513196
2018-07-07,22529366
2018-07-08,22534334
2018-07-09,22542629
2018-07-10,22515282
2018-07-11,22503309
2018-07-12,22108833
2018-07-13,21809472
2018-07-14,21514661
2018-07-15,21476016
2018-07-16,21481724
2018-07-17,21462664
2018-07-18,21432508
2018-07-19,21431280
2018-07-20,21446961
2018-07-21,21456317
2018-07-22,21495346
2018-07-23,21443490
2018-07-24,21483037
2018-07-25,21485890
2018-07-26,21519507
2018-07-27,21564623
2018-07-28,21549011
2018-07-29,21585116
2018-07-30,21593784
2018-07-31,21591873
2018-08-01,21607961
2018-08-02,21603014
2018-08-03,21633972
2018-08-04,21657175
2018-08-05,21670612
2018-08-06,21663102
2018-08-07,21651240
2018-08-08,21670636
2018-08-09,21660312
2018-08-10,21662860
2018-08-11,21657703
2018-08-12,21667300
2018-08-13,21668125
2018-08-14,21692214
2018-08-15,21720732
2018-08-16,21743415
2018-08-17,21755943
2018-08-18,21785357
2018-08-19,21796596
2018-08-20,21786534
2018-08-21,21803557
2018-08-22,21819622
2018-08-23,21850128
2018-08-24,21857534
2018-08-25,21860036
2018-08-26,21846445
2018-08-27,21803792
2018-08-28,21783802
2018-08-29,21793949
2018-08-30,21789164
2018-08-31,21804210
2018-09-01,21812984
2018-09-02,21844249
2018-09-03,21837377
2018-09-04,21842187
2018-09-05,21842551
2018-09-06,21838105
2018-09-07,21856598
2018-09-08,21861571
2018-09-09,21871568
2018-09-10,21867739
2018-09-11,21852743
2018-09-12,21863489
2018-09-13,21867424
2018-09-14,21882344
2018-09-15,21895003
2018-09-16,21922402
2018-09-17,21942347
2018-09-18,21940596
2018-09-19,21945985
2018-09-20,21964198
2018-09-21,21979879
2018-09-22,22002276
2018-09-23,22033616
2018-09-24,22052617
2018-09-25,22058943
2018-09-26,22064076
2018-09-27,22070996
2018-09-28,22100400
2018-09-29,22127450
2018-09-30,22154364
2018-10-01,22127623
2018-10-02,22100932
2018-10-03,22207721
2018-10-04,22266145
2018-10-05,22308773
2018-10-06,22322146
2018-10-07,22303166
2018-10-08,22299007
2018-10-09,22316990
2018-10-10,22353285
2018-10-11,22357906
2018-10-12,22342945
2018-10-13,22344136
2018-10-14,22353548
2018-10-15,22354599
2018-10-16,22349936
2018-10-17,22352810
2018-10-18,22365980
2018-10-19,22375076
2018-10-20,22385291
2018-10-21,22405326
2018-10-22,22412877
2018-10-23,22413932
2018-10-24,22434467
2018-10-25,22444895
2018-10-26,22437806
2018-10-27,22440459
2018-10-28,22456504
2018-10-29,22439792
2018-10-30,22440845
2018-10-31,22450322
2018-11-01,22457068
2018-11-02,22460542
2018-11-03,22452259
2018-11-04,22395316
2018-11-05,22421321
2018-11-06,22443695
2018-11-07,22453654
2018-11-08,22436415
2018-11-09,22460053
2018-11-10,22481057
2018-11-11,22487898
2018-11-12,22512298
2018-11-13,22544141
2018-11-14,22554153
2018-11-15,22552101
2018-11-16,22567606
2018-11-17,22574703
2018-11-18,22569879
2018-11-19,22551389
2018-11-20,22525877
2018-11-21,22542555
2018-11-22,22514044
2018-11-23,22514895
2018-11-24,22496006
2018-11-25,22495673
2018-11-26,22498260
2018-11-27,22489525
2018-11-28,22504634
2018-11-29,22519105
2018-11-30,22547444
2018-12-01,22538816
2018-12-02,22539673
2018-12-03,22559036
2018-12-04,22550397
2018-12-05,22555080
2018-12-06,22553856
2018-12-07,22557014
2018-12-08,22554748
2018-12-09,22549068
2018-12-10,22547514
2018-12-11,22521606
2018-12-12,22502385
2018-12-13,22469348
2018-12-14,22397931
2018-12-15,22353700
2018-12-16,22318810
2018-12-17,22266065
2018-12-18,22252841
2018-12-19,22219820
2018-12-20,22223284
2018-12-21,22230205
2018-12-22,22204598
2018-12-23,22198099
2018-12-24,22193710
2018-12-25,22200429
2018-12-26,22208911
2018-12-27,22189290
2018-12-28,22202253
2018-12-29,22216700
2018-12-30,22224560
2018-12-31,22207431
2019-01-01,22209252
2019-01-02,22188374
2019-01-03,22193427
2019-01-04,22211471
2019-01-05,22227054
2019-01-06,22246410
2019-01-07,22248122
2019-01-08,22261586
2019-01-09,22278102
2019-01-10,22288259
2019-01-11,22308350
2019-01-12,22332789
2019-01-13,22354068
2019-01-14,22386903
2019-01-15,22403048
2019-01-16,22420768
2019-01-17,22439690
2019-01-18,22473557
2019-01-19,22493638
2019-01-20,22494825
2019-01-21,22513878
2019-01-22,22526867
2019-01-23,22502916
2019-01-24,22508489
2019-01-25,22542887
2019-01-26,22563296
2019-01-27,22582038
2019-01-28,22592429
2019-01-29,22613040
2019-01-30,22630698
2019-01-31,22653302
2019-02-01,22660641
2019-02-02,22672727
2019-02-03,22684553
2019-02-04,22702004
2019-02-05,22756579
2019-02-06,22735147
2019-02-07,22747204
2019-02-08,22756692
2019-02-09,22766228
2019-02-10,22796189
2019-02-11,22747182
2019-02-12,22608626
2019-02-13,22593331
2019-02-14,22628197
2019-02-15,22651105
2019-02-16,22662839
2019-02-17,22681472
2019-02-18,22686190
2019-02-19,22716542
2019-02-20,22736768
2019-02-21,22770543
2019-02-22,22759976
2019-02-23,22797752
2019-02-24,22820912
2019-02-25,22831681
2019-02-26,22855425
2019-02-27,22873925
2019-02-28,22883339
2019-03-01,22908113
2019-03-02,22940780
2019-03-03,22957380
2019-03-04,22962297
2019-03-05,22983577
2019-03-06,22965995
2019-03-07,22988895
2019-03-08,23009731
2019-03-09,23053809
2019-03-10,23080614
2019-03-11,23102305
2019-03-12,23137524
2019-03-13,23126099
2019-03-14,23133186
2019-03-15,23168759
2019-03-16,23199200
2019-03-17,23237386
2019-03-18,23256651
2019-03-19,23272140
2019-03-20,23270409
2019-03-21,23293443
2019-03-22,23311761
2019-03-23,23345063
2019-03-24,23358344
2019-03-25,23371539
2019-03-26,23416734
2019-03-27,23440305
2019-03-28,23475135
2019-03-29,23508614
2019-03-30,23530330
2019-03-31,23540277
2019-04-01,23588612
2019-04-02,23641497
2019-04-03,23663040
2019-04-04,23705107
2019-04-05,23696229
2019-04-06,23678509
2019-04-07,23691479
2019-04-08,23729311
2019-04-09,23746666
2019-04-10,23789190
2019-04-11,23844486
2019-04-12,23861875
2019-04-13,23906213
2019-04-14,23907236
2019-04-15,23920981
2019-04-16,23920489
2019-04-17,23937802
2019-04-18,23974507
2019-04-19,24023970
2019-04-20,23975220
2019-04-21,23887622
2019-04-22,23936616
2019-04-23,23998277
2019-04-24,24001751
2019-04-25,24052914
2019-04-26,24094574
2019-04-27,24127674
2019-04-28,24159495
2019-04-29,24175134
2019-04-30,24174581
2019-05-01,24195478
2019-05-02,24205485
2019-05-03,24238270
2019-05-04,24278435
2019-05-05,24307768
2019-05-06,24331689
2019-05-07,24390533
2019-05-08,24426393
2019-05-09,24466279
2019-05-10,24560521
2019-05-11,24590255
2019-05-12,24536390
2019-05-13,24563388
2019-05-14,24622489
2019-05-15,24713125
2019-05-16,24798456
2019-05-17,24828208
2019-05-18,24792246
2019-05-19,24779876
2019-05-20,24818120
2019-05-21,24846355
2019-05-22,24863268
2019-05-23,24902726
2019-05-24,24915242
2019-05-25,24919192
2019-05-26,24925276
2019-05-27,24945439
2019-05-28,24951154
2019-05-29,25002025
2019-05-30,25041767
2019-05-31,25125974
2019-06-01,25077413
2019-06-02,25077066
2019-06-03,25125088
2019-06-04,25174161
2019-06-05,25167934
2019-06-06,25183252
2019-06-07,25169558
2019-06-08,25194472
2019-06-09,25231090
2019-06-10,25267406
2019-06-11,25287493
2019-06-12,25323059
2019-06-13,25347961
2019-06-14,25314412
2019-06-15,25304003
2019-06-16,25329815
2019-06-17,25409177
2019-06-18,25420064
2019-06-19,25431649
2019-06-20,25489415
2019-06-21,25547637
2019-06-22,25609137
2019-06-23,25561440
2019-06-24,25511254
2019-06-25,25566111
2019-06-26,25639217
2019-06-27,25748196
2019-06-28,25749405
2019-06-29,25702418
2019-06-30,25712220
2019-07-01,25754456
2019-07-02,25782049
2019-07-03,25784352
2019-07-04,25791745
2019-07-05,25823877
2019-07-06,25884303
2019-07-07,25901044
2019-07-08,25935967
2019-07-09,25979192
2019-07-10,26042170
2019-07-11,26090262
2019-07-12,26076489
2019-07-13,26080052
2019-07-14,26089354
2019-07-15,26132376
2019-07-16,26166432
2019-07-17,26209708
2019-07-18,26280079
2019-07-19,26312917
2019-07-20,26286496
2019-07-21,26302879
2019-07-22,26333076
2019-07-23,26353781
2019-07-24,26307464
2019-07-25,26309772
2019-07-26,26341154
2019-07-27,26369372
2019-07-28,26381458
2019-07-29,26374683
2019-07-30,26389237
2019-07-31,26394251
2019-08-01,26397905
2019-08-02,26406791
2019-08-03,26430894
2019-08-04,26435509
2019-08-05,26457129
2019-08-06,26460805
2019-08-07,26468988
2019-08-08,26427257
2019-08-09,26447462
2019-08-10,26460569
2019-08-11,26483898
2019-08-12,26496080
2019-08-13,26416890
2019-08-14,26407043
2019-08-15,26423300
2019-08-16,26458170
2019-08-17,26493340
2019-08-18,26525820
2019-08-19,26540823
2019-08-20,26555514
2019-08-21,26607913
2019-08-22,26623881
2019-08-23,26630112
2019-08-24,26549862
2019-08-25,26581947
2019-08-26,26590445
2019-08-27,26597659
2019-08-28,26608330
2019-08-29,26616540
2019-08-30,26623566
2019-08-31,26652645
2019-09-01,26670795
2019-09-02,26676533
2019-09-03,26704532
2019-09-04,26707874
2019-09-05,26727019
2019-09-06,26753680
2019-09-07,26784904
2019-09-08,26821466
2019-09-09,26792679
2019-09-10,26764821
2019-09-11,26735636
2019-09-12,26768253
2019-09-13,26765367
2019-09-14,26789560
2019-09-15,26815851
2019-09-16,26815358
2019-09-17,26813032
2019-09-18,26742227
2019-09-19,26774882
2019-09-20,26806607
2019-09-21,26834429
2019-09-22,26878649
2019-09-23,26907821
2019-09-24,26886370
2019-09-25,26863403
2019-09-26,26868048
2019-09-27,26894123
2019-09-28,26912384
2019-09-29,26946684
2019-09-30,26954498
2019-10-01,26968065
2019-10-02,26993198
2019-10-03,27014610
2019-10-04,27052394
2019-10-05,27080980
2019-10-06,27119623
2019-10-07,27121032
2019-10-08,27134706
2019-10-09,27165096
2019-10-10,27187106
2019-10-11,27212951
2019-10-12,27254022
2019-10-13,27299207
2019-10-14,27321144
2019-10-15,27347396
2019-10-16,27358418
2019-10-17,27347736
2019-10-18,27382206
2019-10-19,27431571
2019-10-20,27469158
2019-10-21,27493874
2019-10-22,27516431
2019-10-23,27525003
2019-10-24,27531431
2019-10-25,27535611
2019-10-26,27534096
2019-10-27,27565380
2019-10-28,27569364
2019-10-29,27582757
2019-10-30,27607990
2019-10-31,27614439
2019-11-01,27609940
2019-11-02,27642006
2019-11-03,27667594
2019-11-04,27696503
2019-11-05,27704150
2019-11-06,27652895
2019-11-07,27637437
2019-11-08,27664395
2019-11-09,27666006
2019-11-10,27691939
2019-11-11,27710482
2019-11-12,27740722
2019-11-13,27751167
2019-11-14,27746740
2019-11-15,27796663
2019-11-16,27822902
2019-11-17,27836570
2019-11-18,27869049
2019-11-19,27817806
2019-11-20,27851149
2019-11-21,27858981
2019-11-22,27885681
2019-11-23,27913236
2019-11-24,27968737
2019-11-25,28002612
2019-11-26,28018784
2019-11-27,27975061
2019-11-28,28009745
2019-11-29,28039193
2019-11-30,28057986
2019-12-01,28107406
2019-12-02,28135302
2019-12-03,28163592
2019-12-04,28193053
2019-12-05,28200033
2019-12-06,28188877
2019-12-07,28179012
2019-12-08,28197834
2019-12-09,28166066
2019-12-10,28119374
2019-12-11,28052393
2019-12-12,28064405
2019-12-13,28085729
2019-12-14,28107669
2019-12-15,28068728
2019-12-16,28034710
2019-12-17,27906393
2019-12-18,27933199
2019-12-19,27944889
2019-12-20,27986222
2019-12-21,28030964
2019-12-22,28049304
2019-12-23,28058260
2019-12-24,28075024
2019-12-25,28085559
2019-12-26,28100542
2019-12-27,28127533
2019-12-28,28170791
2019-12-29,28205218
2019-12-30,28218051
2019-12-31,28216304
2020-01-01,28240856
2020-01-02,28219161
2020-01-03,28219546
2020-01-04,28246801
2020-01-05,28286216
2020-01-06,28284180
2020-01-07,28301686
2020-01-08,28333889
2020-01-09,28319990
2020-01-10,28361736
2020-01-11,28418777
2020-01-12,28456961
2020-01-13,28473361
2020-01-14,28474777
2020-01-15,28504940
2020-01-16,28534105
2020-01-17,28552832
2020-01-18,28606538
2020-01-19,28633658
2020-01-20,28640723
2020-01-21,28637124
2020-01-22,28621888
2020-01-23,28606001
2020-01-24,28614361
2020-01-25,28602680
2020-01-26,28623875
2020-01-27,28622289
2020-01-28,28609080
2020-01-29,28626299
2020-01-30,28644769
2020-01-31,28655025
2020-02-01,28667534
2020-02-02,28642442
2020-02-03,28586443
2020-02-04,28597142
2020-02-05,28607304
2020-02-06,28634518
2020-02-07,28609247
2020-02-08,28627624
2020-02-09,28657804
2020-02-10,28700548
2020-02-11,28696420
2020-02-12,28728407
2020-02-13,28733920
2020-02-14,28781700
2020-02-15,28809802
2020-02-16,28823651
2020-02-17,28843665
2020-02-18,28850270
2020-02-19,28857986
2020-02-20,28864722
2020-02-21,28881068
2020-02-22,28934582
2020-02-23,28970186
2020-02-24,28983107
2020-02-25,29025377
2020-02-26,29054885
2020-02-27,29065360
2020-02-28,29095380
2020-02-29,29142091
2020-03-01,29175346
2020-03-02,29189957
2020-03-03,29180976
2020-03-04,29202005
2020-03-05,29235521
2020-03-06,29254496
2020-03-07,29303022
2020-03-08,29349471
2020-03-09,29367893
2020-03-10,29379152
2020-03-11,29407113
2020-03-12,29415802
2020-03-13,29447250
2020-03-14,29420297
2020-03-15,29381298
2020-03-16,29420540
2020-03-17,29438563
2020-03-18,29499465
2020-03-19,29551050
2020-03-20,29625228
2020-03-21,29641303
2020-03-22,29676616
2020-03-23,29721365
2020-03-24,29743162
2020-03-25,29825541
2020-03-26,29722627
2020-03-27,29635824
2020-03-28,29685172
2020-03-29,29725919
2020-03-30,29711023
2020-03-31,29670872
2020-04-01,29641552
2020-04-02,29648867
2020-04-03,29673695
2020-04-04,29702574
2020-04-05,29755721
2020-04-06,29777662
2020-04-07,29676825
2020-04-08,29688035
2020-04-09,29730005
2020-04-10,29763674
2020-04-11,29805025
2020-04-12,29829314
2020-04-13,29824976
2020-04-14,29819691
2020-04-15,29747079
2020-04-16,29777740
2020-04-17,29769883
2020-04-18,29702669
2020-04-19,29687804
2020-04-20,29708617
2020-04-21,29750473
2020-04-22,29838058
2020-04-23,29858180
2020-04-24,29900044
2020-04-25,29906794
2020-04-26,29941409
2020-04-27,29975782
2020-04-28,29960959
2020-04-29,30052183
2020-04-30,30131758
2020-05-01,30183065
2020-05-02,30058099
2020-05-03,29973531
2020-05-04,30019470
2020-05-05,30000239
2020-05-06,30001763
2020-05-07,30010323
2020-05-08,30054087
2020-05-09,30071290
2020-05-10,30032965
2020-05-11,29997062
2020-05-12,30031167
2020-05-13,30092139
2020-05-14,30112577
2020-05-15,30172962
2020-05-16,30157786
2020-05-17,30128322
2020-05-18,30065491
2020-05-19,30044089
2020-05-20,30064747
2020-05-21,30057447
2020-05-22,30114083
2020-05-23,30092952
2020-05-24,29979912
2020-05-25,29956666
2020-05-26,29969681
2020-05-27,29932344
2020-05-28,29965528
2020-05-29,29981737
2020-05-30,29895446
2020-05-31,29817337
2020-06-01,29828918
2020-06-02,29879819
2020-06-03,29878122
2020-06-04,29877316
2020-06-05,29880141
2020-06-06,29895323
2020-06-07,29915048
2020-06-08,29845350
2020-06-09,29831193
2020-06-10,29857830
2020-06-11,29826820
2020-06-12,29844712
2020-06-13,29815312
2020-06-14,29852735
2020-06-15,29891677
2020-06-16,29904348
2020-06-17,29956634
2020-06-18,29968084
2020-06-19,29991834
2020-06-20,30022597
2020-06-21,30006856
2020-06-22,30067257
2020-06-23,30051800
2020-06-24,30036525
2020-06-25,30074700
2020-06-26,30061199
2020-06-27,30075681
2020-06-28,30119837
2020-06-29,30090768
2020-06-30,30092396
2020-07-01,30101438
2020-07-02,30110543
2020-07-03,30119416
2020-07-04,30115031
2020-07-05,30081261
2020-07-06,30070410
2020-07-07,30124402
2020-07-08,30138971
2020-07-09,30128499
2020-07-10,30129302
2020-07-11,30107761
2020-07-12,30123965
2020-07-13,30167028
2020-07-14,30248829
2020-07-15,30287500
2020-07-16,30361712
2020-07-17,30454308
2020-07-18,30497165
2020-07-19,30435808
2020-07-20,30457790
2020-07-21,30530268
2020-07-22,30609150
2020-07-23,30660462
2020-07-24,30667354
2020-07-25,30616455
2020-07-26,30503004
2020-07-27,30530730
2020-07-28,30590889
2020-07-29,30628422
2020-07-30,30693835
2020-07-31,30714599
2020-08-01,30701341
2020-08-02,30649673
2020-08-03,30606174
2020-08-04,30652623
2020-08-05,30692983
2020-08-06,30688418
2020-08-07,30677172
2020-08-08,30634267
2020-08-09,30559575
2020-08-10,30612222
2020-08-11,30632020
2020-08-12,30627596
2020-08-13,30697670
2020-08-14,30716848
2020-08-15,30714291
2020-08-16,30651284
2020-08-17,30751830
2020-08-18,30846335
2020-08-19,30920284
2020-08-20,30970152
2020-08-21,30885230
2020-08-22,30894923
2020-08-23,30809720
2020-08-24,30876510
2020-08-25,30943121
2020-08-26,30953887
2020-08-27,31055883
2020-08-28,31032438
2020-08-29,30957764
2020-08-30,30940973
2020-08-31,31007665
2020-09-01,31114943
2020-09-02,31179314
2020-09-03,31246298
2020-09-04,31251109
2020-09-05,31282312
2020-09-06,31123319
2020-09-07,31009419
2020-09-08,31046954
2020-09-09,31096380
2020-09-10,31079651
2020-09-11,31120094
2020-09-12,31107034
2020-09-13,31109984
2020-09-14,31124150
2020-09-15,31221864
2020-09-16,31257276
2020-09-17,31209161
2020-09-18,31255251
2020-09-19,31270899
2020-09-20,31253016
2020-09-21,31280331
2020-09-22,31334598
2020-09-23,31407110
2020-09-24,31477604
2020-09-25,31414215
2020-09-26,31333306
2020-09-27,31340841
2020-09-28,31414046
2020-09-29,31513817
2020-09-30,31494071
2020-10-01,31580322
2020-10-02,31623554
2020-10-03,31557977
2020-10-04,31476205
2020-10-05,31491589
2020-10-06,31553910
2020-10-07,31598394
2020-10-08,31600037
2020-10-09,31638180
2020-10-10,31650820
2020-10-11,31663200
2020-10-12,31685193
2020-10-13,31696248
2020-10-14,31757961
2020-10-15,31797799
2020-10-16,31849948
2020-10-17,31871149
2020-10-18,31908804
2020-10-19,32002130
2020-10-20,32078149
2020-10-21,32121994
2020-10-22,32215262
2020-10-23,32296038
2020-10-24,32172434
2020-10-25,32138533
2020-10-26,32210715
2020-10-27,32320022
2020-10-28,32446516
2020-10-29,32563006
2020-10-30,32642515
2020-10-31,32704549
2020-11-01,32721339
2020-11-02,32784298
2020-11-03,32849437
2020-11-04,32725036
