t,entities_receiving_count
2010-01-01,2
2010-01-02,0
2010-01-03,0
2010-01-04,3
2010-01-05,0
2010-01-06,0
2010-01-07,0
2010-01-08,0
2010-01-09,0
2010-01-10,0
2010-01-11,0
2010-01-12,2
2010-01-13,4
2010-01-14,3
2010-01-15,1
2010-01-16,1
2010-01-17,0
2010-01-18,2
2010-01-19,0
2010-01-20,0
2010-01-21,2
2010-01-22,3
2010-01-23,1
2010-01-24,1
2010-01-25,3
2010-01-26,4
2010-01-27,1
2010-01-28,1
2010-01-29,2
2010-01-30,3
2010-01-31,2
2010-02-01,6
2010-02-02,1
2010-02-03,1
2010-02-04,3
2010-02-05,4
2010-02-06,3
2010-02-07,5
2010-02-08,6
2010-02-09,4
2010-02-10,3
2010-02-11,3
2010-02-12,4
2010-02-13,3
2010-02-14,4
2010-02-15,10
2010-02-16,7
2010-02-17,7
2010-02-18,5
2010-02-19,3
2010-02-20,2
2010-02-21,4
2010-02-22,5
2010-02-23,1
2010-02-24,5
2010-02-25,3
2010-02-26,4
2010-02-27,3
2010-02-28,2
2010-03-01,4
2010-03-02,5
2010-03-03,4
2010-03-04,2
2010-03-05,2
2010-03-06,5
2010-03-07,3
2010-03-08,6
2010-03-09,2
2010-03-10,7
2010-03-11,3
2010-03-12,2
2010-03-13,1
2010-03-14,2
2010-03-15,5
2010-03-16,3
2010-03-17,3
2010-03-18,5
2010-03-19,9
2010-03-20,10
2010-03-21,4
2010-03-22,5
2010-03-23,7
2010-03-24,7
2010-03-25,9
2010-03-26,7
2010-03-27,5
2010-03-28,2
2010-03-29,6
2010-03-30,3
2010-03-31,3
2010-04-01,5
2010-04-02,3
2010-04-03,5
2010-04-04,6
2010-04-05,18
2010-04-06,14
2010-04-07,8
2010-04-08,7
2010-04-09,24
2010-04-10,22
2010-04-11,27
2010-04-12,23
2010-04-13,14
2010-04-14,30
2010-04-15,30
2010-04-16,18
2010-04-17,11
2010-04-18,48
2010-04-19,23
2010-04-20,20
2010-04-21,18
2010-04-22,18
2010-04-23,22
2010-04-24,18
2010-04-25,16
2010-04-26,22
2010-04-27,20
2010-04-28,24
2010-04-29,21
2010-04-30,16
2010-05-01,16
2010-05-02,10
2010-05-03,13
2010-05-04,18
2010-05-05,11
2010-05-06,10
2010-05-07,11
2010-05-08,14
2010-05-09,13
2010-05-10,14
2010-05-11,11
2010-05-12,13
2010-05-13,18
2010-05-14,18
2010-05-15,10
2010-05-16,8
2010-05-17,17
2010-05-18,20
2010-05-19,28
2010-05-20,16
2010-05-21,22
2010-05-22,17
2010-05-23,32
2010-05-24,35
2010-05-25,28
2010-05-26,38
2010-05-27,37
2010-05-28,29
2010-05-29,28
2010-05-30,26
2010-05-31,28
2010-06-01,27
2010-06-02,27
2010-06-03,41
2010-06-04,29
2010-06-05,18
2010-06-06,32
2010-06-07,28
2010-06-08,43
2010-06-09,37
2010-06-10,40
2010-06-11,44
2010-06-12,35
2010-06-13,38
2010-06-14,44
2010-06-15,58
2010-06-16,37
2010-06-17,46
2010-06-18,26
2010-06-19,43
2010-06-20,35
2010-06-21,43
2010-06-22,44
2010-06-23,44
2010-06-24,45
2010-06-25,43
2010-06-26,30
2010-06-27,32
2010-06-28,44
2010-06-29,42
2010-06-30,42
2010-07-01,42
2010-07-02,33
2010-07-03,37
2010-07-04,29
2010-07-05,36
2010-07-06,26
2010-07-07,44
2010-07-08,48
2010-07-09,50
2010-07-10,32
2010-07-11,154
2010-07-12,1107
2010-07-13,477
2010-07-14,527
2010-07-15,441
2010-07-16,446
2010-07-17,164
2010-07-18,201
2010-07-19,282
2010-07-20,184
2010-07-21,172
2010-07-22,158
2010-07-23,173
2010-07-24,137
2010-07-25,135
2010-07-26,171
2010-07-27,185
2010-07-28,153
2010-07-29,140
2010-07-30,119
2010-07-31,89
2010-08-01,124
2010-08-02,119
2010-08-03,137
2010-08-04,121
2010-08-05,115
2010-08-06,128
2010-08-07,89
2010-08-08,94
2010-08-09,159
2010-08-10,124
2010-08-11,139
2010-08-12,136
2010-08-13,118
2010-08-14,96
2010-08-15,58
2010-08-16,172
2010-08-17,110
2010-08-18,144
2010-08-19,112
2010-08-20,118
2010-08-21,106
2010-08-22,96
2010-08-23,118
2010-08-24,118
2010-08-25,95
2010-08-26,100
2010-08-27,93
2010-08-28,93
2010-08-29,82
2010-08-30,117
2010-08-31,159
2010-09-01,130
2010-09-02,105
2010-09-03,115
2010-09-04,81
2010-09-05,103
2010-09-06,110
2010-09-07,78
2010-09-08,102
2010-09-09,118
2010-09-10,95
2010-09-11,84
2010-09-12,129
2010-09-13,142
2010-09-14,127
2010-09-15,123
2010-09-16,96
2010-09-17,90
2010-09-18,86
2010-09-19,117
2010-09-20,141
2010-09-21,144
2010-09-22,168
2010-09-23,203
2010-09-24,135
2010-09-25,85
2010-09-26,79
2010-09-27,116
2010-09-28,98
2010-09-29,120
2010-09-30,143
2010-10-01,114
2010-10-02,138
2010-10-03,143
2010-10-04,134
2010-10-05,151
2010-10-06,129
2010-10-07,116
2010-10-08,129
2010-10-09,125
2010-10-10,144
2010-10-11,121
2010-10-12,103
2010-10-13,123
2010-10-14,99
2010-10-15,107
2010-10-16,95
2010-10-17,100
2010-10-18,136
2010-10-19,166
2010-10-20,141
2010-10-21,140
2010-10-22,151
2010-10-23,96
2010-10-24,102
2010-10-25,94
2010-10-26,137
2010-10-27,158
2010-10-28,125
2010-10-29,115
2010-10-30,79
2010-10-31,94
2010-11-01,112
2010-11-02,91
2010-11-03,100
2010-11-04,112
2010-11-05,132
2010-11-06,127
2010-11-07,139
2010-11-08,168
2010-11-09,139
2010-11-10,132
2010-11-11,133
2010-11-12,97
2010-11-13,109
2010-11-14,135
2010-11-15,176
2010-11-16,178
2010-11-17,126
2010-11-18,115
2010-11-19,147
2010-11-20,185
2010-11-21,191
2010-11-22,155
2010-11-23,169
2010-11-24,241
2010-11-25,253
2010-11-26,225
2010-11-27,208
2010-11-28,182
2010-11-29,207
2010-11-30,203
2010-12-01,279
2010-12-02,202
2010-12-03,187
2010-12-04,185
2010-12-05,171
2010-12-06,193
2010-12-07,283
2010-12-08,247
2010-12-09,208
2010-12-10,209
2010-12-11,322
2010-12-12,407
2010-12-13,419
2010-12-14,325
2010-12-15,288
2010-12-16,272
2010-12-17,224
2010-12-18,242
2010-12-19,280
2010-12-20,280
2010-12-21,275
2010-12-22,298
2010-12-23,257
2010-12-24,236
2010-12-25,248
2010-12-26,260
2010-12-27,254
2010-12-28,317
2010-12-29,294
2010-12-30,318
2010-12-31,287
2011-01-01,315
2011-01-02,284
2011-01-03,310
2011-01-04,298
2011-01-05,339
2011-01-06,331
2011-01-07,346
2011-01-08,406
2011-01-09,419
2011-01-10,436
2011-01-11,445
2011-01-12,500
2011-01-13,480
2011-01-14,541
2011-01-15,551
2011-01-16,521
2011-01-17,501
2011-01-18,496
2011-01-19,540
2011-01-20,507
2011-01-21,698
2011-01-22,665
2011-01-23,633
2011-01-24,717
2011-01-25,510
2011-01-26,600
2011-01-27,518
2011-01-28,680
2011-01-29,753
2011-01-30,623
2011-01-31,790
2011-02-01,702
2011-02-02,566
2011-02-03,523
2011-02-04,595
2011-02-05,603
2011-02-06,554
2011-02-07,636
2011-02-08,567
2011-02-09,872
2011-02-10,1445
2011-02-11,1671
2011-02-12,1398
2011-02-13,1363
2011-02-14,1359
2011-02-15,1237
2011-02-16,1105
2011-02-17,1437
2011-02-18,1445
2011-02-19,1166
2011-02-20,1325
2011-02-21,1376
2011-02-22,1421
2011-02-23,1122
2011-02-24,1080
2011-02-25,1036
2011-02-26,1115
2011-02-27,1154
2011-02-28,1118
2011-03-01,1865
2011-03-02,1362
2011-03-03,1462
2011-03-04,1229
2011-03-05,1245
2011-03-06,1172
2011-03-07,1189
2011-03-08,1184
2011-03-09,1127
2011-03-10,1027
2011-03-11,1155
2011-03-12,1074
2011-03-13,1083
2011-03-14,979
2011-03-15,1004
2011-03-16,1099
2011-03-17,1206
2011-03-18,1224
2011-03-19,1229
2011-03-20,1169
2011-03-21,1792
2011-03-22,1588
2011-03-23,2419
2011-03-24,1733
2011-03-25,1510
2011-03-26,1509
2011-03-27,1405
2011-03-28,1541
2011-03-29,1426
2011-03-30,1359
2011-03-31,1447
2011-04-01,1297
2011-04-02,1150
2011-04-03,1368
2011-04-04,1634
2011-04-05,1637
2011-04-06,1530
2011-04-07,1297
2011-04-08,1487
2011-04-09,1498
2011-04-10,1367
2011-04-11,1561
2011-04-12,1568
2011-04-13,1470
2011-04-14,1350
2011-04-15,1470
2011-04-16,1387
2011-04-17,1479
2011-04-18,1747
2011-04-19,1804
2011-04-20,1663
2011-04-21,1630
2011-04-22,1624
2011-04-23,1695
2011-04-24,1679
2011-04-25,1961
2011-04-26,1910
2011-04-27,2038
2011-04-28,2227
2011-04-29,2234
2011-04-30,2594
2011-05-01,2517
2011-05-02,2166
2011-05-03,2251
2011-05-04,2377
2011-05-05,2470
2011-05-06,2551
2011-05-07,2293
2011-05-08,2389
2011-05-09,2796
2011-05-10,2734
2011-05-11,2728
2011-05-12,2887
2011-05-13,3662
2011-05-14,3322
2011-05-15,3040
2011-05-16,5506
2011-05-17,4536
2011-05-18,5178
2011-05-19,5589
2011-05-20,4777
2011-05-21,3637
2011-05-22,3891
2011-05-23,4387
2011-05-24,5217
2011-05-25,6090
2011-05-26,5246
2011-05-27,4104
2011-05-28,4784
2011-05-29,4356
2011-05-30,5362
2011-05-31,5730
2011-06-01,5142
2011-06-02,5643
2011-06-03,6419
2011-06-04,7535
2011-06-05,6727
2011-06-06,7863
2011-06-07,6878
2011-06-08,9376
2011-06-09,9350
2011-06-10,8765
2011-06-11,8612
2011-06-12,9639
2011-06-13,9485
2011-06-14,10420
2011-06-15,9767
2011-06-16,10389
2011-06-17,10252
2011-06-18,10377
2011-06-19,11123
2011-06-20,11083
2011-06-21,11257
2011-06-22,11692
2011-06-23,10552
2011-06-24,10426
2011-06-25,9263
2011-06-26,9417
2011-06-27,11723
2011-06-28,10793
2011-06-29,10641
2011-06-30,9851
2011-07-01,16024
2011-07-02,21463
2011-07-03,11240
2011-07-04,10537
2011-07-05,10617
2011-07-06,12154
2011-07-07,10591
2011-07-08,12421
2011-07-09,11673
2011-07-10,16937
2011-07-11,11553
2011-07-12,11570
2011-07-13,14326
2011-07-14,16859
2011-07-15,13212
2011-07-16,11655
2011-07-17,12844
2011-07-18,11930
2011-07-19,12232
2011-07-20,12614
2011-07-21,13611
2011-07-22,11772
2011-07-23,11586
2011-07-24,11953
2011-07-25,13448
2011-07-26,11313
2011-07-27,12346
2011-07-28,12846
2011-07-29,12057
2011-07-30,11230
2011-07-31,12979
2011-08-01,12223
2011-08-02,9497
2011-08-03,7263
2011-08-04,7808
2011-08-05,11151
2011-08-06,10917
2011-08-07,10538
2011-08-08,10817
2011-08-09,10972
2011-08-10,7992
2011-08-11,7416
2011-08-12,6718
2011-08-13,8427
2011-08-14,10237
2011-08-15,7126
2011-08-16,7511
2011-08-17,9063
2011-08-18,10069
2011-08-19,11277
2011-08-20,11351
2011-08-21,11870
2011-08-22,14113
2011-08-23,12059
2011-08-24,11237
2011-08-25,12185
2011-08-26,10099
2011-08-27,10467
2011-08-28,10685
2011-08-29,8360
2011-08-30,6919
2011-08-31,7025
2011-09-01,6411
2011-09-02,6316
2011-09-03,5718
2011-09-04,7113
2011-09-05,7843
2011-09-06,6668
2011-09-07,6209
2011-09-08,5749
2011-09-09,6454
2011-09-10,5585
2011-09-11,5639
2011-09-12,6154
2011-09-13,5760
2011-09-14,5749
2011-09-15,6117
2011-09-16,5711
2011-09-17,5354
2011-09-18,6050
2011-09-19,6027
2011-09-20,10325
2011-09-21,5895
2011-09-22,8609
2011-09-23,11397
2011-09-24,11276
2011-09-25,11432
2011-09-26,9825
2011-09-27,10088
2011-09-28,5623
2011-09-29,5324
2011-09-30,5259
2011-10-01,5121
2011-10-02,4932
2011-10-03,5255
2011-10-04,5511
2011-10-05,5569
2011-10-06,5470
2011-10-07,5498
2011-10-08,4878
2011-10-09,4766
2011-10-10,5191
2011-10-11,5410
2011-10-12,5150
2011-10-13,4551
2011-10-14,5113
2011-10-15,4928
2011-10-16,4719
2011-10-17,5523
2011-10-18,5047
2011-10-19,4845
2011-10-20,4630
2011-10-21,4919
2011-10-22,4919
2011-10-23,5227
2011-10-24,5372
2011-10-25,5420
2011-10-26,4980
2011-10-27,4596
2011-10-28,5015
2011-10-29,5358
2011-10-30,4949
2011-10-31,4765
2011-11-01,4913
2011-11-02,4919
2011-11-03,4902
2011-11-04,5977
2011-11-05,5179
2011-11-06,4964
2011-11-07,5142
2011-11-08,5279
2011-11-09,5614
2011-11-10,5690
2011-11-11,4840
2011-11-12,5161
2011-11-13,5256
2011-11-14,5292
2011-11-15,5803
2011-11-16,5494
2011-11-17,4868
2011-11-18,4803
2011-11-19,4532
2011-11-20,4683
2011-11-21,4589
2011-11-22,5012
2011-11-23,4888
2011-11-24,4685
2011-11-25,5213
2011-11-26,4624
2011-11-27,4956
2011-11-28,5117
2011-11-29,5765
2011-11-30,5723
2011-12-01,5978
2011-12-02,5472
2011-12-03,5172
2011-12-04,5228
2011-12-05,5666
2011-12-06,5768
2011-12-07,5287
2011-12-08,5286
2011-12-09,5063
2011-12-10,4891
2011-12-11,4891
2011-12-12,4813
2011-12-13,5584
2011-12-14,5220
2011-12-15,4272
2011-12-16,4375
2011-12-17,4407
2011-12-18,4282
2011-12-19,5159
2011-12-20,5236
2011-12-21,4955
2011-12-22,5172
2011-12-23,5076
2011-12-24,4305
2011-12-25,4925
2011-12-26,5014
2011-12-27,4623
2011-12-28,4476
2011-12-29,4717
2011-12-30,4496
2011-12-31,4391
2012-01-01,4625
2012-01-02,4839
2012-01-03,5001
2012-01-04,5139
2012-01-05,5910
2012-01-06,5732
2012-01-07,5250
2012-01-08,5589
2012-01-09,5446
2012-01-10,6040
2012-01-11,6138
2012-01-12,5618
2012-01-13,5810
2012-01-14,6099
2012-01-15,5216
2012-01-16,6070
2012-01-17,5857
2012-01-18,6028
2012-01-19,6133
2012-01-20,5657
2012-01-21,5740
2012-01-22,5037
2012-01-23,5780
2012-01-24,5900
2012-01-25,6517
2012-01-26,5840
2012-01-27,5859
2012-01-28,5592
2012-01-29,5472
2012-01-30,5653
2012-01-31,6072
2012-02-01,6082
2012-02-02,6317
2012-02-03,5968
2012-02-04,6013
2012-02-05,5580
2012-02-06,5361
2012-02-07,5537
2012-02-08,5760
2012-02-09,5605
2012-02-10,5571
2012-02-11,5209
2012-02-12,5350
2012-02-13,5585
2012-02-14,6070
2012-02-15,6361
2012-02-16,6635
2012-02-17,5406
2012-02-18,5898
2012-02-19,5629
2012-02-20,5681
2012-02-21,5908
2012-02-22,6243
2012-02-23,6521
2012-02-24,6253
2012-02-25,5607
2012-02-26,5354
2012-02-27,5684
2012-02-28,6058
2012-02-29,5969
2012-03-01,5556
2012-03-02,6320
2012-03-03,4938
2012-03-04,6055
2012-03-05,6257
2012-03-06,5802
2012-03-07,5631
2012-03-08,5849
2012-03-09,5904
2012-03-10,5137
2012-03-11,4911
2012-03-12,5440
2012-03-13,6173
2012-03-14,6062
2012-03-15,5736
2012-03-16,6051
2012-03-17,5979
2012-03-18,5478
2012-03-19,5643
2012-03-20,6070
2012-03-21,6249
2012-03-22,6196
2012-03-23,5458
2012-03-24,5385
2012-03-25,5293
2012-03-26,5872
2012-03-27,5879
2012-03-28,5939
2012-03-29,6100
2012-03-30,5617
2012-03-31,5406
2012-04-01,5014
2012-04-02,5697
2012-04-03,6214
2012-04-04,6019
2012-04-05,5929
2012-04-06,5909
2012-04-07,5465
2012-04-08,5328
2012-04-09,5796
2012-04-10,6206
2012-04-11,6551
2012-04-12,6427
2012-04-13,5724
2012-04-14,6106
2012-04-15,5691
2012-04-16,6516
2012-04-17,6256
2012-04-18,6482
2012-04-19,6063
2012-04-20,6662
2012-04-21,5808
2012-04-22,5468
2012-04-23,5949
2012-04-24,6187
2012-04-25,6235
2012-04-26,5937
2012-04-27,6213
2012-04-28,5736
2012-04-29,5741
2012-04-30,6029
2012-05-01,6532
2012-05-02,6586
2012-05-03,6350
2012-05-04,6953
2012-05-05,5908
2012-05-06,5828
2012-05-07,6825
2012-05-08,6520
2012-05-09,6603
2012-05-10,6141
2012-05-11,6539
2012-05-12,5791
2012-05-13,5749
2012-05-14,6907
2012-05-15,6571
2012-05-16,6400
2012-05-17,6523
2012-05-18,6407
2012-05-19,6184
2012-05-20,5993
2012-05-21,6705
2012-05-22,7057
2012-05-23,7338
2012-05-24,6744
2012-05-25,6587
2012-05-26,6287
2012-05-27,6028
2012-05-28,6933
2012-05-29,7803
2012-05-30,7308
2012-05-31,7572
2012-06-01,7297
2012-06-02,6191
2012-06-03,6645
2012-06-04,7169
2012-06-05,9228
2012-06-06,7310
2012-06-07,7934
2012-06-08,7313
2012-06-09,7238
2012-06-10,8067
2012-06-11,7278
2012-06-12,7417
2012-06-13,9284
2012-06-14,8947
2012-06-15,9121
2012-06-16,8345
2012-06-17,8040
2012-06-18,8363
2012-06-19,8282
2012-06-20,8672
2012-06-21,8175
2012-06-22,8238
2012-06-23,8320
2012-06-24,7605
2012-06-25,8571
2012-06-26,8897
2012-06-27,9029
2012-06-28,8704
2012-06-29,9154
2012-06-30,8833
2012-07-01,9364
2012-07-02,9248
2012-07-03,9493
2012-07-04,8382
2012-07-05,7504
2012-07-06,8935
2012-07-07,8070
2012-07-08,8860
2012-07-09,9053
2012-07-10,9776
2012-07-11,9142
2012-07-12,8922
2012-07-13,8879
2012-07-14,8374
2012-07-15,8655
2012-07-16,8834
2012-07-17,10308
2012-07-18,9256
2012-07-19,8833
2012-07-20,9384
2012-07-21,9301
2012-07-22,9961
2012-07-23,10888
2012-07-24,10174
2012-07-25,9224
2012-07-26,9694
2012-07-27,9411
2012-07-28,12025
2012-07-29,9203
2012-07-30,9065
2012-07-31,18156
2012-08-01,10672
2012-08-02,11535
2012-08-03,9807
2012-08-04,9401
2012-08-05,9455
2012-08-06,11335
2012-08-07,10856
2012-08-08,13419
2012-08-09,10565
2012-08-10,11002
2012-08-11,10241
2012-08-12,10746
2012-08-13,14344
2012-08-14,12082
2012-08-15,11984
2012-08-16,14678
2012-08-17,14214
2012-08-18,13627
2012-08-19,11915
2012-08-20,11061
2012-08-21,13379
2012-08-22,12326
2012-08-23,11913
2012-08-24,11748
2012-08-25,9519
2012-08-26,8811
2012-08-27,11134
2012-08-28,12245
2012-08-29,11236
2012-08-30,8907
2012-08-31,12741
2012-09-01,11740
2012-09-02,9452
2012-09-03,8907
2012-09-04,11309
2012-09-05,10578
2012-09-06,12184
2012-09-07,12557
2012-09-08,9468
2012-09-09,12406
2012-09-10,10505
2012-09-11,13630
2012-09-12,10692
2012-09-13,10011
2012-09-14,10953
2012-09-15,9677
2012-09-16,10381
2012-09-17,10454
2012-09-18,12381
2012-09-19,14835
2012-09-20,16358
2012-09-21,12580
2012-09-22,9326
2012-09-23,9526
2012-09-24,10109
2012-09-25,15369
2012-09-26,15275
2012-09-27,14440
2012-09-28,17613
2012-09-29,12581
2012-09-30,10276
2012-10-01,12542
2012-10-02,15497
2012-10-03,15723
2012-10-04,15473
2012-10-05,13687
2012-10-06,11564
2012-10-07,12824
2012-10-08,13681
2012-10-09,14673
2012-10-10,13880
2012-10-11,14258
2012-10-12,13039
2012-10-13,10812
2012-10-14,11735
2012-10-15,13158
2012-10-16,12449
2012-10-17,15850
2012-10-18,13609
2012-10-19,11716
2012-10-20,11495
2012-10-21,9533
2012-10-22,10832
2012-10-23,11502
2012-10-24,12272
2012-10-25,12116
2012-10-26,11910
2012-10-27,9787
2012-10-28,9649
2012-10-29,9695
2012-10-30,10913
2012-10-31,10813
2012-11-01,10724
2012-11-02,11045
2012-11-03,11988
2012-11-04,10016
2012-11-05,12045
2012-11-06,13595
2012-11-07,14988
2012-11-08,12700
2012-11-09,11497
2012-11-10,11015
2012-11-11,11181
2012-11-12,10335
2012-11-13,11422
2012-11-14,11503
2012-11-15,13271
2012-11-16,12724
2012-11-17,20557
2012-11-18,11906
2012-11-19,12011
2012-11-20,12465
2012-11-21,11905
2012-11-22,12456
2012-11-23,10369
2012-11-24,11025
2012-11-25,10581
2012-11-26,12757
2012-11-27,10575
2012-11-28,11658
2012-11-29,11451
2012-11-30,10936
2012-12-01,11165
2012-12-02,8129
2012-12-03,9323
2012-12-04,11755
2012-12-05,12621
2012-12-06,11813
2012-12-07,11556
2012-12-08,10891
2012-12-09,10122
2012-12-10,10068
2012-12-11,10386
2012-12-12,11446
2012-12-13,13000
2012-12-14,12629
2012-12-15,10721
2012-12-16,10998
2012-12-17,12169
2012-12-18,13329
2012-12-19,12418
2012-12-20,10950
2012-12-21,12428
2012-12-22,15412
2012-12-23,11002
2012-12-24,10579
2012-12-25,8929
2012-12-26,8879
2012-12-27,9583
2012-12-28,12110
2012-12-29,11059
2012-12-30,16489
2012-12-31,10335
2013-01-01,10379
2013-01-02,12245
2013-01-03,15405
2013-01-04,13948
2013-01-05,15701
2013-01-06,12940
2013-01-07,15286
2013-01-08,15528
2013-01-09,15435
2013-01-10,15784
2013-01-11,16536
2013-01-12,14228
2013-01-13,13946
2013-01-14,11364
2013-01-15,16906
2013-01-16,15434
2013-01-17,16290
2013-01-18,16118
2013-01-19,14572
2013-01-20,13339
2013-01-21,12859
2013-01-22,14248
2013-01-23,13616
2013-01-24,14551
2013-01-25,14206
2013-01-26,14653
2013-01-27,14882
2013-01-28,14853
2013-01-29,14526
2013-01-30,12801
2013-01-31,14027
2013-02-01,17882
2013-02-02,16158
2013-02-03,16451
2013-02-04,16875
2013-02-05,16918
2013-02-06,16883
2013-02-07,18206
2013-02-08,17895
2013-02-09,16960
2013-02-10,16175
2013-02-11,13351
2013-02-12,14326
2013-02-13,13785
2013-02-14,14725
2013-02-15,15145
2013-02-16,13733
2013-02-17,13835
2013-02-18,14790
2013-02-19,15613
2013-02-20,15787
2013-02-21,15676
2013-02-22,17666
2013-02-23,17551
2013-02-24,17941
2013-02-25,18564
2013-02-26,19205
2013-02-27,17605
2013-02-28,18924
2013-03-01,20978
2013-03-02,15253
2013-03-03,14411
2013-03-04,16537
2013-03-05,18264
2013-03-06,22052
2013-03-07,20540
2013-03-08,18187
2013-03-09,16674
2013-03-10,16381
2013-03-11,15392
2013-03-12,18070
2013-03-13,18419
2013-03-14,18125
2013-03-15,19376
2013-03-16,16996
2013-03-17,16282
2013-03-18,18119
2013-03-19,22201
2013-03-20,20868
2013-03-21,21032
2013-03-22,23569
2013-03-23,20342
2013-03-24,19927
2013-03-25,21395
2013-03-26,24668
2013-03-27,24350
2013-03-28,28024
2013-03-29,26341
2013-03-30,24353
2013-03-31,21132
2013-04-01,24401
2013-04-02,29735
2013-04-03,38518
2013-04-04,37436
2013-04-05,36365
2013-04-06,28695
2013-04-07,27539
2013-04-08,49404
2013-04-09,41238
2013-04-10,51345
2013-04-11,44960
2013-04-12,39347
2013-04-13,31772
2013-04-14,27875
2013-04-15,43406
2013-04-16,35234
2013-04-17,43142
2013-04-18,29226
2013-04-19,38459
2013-04-20,27674
2013-04-21,25874
2013-04-22,39101
2013-04-23,32761
2013-04-24,35366
2013-04-25,30531
2013-04-26,32102
2013-04-27,32437
2013-04-28,71863
2013-04-29,33001
2013-04-30,27942
2013-05-01,30420
2013-05-02,29272
2013-05-03,30630
2013-05-04,26956
2013-05-05,27061
2013-05-06,32269
2013-05-07,49172
2013-05-08,46440
2013-05-09,28188
2013-05-10,29146
2013-05-11,25029
2013-05-12,24051
2013-05-13,31239
2013-05-14,27760
2013-05-15,27720
2013-05-16,29257
2013-05-17,27790
2013-05-18,24686
2013-05-19,22072
2013-05-20,24532
2013-05-21,28980
2013-05-22,26606
2013-05-23,28137
2013-05-24,28477
2013-05-25,22161
2013-05-26,23146
2013-05-27,26645
2013-05-28,25653
2013-05-29,26907
2013-05-30,27548
2013-05-31,25985
2013-06-01,23770
2013-06-02,22273
2013-06-03,27282
2013-06-04,26905
2013-06-05,27750
2013-06-06,25612
2013-06-07,24499
2013-06-08,19996
2013-06-09,20356
2013-06-10,21077
2013-06-11,24482
2013-06-12,22593
2013-06-13,23741
2013-06-14,24296
2013-06-15,18183
2013-06-16,16191
2013-06-17,19163
2013-06-18,21164
2013-06-19,22795
2013-06-20,21518
2013-06-21,22451
2013-06-22,19295
2013-06-23,16332
2013-06-24,21871
2013-06-25,20073
2013-06-26,23398
2013-06-27,20450
2013-06-28,22350
2013-06-29,20015
2013-06-30,17234
2013-07-01,22294
2013-07-02,21738
2013-07-03,22063
2013-07-04,20116
2013-07-05,19472
2013-07-06,16713
2013-07-07,16474
2013-07-08,20042
2013-07-09,20544
2013-07-10,21239
2013-07-11,22832
2013-07-12,25289
2013-07-13,19815
2013-07-14,16249
2013-07-15,19984
2013-07-16,21564
2013-07-17,19667
2013-07-18,19617
2013-07-19,19299
2013-07-20,18363
2013-07-21,15647
2013-07-22,18656
2013-07-23,20711
2013-07-24,20543
2013-07-25,19713
2013-07-26,19358
2013-07-27,16191
2013-07-28,15751
2013-07-29,20015
2013-07-30,21709
2013-07-31,23468
2013-08-01,57197
2013-08-02,23600
2013-08-03,19139
2013-08-04,16814
2013-08-05,21732
2013-08-06,20414
2013-08-07,23467
2013-08-08,20610
2013-08-09,18566
2013-08-10,18083
2013-08-11,15893
2013-08-12,21080
2013-08-13,23520
2013-08-14,24205
2013-08-15,25014
2013-08-16,20787
2013-08-17,16495
2013-08-18,16564
2013-08-19,20807
2013-08-20,21463
2013-08-21,22930
2013-08-22,21984
2013-08-23,20763
2013-08-24,17812
2013-08-25,16299
2013-08-26,19270
2013-08-27,22743
2013-08-28,23150
2013-08-29,20159
2013-08-30,24657
2013-08-31,24343
2013-09-01,19073
2013-09-02,20259
2013-09-03,21725
2013-09-04,24320
2013-09-05,22845
2013-09-06,22628
2013-09-07,19649
2013-09-08,16942
2013-09-09,21306
2013-09-10,22005
2013-09-11,22843
2013-09-12,23435
2013-09-13,21593
2013-09-14,18843
2013-09-15,18280
2013-09-16,22316
2013-09-17,23296
2013-09-18,24067
2013-09-19,24221
2013-09-20,26273
2013-09-21,23340
2013-09-22,21471
2013-09-23,25719
2013-09-24,25524
2013-09-25,26512
2013-09-26,25770
2013-09-27,24452
2013-09-28,22483
2013-09-29,23297
2013-09-30,25809
2013-10-01,27438
2013-10-02,30063
2013-10-03,27743
2013-10-04,26501
2013-10-05,21398
2013-10-06,21195
2013-10-07,24717
2013-10-08,25511
2013-10-09,27042
2013-10-10,24498
2013-10-11,23932
2013-10-12,22338
2013-10-13,31110
2013-10-14,25406
2013-10-15,28233
2013-10-16,31425
2013-10-17,25830
2013-10-18,27277
2013-10-19,28485
2013-10-20,26627
2013-10-21,30555
2013-10-22,31770
2013-10-23,32791
2013-10-24,31715
2013-10-25,30268
2013-10-26,24227
2013-10-27,22203
2013-10-28,26987
2013-10-29,27725
2013-10-30,30698
2013-10-31,30824
2013-11-01,29688
2013-11-02,28226
2013-11-03,26861
2013-11-04,33491
2013-11-05,38330
2013-11-06,38976
2013-11-07,40919
2013-11-08,40811
2013-11-09,43584
2013-11-10,39593
2013-11-11,36632
2013-11-12,40369
2013-11-13,40771
2013-11-14,42811
2013-11-15,40626
2013-11-16,38118
2013-11-17,38549
2013-11-18,52294
2013-11-19,68667
2013-11-20,58368
2013-11-21,53438
2013-11-22,56673
2013-11-23,51849
2013-11-24,42790
2013-11-25,49465
2013-11-26,56931
2013-11-27,61070
2013-11-28,65099
2013-11-29,62100
2013-11-30,59630
2013-12-01,55370
2013-12-02,63346
2013-12-03,55971
2013-12-04,57846
2013-12-05,58005
2013-12-06,55757
2013-12-07,55185
2013-12-08,43575
2013-12-09,61239
2013-12-10,53377
2013-12-11,53854
2013-12-12,47908
2013-12-13,53998
2013-12-14,46670
2013-12-15,44244
2013-12-16,61959
2013-12-17,53698
2013-12-18,60296
2013-12-19,54037
2013-12-20,47989
2013-12-21,41007
2013-12-22,39676
2013-12-23,61138
2013-12-24,43633
2013-12-25,44075
2013-12-26,45976
2013-12-27,46082
2013-12-28,40108
2013-12-29,41458
2013-12-30,58716
2013-12-31,40582
2014-01-01,35780
2014-01-02,45344
2014-01-03,46457
2014-01-04,43410
2014-01-05,44189
2014-01-06,67686
2014-01-07,48662
2014-01-08,49896
2014-01-09,48034
2014-01-10,44390
2014-01-11,46950
2014-01-12,42030
2014-01-13,65380
2014-01-14,45144
2014-01-15,45854
2014-01-16,46348
2014-01-17,51430
2014-01-18,40541
2014-01-19,41068
2014-01-20,69955
2014-01-21,49755
2014-01-22,51267
2014-01-23,53170
2014-01-24,50073
2014-01-25,47359
2014-01-26,47380
2014-01-27,72995
2014-01-28,53827
2014-01-29,51126
2014-01-30,54393
2014-01-31,53493
2014-02-01,48920
2014-02-02,46270
2014-02-03,69415
2014-02-04,57440
2014-02-05,55817
2014-02-06,58145
2014-02-07,51639
2014-02-08,51853
2014-02-09,48069
2014-02-10,73419
2014-02-11,50918
2014-02-12,54367
2014-02-13,54612
2014-02-14,61133
2014-02-15,52178
2014-02-16,49116
2014-02-17,74445
2014-02-18,53549
2014-02-19,55535
2014-02-20,58228
2014-02-21,55681
2014-02-22,52651
2014-02-23,50860
2014-02-24,78826
2014-02-25,64470
2014-02-26,64424
2014-02-27,63972
2014-02-28,57195
2014-03-01,58841
2014-03-02,53515
2014-03-03,87324
2014-03-04,71986
2014-03-05,60482
2014-03-06,63841
2014-03-07,59066
2014-03-08,64158
2014-03-09,63094
2014-03-10,81294
2014-03-11,64867
2014-03-12,66080
2014-03-13,68161
2014-03-14,60832
2014-03-15,53915
2014-03-16,55076
2014-03-17,84432
2014-03-18,48058
2014-03-19,66137
2014-03-20,60156
2014-03-21,58259
2014-03-22,60242
2014-03-23,53892
2014-03-24,80458
2014-03-25,55306
2014-03-26,56686
2014-03-27,55515
2014-03-28,60255
2014-03-29,53960
2014-03-30,79102
2014-03-31,52957
2014-04-01,56461
2014-04-02,55583
2014-04-03,56697
2014-04-04,53194
2014-04-05,46871
2014-04-06,78687
2014-04-07,50432
2014-04-08,54608
2014-04-09,53641
2014-04-10,57431
2014-04-11,51766
2014-04-12,43110
2014-04-13,77569
2014-04-14,51999
2014-04-15,55056
2014-04-16,57140
2014-04-17,50315
2014-04-18,49162
2014-04-19,45312
2014-04-20,76433
2014-04-21,47751
2014-04-22,61014
2014-04-23,52474
2014-04-24,54032
2014-04-25,58427
2014-04-26,45129
2014-04-27,77185
2014-04-28,53830
2014-04-29,51310
2014-04-30,49525
2014-05-01,50031
2014-05-02,48796
2014-05-03,43834
2014-05-04,76338
2014-05-05,49954
2014-05-06,55972
2014-05-07,52734
2014-05-08,50540
2014-05-09,51526
2014-05-10,46644
2014-05-11,79946
2014-05-12,52419
2014-05-13,52471
2014-05-14,51699
2014-05-15,55594
2014-05-16,53444
2014-05-17,44882
2014-05-18,76276
2014-05-19,53203
2014-05-20,59044
2014-05-21,53700
2014-05-22,55056
2014-05-23,55829
2014-05-24,43643
2014-05-25,77411
2014-05-26,51404
2014-05-27,54379
2014-05-28,50696
2014-05-29,50624
2014-05-30,50325
2014-05-31,48613
2014-06-01,76221
2014-06-02,54458
2014-06-03,54432
2014-06-04,52844
2014-06-05,53553
2014-06-06,50867
2014-06-07,44760
2014-06-08,72570
2014-06-09,48296
2014-06-10,54362
2014-06-11,51693
2014-06-12,52154
2014-06-13,52210
2014-06-14,47989
2014-06-15,77462
2014-06-16,53029
2014-06-17,55746
2014-06-18,51292
2014-06-19,50271
2014-06-20,49939
2014-06-21,48482
2014-06-22,77075
2014-06-23,53964
2014-06-24,52499
2014-06-25,51092
2014-06-26,49680
2014-06-27,51897
2014-06-28,44256
2014-06-29,77809
2014-06-30,55539
2014-07-01,54615
2014-07-02,53604
2014-07-03,48859
2014-07-04,51694
2014-07-05,50578
2014-07-06,82640
2014-07-07,65687
2014-07-08,72257
2014-07-09,55408
2014-07-10,49271
2014-07-11,49906
2014-07-12,58731
2014-07-13,80323
2014-07-14,52029
2014-07-15,52421
2014-07-16,52318
2014-07-17,50986
2014-07-18,50930
2014-07-19,52422
2014-07-20,82859
2014-07-21,53292
2014-07-22,52179
2014-07-23,53887
2014-07-24,58343
2014-07-25,55746
2014-07-26,46143
2014-07-27,80326
2014-07-28,53430
2014-07-29,50266
2014-07-30,53436
2014-07-31,52335
2014-08-01,55265
2014-08-02,45668
2014-08-03,79017
2014-08-04,55220
2014-08-05,58950
2014-08-06,58867
2014-08-07,53783
2014-08-08,52264
2014-08-09,47441
2014-08-10,82363
2014-08-11,58183
2014-08-12,58276
2014-08-13,56772
2014-08-14,56602
2014-08-15,59890
2014-08-16,56110
2014-08-17,88621
2014-08-18,59393
2014-08-19,51877
2014-08-20,54323
2014-08-21,59876
2014-08-22,55759
2014-08-23,44859
2014-08-24,86672
2014-08-25,52998
2014-08-26,54114
2014-08-27,54467
2014-08-28,65169
2014-08-29,50065
2014-08-30,55761
2014-08-31,82628
2014-09-01,68649
2014-09-02,55237
2014-09-03,52192
2014-09-04,51902
2014-09-05,58979
2014-09-06,50322
2014-09-07,106977
2014-09-08,58354
2014-09-09,58621
2014-09-10,54582
2014-09-11,53778
2014-09-12,51505
2014-09-13,52246
2014-09-14,106978
2014-09-15,57852
2014-09-16,67781
2014-09-17,54069
2014-09-18,56974
2014-09-19,51811
2014-09-20,53834
2014-09-21,94456
2014-09-22,60845
2014-09-23,51372
2014-09-24,58331
2014-09-25,55359
2014-09-26,53486
2014-09-27,50628
2014-09-28,102102
2014-09-29,56391
2014-09-30,70116
2014-10-01,66755
2014-10-02,50730
2014-10-03,57021
2014-10-04,51169
2014-10-05,110816
2014-10-06,58778
2014-10-07,59674
2014-10-08,52426
2014-10-09,54909
2014-10-10,63512
2014-10-11,51691
2014-10-12,106531
2014-10-13,65111
2014-10-14,55017
2014-10-15,61334
2014-10-16,52341
2014-10-17,53234
2014-10-18,56221
2014-10-19,100698
2014-10-20,56469
2014-10-21,53576
2014-10-22,54967
2014-10-23,50217
2014-10-24,53400
2014-10-25,79127
2014-10-26,85919
2014-10-27,66229
2014-10-28,59121
2014-10-29,55858
2014-10-30,54163
2014-10-31,57485
2014-11-01,52248
2014-11-02,113692
2014-11-03,54735
2014-11-04,56891
2014-11-05,55789
2014-11-06,58260
2014-11-07,53415
2014-11-08,45482
2014-11-09,104700
2014-11-10,60453
2014-11-11,55260
2014-11-12,61245
2014-11-13,59112
2014-11-14,70618
2014-11-15,52186
2014-11-16,102410
2014-11-17,56813
2014-11-18,58115
2014-11-19,55765
2014-11-20,55864
2014-11-21,56969
2014-11-22,51803
2014-11-23,101271
2014-11-24,59470
2014-11-25,54575
2014-11-26,52615
2014-11-27,58232
2014-11-28,60511
2014-11-29,51519
2014-11-30,105608
2014-12-01,64057
2014-12-02,62877
2014-12-03,61070
2014-12-04,55889
2014-12-05,67450
2014-12-06,55724
2014-12-07,102364
2014-12-08,62464
2014-12-09,62302
2014-12-10,59911
2014-12-11,61432
2014-12-12,67613
2014-12-13,50700
2014-12-14,106112
2014-12-15,67805
2014-12-16,66561
2014-12-17,63954
2014-12-18,68814
2014-12-19,70266
2014-12-20,79814
2014-12-21,87806
2014-12-22,68824
2014-12-23,63109
2014-12-24,52181
2014-12-25,49627
2014-12-26,59507
2014-12-27,67757
2014-12-28,104957
2014-12-29,55616
2014-12-30,61772
2014-12-31,52060
2015-01-01,42348
2015-01-02,68351
2015-01-03,80424
2015-01-04,85636
2015-01-05,66401
2015-01-06,59157
2015-01-07,54909
2015-01-08,62564
2015-01-09,70947
2015-01-10,91055
2015-01-11,87638
2015-01-12,59639
2015-01-13,67297
2015-01-14,72562
2015-01-15,66978
2015-01-16,70000
2015-01-17,89445
2015-01-18,88870
2015-01-19,70131
2015-01-20,61356
2015-01-21,62244
2015-01-22,59946
2015-01-23,66752
2015-01-24,65118
2015-01-25,117755
2015-01-26,76822
2015-01-27,68656
2015-01-28,63065
2015-01-29,68055
2015-01-30,63963
2015-01-31,94227
2015-02-01,94354
2015-02-02,64479
2015-02-03,67051
2015-02-04,66269
2015-02-05,57450
2015-02-06,78338
2015-02-07,57217
2015-02-08,110822
2015-02-09,65299
2015-02-10,64557
2015-02-11,62917
2015-02-12,67812
2015-02-13,89272
2015-02-14,72640
2015-02-15,119953
2015-02-16,75715
2015-02-17,74792
2015-02-18,70159
2015-02-19,58876
2015-02-20,65643
2015-02-21,82451
2015-02-22,98389
2015-02-23,74024
2015-02-24,64247
2015-02-25,63465
2015-02-26,62926
2015-02-27,65787
2015-02-28,90349
2015-03-01,96906
2015-03-02,76406
2015-03-03,68224
2015-03-04,68360
2015-03-05,71961
2015-03-06,65186
2015-03-07,81401
2015-03-08,96179
2015-03-09,77935
2015-03-10,67246
2015-03-11,71099
2015-03-12,64335
2015-03-13,67714
2015-03-14,84296
2015-03-15,97069
2015-03-16,77389
2015-03-17,65081
2015-03-18,66236
2015-03-19,64125
2015-03-20,69568
2015-03-21,82439
2015-03-22,101086
2015-03-23,83618
2015-03-24,62317
2015-03-25,66057
2015-03-26,64902
2015-03-27,68262
2015-03-28,78767
2015-03-29,103259
2015-03-30,72866
2015-03-31,76359
2015-04-01,67926
2015-04-02,69380
2015-04-03,67206
2015-04-04,80339
2015-04-05,95634
2015-04-06,71912
2015-04-07,71001
2015-04-08,68854
2015-04-09,65632
2015-04-10,69804
2015-04-11,85128
2015-04-12,95896
2015-04-13,76387
2015-04-14,72662
2015-04-15,64440
2015-04-16,63381
2015-04-17,68901
2015-04-18,80182
2015-04-19,98984
2015-04-20,73115
2015-04-21,65658
2015-04-22,76364
2015-04-23,72625
2015-04-24,68117
2015-04-25,81216
2015-04-26,97707
2015-04-27,71897
2015-04-28,70631
2015-04-29,71829
2015-04-30,65869
2015-05-01,65580
2015-05-02,84634
2015-05-03,95862
2015-05-04,78165
2015-05-05,71532
2015-05-06,73139
2015-05-07,73303
2015-05-08,87440
2015-05-09,70228
2015-05-10,94712
2015-05-11,74901
2015-05-12,74207
2015-05-13,71255
2015-05-14,68225
2015-05-15,72929
2015-05-16,83845
2015-05-17,91859
2015-05-18,78534
2015-05-19,69927
2015-05-20,71360
2015-05-21,68858
2015-05-22,73471
2015-05-23,71778
2015-05-24,104485
2015-05-25,80718
2015-05-26,82915
2015-05-27,72854
2015-05-28,72090
2015-05-29,91529
2015-05-30,99442
2015-05-31,108404
2015-06-01,91117
2015-06-02,88267
2015-06-03,81655
2015-06-04,81379
2015-06-05,75494
2015-06-06,93289
2015-06-07,96629
2015-06-08,87012
2015-06-09,86471
2015-06-10,107358
2015-06-11,82398
2015-06-12,94183
2015-06-13,90786
2015-06-14,95683
2015-06-15,92134
2015-06-16,75936
2015-06-17,78685
2015-06-18,75802
2015-06-19,96019
2015-06-20,83644
2015-06-21,98442
2015-06-22,81897
2015-06-23,83266
2015-06-24,74030
2015-06-25,72240
2015-06-26,78472
2015-06-27,87196
2015-06-28,99078
2015-06-29,82409
2015-06-30,80367
2015-07-01,92301
2015-07-02,97837
2015-07-03,88849
2015-07-04,91099
2015-07-05,120891
2015-07-06,102744
2015-07-07,96383
2015-07-08,87807
2015-07-09,92398
2015-07-10,84540
2015-07-11,99443
2015-07-12,102742
2015-07-13,85588
2015-07-14,79417
2015-07-15,79861
2015-07-16,78680
2015-07-17,71292
2015-07-18,85706
2015-07-19,107152
2015-07-20,82118
2015-07-21,92515
2015-07-22,87022
2015-07-23,68972
2015-07-24,74979
2015-07-25,75026
2015-07-26,106084
2015-07-27,83041
2015-07-28,84550
2015-07-29,81797
2015-07-30,68548
2015-07-31,76927
2015-08-01,86554
2015-08-02,108437
2015-08-03,88465
2015-08-04,79466
2015-08-05,82533
2015-08-06,79454
2015-08-07,76517
2015-08-08,90959
2015-08-09,97560
2015-08-10,86226
2015-08-11,76794
2015-08-12,85305
2015-08-13,80705
2015-08-14,84417
2015-08-15,94445
2015-08-16,106149
2015-08-17,83855
2015-08-18,90111
2015-08-19,85402
2015-08-20,81778
2015-08-21,79983
2015-08-22,97729
2015-08-23,106661
2015-08-24,92387
2015-08-25,92455
2015-08-26,90373
2015-08-27,90241
2015-08-28,91707
2015-08-29,102005
2015-08-30,108784
2015-08-31,94835
2015-09-01,91992
2015-09-02,77734
2015-09-03,91765
2015-09-04,85103
2015-09-05,109669
2015-09-06,113614
2015-09-07,106843
2015-09-08,114125
2015-09-09,98246
2015-09-10,88893
2015-09-11,116478
2015-09-12,93829
2015-09-13,120592
2015-09-14,87337
2015-09-15,94824
2015-09-16,84416
2015-09-17,97316
2015-09-18,93589
2015-09-19,80237
2015-09-20,139943
2015-09-21,127216
2015-09-22,127137
2015-09-23,85568
2015-09-24,83469
2015-09-25,83733
2015-09-26,95880
2015-09-27,105325
2015-09-28,87005
2015-09-29,93067
2015-09-30,96066
2015-10-01,88451
2015-10-02,86771
2015-10-03,82234
2015-10-04,124545
2015-10-05,96367
2015-10-06,101409
2015-10-07,89508
2015-10-08,88168
2015-10-09,90809
2015-10-10,113793
2015-10-11,110905
2015-10-12,92778
2015-10-13,96491
2015-10-14,83506
2015-10-15,95883
2015-10-16,96578
2015-10-17,115812
2015-10-18,113463
2015-10-19,100751
2015-10-20,112699
2015-10-21,100532
2015-10-22,100210
2015-10-23,101345
2015-10-24,119844
2015-10-25,117481
2015-10-26,96546
2015-10-27,118041
2015-10-28,112105
2015-10-29,112915
2015-10-30,117589
2015-10-31,127303
2015-11-01,126175
2015-11-02,111124
2015-11-03,132310
2015-11-04,136552
2015-11-05,132631
2015-11-06,128645
2015-11-07,108428
2015-11-08,136005
2015-11-09,115700
2015-11-10,110973
2015-11-11,105705
2015-11-12,104430
2015-11-13,103286
2015-11-14,118308
2015-11-15,128028
2015-11-16,105705
2015-11-17,106127
2015-11-18,111307
2015-11-19,104676
2015-11-20,102929
2015-11-21,114472
2015-11-22,123308
2015-11-23,97529
2015-11-24,110572
2015-11-25,99423
2015-11-26,102907
2015-11-27,105116
2015-11-28,125826
2015-11-29,90261
2015-11-30,147332
2015-12-01,114389
2015-12-02,114528
2015-12-03,98305
2015-12-04,114948
2015-12-05,136816
2015-12-06,136398
2015-12-07,113192
2015-12-08,123597
2015-12-09,119036
2015-12-10,112850
2015-12-11,115425
2015-12-12,140191
2015-12-13,143000
2015-12-14,127427
2015-12-15,130302
2015-12-16,123667
2015-12-17,116909
2015-12-18,116542
2015-12-19,141812
2015-12-20,140458
2015-12-21,129443
2015-12-22,132849
2015-12-23,116373
2015-12-24,110860
2015-12-25,95707
2015-12-26,122752
2015-12-27,129528
2015-12-28,111382
2015-12-29,110729
2015-12-30,111218
2015-12-31,97840
2016-01-01,89918
2016-01-02,113818
2016-01-03,131040
2016-01-04,115423
2016-01-05,124687
2016-01-06,102143
2016-01-07,125560
2016-01-08,112272
2016-01-09,134415
2016-01-10,137555
2016-01-11,122899
2016-01-12,133616
2016-01-13,112923
2016-01-14,113213
2016-01-15,118571
2016-01-16,141481
2016-01-17,161036
2016-01-18,128965
2016-01-19,116905
2016-01-20,144503
2016-01-21,135539
2016-01-22,124885
2016-01-23,131006
2016-01-24,141205
2016-01-25,131027
2016-01-26,142556
2016-01-27,133139
2016-01-28,135747
2016-01-29,132180
2016-01-30,131122
2016-01-31,149796
2016-02-01,137824
2016-02-02,164394
2016-02-03,118249
2016-02-04,125695
2016-02-05,128890
2016-02-06,134265
2016-02-07,153273
2016-02-08,124179
2016-02-09,131770
2016-02-10,136079
2016-02-11,131997
2016-02-12,130038
2016-02-13,130670
2016-02-14,149448
2016-02-15,134446
2016-02-16,129585
2016-02-17,138107
2016-02-18,136390
2016-02-19,133737
2016-02-20,134400
2016-02-21,160601
2016-02-22,148487
2016-02-23,144580
2016-02-24,127525
2016-02-25,141967
2016-02-26,129737
2016-02-27,130667
2016-02-28,129473
2016-02-29,156203
2016-03-01,163841
2016-03-02,146716
2016-03-03,158941
2016-03-04,121528
2016-03-05,124954
2016-03-06,117572
2016-03-07,107071
2016-03-08,117007
2016-03-09,104335
2016-03-10,111305
2016-03-11,109739
2016-03-12,103151
2016-03-13,125851
2016-03-14,121080
2016-03-15,118860
2016-03-16,107552
2016-03-17,120569
2016-03-18,109749
2016-03-19,111824
2016-03-20,119893
2016-03-21,114690
2016-03-22,121881
2016-03-23,111806
2016-03-24,109207
2016-03-25,105627
2016-03-26,108911
2016-03-27,112221
2016-03-28,116848
2016-03-29,124370
2016-03-30,113071
2016-03-31,111543
2016-04-01,120756
2016-04-02,115133
2016-04-03,126194
2016-04-04,132327
2016-04-05,124709
2016-04-06,128207
2016-04-07,123125
2016-04-08,121354
2016-04-09,120649
2016-04-10,127422
2016-04-11,129221
2016-04-12,133143
2016-04-13,124298
2016-04-14,119050
2016-04-15,119210
2016-04-16,110337
2016-04-17,131669
2016-04-18,132019
2016-04-19,131354
2016-04-20,122919
2016-04-21,128143
2016-04-22,117633
2016-04-23,122064
2016-04-24,130532
2016-04-25,133006
2016-04-26,141322
2016-04-27,124600
2016-04-28,125316
2016-04-29,129828
2016-04-30,113029
2016-05-01,128075
2016-05-02,131570
2016-05-03,131979
2016-05-04,134365
2016-05-05,125923
2016-05-06,128585
2016-05-07,119740
2016-05-08,125565
2016-05-09,138886
2016-05-10,142696
2016-05-11,133232
2016-05-12,130509
2016-05-13,125706
2016-05-14,128989
2016-05-15,129369
2016-05-16,153227
2016-05-17,135650
2016-05-18,139851
2016-05-19,131017
2016-05-20,126575
2016-05-21,127206
2016-05-22,127013
2016-05-23,143138
2016-05-24,145009
2016-05-25,134428
2016-05-26,128478
2016-05-27,135092
2016-05-28,131141
2016-05-29,127124
2016-05-30,145844
2016-05-31,138623
2016-06-01,145828
2016-06-02,137275
2016-06-03,143058
2016-06-04,136664
2016-06-05,135410
2016-06-06,149333
2016-06-07,149176
2016-06-08,136883
2016-06-09,143554
2016-06-10,132623
2016-06-11,123663
2016-06-12,147875
2016-06-13,155572
2016-06-14,138564
2016-06-15,149789
2016-06-16,162109
2016-06-17,153084
2016-06-18,140040
2016-06-19,138345
2016-06-20,157821
2016-06-21,161773
2016-06-22,136708
2016-06-23,149354
2016-06-24,146262
2016-06-25,137613
2016-06-26,137554
2016-06-27,134511
2016-06-28,141883
2016-06-29,124987
2016-06-30,130431
2016-07-01,123274
2016-07-02,118604
2016-07-03,122425
2016-07-04,134816
2016-07-05,132732
2016-07-06,128125
2016-07-07,122784
2016-07-08,127123
2016-07-09,121057
2016-07-10,116355
2016-07-11,134280
2016-07-12,130013
2016-07-13,125078
2016-07-14,123437
2016-07-15,119984
2016-07-16,114196
2016-07-17,112869
2016-07-18,131918
2016-07-19,125070
2016-07-20,125433
2016-07-21,121361
2016-07-22,122352
2016-07-23,113656
2016-07-24,117248
2016-07-25,132261
2016-07-26,135914
2016-07-27,126676
2016-07-28,128796
2016-07-29,120964
2016-07-30,121627
2016-07-31,114791
2016-08-01,133122
2016-08-02,139609
2016-08-03,136850
2016-08-04,127731
2016-08-05,125776
2016-08-06,114730
2016-08-07,118577
2016-08-08,141285
2016-08-09,135374
2016-08-10,138278
2016-08-11,137128
2016-08-12,131087
2016-08-13,122177
2016-08-14,121664
2016-08-15,121876
2016-08-16,148532
2016-08-17,139761
2016-08-18,132860
2016-08-19,134668
2016-08-20,133591
2016-08-21,124752
2016-08-22,139795
2016-08-23,140811
2016-08-24,136237
2016-08-25,135602
2016-08-26,128679
2016-08-27,119351
2016-08-28,108974
2016-08-29,123741
2016-08-30,146508
2016-08-31,137231
2016-09-01,127840
2016-09-02,132123
2016-09-03,116915
2016-09-04,119250
2016-09-05,137819
2016-09-06,141430
2016-09-07,133769
2016-09-08,134168
2016-09-09,126378
2016-09-10,119083
2016-09-11,122194
2016-09-12,135298
2016-09-13,134960
2016-09-14,130832
2016-09-15,133607
2016-09-16,120233
2016-09-17,134051
2016-09-18,124366
2016-09-19,138982
2016-09-20,144861
2016-09-21,139303
2016-09-22,134688
2016-09-23,131500
2016-09-24,122279
2016-09-25,127517
2016-09-26,141326
2016-09-27,145088
2016-09-28,142949
2016-09-29,149023
2016-09-30,146453
2016-10-01,131066
2016-10-02,125676
2016-10-03,169437
2016-10-04,162173
2016-10-05,161262
2016-10-06,163290
2016-10-07,153489
2016-10-08,143899
2016-10-09,131850
2016-10-10,137319
2016-10-11,161463
2016-10-12,140151
2016-10-13,138880
2016-10-14,147259
2016-10-15,133551
2016-10-16,132822
2016-10-17,145877
2016-10-18,157553
2016-10-19,118798
2016-10-20,168184
2016-10-21,148227
2016-10-22,131575
2016-10-23,132181
2016-10-24,140153
2016-10-25,149364
2016-10-26,140935
2016-10-27,194142
2016-10-28,159656
2016-10-29,152802
2016-10-30,129478
2016-10-31,160099
2016-11-01,157680
2016-11-02,164305
2016-11-03,170585
2016-11-04,158362
2016-11-05,159352
2016-11-06,148208
2016-11-07,180953
2016-11-08,182633
2016-11-09,172816
2016-11-10,171378
2016-11-11,157658
2016-11-12,153938
2016-11-13,150812
2016-11-14,177818
2016-11-15,178193
2016-11-16,177603
2016-11-17,178699
2016-11-18,176330
2016-11-19,165696
2016-11-20,163500
2016-11-21,181828
2016-11-22,173476
2016-11-23,171140
2016-11-24,207517
2016-11-25,193567
2016-11-26,183285
2016-11-27,156195
2016-11-28,194601
2016-11-29,188299
2016-11-30,189079
2016-12-01,146221
2016-12-02,227357
2016-12-03,192191
2016-12-04,161970
2016-12-05,191719
2016-12-06,216947
2016-12-07,201798
2016-12-08,179600
2016-12-09,172940
2016-12-10,168636
2016-12-11,155424
2016-12-12,183763
2016-12-13,187440
2016-12-14,185288
2016-12-15,176279
2016-12-16,180891
2016-12-17,167974
2016-12-18,143580
2016-12-19,184813
2016-12-20,186989
2016-12-21,191227
2016-12-22,186246
2016-12-23,187405
2016-12-24,151746
2016-12-25,128962
2016-12-26,155923
2016-12-27,178548
2016-12-28,181570
2016-12-29,181427
2016-12-30,170814
2016-12-31,157898
2017-01-01,132092
2017-01-02,183083
2017-01-03,182376
2017-01-04,196840
2017-01-05,176195
2017-01-06,201869
2017-01-07,182095
2017-01-08,159736
2017-01-09,170973
2017-01-10,202946
2017-01-11,178835
2017-01-12,176325
2017-01-13,167630
2017-01-14,164664
2017-01-15,151903
2017-01-16,171887
2017-01-17,185861
2017-01-18,182513
2017-01-19,184081
2017-01-20,185100
2017-01-21,171569
2017-01-22,151297
2017-01-23,152376
2017-01-24,180323
2017-01-25,185411
2017-01-26,183768
2017-01-27,155750
2017-01-28,163177
2017-01-29,152996
2017-01-30,157323
2017-01-31,190007
2017-02-01,214859
2017-02-02,151333
2017-02-03,195589
2017-02-04,169264
2017-02-05,180635
2017-02-06,152345
2017-02-07,206446
2017-02-08,184534
2017-02-09,202145
2017-02-10,177477
2017-02-11,166071
2017-02-12,148726
2017-02-13,177658
2017-02-14,186521
2017-02-15,175255
2017-02-16,166601
2017-02-17,200432
2017-02-18,178079
2017-02-19,157020
2017-02-20,175874
2017-02-21,171662
2017-02-22,175761
2017-02-23,191354
2017-02-24,211317
2017-02-25,200058
2017-02-26,159013
2017-02-27,179491
2017-02-28,194846
2017-03-01,189987
2017-03-02,201811
2017-03-03,208917
2017-03-04,168657
2017-03-05,190179
2017-03-06,186809
2017-03-07,198959
2017-03-08,182968
2017-03-09,194082
2017-03-10,189132
2017-03-11,178993
2017-03-12,146489
2017-03-13,176320
2017-03-14,190153
2017-03-15,179649
2017-03-16,187071
2017-03-17,167617
2017-03-18,165151
2017-03-19,170853
2017-03-20,171504
2017-03-21,176474
2017-03-22,181878
2017-03-23,173504
2017-03-24,170532
2017-03-25,162293
2017-03-26,157474
2017-03-27,152670
2017-03-28,185357
2017-03-29,183719
2017-03-30,169170
2017-03-31,158635
2017-04-01,164357
2017-04-02,169426
2017-04-03,194371
2017-04-04,167479
2017-04-05,194165
2017-04-06,178763
2017-04-07,171620
2017-04-08,152381
2017-04-09,161540
2017-04-10,183881
2017-04-11,183195
2017-04-12,171399
2017-04-13,138819
2017-04-14,185368
2017-04-15,166746
2017-04-16,136639
2017-04-17,153908
2017-04-18,182928
2017-04-19,186205
2017-04-20,158197
2017-04-21,198075
2017-04-22,174947
2017-04-23,160675
2017-04-24,149574
2017-04-25,192882
2017-04-26,203040
2017-04-27,179567
2017-04-28,197175
2017-04-29,204250
2017-04-30,175617
2017-05-01,177790
2017-05-02,194242
2017-05-03,181118
2017-05-04,216466
2017-05-05,161056
2017-05-06,227666
2017-05-07,186553
2017-05-08,223553
2017-05-09,201428
2017-05-10,182387
2017-05-11,190015
2017-05-12,191556
2017-05-13,201556
2017-05-14,238077
2017-05-15,207074
2017-05-16,141462
2017-05-17,176606
2017-05-18,178425
2017-05-19,199691
2017-05-20,217528
2017-05-21,215206
2017-05-22,209535
2017-05-23,232041
2017-05-24,219436
2017-05-25,219231
2017-05-26,222913
2017-05-27,223834
2017-05-28,203818
2017-05-29,198766
2017-05-30,199814
2017-05-31,201976
2017-06-01,195726
2017-06-02,168300
2017-06-03,189246
2017-06-04,175922
2017-06-05,178558
2017-06-06,197967
2017-06-07,211513
2017-06-08,205318
2017-06-09,181419
2017-06-10,166045
2017-06-11,152937
2017-06-12,166147
2017-06-13,189446
2017-06-14,174909
2017-06-15,184064
2017-06-16,171257
2017-06-17,151119
2017-06-18,138947
2017-06-19,159208
2017-06-20,183657
2017-06-21,195542
2017-06-22,162670
2017-06-23,153825
2017-06-24,141886
2017-06-25,112466
2017-06-26,156233
2017-06-27,176510
2017-06-28,168603
2017-06-29,141464
2017-06-30,165886
2017-07-01,130390
2017-07-02,122979
2017-07-03,148804
2017-07-04,177414
2017-07-05,153328
2017-07-06,143914
2017-07-07,185508
2017-07-08,143131
2017-07-09,130372
2017-07-10,209159
2017-07-11,180264
2017-07-12,164362
2017-07-13,155703
2017-07-14,150599
2017-07-15,142746
2017-07-16,127278
2017-07-17,151537
2017-07-18,178849
2017-07-19,167891
2017-07-20,147026
2017-07-21,175211
2017-07-22,133745
2017-07-23,111197
2017-07-24,144791
2017-07-25,164676
2017-07-26,151817
2017-07-27,151866
2017-07-28,161038
2017-07-29,144209
2017-07-30,128973
2017-07-31,187708
2017-08-01,119709
2017-08-02,142012
2017-08-03,153431
2017-08-04,161977
2017-08-05,154114
2017-08-06,136667
2017-08-07,164958
2017-08-08,193072
2017-08-09,178257
2017-08-10,178379
2017-08-11,178197
2017-08-12,178076
2017-08-13,165352
2017-08-14,174497
2017-08-15,212957
2017-08-16,177172
2017-08-17,197880
2017-08-18,182407
2017-08-19,173931
2017-08-20,151144
2017-08-21,161400
2017-08-22,139696
2017-08-23,201648
2017-08-24,133209
2017-08-25,155346
2017-08-26,148172
2017-08-27,166146
2017-08-28,166372
2017-08-29,189183
2017-08-30,181016
2017-08-31,187275
2017-09-01,188902
2017-09-02,176028
2017-09-03,141458
2017-09-04,169781
2017-09-05,193207
2017-09-06,190188
2017-09-07,168612
2017-09-08,196108
2017-09-09,147968
2017-09-10,136576
2017-09-11,179408
2017-09-12,177262
2017-09-13,176443
2017-09-14,176011
2017-09-15,205523
2017-09-16,160880
2017-09-17,142288
2017-09-18,159572
2017-09-19,198750
2017-09-20,163437
2017-09-21,172781
2017-09-22,171532
2017-09-23,141114
2017-09-24,123349
2017-09-25,166540
2017-09-26,181338
2017-09-27,176398
2017-09-28,179602
2017-09-29,186868
2017-09-30,151997
2017-10-01,136200
2017-10-02,190884
2017-10-03,195070
2017-10-04,161106
2017-10-05,183558
2017-10-06,199798
2017-10-07,177611
2017-10-08,159461
2017-10-09,188025
2017-10-10,203967
2017-10-11,201098
2017-10-12,189081
2017-10-13,214987
2017-10-14,200765
2017-10-15,197436
2017-10-16,216825
2017-10-17,228023
2017-10-18,226418
2017-10-19,232360
2017-10-20,208289
2017-10-21,195361
2017-10-22,182423
2017-10-23,215626
2017-10-24,238308
2017-10-25,213437
2017-10-26,181670
2017-10-27,176590
2017-10-28,143184
2017-10-29,222711
2017-10-30,219319
2017-10-31,199770
2017-11-01,246929
2017-11-02,244821
2017-11-03,238769
2017-11-04,204660
2017-11-05,194971
2017-11-06,217371
2017-11-07,251959
2017-11-08,218071
2017-11-09,240558
2017-11-10,204194
2017-11-11,150759
2017-11-12,155415
2017-11-13,228373
2017-11-14,198151
2017-11-15,232316
2017-11-16,221207
2017-11-17,227799
2017-11-18,200670
2017-11-19,195600
2017-11-20,232827
2017-11-21,242627
2017-11-22,210426
2017-11-23,235393
2017-11-24,218780
2017-11-25,219377
2017-11-26,228346
2017-11-27,270512
2017-11-28,273310
2017-11-29,297083
2017-11-30,292724
2017-12-01,291418
2017-12-02,230821
2017-12-03,249395
2017-12-04,276470
2017-12-05,274243
2017-12-06,285282
2017-12-07,285279
2017-12-08,310226
2017-12-09,301574
2017-12-10,258880
2017-12-11,294898
2017-12-12,273643
2017-12-13,289648
2017-12-14,286317
2017-12-15,276434
2017-12-16,240356
2017-12-17,259158
2017-12-18,263168
2017-12-19,244261
2017-12-20,229741
2017-12-21,215941
2017-12-22,228746
2017-12-23,200361
2017-12-24,187179
2017-12-25,161073
2017-12-26,171962
2017-12-27,195744
2017-12-28,196066
2017-12-29,190429
2017-12-30,179646
2017-12-31,176653
2018-01-01,151778
2018-01-02,189869
2018-01-03,189748
2018-01-04,195010
2018-01-05,181881
2018-01-06,213939
2018-01-07,214096
2018-01-08,211239
2018-01-09,209801
2018-01-10,202285
2018-01-11,196266
2018-01-12,188228
2018-01-13,161164
2018-01-14,158629
2018-01-15,170998
2018-01-16,187430
2018-01-17,185691
2018-01-18,175647
2018-01-19,150421
2018-01-20,161893
2018-01-21,152211
2018-01-22,156472
2018-01-23,156241
2018-01-24,160222
2018-01-25,147259
2018-01-26,135979
2018-01-27,222996
2018-01-28,137083
2018-01-29,157069
2018-01-30,149626
2018-01-31,138612
2018-02-01,176967
2018-02-02,148126
2018-02-03,129600
2018-02-04,119047
2018-02-05,146278
2018-02-06,180900
2018-02-07,144612
2018-02-08,133217
2018-02-09,145611
2018-02-10,128529
2018-02-11,110248
2018-02-12,137331
2018-02-13,129214
2018-02-14,138826
2018-02-15,153050
2018-02-16,135377
2018-02-17,128005
2018-02-18,120452
2018-02-19,143875
2018-02-20,146217
2018-02-21,142174
2018-02-22,165727
2018-02-23,126610
2018-02-24,111861
2018-02-25,109507
2018-02-26,136081
2018-02-27,152385
2018-02-28,158466
2018-03-01,159501
2018-03-02,171160
2018-03-03,133430
2018-03-04,126081
2018-03-05,153253
2018-03-06,153215
2018-03-07,164190
2018-03-08,142788
2018-03-09,162264
2018-03-10,118272
2018-03-11,118648
2018-03-12,146106
2018-03-13,144798
2018-03-14,138691
2018-03-15,148665
2018-03-16,150220
2018-03-17,117163
2018-03-18,118239
2018-03-19,138695
2018-03-20,141471
2018-03-21,138932
2018-03-22,136231
2018-03-23,138214
2018-03-24,111523
2018-03-25,102033
2018-03-26,132106
2018-03-27,132162
2018-03-28,131290
2018-03-29,130778
2018-03-30,142511
2018-03-31,103555
2018-04-01,102204
2018-04-02,122460
2018-04-03,139096
2018-04-04,143351
2018-04-05,131012
2018-04-06,163807
2018-04-07,109123
2018-04-08,102114
2018-04-09,127599
2018-04-10,134348
2018-04-11,130164
2018-04-12,143549
2018-04-13,164259
2018-04-14,121254
2018-04-15,130546
2018-04-16,141701
2018-04-17,148198
2018-04-18,140142
2018-04-19,154586
2018-04-20,159318
2018-04-21,139640
2018-04-22,124939
2018-04-23,153802
2018-04-24,174106
2018-04-25,152983
2018-04-26,153964
2018-04-27,166583
2018-04-28,146427
2018-04-29,126681
2018-04-30,147432
2018-05-01,154464
2018-05-02,151545
2018-05-03,161976
2018-05-04,168365
2018-05-05,145707
2018-05-06,124400
2018-05-07,148003
2018-05-08,157866
2018-05-09,143355
2018-05-10,143266
2018-05-11,156061
2018-05-12,135344
2018-05-13,113993
2018-05-14,148093
2018-05-15,152686
2018-05-16,140860
2018-05-17,133595
2018-05-18,162678
2018-05-19,119131
2018-05-20,117308
2018-05-21,143032
2018-05-22,142737
2018-05-23,146257
2018-05-24,143041
2018-05-25,150688
2018-05-26,114052
2018-05-27,108704
2018-05-28,136485
2018-05-29,146185
2018-05-30,143881
2018-05-31,144231
2018-06-01,185390
2018-06-02,124722
2018-06-03,117783
2018-06-04,145690
2018-06-05,152749
2018-06-06,149939
2018-06-07,141937
2018-06-08,160690
2018-06-09,119367
2018-06-10,123312
2018-06-11,141727
2018-06-12,147806
2018-06-13,149834
2018-06-14,140105
2018-06-15,157659
2018-06-16,109287
2018-06-17,106890
2018-06-18,140580
2018-06-19,138636
2018-06-20,142229
2018-06-21,137206
2018-06-22,150451
2018-06-23,117305
2018-06-24,109901
2018-06-25,139974
2018-06-26,136091
2018-06-27,137651
2018-06-28,130294
2018-06-29,148829
2018-06-30,115800
2018-07-01,108935
2018-07-02,134791
2018-07-03,151157
2018-07-04,143945
2018-07-05,134352
2018-07-06,175421
2018-07-07,116523
2018-07-08,119195
2018-07-09,146141
2018-07-10,150571
2018-07-11,138836
2018-07-12,133708
2018-07-13,155104
2018-07-14,116000
2018-07-15,109979
2018-07-16,142410
2018-07-17,159061
2018-07-18,158691
2018-07-19,153029
2018-07-20,161665
2018-07-21,127988
2018-07-22,119216
2018-07-23,156553
2018-07-24,184389
2018-07-25,177339
2018-07-26,164425
2018-07-27,174699
2018-07-28,137053
2018-07-29,133211
2018-07-30,162005
2018-07-31,164635
2018-08-01,163031
2018-08-02,153708
2018-08-03,179972
2018-08-04,129583
2018-08-05,120611
2018-08-06,150196
2018-08-07,157314
2018-08-08,160537
2018-08-09,152866
2018-08-10,163430
2018-08-11,123211
2018-08-12,118777
2018-08-13,153022
2018-08-14,166084
2018-08-15,189045
2018-08-16,152468
2018-08-17,158531
2018-08-18,128686
2018-08-19,147054
2018-08-20,145471
2018-08-21,146304
2018-08-22,153068
2018-08-23,140564
2018-08-24,153715
2018-08-25,131620
2018-08-26,117928
2018-08-27,149562
2018-08-28,159313
2018-08-29,165128
2018-08-30,146006
2018-08-31,163225
2018-09-01,136051
2018-09-02,125366
2018-09-03,152111
2018-09-04,159621
2018-09-05,159883
2018-09-06,157525
2018-09-07,176567
2018-09-08,130746
2018-09-09,125894
2018-09-10,149958
2018-09-11,157256
2018-09-12,147925
2018-09-13,151983
2018-09-14,152061
2018-09-15,136253
2018-09-16,118820
2018-09-17,159956
2018-09-18,153918
2018-09-19,150491
2018-09-20,150547
2018-09-21,174895
2018-09-22,140112
2018-09-23,131150
2018-09-24,155753
2018-09-25,163385
2018-09-26,159714
2018-09-27,158648
2018-09-28,167221
2018-09-29,132089
2018-09-30,133618
2018-10-01,159640
2018-10-02,165518
2018-10-03,241283
2018-10-04,176469
2018-10-05,175845
2018-10-06,147510
2018-10-07,153033
2018-10-08,163249
2018-10-09,158459
2018-10-10,164874
2018-10-11,161863
2018-10-12,165841
2018-10-13,133844
2018-10-14,130182
2018-10-15,165948
2018-10-16,166085
2018-10-17,166595
2018-10-18,159095
2018-10-19,170940
2018-10-20,138804
2018-10-21,133602
2018-10-22,165123
2018-10-23,169935
2018-10-24,166774
2018-10-25,160309
2018-10-26,171839
2018-10-27,135824
2018-10-28,132671
2018-10-29,169233
2018-10-30,169298
2018-10-31,166230
2018-11-01,164661
2018-11-02,185508
2018-11-03,142706
2018-11-04,137111
2018-11-05,178190
2018-11-06,176009
2018-11-07,182418
2018-11-08,172551
2018-11-09,181274
2018-11-10,150620
2018-11-11,142805
2018-11-12,177767
2018-11-13,175003
2018-11-14,183187
2018-11-15,179313
2018-11-16,189014
2018-11-17,145615
2018-11-18,140610
2018-11-19,158538
2018-11-20,176458
2018-11-21,160902
2018-11-22,164456
2018-11-23,165669
2018-11-24,137906
2018-11-25,140342
2018-11-26,163764
2018-11-27,161555
2018-11-28,160666
2018-11-29,157794
2018-11-30,151883
2018-12-01,138261
2018-12-02,119744
2018-12-03,144180
2018-12-04,157582
2018-12-05,142060
2018-12-06,152896
2018-12-07,161082
2018-12-08,125099
2018-12-09,120729
2018-12-10,150129
2018-12-11,144689
2018-12-12,149107
2018-12-13,145024
2018-12-14,151070
2018-12-15,126475
2018-12-16,120956
2018-12-17,153191
2018-12-18,157780
2018-12-19,164551
2018-12-20,158421
2018-12-21,160677
2018-12-22,123540
2018-12-23,120926
2018-12-24,142306
2018-12-25,117142
2018-12-26,128377
2018-12-27,140003
2018-12-28,152785
2018-12-29,133112
2018-12-30,122561
2018-12-31,122408
2019-01-01,102495
2019-01-02,134704
2019-01-03,148497
2019-01-04,148815
2019-01-05,126524
2019-01-06,129686
2019-01-07,151883
2019-01-08,153329
2019-01-09,151027
2019-01-10,160305
2019-01-11,159253
2019-01-12,127514
2019-01-13,126021
2019-01-14,153899
2019-01-15,161152
2019-01-16,161851
2019-01-17,158029
2019-01-18,158413
2019-01-19,131008
2019-01-20,122524
2019-01-21,152323
2019-01-22,152322
2019-01-23,165659
2019-01-24,161129
2019-01-25,161020
2019-01-26,133820
2019-01-27,125762
2019-01-28,160435
2019-01-29,161259
2019-01-30,156342
2019-01-31,163466
2019-02-01,165476
2019-02-02,132901
2019-02-03,130173
2019-02-04,159034
2019-02-05,169539
2019-02-06,169829
2019-02-07,166391
2019-02-08,176995
2019-02-09,148342
2019-02-10,137595
2019-02-11,166426
2019-02-12,170786
2019-02-13,189898
2019-02-14,159351
2019-02-15,156043
2019-02-16,151639
2019-02-17,132403
2019-02-18,172603
2019-02-19,179703
2019-02-20,179015
2019-02-21,167430
2019-02-22,182674
2019-02-23,145893
2019-02-24,149737
2019-02-25,170814
2019-02-26,180592
2019-02-27,175910
2019-02-28,171698
2019-03-01,182627
2019-03-02,152811
2019-03-03,143836
2019-03-04,173657
2019-03-05,178644
2019-03-06,174576
2019-03-07,170756
2019-03-08,181127
2019-03-09,146372
2019-03-10,131576
2019-03-11,184429
2019-03-12,174891
2019-03-13,172479
2019-03-14,177884
2019-03-15,184211
2019-03-16,155144
2019-03-17,142007
2019-03-18,178301
2019-03-19,182823
2019-03-20,179245
2019-03-21,175653
2019-03-22,179132
2019-03-23,146540
2019-03-24,140393
2019-03-25,179992
2019-03-26,172935
2019-03-27,188072
2019-03-28,185109
2019-03-29,174542
2019-03-30,166518
2019-03-31,147938
2019-04-01,174198
2019-04-02,213718
2019-04-03,201454
2019-04-04,193759
2019-04-05,209181
2019-04-06,158280
2019-04-07,149034
2019-04-08,190711
2019-04-09,184739
2019-04-10,188212
2019-04-11,182365
2019-04-12,183819
2019-04-13,149953
2019-04-14,142939
2019-04-15,189804
2019-04-16,181541
2019-04-17,178693
2019-04-18,180182
2019-04-19,172441
2019-04-20,142422
2019-04-21,137332
2019-04-22,158934
2019-04-23,175738
2019-04-24,203459
2019-04-25,184580
2019-04-26,190407
2019-04-27,152261
2019-04-28,142661
2019-04-29,180958
2019-04-30,191279
2019-05-01,184337
2019-05-02,186463
2019-05-03,199401
2019-05-04,166661
2019-05-05,153445
2019-05-06,185317
2019-05-07,184659
2019-05-08,201669
2019-05-09,195672
2019-05-10,197890
2019-05-11,189630
2019-05-12,182416
2019-05-13,211581
2019-05-14,222407
2019-05-15,208043
2019-05-16,215173
2019-05-17,213578
2019-05-18,185147
2019-05-19,166194
2019-05-20,192400
2019-05-21,201860
2019-05-22,196510
2019-05-23,200879
2019-05-24,196294
2019-05-25,164968
2019-05-26,150289
2019-05-27,202048
2019-05-28,212725
2019-05-29,204791
2019-05-30,190655
2019-05-31,180185
2019-06-01,178010
2019-06-02,154291
2019-06-03,171316
2019-06-04,206547
2019-06-05,188755
2019-06-06,181712
2019-06-07,188122
2019-06-08,147732
2019-06-09,138592
2019-06-10,186895
2019-06-11,185479
2019-06-12,185107
2019-06-13,200074
2019-06-14,209436
2019-06-15,192193
2019-06-16,164146
2019-06-17,198550
2019-06-18,217959
2019-06-19,202735
2019-06-20,190744
2019-06-21,202675
2019-06-22,204423
2019-06-23,189378
2019-06-24,207862
2019-06-25,210486
2019-06-26,242918
2019-06-27,208667
2019-06-28,227553
2019-06-29,182688
2019-06-30,158815
2019-07-01,195062
2019-07-02,213893
2019-07-03,205774
2019-07-04,191563
2019-07-05,192181
2019-07-06,159520
2019-07-07,146170
2019-07-08,203892
2019-07-09,207723
2019-07-10,199562
2019-07-11,190991
2019-07-12,202831
2019-07-13,155083
2019-07-14,143516
2019-07-15,190917
2019-07-16,184962
2019-07-17,175654
2019-07-18,176001
2019-07-19,181648
2019-07-20,156404
2019-07-21,128358
2019-07-22,171003
2019-07-23,178943
2019-07-24,159385
2019-07-25,179601
2019-07-26,170710
2019-07-27,138203
2019-07-28,120583
2019-07-29,166300
2019-07-30,175933
2019-07-31,179785
2019-08-01,177558
2019-08-02,184001
2019-08-03,145479
2019-08-04,132207
2019-08-05,193274
2019-08-06,197616
2019-08-07,173172
2019-08-08,185292
2019-08-09,178859
2019-08-10,140732
2019-08-11,129233
2019-08-12,149976
2019-08-13,185640
2019-08-14,178318
2019-08-15,170821
2019-08-16,172783
2019-08-17,141358
2019-08-18,134822
2019-08-19,170809
2019-08-20,179189
2019-08-21,189689
2019-08-22,193021
2019-08-23,174836
2019-08-24,144519
2019-08-25,125106
2019-08-26,184015
2019-08-27,173494
2019-08-28,171217
2019-08-29,178890
2019-08-30,167963
2019-08-31,141492
2019-09-01,132308
2019-09-02,177139
2019-09-03,199652
2019-09-04,179251
2019-09-05,174133
2019-09-06,189255
2019-09-07,144814
2019-09-08,132767
2019-09-09,175829
2019-09-10,184040
2019-09-11,177249
2019-09-12,180555
2019-09-13,169857
2019-09-14,145925
2019-09-15,131155
2019-09-16,183736
2019-09-17,182847
2019-09-18,180743
2019-09-19,174608
2019-09-20,174191
2019-09-21,145193
2019-09-22,137875
2019-09-23,180524
2019-09-24,190607
2019-09-25,182359
2019-09-26,172843
2019-09-27,165365
2019-09-28,139441
2019-09-29,132334
2019-09-30,171153
2019-10-01,184563
2019-10-02,173396
2019-10-03,168127
2019-10-04,168938
2019-10-05,144193
2019-10-06,132121
2019-10-07,175562
2019-10-08,172117
2019-10-09,174369
2019-10-10,174774
2019-10-11,171134
2019-10-12,137698
2019-10-13,130572
2019-10-14,168669
2019-10-15,175233
2019-10-16,176351
2019-10-17,169452
2019-10-18,161787
2019-10-19,141621
2019-10-20,134661
2019-10-21,176910
2019-10-22,172816
2019-10-23,174795
2019-10-24,168847
2019-10-25,182068
2019-10-26,171823
2019-10-27,142592
2019-10-28,184714
2019-10-29,177207
2019-10-30,179672
2019-10-31,168554
2019-11-01,179362
2019-11-02,148390
2019-11-03,144228
2019-11-04,189985
2019-11-05,189142
