t,market_mvrv_less_155
2010-07-17,0.999999985950726
2010-07-18,1.39530206499361
2010-07-19,1.04916639865485
2010-07-20,0.966367460810932
2010-07-21,1.04889468735727
2010-07-22,0.900046994460738
2010-07-23,0.896988247416401
2010-07-24,0.83307543239703
2010-07-25,0.789142945984223
2010-07-26,0.914404656490738
2010-07-27,0.979886571929241
2010-07-28,0.962504859874425
2010-07-29,1.12953762114547
2010-07-30,1.04068611375529
2010-07-31,1.09746394350123
2010-08-01,0.986142470508541
2010-08-02,0.967186986788679
2010-08-03,0.968936367196625
2010-08-04,0.938212274887148
2010-08-05,0.989486036635387
2010-08-06,1.00705394203598
2010-08-07,0.957633629491019
2010-08-08,0.989475649872239
2010-08-09,1.14114074513035
2010-08-10,1.07312230835711
2010-08-11,1.06448802499167
2010-08-12,1.11226153468291
2010-08-13,1.0210496364943
2010-08-14,1.05918854285036
2010-08-15,1.03072713494565
2010-08-16,1.03360609230732
2010-08-17,1.10244191276425
2010-08-18,1.06546645804413
2010-08-19,1.04380454674262
2010-08-20,1.02521956624471
2010-08-21,1.03962066742661
2010-08-22,1.03390132592872
2010-08-23,1.01611178611401
2010-08-24,1.01691971868594
2010-08-25,1.01339454161173
2010-08-26,1.00079338516561
2010-08-27,1.01609125631049
2010-08-28,1.00957537518734
2010-08-29,1.0008318131689
2010-08-30,1.01693931170067
2010-08-31,0.939521300902156
2010-09-01,0.963763797193346
2010-09-02,0.991776261726709
2010-09-03,0.95765242164089
2010-09-04,0.982873761286884
2010-09-05,0.969170673376074
2010-09-06,0.970675942968688
2010-09-07,0.970514876978734
2010-09-08,0.970839605354283
2010-09-09,0.965886751342669
2010-09-10,0.977405904461124
2010-09-11,1.00745940029302
2010-09-12,0.973815590619519
2010-09-13,0.984584544905969
2010-09-14,0.981572737341269
2010-09-15,0.95610083962833
2010-09-16,0.978802140495061
2010-09-17,0.942514802135577
2010-09-18,0.969638084759403
2010-09-19,0.996546967092144
2010-09-20,0.98719415285773
2010-09-21,0.995670310638427
2010-09-22,0.986045588204104
2010-09-23,0.990275053222738
2010-09-24,0.988666950440727
2010-09-25,0.985813679657047
2010-09-26,0.988591723148711
2010-09-27,0.989134556567285
2010-09-28,0.98529292012439
2010-09-29,0.984402451796366
2010-09-30,0.985892351297513
2010-10-01,0.98718318171546
2010-10-02,0.980979111000206
2010-10-03,0.97661245643576
2010-10-04,0.980907112239226
2010-10-05,0.982593065865258
2010-10-06,1.00687641037175
2010-10-07,1.06866272883917
2010-10-08,1.35207693291013
2010-10-09,1.42954119803331
2010-10-10,1.43709983594694
2010-10-11,1.39736555353786
2010-10-12,1.38933746285821
2010-10-13,1.52079761155968
2010-10-14,1.46316219265847
2010-10-15,1.46571407445509
2010-10-16,1.3940848713058
2010-10-17,1.40067413286817
2010-10-18,1.39724022584866
2010-10-19,1.32008647443028
2010-10-20,1.33660362176728
2010-10-21,1.41220430031789
2010-10-22,1.39343228583575
2010-10-23,1.37302639695714
2010-10-24,1.47305348178317
2010-10-25,1.66271306293363
2010-10-26,1.83370488836727
2010-10-27,2.19759550437067
2010-10-28,1.90014896003649
2010-10-29,2.05199773202587
2010-10-30,2.11046508073791
2010-10-31,1.99513818369913
2010-11-01,2.00759965203752
2010-11-02,1.95608439952538
2010-11-03,1.92661561623194
2010-11-04,1.96024916260794
2010-11-05,2.41101392408066
2010-11-06,3.20527780048523
2010-11-07,2.76755417509971
2010-11-08,1.6648677459247
2010-11-09,1.42579977882787
2010-11-10,1.60994595517543
2010-11-11,1.51237074330197
2010-11-12,1.81147897307243
2010-11-13,1.83976365878056
2010-11-14,1.83903096288787
2010-11-15,1.73275634188124
2010-11-16,1.44540429862731
2010-11-17,1.58138490732677
2010-11-18,1.70046421342603
2010-11-19,1.72988853436317
2010-11-20,1.76911869078872
2010-11-21,1.71593418454599
2010-11-22,1.75542809005494
2010-11-23,1.73976077791947
2010-11-24,1.7295684765661
2010-11-25,1.69592433899215
2010-11-26,1.72883452072145
2010-11-27,1.71214051635126
2010-11-28,1.6347620148935
2010-11-29,1.40171350979208
2010-11-30,1.25632465680713
2010-12-01,1.3757154833678
2010-12-02,1.52545092162356
2010-12-03,1.49802644659145
2010-12-04,1.22713650042742
2010-12-05,1.15845171100324
2010-12-06,1.21268989909174
2010-12-07,1.40080965010011
2010-12-08,1.40911591885391
2010-12-09,1.13304979134234
2010-12-10,1.20155643197616
2010-12-11,1.34351324118441
2010-12-12,1.29496271004104
2010-12-13,1.34720937722535
2010-12-14,1.44351276341527
2010-12-15,1.39402137480103
2010-12-16,1.44767373473768
2010-12-17,1.38696149676892
2010-12-18,1.38776171202042
2010-12-19,1.37988813944823
2010-12-20,1.52389078166892
2010-12-21,1.35573962040386
2010-12-22,1.40738982945141
2010-12-23,1.39428499157681
2010-12-24,1.38588913676782
2010-12-25,1.38862765832262
2010-12-26,1.45569486706571
2010-12-27,1.44924714826487
2010-12-28,1.52524510480294
2010-12-29,1.59867028294585
2010-12-30,1.58760026583047
2010-12-31,1.5802274134733
2011-01-01,1.57078074992734
2011-01-02,1.55944072652265
2011-01-03,1.52389022783733
2011-01-04,1.53725239351316
2011-01-05,1.52963360106395
2011-01-06,1.518256641861
2011-01-07,1.61865228377347
2011-01-08,1.62308184822076
2011-01-09,1.61517912626591
2011-01-10,1.60912172930813
2011-01-11,1.57879247759504
2011-01-12,1.53223170933219
2011-01-13,1.48575125327854
2011-01-14,1.84837684829767
2011-01-15,1.76526698973839
2011-01-16,1.74791911920905
2011-01-17,1.56337530298448
2011-01-18,1.39700434218776
2011-01-19,1.38505226686268
2011-01-20,1.71527288961013
2011-01-21,1.8321890545799
2011-01-22,1.91486597693964
2011-01-23,1.87104542901688
2011-01-24,1.7583224325668
2011-01-25,1.70363208076009
2011-01-26,1.69761241421678
2011-01-27,1.53568807328573
2011-01-28,1.57602970693561
2011-01-29,1.57457310271371
2011-01-30,1.70871232900449
2011-01-31,1.91403971260997
2011-02-01,2.36903256660505
2011-02-02,2.29337287511897
2011-02-03,2.20072235007197
2011-02-04,2.52018396217927
2011-02-05,2.74803008361377
2011-02-06,2.62982355207653
2011-02-07,2.47580783223003
2011-02-08,2.52402044578086
2011-02-09,2.87767548872466
2011-02-10,2.53061939404873
2011-02-11,2.71659187953669
2011-02-12,2.69709738985783
2011-02-13,2.58320568484587
2011-02-14,2.56906627966734
2011-02-15,2.48150012133574
2011-02-16,2.40463054166822
2011-02-17,2.4057451488337
2011-02-18,2.0528684669507
2011-02-19,2.15359798045783
2011-02-20,1.90463588989225
2011-02-21,1.85731089700528
2011-02-22,1.98645319015425
2011-02-23,1.97104881678343
2011-02-24,2.15488615383932
2011-02-25,1.95650708149136
2011-02-26,2.02838909931743
2011-02-27,1.84736509333397
2011-02-28,1.78644458437215
2011-03-01,1.64535054505926
2011-03-02,1.66601211119355
2011-03-03,1.65585966955279
2011-03-04,1.5802236532987
2011-03-05,1.58732802376893
2011-03-06,1.53884317286958
2011-03-07,1.53299294760006
2011-03-08,1.49608012005517
2011-03-09,1.48205392965782
2011-03-10,1.59218029926293
2011-03-11,1.49710120254944
2011-03-12,1.54526807605852
2011-03-13,1.48473507341219
2011-03-14,1.47210435100857
2011-03-15,1.42627615086733
2011-03-16,1.39475999173713
2011-03-17,1.33299879592857
2011-03-18,1.31716122083903
2011-03-19,1.23163325915453
2011-03-20,1.19094121726126
2011-03-21,1.21687541322017
2011-03-22,1.29201060411164
2011-03-23,1.34791636692124
2011-03-24,1.36615925248949
2011-03-25,1.38545083723574
2011-03-26,1.32809314181255
2011-03-27,1.28310000168831
2011-03-28,1.23670309720099
2011-03-29,1.22341918685068
2011-03-30,1.21072765554785
2011-03-31,1.19863004837689
2011-04-01,1.18057624209733
2011-04-02,1.1918040388147
2011-04-03,1.18566420458194
2011-04-04,1.03474806954368
2011-04-05,1.07910987114414
2011-04-06,1.12201746151152
2011-04-07,1.14125936604818
2011-04-08,1.13275036824614
2011-04-09,1.1244227640281
2011-04-10,1.10878185867757
2011-04-11,1.15703949616692
2011-04-12,1.27300401094231
2011-04-13,1.38157931553455
2011-04-14,1.45806974775878
2011-04-15,1.42848039629491
2011-04-16,1.5083796605248
2011-04-17,1.61264796248969
2011-04-18,1.61452566965104
2011-04-19,1.65228403773341
2011-04-20,1.56483628478555
2011-04-21,1.63747685258127
2011-04-22,1.87716370515489
2011-04-23,2.15617576827858
2011-04-24,2.06897115652256
2011-04-25,2.00005410882141
2011-04-26,2.21700805734134
2011-04-27,2.31624535659381
2011-04-28,2.6155442883398
2011-04-29,2.66526936214419
2011-04-30,2.74903302903008
2011-05-01,2.32859919006421
2011-05-02,2.42202732832251
2011-05-03,2.49494820148721
2011-05-04,2.31381653332054
2011-05-05,2.22974112314386
2011-05-06,2.21464652469687
2011-05-07,2.30701620371524
2011-05-08,2.41512866483312
2011-05-09,2.33442361240176
2011-05-10,3.30579885828385
2011-05-11,2.98959286565702
2011-05-12,3.24912951873185
2011-05-13,3.62090476554232
2011-05-14,2.82565086942691
2011-05-15,2.65860540051177
2011-05-16,2.82861111537214
2011-05-17,2.47911162434025
2011-05-18,2.27279363126701
2011-05-19,2.28846171783144
2011-05-20,1.82335321960651
2011-05-21,2.1084939411365
2011-05-22,2.2364506054077
2011-05-23,2.28235162818653
2011-05-24,2.34448948302653
2011-05-25,2.60819757183924
2011-05-26,2.64834634831054
2011-05-27,2.39305830347907
2011-05-28,2.32703480972684
2011-05-29,2.31357504339594
2011-05-30,2.38425598767302
2011-05-31,2.32208210195749
2011-06-01,2.52042392389682
2011-06-02,2.75688209933321
2011-06-03,3.35981891400695
2011-06-04,4.14192056268747
2011-06-05,3.47609090310321
2011-06-06,3.10068910861811
2011-06-07,3.83989248469755
2011-06-08,4.09914901115048
2011-06-09,3.56627678599601
2011-06-10,2.71620791333123
2011-06-11,1.67781944825641
2011-06-12,1.94197439198742
2011-06-13,1.95133514230832
2011-06-14,1.82970083025268
2011-06-15,1.76874301825648
2011-06-16,1.59269374223796
2011-06-17,1.4201577142582
2011-06-18,1.49220868182748
2011-06-19,1.53401981552777
2011-06-20,1.52632595260912
2011-06-21,1.52827803845251
2011-06-22,1.52828556084948
2011-06-23,1.52863572727362
2011-06-24,1.55304708194881
2011-06-25,1.49283624187039
2011-06-26,1.36069597713724
2011-06-27,1.37878949257447
2011-06-28,1.38080131156124
2011-06-29,1.37205081881926
2011-06-30,1.29992376150867
2011-07-01,1.236213624265
2011-07-02,1.24119316870379
2011-07-03,1.24279564269793
2011-07-04,1.1174771406083
2011-07-05,1.02708208930498
2011-07-06,1.1846824759329
2011-07-07,1.19439960372305
2011-07-08,1.14525104240287
2011-07-09,1.15116156518856
2011-07-10,1.16602532702527
2011-07-11,1.13509059211163
2011-07-12,1.11826080140302
2011-07-13,1.11155474696413
2011-07-14,1.11615169626602
2011-07-15,1.09597368409053
2011-07-16,1.08807870553852
2011-07-17,1.04242259329573
2011-07-18,1.13925699694565
2011-07-19,1.14207145112301
2011-07-20,1.1399251864533
2011-07-21,1.13337538272599
2011-07-22,1.13926243755229
2011-07-23,1.1362412733786
2011-07-24,1.16089023869372
2011-07-25,1.16038047324107
2011-07-26,1.14542097570126
2011-07-27,1.14556630172996
2011-07-28,1.11120441259914
2011-07-29,1.1137292136674
2011-07-30,1.11213982291777
2011-07-31,1.09944889186803
2011-08-01,1.06260987534762
2011-08-02,0.998838870914327
2011-08-03,0.729732276975872
2011-08-04,0.817710653038862
2011-08-05,0.738564004823427
2011-08-06,0.490229408375706
2011-08-07,0.630784931505155
2011-08-08,0.617580219377387
2011-08-09,0.741183700979986
2011-08-10,0.790109740238651
2011-08-11,0.74638868945435
2011-08-12,0.746979106475842
2011-08-13,0.79794743334658
2011-08-14,0.848720463659126
2011-08-15,0.873986470337503
2011-08-16,0.854863568615257
2011-08-17,0.855495382974188
2011-08-18,0.841643730032876
2011-08-19,0.908758451379679
2011-08-20,0.885262093882831
2011-08-21,0.874835033822192
2011-08-22,0.849193793671468
2011-08-23,0.843354135209648
2011-08-24,0.837398633730884
2011-08-25,0.733433912247815
2011-08-26,0.627972514375874
2011-08-27,0.699802296360219
2011-08-28,0.740687290889552
2011-08-29,0.734221690888792
2011-08-30,0.72023631213211
2011-08-31,0.6723139053639
2011-09-01,0.675388883781707
2011-09-02,0.709319391216257
2011-09-03,0.692425410215292
2011-09-04,0.669135865243588
2011-09-05,0.624612696524104
2011-09-06,0.565736238553558
2011-09-07,0.591750874032461
2011-09-08,0.54251641545126
2011-09-09,0.4262258267612
2011-09-10,0.398763853032466
2011-09-11,0.508497718693969
2011-09-12,0.531505588272366
2011-09-13,0.511421322110702
2011-09-14,0.488954890453225
2011-09-15,0.425897007145293
2011-09-16,0.427630618070963
2011-09-17,0.423878244918134
2011-09-18,0.466504881770592
2011-09-19,0.491978802326464
2011-09-20,0.54598764510132
2011-09-21,0.505622789096083
2011-09-22,0.490008474445101
2011-09-23,0.497765731452631
2011-09-24,0.489866303856522
2011-09-25,0.477899858309994
2011-09-26,0.438731852917833
2011-09-27,0.424677528527516
2011-09-28,0.425277957388782
2011-09-29,0.431889192063993
2011-09-30,0.463762833322478
2011-10-01,0.453379512657928
2011-10-02,0.452259653516479
2011-10-03,0.454909429647811
2011-10-04,0.449462353480463
2011-10-05,0.44252380464279
2011-10-06,0.424585732819556
2011-10-07,0.38392843955062
2011-10-08,0.360453531101787
2011-10-09,0.370909787408149
2011-10-10,0.366596274450943
2011-10-11,0.365130149261481
2011-10-12,0.378992375319967
2011-10-13,0.366968513428644
2011-10-14,0.362441795517814
2011-10-15,0.349752264850457
2011-10-16,0.328375810536785
2011-10-17,0.242708025478671
2011-10-18,0.222344483896067
2011-10-19,0.208908861239476
2011-10-20,0.220305122018723
2011-10-21,0.241187959411895
2011-10-22,0.304970579159821
2011-10-23,0.297782570049258
2011-10-24,0.239325830461337
2011-10-25,0.261911645127788
2011-10-26,0.26401548871987
2011-10-27,0.282740705289452
2011-10-28,0.302167498096767
2011-10-29,0.342589994796868
2011-10-30,0.310457119056302
2011-10-31,0.309063105515649
2011-11-01,0.299000864677415
2011-11-02,0.310905357554549
2011-11-03,0.304653954691412
2011-11-04,0.30015929356789
2011-11-05,0.288072558328154
2011-11-06,0.289135524625063
2011-11-07,0.294583167477882
2011-11-08,0.299207183781908
2011-11-09,0.302007784245068
2011-11-10,0.303762897225443
2011-11-11,0.334669578972806
2011-11-12,0.334603818956713
2011-11-13,0.331781287815808
2011-11-14,0.241029301199122
2011-11-15,0.262071795280088
2011-11-16,0.340277036285057
2011-11-17,0.310866185312111
2011-11-18,0.309613460032353
2011-11-19,0.319909946527468
2011-11-20,0.322932780697028
2011-11-21,0.350893861965817
2011-11-22,0.35903766824051
2011-11-23,0.369531970743186
2011-11-24,0.388921726973574
2011-11-25,0.401185937616372
2011-11-26,0.408821071980371
2011-11-27,0.413086197958983
2011-11-28,0.436030466814922
2011-11-29,0.489671132153284
2011-11-30,0.523087003710074
2011-12-01,0.551561514810011
2011-12-02,0.561552371258273
2011-12-03,0.530108525112192
2011-12-04,0.551140906555794
2011-12-05,0.558751995533308
2011-12-06,0.595768299149614
2011-12-07,0.601612744021174
2011-12-08,0.607089475105789
2011-12-09,0.602333238897569
2011-12-10,0.626059805642723
2011-12-11,0.66547683510263
2011-12-12,0.660110909930398
2011-12-13,0.681381200377347
2011-12-14,0.66119794475563
2011-12-15,0.684008734956482
2011-12-16,0.686055357954262
2011-12-17,0.691235752162138
2011-12-18,0.692139739552002
2011-12-19,0.766545488830005
2011-12-20,0.86118183695645
2011-12-21,0.841377769042744
2011-12-22,0.847516052778881
2011-12-23,0.85647158919871
2011-12-24,0.860601055144106
2011-12-25,0.924383140676139
2011-12-26,0.875424559814324
2011-12-27,0.90631248193637
2011-12-28,0.92647417275589
2011-12-29,0.930685438074162
2011-12-30,0.954341590636201
2011-12-31,1.06180903049552
2012-01-01,1.19233573207465
2012-01-02,1.17253820471634
2012-01-03,1.09397358510787
2012-01-04,1.254420125778
2012-01-05,1.53061446826786
2012-01-06,1.43901803916454
2012-01-07,1.45487634048775
2012-01-08,1.50829235767085
2012-01-09,1.2947033801892
2012-01-10,1.3485554843652
2012-01-11,1.43312613212015
2012-01-12,1.37043921930224
2012-01-13,1.31709058342339
2012-01-14,1.37599152363296
2012-01-15,1.42408795921769
2012-01-16,1.34277490929228
2012-01-17,1.1335143729172
2012-01-18,1.2026494373206
2012-01-19,1.27916832124556
2012-01-20,1.28572317859146
2012-01-21,1.24847294485714
2012-01-22,1.27449262014389
2012-01-23,1.30137953508992
2012-01-24,1.278479820076
2012-01-25,1.19075278447164
2012-01-26,1.10196457197168
2012-01-27,1.12414783790177
2012-01-28,1.21000466620787
2012-01-29,1.15491275745718
2012-01-30,1.17912708847559
2012-01-31,1.18152981941472
2012-02-01,1.30630059510954
2012-02-02,1.31170039656285
2012-02-03,1.27761797273914
2012-02-04,1.26195866208052
2012-02-05,1.21570930312705
2012-02-06,1.17498932442535
2012-02-07,1.22524153375338
2012-02-08,1.22343684316858
2012-02-09,1.26557947286938
2012-02-10,1.28223205072411
2012-02-11,1.20985870882992
2012-02-12,1.19017523884667
2012-02-13,1.15444057954434
2012-02-14,0.955995075674053
2012-02-15,0.951789786611563
2012-02-16,0.931554276212937
2012-02-17,0.959117487914482
2012-02-18,0.949430958183458
2012-02-19,0.973829913591249
2012-02-20,0.976794636642145
2012-02-21,0.963831655642293
2012-02-22,0.99829562542676
2012-02-23,1.124431424562
2012-02-24,1.12342780875173
2012-02-25,1.06359580013889
2012-02-26,1.09734451301971
2012-02-27,1.10335077163705
2012-02-28,1.08093703576247
2012-02-29,1.07987163700069
2012-03-01,1.09255353441009
2012-03-02,1.05008618906875
2012-03-03,1.03497724529962
2012-03-04,1.07575265490164
2012-03-05,1.07065342791586
2012-03-06,1.11079593657467
2012-03-07,1.0939229553298
2012-03-08,1.09535246577199
2012-03-09,1.07985662313737
2012-03-10,1.07407893567453
2012-03-11,1.08656138919281
2012-03-12,1.08823224555192
2012-03-13,1.16781187419135
2012-03-14,1.18571839264752
2012-03-15,1.17398072574821
2012-03-16,1.16758679834242
2012-03-17,1.13004810808756
2012-03-18,1.14380283109086
2012-03-19,1.01735359563815
2012-03-20,1.05248797519577
2012-03-21,1.04672868968921
2012-03-22,1.03733937350603
2012-03-23,1.01902046229196
2012-03-24,1.01995214457985
2012-03-25,0.996319357494792
2012-03-26,1.01985567133198
2012-03-27,1.0533099595417
2012-03-28,1.05199337389778
2012-03-29,1.04140400506117
2012-03-30,1.05980698096564
2012-03-31,1.06555941668076
2012-04-01,1.04814925267642
2012-04-02,1.08180107841144
2012-04-03,1.0751997307739
2012-04-04,1.05634751372949
2012-04-05,1.06607612949329
2012-04-06,1.06620718849402
2012-04-07,1.01899726295479
2012-04-08,1.03508152199843
2012-04-09,1.03965173332535
2012-04-10,1.04239852612434
2012-04-11,1.05389735148652
2012-04-12,1.04269283140962
2012-04-13,1.04417666729621
2012-04-14,1.04734506534228
2012-04-15,1.0536783171789
2012-04-16,1.04662928760765
2012-04-17,1.0501393504098
2012-04-18,1.08053758571497
2012-04-19,1.03876045015216
2012-04-20,1.08713113342155
2012-04-21,1.05616275591202
2012-04-22,1.0439736319523
2012-04-23,1.0297610582456
2012-04-24,1.01260694279936
2012-04-25,1.03172327805834
2012-04-26,1.01774879853786
2012-04-27,1.01775539777806
2012-04-28,0.991419755129003
2012-04-29,0.970166028053058
2012-04-30,0.979677020991724
2012-05-01,0.990324195440806
2012-05-02,0.9951192975793
2012-05-03,1.00817745416957
2012-05-04,1.00485439508577
2012-05-05,0.994056849541121
2012-05-06,0.996482474817963
2012-05-07,0.995453028311306
2012-05-08,0.994321967431586
2012-05-09,0.981141245498825
2012-05-10,0.977125504835053
2012-05-11,0.974682528621556
2012-05-12,0.973406357437623
2012-05-13,0.969479653770982
2012-05-14,0.984301840176421
2012-05-15,0.983052121788944
2012-05-16,0.991017508838301
2012-05-17,0.996400398404851
2012-05-18,1.00175202716651
2012-05-19,0.997607112976428
2012-05-20,0.994725141612183
2012-05-21,0.992345912029096
2012-05-22,0.991250563413154
2012-05-23,0.996557475729625
2012-05-24,0.992752312206375
2012-05-25,0.994047431917153
2012-05-26,0.98740252176322
2012-05-27,0.987217893870652
2012-05-28,0.992990861414934
2012-05-29,0.994811963217191
2012-05-30,0.991744732220535
2012-05-31,0.999062271812094
2012-06-01,1.01174906610315
2012-06-02,0.984804658594066
2012-06-03,1.00263959311629
2012-06-04,1.00994408954311
2012-06-05,1.03530935811474
2012-06-06,1.03572063618813
2012-06-07,1.06606828983385
2012-06-08,1.0710180818269
2012-06-09,1.05669036631463
2012-06-10,1.03930273773943
2012-06-11,1.06209956712815
2012-06-12,1.08817405442007
2012-06-13,1.11768527130303
2012-06-14,1.12321652265263
2012-06-15,1.22611031390355
2012-06-16,1.20100303908756
2012-06-17,1.14352668489423
2012-06-18,1.16643057404864
2012-06-19,1.19927307214701
2012-06-20,1.22624656006022
2012-06-21,1.21856197571506
2012-06-22,1.1872262492218
2012-06-23,1.17082862887866
2012-06-24,1.15238093707702
2012-06-25,1.14531268844432
2012-06-26,1.1680213449909
2012-06-27,1.19865843617181
2012-06-28,1.18639311490709
2012-06-29,1.19888586524645
2012-06-30,1.19964950629293
2012-07-01,1.18567178619885
2012-07-02,1.20624900884844
2012-07-03,1.15055418690633
2012-07-04,1.15939670596344
2012-07-05,1.18310087367612
2012-07-06,1.18609999559205
2012-07-07,1.2085463802643
2012-07-08,1.19940684818906
2012-07-09,1.22083073469702
2012-07-10,1.25259791802082
2012-07-11,1.24465294737297
2012-07-12,1.32760157702392
2012-07-13,1.30617614332893
2012-07-14,1.28292994615693
2012-07-15,1.28917050347912
2012-07-16,1.40769762535436
2012-07-17,1.42402893045165
2012-07-18,1.46270170624026
2012-07-19,1.40285971176795
2012-07-20,1.34655123171411
2012-07-21,1.3837701962747
2012-07-22,1.32596035664149
2012-07-23,1.30865103238116
2012-07-24,1.32105607803513
2012-07-25,1.34964156541547
2012-07-26,1.33882370390334
2012-07-27,1.34169253784694
2012-07-28,1.33500164252082
2012-07-29,1.29485986961088
2012-07-30,1.3526326141411
2012-07-31,1.37791295243353
2012-08-01,1.39094935212676
2012-08-02,1.48430637373111
2012-08-03,1.52879524905434
2012-08-04,1.50082858071431
2012-08-05,1.48578036104086
2012-08-06,1.48636928707953
2012-08-07,1.47259754672328
2012-08-08,1.4778840019926
2012-08-09,1.46849018327462
2012-08-10,1.50173002318831
2012-08-11,1.50436162638246
2012-08-12,1.51006379676343
2012-08-13,1.54008522438022
2012-08-14,1.55237533668479
2012-08-15,1.66107401545895
2012-08-16,1.66383174254389
2012-08-17,1.38800534309043
2012-08-18,1.38444046334148
2012-08-19,0.974037632048324
2012-08-20,1.20021865483847
2012-08-21,1.20020514209589
2012-08-22,1.17969905199553
2012-08-23,1.21705350883921
2012-08-24,1.27448962351951
2012-08-25,1.259770809997
2012-08-26,1.25997758406933
2012-08-27,1.2627251970557
2012-08-28,1.26985327376454
2012-08-29,1.25057428376219
2012-08-30,1.23504564189479
2012-08-31,1.15564574767487
2012-09-01,1.14128784795901
2012-09-02,1.16372327698694
2012-09-03,1.19551936070273
2012-09-04,1.17589525673417
2012-09-05,1.23966381218452
2012-09-06,1.24612645698764
2012-09-07,1.2329231946874
2012-09-08,1.23237858827338
2012-09-09,1.22261977209098
2012-09-10,1.2080158574209
2012-09-11,1.21652160870826
2012-09-12,1.21640639018409
2012-09-13,1.21727948754457
2012-09-14,1.25274502090919
2012-09-15,1.24141121382891
2012-09-16,1.25640165241981
2012-09-17,1.25203593471653
2012-09-18,1.28582890426913
2012-09-19,1.2968433466161
2012-09-20,1.2633106037124
2012-09-21,1.25885366514514
2012-09-22,1.24412704284766
2012-09-23,1.235356659235
2012-09-24,1.22359376854142
2012-09-25,1.22240790341805
2012-09-26,1.2407766880362
2012-09-27,1.23295606146739
2012-09-28,1.21118163785955
2012-09-29,1.23595678560152
2012-09-30,1.22964971764216
2012-10-01,1.22696920067759
2012-10-02,1.25821547004884
2012-10-03,1.23219197604802
2012-10-04,1.24037848062532
2012-10-05,1.23112388402482
2012-10-06,1.21302524416434
2012-10-07,1.14484746440816
2012-10-08,1.12383516877306
2012-10-09,1.14048258687152
2012-10-10,1.15811740949298
2012-10-11,1.15756297498282
2012-10-12,1.14056694432126
2012-10-13,1.1344537403105
2012-10-14,1.10880251251291
2012-10-15,1.12309267608151
2012-10-16,1.12743158089789
2012-10-17,1.12574179276665
2012-10-18,1.12917265976582
2012-10-19,1.1115521004416
2012-10-20,1.0973574985694
2012-10-21,1.09395282615819
2012-10-22,1.10016637754511
2012-10-23,1.09664772760652
2012-10-24,1.08438573205068
2012-10-25,1.0072208066675
2012-10-26,0.949734980693203
2012-10-27,0.978712752971173
2012-10-28,1.00866470773692
2012-10-29,1.00298258316631
2012-10-30,1.01864782346467
2012-10-31,1.04082132314193
2012-11-01,0.997953295074723
2012-11-02,0.996708996369456
2012-11-03,1.00082085887003
2012-11-04,1.02021995352284
2012-11-05,1.00930872874471
2012-11-06,1.01981218264409
2012-11-07,1.0218146439949
2012-11-08,1.01369057183793
2012-11-09,1.01404251896531
2012-11-10,1.01907332943574
2012-11-11,0.986909751023911
2012-11-12,1.02818373678548
2012-11-13,1.01624674466441
2012-11-14,1.02112847134737
2012-11-15,1.0379079146125
2012-11-16,1.08501677093276
2012-11-17,1.07973051107445
2012-11-18,1.06830751772727
2012-11-19,1.07382305016035
2012-11-20,1.07429075325247
2012-11-21,1.0664596049207
2012-11-22,1.12030566160712
2012-11-23,1.11481186528439
2012-11-24,1.11722249372279
2012-11-25,1.12470824380402
2012-11-26,1.09654207696576
2012-11-27,1.08313612126102
2012-11-28,1.09924874988071
2012-11-29,1.11013583885087
2012-11-30,1.11403634987651
2012-12-01,1.11026088609577
2012-12-02,1.10184791696323
2012-12-03,1.11851551288637
2012-12-04,1.17857093891885
2012-12-05,1.15185831242497
2012-12-06,1.1592284757353
2012-12-07,1.16167952119363
2012-12-08,1.16756108290891
2012-12-09,1.14369409665276
2012-12-10,1.1534503596189
2012-12-11,1.15896701866035
2012-12-12,1.15907397289498
2012-12-13,1.16095651570746
2012-12-14,1.14704993942424
2012-12-15,1.13590812151371
2012-12-16,1.12053433616598
2012-12-17,1.10653563636614
2012-12-18,1.10584235244077
2012-12-19,1.12493046107354
2012-12-20,1.12022672396139
2012-12-21,1.11357509164652
2012-12-22,1.10511494701767
2012-12-23,1.10208725026555
2012-12-24,1.10631504400326
2012-12-25,1.1016073172089
2012-12-26,1.10560721147927
2012-12-27,1.10121061978553
2012-12-28,1.10029242489011
2012-12-29,1.09695739917843
2012-12-30,1.10016024646992
2012-12-31,1.10335678707051
2013-01-01,1.07765055890395
2013-01-02,1.06072189290823
2013-01-03,1.07412291031687
2013-01-04,1.06929200977804
2013-01-05,1.06875309013269
2013-01-06,1.06862413429741
2013-01-07,1.07206580623189
2013-01-08,1.09311516669553
2013-01-09,1.09674551500267
2013-01-10,1.12426454412393
2013-01-11,1.12026577192491
2013-01-12,1.10951539994861
2013-01-13,1.08859148912584
2013-01-14,1.11333528240545
2013-01-15,1.12795648422124
2013-01-16,1.1397842484824
2013-01-17,1.20978430830655
2013-01-18,1.21071855818742
2013-01-19,1.203243206732
2013-01-20,1.19981252587745
2013-01-21,1.27106094199422
2013-01-22,1.30553092222484
2013-01-23,1.30540381875573
2013-01-24,1.26815742552344
2013-01-25,1.28108111733947
2013-01-26,1.26714764876335
2013-01-27,1.26341411238788
2013-01-28,1.3352366124106
2013-01-29,1.35407635159272
2013-01-30,1.33902479644133
2013-01-31,1.37985360036182
2013-02-01,1.35064250618968
2013-02-02,1.30030675219252
2013-02-03,1.32521505206289
2013-02-04,1.31672448230221
2013-02-05,1.32576624747813
2013-02-06,1.33609049966423
2013-02-07,1.37569597535727
2013-02-08,1.40350212982171
2013-02-09,1.42607490753939
2013-02-10,1.4481712447476
2013-02-11,1.45253832801443
2013-02-12,1.50911841878678
2013-02-13,1.46605702894336
2013-02-14,1.57992202492404
2013-02-15,1.52971241032556
2013-02-16,1.53661922076804
2013-02-17,1.49031284884858
2013-02-18,1.47584073095701
2013-02-19,1.58494866942409
2013-02-20,1.59007281445384
2013-02-21,1.56901907432563
2013-02-22,1.56489126808769
2013-02-23,1.52151546524886
2013-02-24,1.50773798114613
2013-02-25,1.50717933418528
2013-02-26,1.52016418396334
2013-02-27,1.52378782180983
2013-02-28,1.58008910999831
2013-03-01,1.60355336142135
2013-03-02,1.56679342265642
2013-03-03,1.56407424776027
2013-03-04,1.63915848118507
2013-03-05,1.76804183057342
2013-03-06,1.71181348729055
2013-03-07,1.6497057361006
2013-03-08,1.71240040997122
2013-03-09,1.76811137355255
2013-03-10,1.71554698133917
2013-03-11,1.8003012547842
2013-03-12,1.64955316541144
2013-03-13,1.70707740244383
2013-03-14,1.67739903409851
2013-03-15,1.65960931228869
2013-03-16,1.63383491346288
2013-03-17,1.63464442207589
2013-03-18,1.72887088145856
2013-03-19,1.9470932256776
2013-03-20,2.05817355050939
2013-03-21,2.14629992623585
2013-03-22,1.98984887702651
2013-03-23,1.80493874638819
2013-03-24,1.94905492219331
2013-03-25,1.99305003166477
2013-03-26,2.05609654577923
2013-03-27,2.20000849867056
2013-03-28,2.08407979727181
2013-03-29,2.05223545647722
2013-03-30,2.04782400571138
2013-03-31,2.0941513997415
2013-04-01,2.15231450619461
2013-04-02,2.28887017168922
2013-04-03,2.35911757643183
2013-04-04,2.30793117299733
2013-04-05,2.25988536917184
2013-04-06,2.21143828110246
2013-04-07,2.4836412430687
2013-04-08,2.58412296526137
2013-04-09,2.77967790980806
2013-04-10,1.78192364065331
2013-04-11,0.96792347701914
2013-04-12,1.35520148401583
2013-04-13,1.24391112412625
2013-04-14,1.1728785515936
2013-04-15,0.962055078095597
2013-04-16,0.906769232193571
2013-04-17,1.191171156183
2013-04-18,1.39991494462822
2013-04-19,1.51079858720789
2013-04-20,1.59467355227622
2013-04-21,1.46689239140857
2013-04-22,1.52741553095944
2013-04-23,1.6658787970107
2013-04-24,1.75016255208097
2013-04-25,1.5840565675151
2013-04-26,1.52798948437827
2013-04-27,1.41893420735835
2013-04-28,1.47567624846323
2013-04-29,1.53735437232817
2013-04-30,1.48700185824404
2013-05-01,1.25519881866258
2013-05-02,1.13500115145195
2013-05-03,1.07256554457601
2013-05-04,1.21949535763933
2013-05-05,1.27489085148017
2013-05-06,1.21708256180746
2013-05-07,1.21074280337424
2013-05-08,1.22414201791229
2013-05-09,1.20006891290225
2013-05-10,1.27228615356794
2013-05-11,1.24266250219082
2013-05-12,1.22539531510476
2013-05-13,1.24045709307095
2013-05-14,1.14340371677006
2013-05-15,1.15840786422395
2013-05-16,1.20763506648395
2013-05-17,1.24666931522653
2013-05-18,1.25084907287938
2013-05-19,1.22791386549655
2013-05-20,1.23710231660381
2013-05-21,1.22863419114214
2013-05-22,1.23532542696269
2013-05-23,1.28115543769937
2013-05-24,1.3220830974271
2013-05-25,1.31637791408065
2013-05-26,1.32547544768525
2013-05-27,1.28376369607056
2013-05-28,1.27874815467346
2013-05-29,1.31706123168599
2013-05-30,1.27274085375316
2013-05-31,1.28548514546044
2013-06-01,1.29101487168918
2013-06-02,1.22421266990427
2013-06-03,1.23067181559379
2013-06-04,1.19937374059542
2013-06-05,1.19905376195954
2013-06-06,1.1825013999546
2013-06-07,1.09185102960901
2013-06-08,1.07424876179017
2013-06-09,0.985369569779213
2013-06-10,1.03083298368948
2013-06-11,1.06021262437273
2013-06-12,1.05328927646612
2013-06-13,1.0079689890044
2013-06-14,0.981796290807203
2013-06-15,0.985982102430255
2013-06-16,0.978921356093113
2013-06-17,0.987887192936962
2013-06-18,1.02736081151319
2013-06-19,1.03457480792625
2013-06-20,1.01126868411926
2013-06-21,0.996542450678486
2013-06-22,0.98021455901438
2013-06-23,0.983611050436605
2013-06-24,0.971389290465874
2013-06-25,0.957600606981994
2013-06-26,0.962042278809122
2013-06-27,0.945560495109396
2013-06-28,0.875006538938829
2013-06-29,0.870435932369642
2013-06-30,0.875591435472522
2013-07-01,0.82193002330836
2013-07-02,0.860157156525888
2013-07-03,0.760266284133134
2013-07-04,0.772071453231934
2013-07-05,0.6609603329805
2013-07-06,0.651616098790021
2013-07-07,0.708032869869149
2013-07-08,0.729260021687683
2013-07-09,0.737350571256776
2013-07-10,0.844035615471862
2013-07-11,0.8580029263104
2013-07-12,0.867092264226608
2013-07-13,0.890480203830675
2013-07-14,0.87310739630312
2013-07-15,0.90829877167824
2013-07-16,0.88675422559459
2013-07-17,0.881631584421483
2013-07-18,0.827331297098706
2013-07-19,0.836891548045485
2013-07-20,0.824883646742944
2013-07-21,0.834469673204232
2013-07-22,0.831710275119849
2013-07-23,0.84343618521087
2013-07-24,0.856746001296999
2013-07-25,0.873034431982473
2013-07-26,0.871635433865696
2013-07-27,0.853385049222872
2013-07-28,0.893138532386886
2013-07-29,0.903360633701656
2013-07-30,0.927416940136619
2013-07-31,0.932464758068059
2013-08-01,0.919202341071489
2013-08-02,0.910104309492624
2013-08-03,0.906445245210489
2013-08-04,0.913909891734569
2013-08-05,0.924856539480285
2013-08-06,0.922744166051936
2013-08-07,0.91298053635226
2013-08-08,0.886028240419334
2013-08-09,0.870259846316199
2013-08-10,0.875530439633726
2013-08-11,0.880801006353704
2013-08-12,0.892248552371252
2013-08-13,0.91519286584654
2013-08-14,0.925307318833469
2013-08-15,0.914246602344459
2013-08-16,0.914367770849276
2013-08-17,0.926258592460471
2013-08-18,0.92226829159383
2013-08-19,0.95289913002146
2013-08-20,0.96780773466885
2013-08-21,1.023525077004
2013-08-22,1.0062923659877
2013-08-23,0.987673621914603
2013-08-24,0.997064600228626
2013-08-25,1.03282487599582
2013-08-26,1.01805913354065
2013-08-27,1.06684548001228
2013-08-28,1.06520488360566
2013-08-29,1.06740954806137
2013-08-30,1.11887293189704
2013-08-31,1.14546128093127
2013-09-01,1.15752705010005
2013-09-02,1.14397084239056
2013-09-03,1.13269083892665
2013-09-04,1.070204732459
2013-09-05,1.07554643579184
2013-09-06,1.03127771579557
2013-09-07,1.0533268821983
2013-09-08,1.04090694310418
2013-09-09,1.06718172445306
2013-09-10,1.07656660188032
2013-09-11,1.14926570604229
2013-09-12,1.15786121230118
2013-09-13,1.16254526764139
2013-09-14,1.12576132755543
2013-09-15,1.13425450173904
2013-09-16,1.1408364456295
2013-09-17,1.14393181078081
2013-09-18,1.14121946161592
2013-09-19,1.10910129788609
2013-09-20,1.09656428926274
2013-09-21,1.10051141743283
2013-09-22,1.09562597834939
2013-09-23,1.09385967377475
2013-09-24,1.10146973612147
2013-09-25,1.10246917689381
2013-09-26,1.11153801655293
2013-09-27,1.13531665260824
2013-09-28,1.13591431452533
2013-09-29,1.1373366890456
2013-09-30,1.13027740500051
2013-10-01,1.14144446047846
2013-10-02,0.933854721182465
2013-10-03,1.06290954278647
2013-10-04,1.09982016323598
2013-10-05,1.0901654912988
2013-10-06,1.10017240973704
2013-10-07,1.10749248701425
2013-10-08,1.11507551168773
2013-10-09,1.12448441717125
2013-10-10,1.13040167955254
2013-10-11,1.13403820113536
2013-10-12,1.13526332237067
2013-10-13,1.17704900433376
2013-10-14,1.1964588602286
2013-10-15,1.26601734260584
2013-10-16,1.19944710017594
2013-10-17,1.2455254297522
2013-10-18,1.31522211587941
2013-10-19,1.40830079141027
2013-10-20,1.40752715680697
2013-10-21,1.49096787299217
2013-10-22,1.53237064112246
2013-10-23,1.59848425516656
2013-10-24,1.50837704447802
2013-10-25,1.41463665014242
2013-10-26,1.350745645745
2013-10-27,1.45449892494542
2013-10-28,1.46159487453067
2013-10-29,1.49330614107563
2013-10-30,1.43994991336295
2013-10-31,1.46605788203265
2013-11-01,1.45191438416007
2013-11-02,1.45951354667281
2013-11-03,1.489083381459
2013-11-04,1.56147453764882
2013-11-05,1.62914973698684
2013-11-06,1.72125226807082
2013-11-07,1.80982402909166
2013-11-08,1.99720806901352
2013-11-09,1.93931999611444
2013-11-10,1.86745363194681
2013-11-11,1.92698879631117
2013-11-12,1.94089788104941
2013-11-13,2.07055926812956
2013-11-14,2.1161615786921
2013-11-15,2.04380069342201
2013-11-16,2.10518168696046
2013-11-17,2.24744535113857
2013-11-18,2.83114625473126
2013-11-19,2.21475811081066
2013-11-20,2.35209561820908
2013-11-21,2.70167824094681
2013-11-22,2.66281433440606
2013-11-23,2.5839582088503
2013-11-24,2.44334075713826
2013-11-25,2.3794063717345
2013-11-26,2.40794529442122
2013-11-27,2.4091124925942
2013-11-28,2.37407213814468
2013-11-29,2.50182985097921
2013-11-30,2.38714532624803
2013-12-01,2.00678496469492
2013-12-02,2.15106130159852
2013-12-03,2.12936244427602
2013-12-04,2.22914107165113
2013-12-05,1.99058111509283
2013-12-06,1.52787634017645
2013-12-07,1.31388553344986
2013-12-08,1.48379638182842
2013-12-09,1.67954218061232
2013-12-10,1.81319869765134
2013-12-11,1.60408734947746
2013-12-12,1.59021070101446
2013-12-13,1.59731775600602
2013-12-14,1.53903690564961
2013-12-15,1.55144649931553
2013-12-16,1.23456018003907
2013-12-17,1.23030825191394
2013-12-18,0.944338016014824
2013-12-19,1.24002432306825
2013-12-20,1.10009716500274
2013-12-21,1.08671367279438
2013-12-22,1.1280439346567
2013-12-23,1.20536443823336
2013-12-24,1.18642703716533
2013-12-25,1.23322588556121
2013-12-26,1.35006131423703
2013-12-27,1.29358059077531
2013-12-28,1.28752287282652
2013-12-29,1.30587832141402
2013-12-30,1.31885106723107
2013-12-31,1.31088117229544
2014-01-01,1.34668660818946
2014-01-02,1.39651174828321
2014-01-03,1.43083012425793
2014-01-04,1.44896386854289
2014-01-05,1.56719408959374
2014-01-06,1.56337256857329
2014-01-07,1.38408028235542
2014-01-08,1.3910629349307
2014-01-09,1.39430831339256
2014-01-10,1.43291889227671
2014-01-11,1.48551995265621
2014-01-12,1.40671024742373
2014-01-13,1.37599767224649
2014-01-14,1.35032128760973
2014-01-15,1.38103891084529
2014-01-16,1.3329894444921
2014-01-17,1.29466432516367
2014-01-18,1.32060756555687
2014-01-19,1.36765903441056
2014-01-20,1.34453055221959
2014-01-21,1.33238707340452
2014-01-22,1.31926669609111
2014-01-23,1.30300127311186
2014-01-24,1.25684320910802
2014-01-25,1.28359448346001
2014-01-26,1.29864673324028
2014-01-27,1.19761066735805
2014-01-28,1.2511240325887
2014-01-29,1.25974854345655
2014-01-30,1.26650071443741
2014-01-31,1.27094983468266
2014-02-01,1.28240006174654
2014-02-02,1.28212974277754
2014-02-03,1.26702398771988
2014-02-04,1.25692234246811
2014-02-05,1.21290852182234
2014-02-06,1.18367907612254
2014-02-07,1.10312194661014
2014-02-08,1.05638014947953
2014-02-09,1.06604539016673
2014-02-10,1.07252879698888
2014-02-11,1.05064549487864
2014-02-12,1.01705707084355
2014-02-13,0.947077250218903
2014-02-14,1.04474320180575
2014-02-15,1.02158600989905
2014-02-16,0.973399336492561
2014-02-17,0.985782669145021
2014-02-18,0.98077547371517
2014-02-19,0.979086945066245
2014-02-20,0.881354730222271
2014-02-21,0.899693853773195
2014-02-22,0.956838967342663
2014-02-23,0.951238382140172
2014-02-24,0.857301757013949
2014-02-25,0.857245122345875
2014-02-26,0.929402041569092
2014-02-27,0.929886036233198
2014-02-28,0.874741181034357
2014-03-01,0.903322673325362
2014-03-02,0.885163264987218
2014-03-03,1.07930216690731
2014-03-04,1.07166499231701
2014-03-05,1.06552947677767
2014-03-06,1.05802681630896
2014-03-07,0.99899449221294
2014-03-08,0.980515828983549
2014-03-09,1.0099837664986
2014-03-10,0.992777489749439
2014-03-11,0.993250303966514
2014-03-12,0.991550856099985
2014-03-13,1.00217490170299
2014-03-14,0.983585451230728
2014-03-15,0.9905680040413
2014-03-16,0.990404630257737
2014-03-17,0.972967472877028
2014-03-18,0.953900799757465
2014-03-19,0.951839532606216
2014-03-20,0.914499854886071
2014-03-21,0.893361210681283
2014-03-22,0.878879406108308
2014-03-23,0.872761103479568
2014-03-24,0.910621339893842
2014-03-25,0.910911233936466
2014-03-26,0.901003401657405
2014-03-27,0.727391498924767
2014-03-28,0.772429903791081
2014-03-29,0.745209657632267
2014-03-30,0.689802263411786
2014-03-31,0.689371378651182
2014-04-01,0.723518125390514
2014-04-02,0.663127244730099
2014-04-03,0.679801561073301
2014-04-04,0.682875424267107
2014-04-05,0.704670532428918
2014-04-06,0.696181742853822
2014-04-07,0.683075090181787
2014-04-08,0.689372705482426
2014-04-09,0.672822645141003
2014-04-10,0.561230826868852
2014-04-11,0.648909159176991
2014-04-12,0.647192480556526
2014-04-13,0.636558322177261
2014-04-14,0.699975211449781
2014-04-15,0.79688366025583
2014-04-16,0.801728771783654
2014-04-17,0.755369258716529
2014-04-18,0.730249679606821
2014-04-19,0.763175182884842
2014-04-20,0.75709084224453
2014-04-21,0.749169618255005
2014-04-22,0.739985416473077
2014-04-23,0.740448306529194
2014-04-24,0.758780242522119
2014-04-25,0.705465783329737
2014-04-26,0.698345543459784
2014-04-27,0.667432885973969
2014-04-28,0.673353444023228
2014-04-29,0.686581935728828
2014-04-30,0.695440215824739
2014-05-01,0.716459145618158
2014-05-02,0.709611291947305
2014-05-03,0.693325891480076
2014-05-04,0.69351831237015
2014-05-05,0.686094211495515
2014-05-06,0.68438190471916
2014-05-07,0.71347798239382
2014-05-08,0.712040099174294
2014-05-09,0.734719951093703
2014-05-10,0.745675894546312
2014-05-11,0.717013509003145
2014-05-12,0.725425494040753
2014-05-13,0.722319015648106
2014-05-14,0.737168394051554
2014-05-15,0.740224241436604
2014-05-16,0.744250770460418
2014-05-17,0.750474124703739
2014-05-18,0.746638622917263
2014-05-19,0.750277592979463
2014-05-20,0.821194996228041
2014-05-21,0.828223050433229
2014-05-22,0.886848660041503
2014-05-23,0.875937618325581
2014-05-24,0.882538105184503
2014-05-25,0.956172025386413
2014-05-26,0.976852390759168
2014-05-27,0.95756320019338
2014-05-28,0.970354579797446
2014-05-29,0.954323785705093
2014-05-30,1.03397185028337
2014-05-31,1.04537908156877
2014-06-01,1.04343380326528
2014-06-02,1.0931589473414
2014-06-03,1.10354477158901
2014-06-04,1.05742668378093
2014-06-05,1.08625782459957
2014-06-06,1.06340224614801
2014-06-07,1.07618616870428
2014-06-08,1.07933084396645
2014-06-09,1.0633484471372
2014-06-10,1.06440555933336
2014-06-11,1.02319751849347
2014-06-12,0.942296400508882
2014-06-13,0.978348076478266
2014-06-14,0.940710828316361
2014-06-15,0.969270286861464
2014-06-16,0.981347468880806
2014-06-17,1.00921569788446
2014-06-18,1.01346689968891
2014-06-19,0.992315915737901
2014-06-20,0.989103792443396
2014-06-21,0.989247780965833
2014-06-22,1.00661848288212
2014-06-23,0.987939649643431
2014-06-24,0.962357756025378
2014-06-25,0.942272909838847
2014-06-26,0.975557077117812
2014-06-27,1.01097258632622
2014-06-28,0.996126795345417
2014-06-29,1.01168320522052
2014-06-30,1.07460590394568
2014-07-01,1.08505298783066
2014-07-02,1.09156405204971
2014-07-03,1.08765046186444
2014-07-04,1.05597007404165
2014-07-05,1.05937228191086
2014-07-06,1.05811260968114
2014-07-07,1.0512860637066
2014-07-08,1.0490022427687
2014-07-09,1.04678607614314
2014-07-10,1.04602081873382
2014-07-11,1.07902446581923
2014-07-12,1.08383375191006
2014-07-13,1.07409381836923
2014-07-14,1.05632097977778
2014-07-15,1.06273779934135
2014-07-16,1.05189515442303
2014-07-17,1.06725174101638
2014-07-18,1.07619769655086
2014-07-19,1.07299400275018
2014-07-20,1.06622038004827
2014-07-21,1.05821437515042
2014-07-22,1.05504561001195
2014-07-23,1.0552988266407
2014-07-24,1.02841855938019
2014-07-25,1.02690987348757
2014-07-26,1.01460270728868
2014-07-27,1.00754947851658
2014-07-28,1.00527612264072
2014-07-29,0.996391455677789
2014-07-30,0.958849475003537
2014-07-31,0.991063986806245
2014-08-01,1.01599637282104
2014-08-02,1.00086497538038
2014-08-03,0.996396257749284
2014-08-04,0.999462429910527
2014-08-05,0.986672654546607
2014-08-06,0.994050447575498
2014-08-07,1.00183817767151
2014-08-08,1.00832425614093
2014-08-09,1.00816033025815
2014-08-10,1.01026858409269
2014-08-11,0.983878860877089
2014-08-12,0.974271467941614
2014-08-13,0.945197118577353
2014-08-14,0.87484094924878
2014-08-15,0.870017924812295
2014-08-16,0.911156339354038
2014-08-17,0.86993643228356
2014-08-18,0.832074311907535
2014-08-19,0.863223974210452
2014-08-20,0.91349444519619
2014-08-21,0.918717207561695
2014-08-22,0.910074042047573
2014-08-23,0.881282743817409
2014-08-24,0.90231756875987
2014-08-25,0.895043384697268
2014-08-26,0.912181303479317
2014-08-27,0.911333344865891
2014-08-28,0.911182223443586
2014-08-29,0.915868285826262
2014-08-30,0.902183131999557
2014-08-31,0.862362169777174
2014-09-01,0.858930794804648
2014-09-02,0.856255720054469
2014-09-03,0.858832868818334
2014-09-04,0.883103367726922
2014-09-05,0.864845233515256
2014-09-06,0.870076546094939
2014-09-07,0.865618291895692
2014-09-08,0.850080044153002
2014-09-09,0.862359973312287
2014-09-10,0.870827866964774
2014-09-11,0.871171356628973
2014-09-12,0.864422748435445
2014-09-13,0.87003255614742
2014-09-14,0.866587691076203
2014-09-15,0.856795598423695
2014-09-16,0.845759180230576
2014-09-17,0.826162024836409
2014-09-18,0.782185643611075
2014-09-19,0.731254453952905
2014-09-20,0.765309784442022
2014-09-21,0.744959697960923
2014-09-22,0.744452504175814
2014-09-23,0.821503769022985
2014-09-24,0.792625056503776
2014-09-25,0.767459341610095
2014-09-26,0.760292127758634
2014-09-27,0.753774661181111
2014-09-28,0.707514136230122
2014-09-29,0.707142695771166
2014-09-30,0.744426338560267
2014-10-01,0.730765064906509
2014-10-02,0.716687913311219
2014-10-03,0.687891371260641
2014-10-04,0.635951355055048
2014-10-05,0.632651432445982
2014-10-06,0.65493380514479
2014-10-07,0.670165293839366
2014-10-08,0.717160406651572
2014-10-09,0.732847978280569
2014-10-10,0.726288865824642
2014-10-11,0.731204153258226
2014-10-12,0.767161689453854
2014-10-13,0.788098774673943
2014-10-14,0.812799895503644
2014-10-15,0.800005832845769
2014-10-16,0.777209775374464
2014-10-17,0.777916239273797
2014-10-18,0.795325717563447
2014-10-19,0.788325131591403
2014-10-20,0.774217378814727
2014-10-21,0.783024555636315
2014-10-22,0.778784066387553
2014-10-23,0.728232696978888
2014-10-24,0.735014579859401
2014-10-25,0.713689134111265
2014-10-26,0.72879631708435
2014-10-27,0.723636459960469
2014-10-28,0.736119957594691
2014-10-29,0.69786424998241
2014-10-30,0.722038372363829
2014-10-31,0.708877390193206
2014-11-01,0.682553485917497
2014-11-02,0.685487338348081
2014-11-03,0.691131903692361
2014-11-04,0.699660640846059
2014-11-05,0.724296300042644
2014-11-06,0.752528637810893
2014-11-07,0.738747851517038
2014-11-08,0.748559346063362
2014-11-09,0.792430821798622
2014-11-10,0.792836355599959
2014-11-11,0.803580926278107
2014-11-12,0.928948486160944
2014-11-13,0.913757522754364
2014-11-14,0.892037628993355
2014-11-15,0.846358416770472
2014-11-16,0.87579125778159
2014-11-17,0.87293055114378
2014-11-18,0.846579238803514
2014-11-19,0.856309934756848
2014-11-20,0.809914847734615
2014-11-21,0.801028372003044
2014-11-22,0.806268136135469
2014-11-23,0.840671367725165
2014-11-24,0.860850853982156
2014-11-25,0.861142898493254
2014-11-26,0.845482056704788
2014-11-27,0.85330217664278
2014-11-28,0.878700443040678
2014-11-29,0.876628423053352
2014-11-30,0.879794486985793
2014-12-01,0.882485222841971
2014-12-02,0.891905111579434
2014-12-03,0.888351565145274
2014-12-04,0.873662313869855
2014-12-05,0.8973066353477
2014-12-06,0.895704230057678
2014-12-07,0.900791718765385
2014-12-08,0.870948944756328
2014-12-09,0.852252438290922
2014-12-10,0.846153337745052
2014-12-11,0.853062846859536
2014-12-12,0.865048378106077
2014-12-13,0.863174754485434
2014-12-14,0.880196351005527
2014-12-15,0.855891130529411
2014-12-16,0.812746286926616
2014-12-17,0.796753842718964
2014-12-18,0.778942456664638
2014-12-19,0.797953814768121
2014-12-20,0.832004303949004
2014-12-21,0.814430914060277
2014-12-22,0.842916566527186
2014-12-23,0.85766968222116
2014-12-24,0.829225726363698
2014-12-25,0.821609392485925
2014-12-26,0.847960069668252
2014-12-27,0.814892967562728
2014-12-28,0.820479723442437
2014-12-29,0.810446708877298
2014-12-30,0.816705978447951
2014-12-31,0.846123201891694
2015-01-01,0.829138151506597
2015-01-02,0.835330945544627
2015-01-03,0.7690329234809
2015-01-04,0.707970577364842
2015-01-05,0.747630000868995
2015-01-06,0.752536924683955
2015-01-07,0.765525539298811
2015-01-08,0.791809204434569
2015-01-09,0.825462492335455
2015-01-10,0.77703212165562
2015-01-11,0.763083257265193
2015-01-12,0.759000107723129
2015-01-13,0.650911232879714
2015-01-14,0.490443558786115
2015-01-15,0.633082007884994
2015-01-16,0.624048227280196
2015-01-17,0.599236050000599
2015-01-18,0.633128637627357
2015-01-19,0.65541633807658
2015-01-20,0.640998437581649
2015-01-21,0.704661853008809
2015-01-22,0.720685121775515
2015-01-23,0.726844692558107
2015-01-24,0.77822743787652
2015-01-25,0.794635720946575
2015-01-26,0.854643663629094
2015-01-27,0.823819603411445
2015-01-28,0.739216611458207
2015-01-29,0.737517905078153
2015-01-30,0.719755157760162
2015-01-31,0.696224522901423
2015-02-01,0.727356181875175
2015-02-02,0.760894608079376
2015-02-03,0.730178274448299
2015-02-04,0.730738407548639
2015-02-05,0.703855106538355
2015-02-06,0.722550857648561
2015-02-07,0.744839379236553
2015-02-08,0.731154271271548
2015-02-09,0.724492807436885
2015-02-10,0.726345305971426
2015-02-11,0.725916063151407
2015-02-12,0.738195634110471
2015-02-13,0.785360354588967
2015-02-14,0.856943524225569
2015-02-15,0.780073917205465
2015-02-16,0.786958616607564
2015-02-17,0.81079622773182
2015-02-18,0.79291873063938
2015-02-19,0.811373929108945
2015-02-20,0.824145414222283
2015-02-21,0.826025765021325
2015-02-22,0.800154280834123
2015-02-23,0.807620273385561
2015-02-24,0.812919075896103
2015-02-25,0.808796955078864
2015-02-26,0.806595120804529
2015-02-27,0.864350180007137
2015-02-28,0.866660866435821
2015-03-01,0.881101922302075
2015-03-02,0.939405234103932
2015-03-03,0.960485859986937
2015-03-04,0.92920512407522
2015-03-05,0.938571530091966
2015-03-06,0.92966373058391
2015-03-07,0.943105889006962
2015-03-08,0.940427860295948
2015-03-09,0.993876367879967
2015-03-10,1.00129843868379
2015-03-11,1.01341329243007
2015-03-12,1.00608516273976
2015-03-13,0.971993323196935
2015-03-14,0.966902205689362
2015-03-15,0.980130695826308
2015-03-16,0.994788500290289
2015-03-17,0.977554173341992
2015-03-18,0.886021463174347
2015-03-19,0.903744019025688
2015-03-20,0.9079683796576
2015-03-21,0.902379292466582
2015-03-22,0.928161941908348
2015-03-23,0.922240996935596
2015-03-24,0.853365848934325
2015-03-25,0.859897726446899
2015-03-26,0.87129642514105
2015-03-27,0.866681869976724
2015-03-28,0.886279125256532
2015-03-29,0.851162127347737
2015-03-30,0.872907073622809
2015-03-31,0.86097991340215
2015-04-01,0.87396547597113
2015-04-02,0.897782912476035
2015-04-03,0.900947685973241
2015-04-04,0.898738399018997
2015-04-05,0.924334163547863
2015-04-06,0.90729728589446
2015-04-07,0.899153507577757
2015-04-08,0.873298936677666
2015-04-09,0.869554352187241
2015-04-10,0.844626769208496
2015-04-11,0.846642264428438
2015-04-12,0.846499101095477
2015-04-13,0.808162920280144
2015-04-14,0.792992832084266
2015-04-15,0.811563674603061
2015-04-16,0.828173256523882
2015-04-17,0.813173687366968
2015-04-18,0.816888993822902
2015-04-19,0.817103936275644
2015-04-20,0.825132161680956
2015-04-21,0.862800361820978
2015-04-22,0.859098981924041
2015-04-23,0.870693327768667
2015-04-24,0.853922831040329
2015-04-25,0.838743920237389
2015-04-26,0.817771422046833
2015-04-27,0.845216668071628
2015-04-28,0.838503753964546
2015-04-29,0.84165129703848
2015-04-30,0.881299220225133
2015-05-01,0.868592615186942
2015-05-02,0.885166422276119
2015-05-03,0.904233821810412
2015-05-04,0.899969781656215
2015-05-05,0.89072347987921
2015-05-06,0.867842182911458
2015-05-07,0.894928877979691
2015-05-08,0.930993160282541
2015-05-09,0.926885375362114
2015-05-10,0.921906748126014
2015-05-11,0.928518683801232
2015-05-12,0.934753307768201
2015-05-13,0.918092822515079
2015-05-14,0.921508769556085
2015-05-15,0.925112240448197
2015-05-16,0.920380389496279
2015-05-17,0.921745860842276
2015-05-18,0.908274188299839
2015-05-19,0.906704778430708
2015-05-20,0.916563596428802
2015-05-21,0.921774367760359
2015-05-22,0.940682726118343
2015-05-23,0.937589555340108
2015-05-24,0.944571925939374
2015-05-25,0.932201505263922
2015-05-26,0.933611280834705
2015-05-27,0.935197872565989
2015-05-28,0.941530098943729
2015-05-29,0.938839037893778
2015-05-30,0.925759860555427
2015-05-31,0.916508216382638
2015-06-01,0.893813879422674
2015-06-02,0.905207179154312
2015-06-03,0.909021555646574
2015-06-04,0.905691273699143
2015-06-05,0.909087345612928
2015-06-06,0.910865869229898
2015-06-07,0.905486299879636
2015-06-08,0.925662166777173
2015-06-09,0.928363864577426
2015-06-10,0.927829603888125
2015-06-11,0.932216284443482
2015-06-12,0.94080023355494
2015-06-13,0.954765039794972
2015-06-14,0.951456212603992
2015-06-15,0.969613925226086
2015-06-16,1.02683215834645
2015-06-17,1.01531588584319
2015-06-18,1.01231611710943
2015-06-19,0.995523358385547
2015-06-20,0.994460721480325
2015-06-21,0.988906105988162
2015-06-22,0.998126204815868
2015-06-23,0.986624574421646
2015-06-24,0.970191548064352
2015-06-25,0.979384836779258
2015-06-26,0.98137378961943
2015-06-27,1.01486687466739
2015-06-28,1.0036372844556
2015-06-29,1.03394354902812
2015-06-30,1.05854343733135
2015-07-01,1.03544537342411
2015-07-02,1.02084013849073
2015-07-03,1.026664694166
2015-07-04,1.04302986433221
2015-07-05,1.08356093747155
2015-07-06,1.0682558284205
2015-07-07,1.05400306331196
2015-07-08,1.07106426143219
2015-07-09,1.06410507197615
2015-07-10,1.12540441543121
2015-07-11,1.14782695535924
2015-07-12,1.20724571595109
2015-07-13,1.13517140447118
2015-07-14,1.11402343252099
2015-07-15,1.10306204414812
2015-07-16,1.07559832658581
2015-07-17,1.07813132433765
2015-07-18,1.06706654408888
2015-07-19,1.05987729163794
2015-07-20,1.07343513196504
2015-07-21,1.06546979287621
2015-07-22,1.06709638987783
2015-07-23,1.06428828049881
2015-07-24,1.10853836349371
2015-07-25,1.10449152590617
2015-07-26,1.11779551963291
2015-07-27,1.11891931110103
2015-07-28,1.12055675572571
2015-07-29,1.09995822767101
2015-07-30,1.09220642095092
2015-07-31,1.07626720457957
2015-08-01,1.06867469278679
2015-08-02,1.06894004426586
2015-08-03,1.0668233624441
2015-08-04,1.07869464460927
2015-08-05,1.06623562186307
2015-08-06,1.05376861871036
2015-08-07,1.05759069849767
2015-08-08,0.987833622480414
2015-08-09,1.0125592885417
2015-08-10,1.00471913083981
2015-08-11,1.03161680731624
2015-08-12,1.02020977358038
2015-08-13,1.01085011367259
2015-08-14,1.02372784019161
2015-08-15,1.00981970795655
2015-08-16,0.997501017511678
2015-08-17,0.991758491297608
2015-08-18,0.862810124792602
2015-08-19,0.89337067633806
2015-08-20,0.926375758271781
2015-08-21,0.919375812567813
2015-08-22,0.91484492098875
2015-08-23,0.907504158325199
2015-08-24,0.843784477236083
2015-08-25,0.893977870836043
2015-08-26,0.912063331269107
2015-08-27,0.910085977087823
2015-08-28,0.934340677895126
2015-08-29,0.928298983623766
2015-08-30,0.925338143502205
2015-08-31,0.932993527389832
2015-09-01,0.922411138504683
2015-09-02,0.927247126018559
2015-09-03,0.92228107479807
2015-09-04,0.93880822041251
2015-09-05,0.956876232164096
2015-09-06,0.975170951135683
2015-09-07,0.973914523322507
2015-09-08,0.987093659862464
2015-09-09,0.963455103695284
2015-09-10,0.965225757453656
2015-09-11,0.97367040913617
2015-09-12,0.952681462769569
2015-09-13,0.931520409847655
2015-09-14,0.935083096070318
2015-09-15,0.93620564679003
2015-09-16,0.928838747001807
2015-09-17,0.94687250256177
2015-09-18,0.947162027104259
2015-09-19,0.939891258370629
2015-09-20,0.937669687181189
2015-09-21,0.922714392732722
2015-09-22,0.939533146736957
2015-09-23,0.936483503793956
2015-09-24,0.955504127037467
2015-09-25,0.957504241739921
2015-09-26,0.95431022527583
2015-09-27,0.949182774449072
2015-09-28,0.973767107474384
2015-09-29,0.963483246833396
2015-09-30,0.962371942333473
2015-10-01,0.966623469540233
2015-10-02,0.967745303936919
2015-10-03,0.972814852306603
2015-10-04,0.971777394987848
2015-10-05,0.977332146120824
2015-10-06,0.999785730320699
2015-10-07,0.985351634067626
2015-10-08,0.983390656387808
2015-10-09,0.989163211117417
2015-10-10,0.994506787892828
2015-10-11,1.00431635725153
2015-10-12,0.992994636679547
2015-10-13,1.00872154817221
2015-10-14,1.01898670006016
2015-10-15,1.02327731406262
2015-10-16,1.05196347761239
2015-10-17,1.08701926537985
2015-10-18,1.05180838376741
2015-10-19,1.0515977344714
2015-10-20,1.07298609846521
2015-10-21,1.06025453005018
2015-10-22,1.08544799796022
2015-10-23,1.09385963311415
2015-10-24,1.11045980869603
2015-10-25,1.11827777545939
2015-10-26,1.11434910637127
2015-10-27,1.1396178784427
2015-10-28,1.15700254371233
2015-10-29,1.19055404165678
2015-10-30,1.21784504587303
2015-10-31,1.15031172124289
2015-11-01,1.20632853720418
2015-11-02,1.31296891529421
2015-11-03,1.40612522818065
2015-11-04,1.3453505195955
2015-11-05,1.25582024130463
2015-11-06,1.22035534894926
2015-11-07,1.25294692258102
2015-11-08,1.20260935912177
2015-11-09,1.22557262369947
2015-11-10,1.08533494999484
2015-11-11,1.01005205999101
2015-11-12,1.11010677821177
2015-11-13,1.10033511259415
2015-11-14,1.08984140530915
2015-11-15,1.0495487543647
2015-11-16,1.08766182101055
2015-11-17,1.0957014519312
2015-11-18,1.08927110169218
2015-11-19,1.06250237533952
2015-11-20,1.04877759597714
2015-11-21,1.06144998224727
2015-11-22,1.05311139726543
2015-11-23,1.05001607749165
2015-11-24,1.04117812676746
2015-11-25,1.06877918826158
2015-11-26,1.14059882792946
2015-11-27,1.15158328422607
2015-11-28,1.144338009776
2015-11-29,1.18023920114189
2015-11-30,1.19457047874931
2015-12-01,1.1468228282455
2015-12-02,1.13355249811018
2015-12-03,1.13784859001907
2015-12-04,1.14460578252978
2015-12-05,1.21153505140291
2015-12-06,1.20331263794377
2015-12-07,1.2177834009893
2015-12-08,1.2787608413544
2015-12-09,1.26433481333277
2015-12-10,1.25049486777511
2015-12-11,1.34796926641583
2015-12-12,1.29066495887588
2015-12-13,1.27942444792066
2015-12-14,1.29638324892024
2015-12-15,1.34086430620659
2015-12-16,1.30621134989818
2015-12-17,1.30548001171906
2015-12-18,1.31973623102376
2015-12-19,1.30658523929568
2015-12-20,1.25020166263731
2015-12-21,1.23572806576685
2015-12-22,1.22640518513313
2015-12-23,1.24413722429647
2015-12-24,1.27318796952145
2015-12-25,1.26762188624359
2015-12-26,1.16663703286268
2015-12-27,1.17692038647289
2015-12-28,1.17452680716393
2015-12-29,1.20472572118714
2015-12-30,1.18935566809652
2015-12-31,1.19096725337428
2016-01-01,1.20318399636634
2016-01-02,1.20203766715089
2016-01-03,1.18912610145086
2016-01-04,1.19390030003812
2016-01-05,1.18977068422089
2016-01-06,1.17886527723884
2016-01-07,1.25224732323169
2016-01-08,1.23034878480892
2016-01-09,1.21921742450872
2016-01-10,1.21170480221496
2016-01-11,1.19821892789206
2016-01-12,1.16780168033336
2016-01-13,1.14963759085191
2016-01-14,1.14218501929053
2016-01-15,0.968068623805847
2016-01-16,1.0408777320379
2016-01-17,1.01639422725138
2016-01-18,1.03429177986068
2016-01-19,1.01282942031453
2016-01-20,1.12411182652085
2016-01-21,1.093447785968
2016-01-22,1.02457448374157
2016-01-23,1.03042513649757
2016-01-24,1.073124181194
2016-01-25,1.042352779839
2016-01-26,1.04074679009377
2016-01-27,1.04410654395911
2016-01-28,1.00600653988692
2016-01-29,1.00686216044
2016-01-30,1.00284994722255
2016-01-31,0.978457531637492
2016-02-01,0.989416789958178
2016-02-02,0.993427526577124
2016-02-03,0.9828466016766
2016-02-04,1.0331660215097
2016-02-05,1.02023082366174
2016-02-06,0.998306888550168
2016-02-07,1.00132462973874
2016-02-08,0.987779207765472
2016-02-09,0.993706423121532
2016-02-10,1.00623352719201
2016-02-11,1.00561826245431
2016-02-12,1.01479747216427
2016-02-13,1.03088703538268
2016-02-14,1.0737797487577
2016-02-15,1.05076740684308
2016-02-16,1.06728496143302
2016-02-17,1.08363335463879
2016-02-18,1.09722716807695
2016-02-19,1.0915220302681
2016-02-20,1.12361638188141
2016-02-21,1.12955005616193
2016-02-22,1.12442567424674
2016-02-23,1.07832946308359
2016-02-24,1.08787092603129
2016-02-25,1.08533225907826
2016-02-26,1.09870676844703
2016-02-27,1.10534193883098
2016-02-28,1.0994981098148
2016-02-29,1.10628383186264
2016-03-01,1.09342656487316
2016-03-02,1.06043998587205
2016-03-03,1.05677955973738
2016-03-04,1.02952799040719
2016-03-05,1.00412161685823
2016-03-06,1.02090859647625
2016-03-07,1.04836928179116
2016-03-08,1.0368313160528
2016-03-09,1.03935747424962
2016-03-10,1.04471901998127
2016-03-11,1.04912277290723
2016-03-12,1.02821526397336
2016-03-13,1.03271759202833
2016-03-14,1.03711483832094
2016-03-15,1.03802308747329
2016-03-16,1.03879084765988
2016-03-17,1.04180540278953
2016-03-18,1.02038247271206
2016-03-19,1.02044785392598
2016-03-20,1.02426766517882
2016-03-21,1.02290376685228
2016-03-22,1.03408785140938
2016-03-23,1.03456770927511
2016-03-24,1.02154170056115
2016-03-25,1.03002670132568
2016-03-26,1.02983291181221
2016-03-27,1.04879952198798
2016-03-28,1.04160508140202
2016-03-29,1.02465595409426
2016-03-30,1.01524753782235
2016-03-31,1.02246070420705
2016-04-01,1.02593300517458
2016-04-02,1.03000299378221
2016-04-03,1.02935865229225
2016-04-04,1.02736577331399
2016-04-05,1.03252180003055
2016-04-06,1.02915584336462
2016-04-07,1.0291483276869
2016-04-08,1.01985100320871
2016-04-09,1.02121179099367
2016-04-10,1.02887959376537
2016-04-11,1.03175761536189
2016-04-12,1.03719802033244
2016-04-13,1.03365828741274
2016-04-14,1.03337552494052
2016-04-15,1.04360142252909
2016-04-16,1.04721361307441
2016-04-17,1.04003538971753
2016-04-18,1.03833966202218
2016-04-19,1.05322035781495
2016-04-20,1.06344952579955
2016-04-21,1.08510253573358
2016-04-22,1.0731151617498
2016-04-23,1.08557362590137
2016-04-24,1.10320061100546
2016-04-25,1.1072901732099
2016-04-26,1.11059685811534
2016-04-27,1.05610516827242
2016-04-28,1.0644070020412
2016-04-29,1.07953067165295
2016-04-30,1.06622669458944
2016-05-01,1.07387917167561
2016-05-02,1.05010671966399
2016-05-03,1.06313038910033
2016-05-04,1.05129746672595
2016-05-05,1.05440143551381
2016-05-06,1.07887858428575
2016-05-07,1.07568065954572
2016-05-08,1.07657779252367
2016-05-09,1.08064081263383
2016-05-10,1.05350174343399
2016-05-11,1.0576869949435
2016-05-12,1.06002819570063
2016-05-13,1.06368164773719
2016-05-14,1.06426395178256
2016-05-15,1.07023651623458
2016-05-16,1.05505401554202
2016-05-17,1.05105887596137
2016-05-18,1.05300816477794
2016-05-19,1.02261421126157
2016-05-20,1.02687941120466
2016-05-21,1.03330434662053
2016-05-22,1.02286399443787
2016-05-23,1.03032930471718
2016-05-24,1.03458391817816
2016-05-25,1.04357910195992
2016-05-26,1.05078910672465
2016-05-27,1.08513969495358
2016-05-28,1.19483736925789
2016-05-29,1.18408630701757
2016-05-30,1.19520438674874
2016-05-31,1.18763266746165
2016-06-01,1.19242850376345
2016-06-02,1.18976467812959
2016-06-03,1.25032864339584
2016-06-04,1.25556342976417
2016-06-05,1.25015912426576
2016-06-06,1.26428405094427
2016-06-07,1.24450875942734
2016-06-08,1.25082707872149
2016-06-09,1.23242351434272
2016-06-10,1.23458929928122
2016-06-11,1.28578413409742
2016-06-12,1.4015248688237
2016-06-13,1.43294400985574
2016-06-14,1.37982862245328
2016-06-15,1.38318885248829
2016-06-16,1.48161909142579
2016-06-17,1.435029426522
2016-06-18,1.43327728872765
2016-06-19,1.44432706789505
2016-06-20,1.33954737440323
2016-06-21,1.24963824802687
2016-06-22,1.09595419363976
2016-06-23,1.18480290217631
2016-06-24,1.25116779085571
2016-06-25,1.24154846212026
2016-06-26,1.18458260080676
2016-06-27,1.2102152246355
2016-06-28,1.19861739429174
2016-06-29,1.18184764297179
2016-06-30,1.24088286592391
2016-07-01,1.24646527430756
2016-07-02,1.28515280454154
2016-07-03,1.21807274218191
2016-07-04,1.24110608576734
2016-07-05,1.21545638693167
2016-07-06,1.22682944569326
2016-07-07,1.16223971190805
2016-07-08,1.20517862744327
2016-07-09,1.1858075466756
2016-07-10,1.1725924812551
2016-07-11,1.1718232992879
2016-07-12,1.19305714899881
2016-07-13,1.17341240191058
2016-07-14,1.18085119105951
2016-07-15,1.1914055715396
2016-07-16,1.1836185888809
2016-07-17,1.20404454454363
2016-07-18,1.19578175193708
2016-07-19,1.19015169373359
2016-07-20,1.17675350768033
2016-07-21,1.17313412397976
2016-07-22,1.14644885316154
2016-07-23,1.15493939705896
2016-07-24,1.15576259010806
2016-07-25,1.14997890164854
2016-07-26,1.14515992976502
2016-07-27,1.14440452938901
2016-07-28,1.14019005158445
2016-07-29,1.14190581590616
2016-07-30,1.13851499619729
2016-07-31,1.09086944283751
2016-08-01,1.05148821555871
2016-08-02,0.950284821864935
2016-08-03,1.00278456890983
2016-08-04,1.0276398641411
2016-08-05,1.0199518832671
2016-08-06,1.03926953899143
2016-08-07,1.04553050248948
2016-08-08,1.03886697383035
2016-08-09,1.02960772423768
2016-08-10,1.04119532878998
2016-08-11,1.02967617454245
2016-08-12,1.03071907216743
2016-08-13,1.02589154748386
2016-08-14,1.00170232678202
2016-08-15,0.996282159001445
2016-08-16,1.01420340503312
2016-08-17,1.00608657688191
2016-08-18,1.00519671190393
2016-08-19,1.00655596381645
2016-08-20,1.01532255857919
2016-08-21,1.01497975906968
2016-08-22,1.02211322762177
2016-08-23,1.01638895657219
2016-08-24,1.00997258694556
2016-08-25,1.00520149712339
2016-08-26,1.01053350367857
2016-08-27,0.992884585175217
2016-08-28,1.00224845946193
2016-08-29,0.999024293695248
2016-08-30,1.0028941834406
2016-08-31,0.994910361642412
2016-09-01,0.996944188771516
2016-09-02,0.99914874624158
2016-09-03,1.035061769834
2016-09-04,1.0599503845461
2016-09-05,1.048954367831
2016-09-06,1.05598770880168
2016-09-07,1.05842933794954
2016-09-08,1.07716202748082
2016-09-09,1.06211797937526
2016-09-10,1.06167511305887
2016-09-11,1.03184471595399
2016-09-12,1.03188331163348
2016-09-13,1.03218915733732
2016-09-14,1.03188593108772
2016-09-15,1.0249696123513
2016-09-16,1.02801879913493
2016-09-17,1.02105915731804
2016-09-18,1.03052577417244
2016-09-19,1.02694836105597
2016-09-20,1.02079928184836
2016-09-21,1.00366084061111
2016-09-22,1.00080888069856
2016-09-23,1.0092620042892
2016-09-24,1.00976619411369
2016-09-25,1.00593992277465
2016-09-26,1.0144546921837
2016-09-27,1.0112336992776
2016-09-28,1.00957747327349
2016-09-29,1.01035184631744
2016-09-30,1.01489061709335
2016-10-01,1.02362065346997
2016-10-02,1.01349402852437
2016-10-03,1.01723441404759
2016-10-04,1.01151498331714
2016-10-05,1.01386398622269
2016-10-06,1.01267881035695
2016-10-07,1.01996127956764
2016-10-08,1.02305372867553
2016-10-09,1.01645945976331
2016-10-10,1.02037420928351
2016-10-11,1.05611392625274
2016-10-12,1.04345729582943
2016-10-13,1.04077368978143
2016-10-14,1.0431792530299
2016-10-15,1.03984040283416
2016-10-16,1.044063041012
2016-10-17,1.04016828288439
2016-10-18,1.03292111295091
2016-10-19,1.01652509900286
2016-10-20,1.01461301965956
2016-10-21,1.01623997271845
2016-10-22,1.05019022380669
2016-10-23,1.04647344725078
2016-10-24,1.04032854690847
2016-10-25,1.04672920082819
2016-10-26,1.07573488355865
2016-10-27,1.08426625967263
2016-10-28,1.08785692159531
2016-10-29,1.12502670906142
2016-10-30,1.09742842899312
2016-10-31,1.09303979388926
2016-11-01,1.13738718142267
2016-11-02,1.14122363783466
2016-11-03,1.06892471060656
2016-11-04,1.09173239608635
2016-11-05,1.09330178760261
2016-11-06,1.1038332686104
2016-11-07,1.08527962778415
2016-11-08,1.09468860007164
2016-11-09,1.10554160301751
2016-11-10,1.09296536741977
2016-11-11,1.09577966337557
2016-11-12,1.07500850259914
2016-11-13,1.07558934853561
2016-11-14,1.07692514159809
2016-11-15,1.08704626792452
2016-11-16,1.12249215801151
2016-11-17,1.10540422402147
2016-11-18,1.13196332230304
2016-11-19,1.13563188754201
2016-11-20,1.10127678250669
2016-11-21,1.11190598063691
2016-11-22,1.12870959453276
2016-11-23,1.11625889115162
2016-11-24,1.10721798992591
2016-11-25,1.11051370160109
2016-11-26,1.09961874316628
2016-11-27,1.09352129088213
2016-11-28,1.09393662422622
2016-11-29,1.09621644124874
2016-11-30,1.10933221614244
2016-12-01,1.12204107530181
2016-12-02,1.14341788059975
2016-12-03,1.13029801695357
2016-12-04,1.12887999392413
2016-12-05,1.10749615018902
2016-12-06,1.11626553514699
2016-12-07,1.12242090461994
2016-12-08,1.12501800515303
2016-12-09,1.12574995531532
2016-12-10,1.13128702829863
2016-12-11,1.12156506462253
2016-12-12,1.13152019640066
2016-12-13,1.130106769817
2016-12-14,1.12491552364429
2016-12-15,1.1222425734124
2016-12-16,1.1322754497992
2016-12-17,1.13630090996485
2016-12-18,1.13634670238093
2016-12-19,1.13433700518369
2016-12-20,1.14474176609111
2016-12-21,1.17728313971146
2016-12-22,1.210932448391
2016-12-23,1.27727203854949
2016-12-24,1.23965320160738
2016-12-25,1.2413260853142
2016-12-26,1.24217630736717
2016-12-27,1.26621520002254
2016-12-28,1.32981835391083
2016-12-29,1.30458432031548
2016-12-30,1.28332479191578
2016-12-31,1.28804211448975
2017-01-01,1.319807669825
2017-01-02,1.3316174979077
2017-01-03,1.33744917280782
2017-01-04,1.42394301030872
2017-01-05,1.2512225665006
2017-01-06,1.12048198972884
2017-01-07,1.13388612668048
2017-01-08,1.15454893562675
2017-01-09,1.1312073768172
2017-01-10,1.13392776811364
2017-01-11,0.994853069785091
2017-01-12,1.02407741152254
2017-01-13,1.04684882076474
2017-01-14,1.044176352269
2017-01-15,1.04770215201417
2017-01-16,1.05215028643724
2017-01-17,1.13954227245801
2017-01-18,1.11412727515984
2017-01-19,1.12974342113438
2017-01-20,1.1177801652871
2017-01-21,1.14984013961256
2017-01-22,1.14414580190381
2017-01-23,1.13887916183196
2017-01-24,1.09389198876452
2017-01-25,1.10484756212382
2017-01-26,1.12436409195736
2017-01-27,1.12830881144954
2017-01-28,1.12721743937032
2017-01-29,1.11440108333809
2017-01-30,1.12078441426904
2017-01-31,1.17318736198749
2017-02-01,1.19336711423041
2017-02-02,1.20927865649407
2017-02-03,1.21046513795792
2017-02-04,1.22861753032844
2017-02-05,1.20199857745881
2017-02-06,1.20567453132472
2017-02-07,1.23523395510852
2017-02-08,1.22830291290124
2017-02-09,1.15031101161124
2017-02-10,1.16116928361443
2017-02-11,1.17787384453484
2017-02-12,1.16462612484638
2017-02-13,1.15683687722563
2017-02-14,1.16235603983546
2017-02-15,1.16383699656049
2017-02-16,1.18598103549284
2017-02-17,1.20018871860365
2017-02-18,1.20334322023457
2017-02-19,1.19716728167129
2017-02-20,1.22815046513357
2017-02-21,1.26439165470797
2017-02-22,1.25768290174511
2017-02-23,1.31643625888029
2017-02-24,1.29141715079962
2017-02-25,1.2566454876596
2017-02-26,1.28200687009406
2017-02-27,1.28902650467841
2017-02-28,1.28455078918962
2017-03-01,1.30834394195754
2017-03-02,1.33702792366415
2017-03-03,1.34811486647187
2017-03-04,1.31650612653589
2017-03-05,1.32170143672561
2017-03-06,1.32019406048978
2017-03-07,1.26533591930558
2017-03-08,1.17865390745726
2017-03-09,1.21439689342138
2017-03-10,1.1311072459333
2017-03-11,1.2042337415913
2017-03-12,1.25055145140122
2017-03-13,1.25117341182325
2017-03-14,1.24984911410352
2017-03-15,1.25614724614003
2017-03-16,1.17115117602784
2017-03-17,1.0702537853112
2017-03-18,0.969947725831284
2017-03-19,1.02064287357937
2017-03-20,1.04779620898935
2017-03-21,1.11432618214414
2017-03-22,1.03785658059288
2017-03-23,1.02790897648328
2017-03-24,0.939254162001684
2017-03-25,0.972046661476354
2017-03-26,0.978652461195938
2017-03-27,1.05076859640541
2017-03-28,1.05180594941796
2017-03-29,1.04491796550604
2017-03-30,1.03833835441495
2017-03-31,1.08005499934568
2017-04-01,1.08742971097161
2017-04-02,1.09777030091781
2017-04-03,1.13297728422167
2017-04-04,1.12904339940966
2017-04-05,1.11624610178929
2017-04-06,1.1695853614307
2017-04-07,1.16492295287583
2017-04-08,1.15177830869095
2017-04-09,1.17438444567298
2017-04-10,1.1709848957384
2017-04-11,1.17798825123151
2017-04-12,1.16653808125577
2017-04-13,1.1222626804631
2017-04-14,1.1224533637827
2017-04-15,1.12545366798498
2017-04-16,1.11905901253207
2017-04-17,1.13519671029828
2017-04-18,1.13919806447802
2017-04-19,1.14630425473137
2017-04-20,1.16367482548418
2017-04-21,1.17231094259645
2017-04-22,1.16356063764575
2017-04-23,1.16945178242824
2017-04-24,1.17325342640875
2017-04-25,1.18721650632348
2017-04-26,1.19623524724241
2017-04-27,1.23567032760332
2017-04-28,1.23209887883739
2017-04-29,1.23959158217462
2017-04-30,1.25406973965127
2017-05-01,1.28851774707431
2017-05-02,1.29937717643243
2017-05-03,1.33505638206853
2017-05-04,1.34127588788591
2017-05-05,1.30341290898052
2017-05-06,1.34133083012381
2017-05-07,1.33927411405809
2017-05-08,1.39847958161751
2017-05-09,1.40367181060456
2017-05-10,1.43636453993461
2017-05-11,1.45512894454453
2017-05-12,1.33427182116732
2017-05-13,1.39962131066131
2017-05-14,1.38937440798265
2017-05-15,1.33528305798781
2017-05-16,1.34635874217125
2017-05-17,1.37151756573982
2017-05-18,1.42563037624841
2017-05-19,1.46405064881501
2017-05-20,1.51169182775813
2017-05-21,1.48392144604633
2017-05-22,1.47352602774763
2017-05-23,1.57948644858049
2017-05-24,1.64787448467618
2017-05-25,1.52959872934489
2017-05-26,1.49396155672971
2017-05-27,1.3468943135517
2017-05-28,1.43212207144218
2017-05-29,1.46114602879409
2017-05-30,1.38826616502289
2017-05-31,1.44239443230568
2017-06-01,1.49333884424284
2017-06-02,1.52102336626053
2017-06-03,1.54393643480877
2017-06-04,1.51417548122379
2017-06-05,1.59281634745831
2017-06-06,1.67261678468855
2017-06-07,1.55006509387564
2017-06-08,1.59281294136338
2017-06-09,1.57659552423051
2017-06-10,1.62086029896059
2017-06-11,1.63450808032125
2017-06-12,1.4569729236737
2017-06-13,1.45188206802023
2017-06-14,1.30486301298426
2017-06-15,1.29053672306324
2017-06-16,1.31925567181966
2017-06-17,1.40113125664522
2017-06-18,1.3184324519256
2017-06-19,1.35111927011996
2017-06-20,1.41370784664707
2017-06-21,1.36014539125124
2017-06-22,1.37127315637019
2017-06-23,1.36752130400827
2017-06-24,1.29742372101518
2017-06-25,1.26250787772847
2017-06-26,1.22611786372471
2017-06-27,1.28373854336508
2017-06-28,1.2814323101814
2017-06-29,1.26463492076648
2017-06-30,1.21879118227556
2017-07-01,1.2006444211935
2017-07-02,1.24536437067409
2017-07-03,1.24912854522178
2017-07-04,1.27107903878129
2017-07-05,1.27111880133041
2017-07-06,1.26379496237993
2017-07-07,1.19739038782499
2017-07-08,1.22969411408338
2017-07-09,1.2048686606663
2017-07-10,1.12689492660266
2017-07-11,1.11658451005815
2017-07-12,1.14341301960751
2017-07-13,1.12451701271276
2017-07-14,1.06698421945662
2017-07-15,0.963281812639642
2017-07-16,0.924620248992418
2017-07-17,1.07768729248651
2017-07-18,1.11358147997022
2017-07-19,1.09026446183045
2017-07-20,1.35178096681633
2017-07-21,1.26109293200155
2017-07-22,1.3278139178164
2017-07-23,1.28753804770192
2017-07-24,1.28029661873629
2017-07-25,1.18719367699434
2017-07-26,1.16384938024808
2017-07-27,1.21872800626438
2017-07-28,1.25912550140309
2017-07-29,1.20618994773766
2017-07-30,1.20497618997974
2017-07-31,1.24930102872995
2017-08-01,1.17759671818048
2017-08-02,1.1578524117754
2017-08-03,1.18851203231163
2017-08-04,1.20118791192143
2017-08-05,1.34711107479191
2017-08-06,1.30975339600482
2017-08-07,1.35192508997605
2017-08-08,1.34431797393486
2017-08-09,1.30275469739613
2017-08-10,1.32564363822018
2017-08-11,1.39734544166244
2017-08-12,1.46062009283853
2017-08-13,1.50852355585942
2017-08-14,1.57611942787888
2017-08-15,1.49980063458095
2017-08-16,1.5596252329951
2017-08-17,1.50599403321009
2017-08-18,1.4285426382597
2017-08-19,1.42223915284489
2017-08-20,1.39673177666871
2017-08-21,1.34881254848174
2017-08-22,1.37697642155413
2017-08-23,1.38027388070664
2017-08-24,1.43360412133534
2017-08-25,1.43106058863121
2017-08-26,1.42319066015909
2017-08-27,1.41433633922491
2017-08-28,1.41485192405686
2017-08-29,1.46741746034269
2017-08-30,1.4526558028805
2017-08-31,1.48009365160091
2017-09-01,1.52283363802094
2017-09-02,1.40634778531294
2017-09-03,1.41021176053352
2017-09-04,1.31971254900378
2017-09-05,1.33558567840447
2017-09-06,1.38571897733256
2017-09-07,1.37122631430046
2017-09-08,1.28149186694179
2017-09-09,1.27855729680118
2017-09-10,1.25018458166922
2017-09-11,1.23661982545381
2017-09-12,1.2233908269508
2017-09-13,1.13921360872891
2017-09-14,0.960956348110566
2017-09-15,1.10697666646477
2017-09-16,1.10585281150508
2017-09-17,1.10186099764937
2017-09-18,1.20496586307506
2017-09-19,1.15825723924977
2017-09-20,1.15155325759221
2017-09-21,1.06796258398254
2017-09-22,1.06765897458841
2017-09-23,1.11540924326302
2017-09-24,1.08197092975779
2017-09-25,1.15136782261128
2017-09-26,1.14026581021746
2017-09-27,1.22786828119698
2017-09-28,1.21852446314172
2017-09-29,1.20483159534482
2017-09-30,1.24972395331113
2017-10-01,1.25783412597823
2017-10-02,1.2558354381663
2017-10-03,1.22834290704732
2017-10-04,1.20116975262451
2017-10-05,1.22557624165062
2017-10-06,1.23439291484973
2017-10-07,1.24846813422424
2017-10-08,1.29292104073089
2017-10-09,1.32860093234374
2017-10-10,1.31088399554219
2017-10-11,1.32443396483056
2017-10-12,1.47877132054649
2017-10-13,1.50865566705263
2017-10-14,1.54694692994
2017-10-15,1.50771761562561
2017-10-16,1.51195344855247
2017-10-17,1.46139603047402
2017-10-18,1.44905126725044
2017-10-19,1.46975896839893
2017-10-20,1.53694497097687
2017-10-21,1.52862520272848
2017-10-22,1.51337816291941
2017-10-23,1.45856674337102
2017-10-24,1.35520577932984
2017-10-25,1.40573444009315
2017-10-26,1.43634279308409
2017-10-27,1.39756518844591
2017-10-28,1.3873107315265
2017-10-29,1.48511922813376
2017-10-30,1.46124490132494
2017-10-31,1.52528449893118
2017-11-01,1.57857400393271
2017-11-02,1.62613201818647
2017-11-03,1.63648909561672
2017-11-04,1.67400514014259
2017-11-05,1.64673771870796
2017-11-06,1.54564697890073
2017-11-07,1.56350934115711
2017-11-08,1.62649309113159
2017-11-09,1.53465549008614
2017-11-10,1.4176741022888
2017-11-11,1.34930493762502
2017-11-12,1.24312622019401
2017-11-13,1.37293028699226
2017-11-14,1.37590679695358
2017-11-15,1.50067887145945
2017-11-16,1.58861963943715
2017-11-17,1.54228214961818
2017-11-18,1.54709515922401
2017-11-19,1.57815968898069
2017-11-20,1.60468315509261
2017-11-21,1.54395721793856
2017-11-22,1.56680547021825
2017-11-23,1.52657518300089
2017-11-24,1.53820100664588
2017-11-25,1.61637966100685
2017-11-26,1.69605429572953
2017-11-27,1.73698318565755
2017-11-28,1.7255653360645
2017-11-29,1.67128814608834
2017-11-30,1.67813294164088
2017-12-01,1.79643452860601
2017-12-02,1.77752853050853
2017-12-03,1.81125490278642
2017-12-04,1.83999749869283
2017-12-05,1.82593788042067
2017-12-06,2.11171960118703
2017-12-07,2.40664342111906
2017-12-08,2.20328599559101
2017-12-09,1.9761205965048
2017-12-10,1.97590865361011
2017-12-11,2.14323894788675
2017-12-12,2.13491382646948
2017-12-13,1.99499087545246
2017-12-14,1.97673692063469
2017-12-15,2.05695309046687
2017-12-16,2.23397304200572
2017-12-17,2.15384783707107
2017-12-18,2.08974992330301
2017-12-19,1.94006285184562
2017-12-20,1.77483320411515
2017-12-21,1.67188938813237
2017-12-22,1.50558836498728
2017-12-23,1.56812585322981
2017-12-24,1.4892760232849
2017-12-25,1.49142230697811
2017-12-26,1.64897894237762
2017-12-27,1.6033297423677
2017-12-28,1.47387477430905
2017-12-29,1.50174045549547
2017-12-30,1.30225969863246
2017-12-31,1.41618177848599
2018-01-01,1.35204542693777
2018-01-02,1.4745549379833
2018-01-03,1.485880173781
2018-01-04,1.47050286873059
2018-01-05,1.6165767890078
2018-01-06,1.6123765576358
2018-01-07,1.50420789644798
2018-01-08,1.39248512143555
2018-01-09,1.32718059244287
2018-01-10,1.35491052213968
2018-01-11,1.21033504799516
2018-01-12,1.25017527653484
2018-01-13,1.2808283614807
2018-01-14,1.23582744906441
2018-01-15,1.21695910601673
2018-01-16,1.03548137379863
2018-01-17,1.01292993622313
2018-01-18,1.02514274999891
2018-01-19,1.04495242375879
2018-01-20,1.15629019447392
2018-01-21,1.03256430092065
2018-01-22,0.968588769506907
2018-01-23,0.983065027077448
2018-01-24,1.02143873156181
2018-01-25,1.00771669580318
2018-01-26,1.00435982406022
2018-01-27,1.02732739661142
2018-01-28,1.04517208342069
2018-01-29,1.00387795633388
2018-01-30,0.898878322818842
2018-01-31,0.912874444295859
2018-02-01,0.821014454218247
2018-02-02,0.80957612075971
2018-02-03,0.838855914339802
2018-02-04,0.759553839094274
2018-02-05,0.644215916689278
2018-02-06,0.740133144687383
2018-02-07,0.719681764428353
2018-02-08,0.776088590990532
2018-02-09,0.823708072546077
2018-02-10,0.810498956479657
2018-02-11,0.766316978330104
2018-02-12,0.842809512180302
2018-02-13,0.806812315180399
2018-02-14,0.89820057300246
2018-02-15,0.950421447494656
2018-02-16,0.964778958129299
2018-02-17,1.04269320862779
2018-02-18,0.990198272079749
2018-02-19,1.04636499435996
2018-02-20,1.06025714355176
2018-02-21,0.989959370990494
2018-02-22,0.92917298695908
2018-02-23,0.953475134828021
2018-02-24,0.905979418604447
2018-02-25,0.891897872246778
2018-02-26,0.956507863158669
2018-02-27,0.98329199702127
2018-02-28,0.950360012243485
2018-03-01,0.999559074783262
2018-03-02,1.00823157408307
2018-03-03,1.04468892823043
2018-03-04,1.04589422974717
2018-03-05,1.0474016701272
2018-03-06,0.974673799186875
2018-03-07,0.90331042467468
2018-03-08,0.85390461565249
2018-03-09,0.856837285678974
2018-03-10,0.8096084402894
2018-03-11,0.876749295504962
2018-03-12,0.844323008706423
2018-03-13,0.844678480029118
2018-03-14,0.758887497590542
2018-03-15,0.76213470921209
2018-03-16,0.770683337490561
2018-03-17,0.728261314837525
2018-03-18,0.757986526442158
2018-03-19,0.79084035614225
2018-03-20,0.820607442752385
2018-03-21,0.822159176387089
2018-03-22,0.801945018703611
2018-03-23,0.810750896800915
2018-03-24,0.797836240879293
2018-03-25,0.780087167654186
2018-03-26,0.75647293227723
2018-03-27,0.721060127588563
2018-03-28,0.7356826049406
2018-03-29,0.665163635528097
2018-03-30,0.639144586590604
2018-03-31,0.646107243770504
2018-04-01,0.63589800873071
2018-04-02,0.656722654099162
2018-04-03,0.693837990038049
2018-04-04,0.638462850324113
2018-04-05,0.63605891407142
2018-04-06,0.619290966911648
2018-04-07,0.645304127604809
2018-04-08,0.657292775208795
2018-04-09,0.633055870475421
2018-04-10,0.641586365328412
2018-04-11,0.652459434813597
2018-04-12,0.747375876089536
2018-04-13,0.743270730726857
2018-04-14,0.753718868030963
2018-04-15,0.783556254526609
2018-04-16,0.753658196222989
2018-04-17,0.737210520990568
2018-04-18,0.763769410497073
2018-04-19,0.773563265603814
2018-04-20,0.823608979181264
2018-04-21,0.823456538924317
2018-04-22,0.817917046192879
2018-04-23,0.828904091688853
2018-04-24,0.895710363084296
2018-04-25,0.830789827976535
2018-04-26,0.853984110386477
2018-04-27,0.83273351893793
2018-04-28,0.862008000305398
2018-04-29,0.868263642371272
2018-04-30,0.850832995620752
2018-05-01,0.839366523383509
2018-05-02,0.85237171813669
2018-05-03,0.899491735450521
2018-05-04,0.895030964511598
2018-05-05,0.906152305032743
2018-05-06,0.889160605784496
2018-05-07,0.863839070987588
2018-05-08,0.85455117760365
2018-05-09,0.861073272700441
2018-05-10,0.840212431695359
2018-05-11,0.788003569453985
2018-05-12,0.798629004471071
2018-05-13,0.819990656729574
2018-05-14,0.821545739710575
2018-05-15,0.805060790608981
2018-05-16,0.793946415481693
2018-05-17,0.776645766704133
2018-05-18,0.798474071366658
2018-05-19,0.800925814196947
2018-05-20,0.832879603772602
2018-05-21,0.832873912775346
2018-05-22,0.799805656630767
2018-05-23,0.754375997076346
2018-05-24,0.765154135343862
2018-05-25,0.75009036207366
2018-05-26,0.746086813845205
2018-05-27,0.748523939863906
2018-05-28,0.729802875300946
2018-05-29,0.764656508712322
2018-05-30,0.760213803788266
2018-05-31,0.773684047463534
2018-06-01,0.78140184046472
2018-06-02,0.794796255804874
2018-06-03,0.8083447176322
2018-06-04,0.790211198720772
2018-06-05,0.806467701141106
2018-06-06,0.812812155623196
2018-06-07,0.818304867157814
2018-06-08,0.817527494221935
2018-06-09,0.819346189184365
2018-06-10,0.734556682158428
2018-06-11,0.758831664021227
2018-06-12,0.733243319639265
2018-06-13,0.717377781630598
2018-06-14,0.753436970966386
2018-06-15,0.735666137956131
2018-06-16,0.749307173534196
2018-06-17,0.748148769045791
2018-06-18,0.778815546481145
2018-06-19,0.785360497970813
2018-06-20,0.791057004512515
2018-06-21,0.789034340504865
2018-06-22,0.71692729965975
2018-06-23,0.729359950161246
2018-06-24,0.731203965115391
2018-06-25,0.746942043983
2018-06-26,0.730156535871042
2018-06-27,0.741834298543709
2018-06-28,0.713692202774764
2018-06-29,0.75732417201373
2018-06-30,0.781451819833216
2018-07-01,0.784222008563132
2018-07-02,0.814394695363549
2018-07-03,0.80314396627673
2018-07-04,0.816033793302688
2018-07-05,0.823006707765612
2018-07-06,0.82757516115774
2018-07-07,0.852932393362191
2018-07-08,0.842095287866024
2018-07-09,0.840585217700641
2018-07-10,0.790169871484258
2018-07-11,0.798870911490958
2018-07-12,0.771955676648284
2018-07-13,0.781862580929427
2018-07-14,0.788255920537898
2018-07-15,0.800619015601459
2018-07-16,0.844611438710633
2018-07-17,0.919941731559753
2018-07-18,0.925670939196412
2018-07-19,0.937075004087377
2018-07-20,0.923578624645008
2018-07-21,0.932520846723987
2018-07-22,0.933507636105776
2018-07-23,0.969882961163131
2018-07-24,1.04778130510019
2018-07-25,1.02879153451482
2018-07-26,0.997050758638012
2018-07-27,1.03154443380274
2018-07-28,1.03437160932129
2018-07-29,1.04325809679592
2018-07-30,1.033374215577
2018-07-31,0.985181195039978
2018-08-01,0.966997110440751
2018-08-02,0.963598285760299
2018-08-03,0.951185813421997
2018-08-04,0.902317373234673
2018-08-05,0.90837799411014
2018-08-06,0.89787289528422
2018-08-07,0.88043488828875
2018-08-08,0.826864464777637
2018-08-09,0.865812466271926
2018-08-10,0.817175616221091
2018-08-11,0.847070155655207
2018-08-12,0.842901026627025
2018-08-13,0.842177160707384
2018-08-14,0.836415686197697
2018-08-15,0.849186858277956
2018-08-16,0.855145243824486
2018-08-17,0.890472237086127
2018-08-18,0.872613298133302
2018-08-19,0.882216553246022
2018-08-20,0.857719776070799
2018-08-21,0.883928574536904
2018-08-22,0.86944565778415
2018-08-23,0.89331249761465
2018-08-24,0.917513834509823
2018-08-25,0.926963526506704
2018-08-26,0.920162442081631
2018-08-27,0.943320951064509
2018-08-28,0.972920702795852
2018-08-29,0.965963073701369
2018-08-30,0.95771691046005
2018-08-31,0.965156234715835
2018-09-01,0.984680218028609
2018-09-02,0.995224476376436
2018-09-03,0.993088138146321
2018-09-04,1.00360169360606
2018-09-05,0.932735971073909
2018-09-06,0.897192876994377
2018-09-07,0.888487292493409
2018-09-08,0.85489530095503
2018-09-09,0.868216365521587
2018-09-10,0.872877331933734
2018-09-11,0.874144339367131
2018-09-12,0.879591125181666
2018-09-13,0.904564781742547
2018-09-14,0.904588677368253
2018-09-15,0.907391857199248
2018-09-16,0.903536817058874
2018-09-17,0.874776104587139
2018-09-18,0.887881941732502
2018-09-19,0.892921647073575
2018-09-20,0.912166708952825
2018-09-21,0.940837257526302
2018-09-22,0.940271407446078
2018-09-23,0.940011211854867
2018-09-24,0.924636503286455
2018-09-25,0.907770091375784
2018-09-26,0.917077637252074
2018-09-27,0.945607519958632
2018-09-28,0.940648587485068
2018-09-29,0.938770910538571
2018-09-30,0.941321482617528
2018-10-01,0.937447358155787
2018-10-02,0.934767267881106
2018-10-03,0.929602372594891
2018-10-04,0.943126441415966
2018-10-05,0.950352872154271
2018-10-06,0.947704675936569
2018-10-07,0.954268472432092
2018-10-08,0.959667149739199
2018-10-09,0.959264979885454
2018-10-10,0.953276584350311
2018-10-11,0.909201626747814
2018-10-12,0.914086348688963
2018-10-13,0.917994420064739
2018-10-14,0.918987069450174
2018-10-15,0.963587706085628
2018-10-16,0.966764766582621
2018-10-17,0.961355553700841
2018-10-18,0.953265228968019
2018-10-19,0.957146029357204
2018-10-20,0.963927663938504
2018-10-21,0.964503747860349
2018-10-22,0.965111969707319
2018-10-23,0.964129818612078
2018-10-24,0.968821601197667
2018-10-25,0.9673873810404
2018-10-26,0.968645572988046
2018-10-27,0.968768579333334
2018-10-28,0.971198855403011
2018-10-29,0.949195431158203
2018-10-30,0.951351419640989
2018-10-31,0.949556538598657
2018-11-01,0.959980841445454
2018-11-02,0.961074350876158
2018-11-03,0.958269913674225
2018-11-04,0.951700902503776
2018-11-05,0.967709331178801
2018-11-06,0.973577501695685
2018-11-07,0.984269850531616
2018-11-08,0.974156802467444
2018-11-09,0.965221771159538
2018-11-10,0.967288932041047
2018-11-11,0.967017131199378
2018-11-12,0.965877119349146
2018-11-13,0.963275464661548
2018-11-14,0.871964985718546
2018-11-15,0.871711732139711
2018-11-16,0.864559212652333
2018-11-17,0.862947489944486
2018-11-18,0.873871769448243
2018-11-19,0.767696811545765
2018-11-20,0.705995412850604
2018-11-21,0.745107352616504
2018-11-22,0.709116822172842
2018-11-23,0.7097889738579
2018-11-24,0.64131834066893
2018-11-25,0.666011354843729
2018-11-26,0.630359308248377
2018-11-27,0.643619963774419
2018-11-28,0.722607240938064
2018-11-29,0.730834289253134
2018-11-30,0.694389717582685
2018-12-01,0.731084528846436
2018-12-02,0.720141559483502
2018-12-03,0.689159662224617
2018-12-04,0.721474592448003
2018-12-05,0.689415640064315
2018-12-06,0.655403129066993
2018-12-07,0.639861947924593
2018-12-08,0.656013198408267
2018-12-09,0.683432528793673
2018-12-10,0.665055254397339
2018-12-11,0.654644683027779
2018-12-12,0.668825338155714
2018-12-13,0.639267088329771
2018-12-14,0.631669730168848
2018-12-15,0.62945608308275
2018-12-16,0.635562511550259
2018-12-17,0.693989689621015
2018-12-18,0.730859110977
2018-12-19,0.741791303608724
2018-12-20,0.816694927984055
2018-12-21,0.774169600173049
2018-12-22,0.797567703819503
2018-12-23,0.795782132813163
2018-12-24,0.817843396137546
2018-12-25,0.762193484844681
2018-12-26,0.772905184985905
2018-12-27,0.733403933402735
2018-12-28,0.794842347991343
2018-12-29,0.80419737643129
2018-12-30,0.786411543299331
2018-12-31,0.767025876508831
2019-01-01,0.790533175574942
2019-01-02,0.812764368698348
2019-01-03,0.793248256957823
2019-01-04,0.799338599793741
2019-01-05,0.798070390039914
2019-01-06,0.847909175951478
2019-01-07,0.836654583981873
2019-01-08,0.839837846419697
2019-01-09,0.840837946335975
2019-01-10,0.771080692378418
2019-01-11,0.779332505165732
2019-01-12,0.776449128700687
2019-01-13,0.754101061732755
2019-01-14,0.790443100965954
2019-01-15,0.782550739822528
2019-01-16,0.78890579204944
2019-01-17,0.796186764582652
2019-01-18,0.79217343964663
2019-01-19,0.811371630359028
2019-01-20,0.785264352159903
2019-01-21,0.781975376509181
2019-01-22,0.790624983769208
2019-01-23,0.787789133726345
2019-01-24,0.793775241843598
2019-01-25,0.795948846953175
2019-01-26,0.796973359276232
2019-01-27,0.796120929730981
2019-01-28,0.774758306791594
2019-01-29,0.771517378852933
2019-01-30,0.785062006463991
2019-01-31,0.783215548195457
2019-02-01,0.792488151193499
2019-02-02,0.802657348141627
2019-02-03,0.789817245930166
2019-02-04,0.791215212646096
2019-02-05,0.793082983848473
2019-02-06,0.785522981209185
2019-02-07,0.785025338563426
2019-02-08,0.846160031463417
2019-02-09,0.849720906566721
2019-02-10,0.854961451099208
2019-02-11,0.846257009427705
2019-02-12,0.849005854884822
2019-02-13,0.848363953194222
2019-02-14,0.846957524783814
2019-02-15,0.853656543828377
2019-02-16,0.857262640777166
2019-02-17,0.868864813438395
2019-02-18,0.924397268021923
2019-02-19,0.931499683548623
2019-02-20,0.943493033842699
2019-02-21,0.933785776835528
2019-02-22,0.947151502654054
2019-02-23,0.980601565418422
2019-02-24,0.908578174538206
2019-02-25,0.923341775258791
2019-02-26,0.916662812662208
2019-02-27,0.917115790801346
2019-02-28,0.920085204885451
2019-03-01,0.923329673949226
2019-03-02,0.923975180867374
2019-03-03,0.919081212153046
2019-03-04,0.90380150241384
2019-03-05,0.93734559970485
2019-03-06,0.941014462559668
2019-03-07,0.94294426254015
2019-03-08,0.940731894096998
2019-03-09,0.956610625827201
2019-03-10,0.954674615727161
2019-03-11,0.945639637845725
2019-03-12,0.946619363943575
2019-03-13,0.948550937665019
2019-03-14,0.950579109766388
2019-03-15,0.962329948259024
2019-03-16,0.986982404736526
2019-03-17,0.98213306314546
2019-03-18,0.982432828912385
2019-03-19,0.995025915802419
2019-03-20,0.999254501647083
2019-03-21,0.986786340348672
2019-03-22,0.987791061860264
2019-03-23,0.990968108888403
2019-03-24,0.986908555718469
2019-03-25,0.97393607583961
2019-03-26,0.981448328607461
2019-03-27,1.00798343635599
2019-03-28,1.00475095235293
2019-03-29,1.01125969579559
2019-03-30,1.01747893199815
2019-03-31,1.0195039409012
2019-04-01,1.03119160574897
2019-04-02,1.19367765852013
2019-04-03,1.21771278104835
2019-04-04,1.19991018508319
2019-04-05,1.22335861589017
2019-04-06,1.23140083934006
2019-04-07,1.26281882986289
2019-04-08,1.27648920369478
2019-04-09,1.25268518476302
2019-04-10,1.2787652278366
2019-04-11,1.21756984351895
2019-04-12,1.22274555090694
2019-04-13,1.22573493907871
2019-04-14,1.24083683007422
2019-04-15,1.21535741309705
2019-04-16,1.25390206202352
2019-04-17,1.2559810005475
2019-04-18,1.26594742090213
2019-04-19,1.25719968732463
2019-04-20,1.26428740759387
2019-04-21,1.25763321124595
2019-04-22,1.27408359520216
2019-04-23,1.31001481475284
2019-04-24,1.27414586644234
2019-04-25,1.21370014860863
2019-04-26,1.22593003976572
2019-04-27,1.23162747531213
2019-04-28,1.22795815183384
2019-04-29,1.21716762926634
2019-04-30,1.237983948246
2019-05-01,1.24163024089309
2019-05-02,1.26343363381901
2019-05-03,1.31789361664669
2019-05-04,1.32761594685435
2019-05-05,1.31762889706141
2019-05-06,1.29922259266802
2019-05-07,1.32053698567234
2019-05-08,1.32220019285387
2019-05-09,1.34854676532486
2019-05-10,1.36844763101638
2019-05-11,1.53200281097847
2019-05-12,1.44787743882473
2019-05-13,1.58195597443955
2019-05-14,1.58090539396791
2019-05-15,1.5874958354397
2019-05-16,1.48475439763787
2019-05-17,1.38376007705913
2019-05-18,1.36938787327761
2019-05-19,1.53932845749933
2019-05-20,1.47580294666671
2019-05-21,1.46380496611279
2019-05-22,1.40986812693282
2019-05-23,1.43121078271586
2019-05-24,1.4382503515842
2019-05-25,1.44445085013566
2019-05-26,1.54652143236342
2019-05-27,1.55424996326299
2019-05-28,1.52351680862949
2019-05-29,1.44611026885543
2019-05-30,1.38279514067714
2019-05-31,1.41942276070412
2019-06-01,1.4139824794703
2019-06-02,1.43568265181151
2019-06-03,1.34064550795106
2019-06-04,1.25395873319731
2019-06-05,1.26994044153296
2019-06-06,1.26806319215263
2019-06-07,1.2987925692069
2019-06-08,1.28027246423291
2019-06-09,1.23727314835071
2019-06-10,1.2809645522891
2019-06-11,1.26867929086235
2019-06-12,1.29531684194933
2019-06-13,1.3059648111652
2019-06-14,1.37419957873373
2019-06-15,1.38942391960275
2019-06-16,1.40396662454831
2019-06-17,1.44097640100837
2019-06-18,1.38913760984184
2019-06-19,1.40274002049545
2019-06-20,1.42920885618118
2019-06-21,1.50324371391465
2019-06-22,1.55992901241128
2019-06-23,1.56878987067014
2019-06-24,1.57789582092489
2019-06-25,1.66295271268348
2019-06-26,1.76321298295352
2019-06-27,1.48756848022668
2019-06-28,1.6356021593788
2019-06-29,1.56752537157173
2019-06-30,1.42135284755895
2019-07-01,1.37722837297596
2019-07-02,1.40356912459094
2019-07-03,1.53833262072143
2019-07-04,1.42615018989652
2019-07-05,1.39200646817658
2019-07-06,1.412112051804
2019-07-07,1.43635462682128
2019-07-08,1.53427985856296
2019-07-09,1.55151267792331
2019-07-10,1.46866502384295
2019-07-11,1.36488803214219
2019-07-12,1.41689883490068
2019-07-13,1.35888014757844
2019-07-14,1.22613708350688
2019-07-15,1.30456077330275
2019-07-16,1.14130076428682
2019-07-17,1.1581035920935
2019-07-18,1.27077475355774
2019-07-19,1.24230504568685
2019-07-20,1.26702931190357
2019-07-21,1.24167748161936
2019-07-22,1.20987326540624
2019-07-23,1.15870669845271
2019-07-24,1.14892328827652
2019-07-25,1.15535721747946
2019-07-26,1.14628612364173
2019-07-27,1.09771541118579
2019-07-28,1.10889819109405
2019-07-29,1.09874366330672
2019-07-30,1.10430505810878
2019-07-31,1.15730810784862
2019-08-01,1.19113710591587
2019-08-02,1.1925794649958
2019-08-03,1.22353160642742
2019-08-04,1.23815463934928
2019-08-05,1.31831678520119
2019-08-06,1.26477399412483
2019-08-07,1.31169394719099
2019-08-08,1.30633982392105
2019-08-09,1.29276238166548
2019-08-10,1.23623852956923
2019-08-11,1.25103490554272
2019-08-12,1.23347702351083
2019-08-13,1.17801417185835
2019-08-14,1.08100147155075
2019-08-15,1.11154761076357
2019-08-16,1.1162479426982
2019-08-17,1.09801111824684
2019-08-18,1.11119161567666
2019-08-19,1.16533680193311
2019-08-20,1.15032175242417
2019-08-21,1.07722790995816
2019-08-22,1.08199798739251
2019-08-23,1.10319485204745
2019-08-24,1.07311782889186
2019-08-25,1.06701994372686
2019-08-26,1.09327796251776
2019-08-27,1.07282316021633
2019-08-28,1.0249987598727
2019-08-29,1.00138654344895
2019-08-30,1.01064326695305
2019-08-31,1.01393289062393
2019-09-01,1.02711298849454
2019-09-02,1.08696362124408
2019-09-03,1.11543934279882
2019-09-04,1.10655665363621
2019-09-05,1.1020962194334
2019-09-06,1.0739417315192
2019-09-07,1.08936672212926
2019-09-08,1.08139545770892
2019-09-09,1.06962385499825
2019-09-10,1.04570570478882
2019-09-11,1.04615973384648
2019-09-12,1.06743930001676
2019-09-13,1.06174725514433
2019-09-14,1.05991799731091
2019-09-15,1.0580412837983
2019-09-16,1.04815288516685
2019-09-17,1.0427785337714
2019-09-18,1.03830348304908
2019-09-19,1.04386146768443
2019-09-20,1.03397850911871
2019-09-21,1.01707505263316
2019-09-22,1.02141133250546
2019-09-23,0.98743554246927
2019-09-24,0.879525277969511
2019-09-25,0.8733739737785
2019-09-26,0.837646507693124
2019-09-27,0.852494832008212
2019-09-28,0.852354357220624
2019-09-29,0.838708296776434
2019-09-30,0.858497254695633
2019-10-01,0.864599906178962
2019-10-02,0.870030882728758
2019-10-03,0.853729387384584
2019-10-04,0.847602503436729
2019-10-05,0.842266621484576
2019-10-06,0.82497038276108
2019-10-07,0.852203792739842
2019-10-08,0.851343769381634
2019-10-09,0.889110706106227
2019-10-10,0.887044432646324
2019-10-11,0.858827794175976
2019-10-12,0.86134130072757
2019-10-13,0.856502788033937
2019-10-14,0.864282405503943
2019-10-15,0.84722493854966
2019-10-16,0.832899378903406
2019-10-17,0.838191043909003
2019-10-18,0.826729205909557
2019-10-19,0.827186406531157
2019-10-20,0.850465908264153
2019-10-21,0.852916688078813
2019-10-22,0.836869699642874
2019-10-23,0.780314103230112
2019-10-24,0.78271756883434
2019-10-25,0.902598940914116
2019-10-26,0.95918045340998
2019-10-27,0.988794345692011
2019-10-28,0.955656164302327
2019-10-29,0.971268310568852
2019-10-30,0.94836787403585
2019-10-31,0.945739988251527
2019-11-01,0.952407082350166
2019-11-02,0.95967776598428
2019-11-03,0.951207659419127
2019-11-04,0.968539282740007
2019-11-05,0.969696203467696
2019-11-06,0.969828051354032
2019-11-07,0.956020971149104
2019-11-08,0.912404642508994
2019-11-09,0.910419170979981
2019-11-10,0.935422133999797
2019-11-11,0.903753588400587
2019-11-12,0.910523771589507
2019-11-13,0.912725663756314
2019-11-14,0.902344841145871
2019-11-15,0.879242621960059
2019-11-16,0.885314329742302
2019-11-17,0.887902700369128
