t,indicators_sopr_less_155
2010-07-18,1.32599439454205
2010-07-19,1.11794580873402
2010-07-20,0.998935782726389
2010-07-21,0.923286037926233
2010-07-22,0.799953713289691
2010-07-23,0.91407799360022
2010-07-24,0.89548348329739
2010-07-25,0.947670775079147
2010-07-26,0.893524560805268
2010-07-27,0.979542908058608
2010-07-28,1.02115838567557
2010-07-29,1.03680789966033
2010-07-30,1.10903837545068
2010-07-31,0.990643474050574
2010-08-01,1.00964648932865
2010-08-02,1.00932764790106
2010-08-03,0.978973881394112
2010-08-04,0.97123676131884
2010-08-05,0.985401331025695
2010-08-06,1.00890675362105
2010-08-07,0.983315205669182
2010-08-08,0.989546206890362
2010-08-09,1.05240675832949
2010-08-10,1.05045752277173
2010-08-11,1.03297904982939
2010-08-12,0.96144618322506
2010-08-13,1.01681805711461
2010-08-14,1.00606276034986
2010-08-15,0.995396989689586
2010-08-16,0.993577800315692
2010-08-17,1.02060852454997
2010-08-18,1.06354392176187
2010-08-19,1.01873028966954
2010-08-20,0.976949575639687
2010-08-21,0.980983071045092
2010-08-22,0.987719185783515
2010-08-23,1.01541106959767
2010-08-24,1.00442452285195
2010-08-25,1.00752693637177
2010-08-26,0.997352594885326
2010-08-27,1.00819212482641
2010-08-28,1.00485791011109
2010-08-29,0.941287247989774
2010-08-30,0.960463775620307
2010-08-31,0.993313710107728
2010-09-01,0.945752065564479
2010-09-02,0.973729549275472
2010-09-03,0.965733415613528
2010-09-04,0.97778065557485
2010-09-05,1.01781062362415
2010-09-06,0.986979895855007
2010-09-07,0.948577761167187
2010-09-08,0.994005163237387
2010-09-09,0.976084106725496
2010-09-10,0.984798286789723
2010-09-11,0.948342151337277
2010-09-12,0.989075690972339
2010-09-13,1.0029849040889
2010-09-14,0.998879033705926
2010-09-15,1.0180165521861
2010-09-16,0.99883261238432
2010-09-17,0.977624968387137
2010-09-18,0.972379278059197
2010-09-19,1.008444972764
2010-09-20,0.996682252117835
2010-09-21,1.01390515487363
2010-09-22,0.999757807014851
2010-09-23,1.00216203330373
2010-09-24,0.99898301687486
2010-09-25,1.00528887717245
2010-09-26,1.00295753396868
2010-09-27,0.994224263558501
2010-09-28,0.996853823601187
2010-09-29,0.993674996593822
2010-09-30,0.990868168914055
2010-10-01,1.00874898758315
2010-10-02,0.994336401662395
2010-10-03,0.99435369089765
2010-10-04,0.98209870977859
2010-10-05,1.00216617912692
2010-10-06,1.01419032009727
2010-10-07,1.02907008539239
2010-10-08,1.12409091413381
2010-10-09,1.28153196610268
2010-10-10,1.24316906251348
2010-10-11,1.25749889934044
2010-10-12,1.03722509626791
2010-10-13,1.07931691432593
2010-10-14,1.06337880261729
2010-10-15,1.41055894756643
2010-10-16,1.04299004288311
2010-10-17,1.06413016917627
2010-10-18,1.06518288262046
2010-10-19,1.02497697532684
2010-10-20,1.09525276719684
2010-10-21,1.28320735207439
2010-10-22,1.04396635242903
2010-10-23,1.08133269931109
2010-10-24,1.23821366034284
2010-10-25,1.27861000856804
2010-10-26,1.3698581175119
2010-10-27,1.39622312011922
2010-10-28,1.86478319375867
2010-10-29,1.18238490437734
2010-10-30,1.26186810114418
2010-10-31,1.35017642107575
2010-11-01,1.07935125154747
2010-11-02,1.26140703658791
2010-11-03,1.19096291723801
2010-11-04,1.55017998018793
2010-11-05,1.29093670741807
2010-11-06,1.42170924628077
2010-11-07,1.26470924035697
2010-11-08,1.32173256431661
2010-11-09,1.17852990809674
2010-11-10,0.826150843467217
2010-11-11,1.14417447009496
2010-11-12,1.05244479034113
2010-11-13,1.41624301396438
2010-11-14,1.15983006049256
2010-11-15,1.13449180801769
2010-11-16,1.08682019490002
2010-11-17,1.04435811701195
2010-11-18,1.14494589634187
2010-11-19,1.39995993115532
2010-11-20,1.18863382659582
2010-11-21,1.07706540073586
2010-11-22,1.06749338866391
2010-11-23,1.02133553997507
2010-11-24,1.0700436257391
2010-11-25,1.15254846608174
2010-11-26,0.902384875432616
2010-11-27,1.06528760793363
2010-11-28,1.02061155731022
2010-11-29,0.987653007477976
2010-11-30,0.863675480777191
2010-12-01,0.885765466260914
2010-12-02,1.3883499893629
2010-12-03,1.019420202471
2010-12-04,0.97723525444795
2010-12-05,1.12731184802772
2010-12-06,0.969147386570274
2010-12-07,1.06782035772047
2010-12-08,1.08422576453726
2010-12-09,0.956555681072263
2010-12-10,1.00273578667053
2010-12-11,0.97051209043117
2010-12-12,1.01463013607379
2010-12-13,1.07908316808932
2010-12-14,1.01024960373983
2010-12-15,1.37726966388212
2010-12-16,1.08810181032045
2010-12-17,1.04890536471908
2010-12-18,1.11079248978638
2010-12-19,1.00691038998536
2010-12-20,1.10840284069162
2010-12-21,1.10702828435435
2010-12-22,1.02366193944505
2010-12-23,1.16687208148384
2010-12-24,0.96843798413121
2010-12-25,1.06851502975102
2010-12-26,1.1118670151053
2010-12-27,1.00639220801872
2010-12-28,1.09997600908816
2010-12-29,1.28999539668123
2010-12-30,1.1416110633789
2010-12-31,1.06352986680446
2011-01-01,1.05820022120303
2011-01-02,1.19177956699949
2011-01-03,1.13542792322889
2011-01-04,1.07502988589334
2011-01-05,1.0876637043484
2011-01-06,1.01537209921637
2011-01-07,1.12780135422184
2011-01-08,1.10341125738756
2011-01-09,1.11456159588071
2011-01-10,1.51031860396151
2011-01-11,1.17630500318408
2011-01-12,1.05535038973366
2011-01-13,1.47411982512315
2011-01-14,1.1734811672274
2011-01-15,1.14505613045875
2011-01-16,1.15670492640048
2011-01-17,1.21428495577244
2011-01-18,0.979970383550884
2011-01-19,1.18290349027569
2011-01-20,1.12846878114915
2011-01-21,1.15709675308514
2011-01-22,1.21014792085162
2011-01-23,1.41522649342261
2011-01-24,1.15377779951599
2011-01-25,1.15299295289385
2011-01-26,1.23257519819858
2011-01-27,1.20442302706893
2011-01-28,1.07151532329098
2011-01-29,1.17421973488203
2011-01-30,1.17681505646256
2011-01-31,1.42142153974927
2011-02-01,1.59705692323468
2011-02-02,1.6677230571553
2011-02-03,1.15871175983121
2011-02-04,1.27104916625922
2011-02-05,1.37527936781171
2011-02-06,1.57409932692679
2011-02-07,1.40205053380342
2011-02-08,1.09059339184546
2011-02-09,1.40901654661326
2011-02-10,1.13547026850151
2011-02-11,1.12470691886724
2011-02-12,1.12948543123633
2011-02-13,1.16248038998948
2011-02-14,1.1337997129557
2011-02-15,1.04127090788556
2011-02-16,1.0366448922066
2011-02-17,1.05434864312038
2011-02-18,1.07946478572369
2011-02-19,1.02206183942727
2011-02-20,1.08712525419205
2011-02-21,0.993999844771733
2011-02-22,1.07589019426314
2011-02-23,1.02448030591473
2011-02-24,1.05733831432203
2011-02-25,1.01643747618259
2011-02-26,1.05762823458231
2011-02-27,1.19942913977557
2011-02-28,1.18755751345052
2011-03-01,1.60307252493431
2011-03-02,1.00070089926412
2011-03-03,0.999360448719535
2011-03-04,1.0121687826412
2011-03-05,1.00939501171654
2011-03-06,0.948653483915155
2011-03-07,0.993104464763452
2011-03-08,1.0535707473854
2011-03-09,0.991138723285443
2011-03-10,1.00859627887074
2011-03-11,1.01506176026553
2011-03-12,1.20116376768904
2011-03-13,1.04769811574636
2011-03-14,1.09637497090216
2011-03-15,1.07403905960633
2011-03-16,1.08954974321479
2011-03-17,1.04414521928844
2011-03-18,0.991231273586354
2011-03-19,0.997849502819663
2011-03-20,0.988954713768233
2011-03-21,1.01973528334436
2011-03-22,0.973313177358989
2011-03-23,1.0703086715243
2011-03-24,1.04630403320039
2011-03-25,1.02651051263381
2011-03-26,1.08256273782848
2011-03-27,0.979064657595719
2011-03-28,0.968471108917339
2011-03-29,0.967638811789194
2011-03-30,0.964007691108675
2011-03-31,0.986601240481069
2011-04-01,0.998241544128836
2011-04-02,0.961564462992958
2011-04-03,0.983630955313664
2011-04-04,0.9226647472933
2011-04-05,1.01052209159613
2011-04-06,0.966536585706102
2011-04-07,1.0095552740512
2011-04-08,0.998648509429002
2011-04-09,1.00218888463192
2011-04-10,0.968394240843202
2011-04-11,1.01987608094173
2011-04-12,1.06783621299566
2011-04-13,1.09741986236642
2011-04-14,1.10432281774673
2011-04-15,1.12131478894294
2011-04-16,1.05339847505462
2011-04-17,1.0527872752098
2011-04-18,1.288149482283
2011-04-19,1.0333033953789
2011-04-20,1.03908884758407
2011-04-21,1.10325435619196
2011-04-22,1.23494316324823
2011-04-23,1.32902358902681
2011-04-24,1.36564793588442
2011-04-25,1.05686619262118
2011-04-26,1.08874596386654
2011-04-27,1.21788604720461
2011-04-28,1.3216787236997
2011-04-29,2.89728704005355
2011-04-30,1.79697921384432
2011-05-01,1.19521825238238
2011-05-02,1.09882921304963
2011-05-03,1.29683409181509
2011-05-04,1.80436743033191
2011-05-05,1.17252035058748
2011-05-06,1.55234112625015
2011-05-07,1.07764590047139
2011-05-08,1.01614585190732
2011-05-09,1.12936522345757
2011-05-10,1.16436774276189
2011-05-11,1.42717268210988
2011-05-12,1.14781480091014
2011-05-13,1.38690516130332
2011-05-14,1.25260074707703
2011-05-15,1.47620744199273
2011-05-16,1.21854428166508
2011-05-17,1.25134269095206
2011-05-18,1.12853910012159
2011-05-19,1.09552921348802
2011-05-20,1.20462605601395
2011-05-21,0.811107250191041
2011-05-22,1.11254470945741
2011-05-23,1.09994393861811
2011-05-24,1.09223032534814
2011-05-25,1.11624768884682
2011-05-26,1.2293938912594
2011-05-27,1.26673297845544
2011-05-28,1.06259118817171
2011-05-29,1.0829574757025
2011-05-30,1.20634311512853
2011-05-31,1.20053624578433
2011-06-01,1.1512194281875
2011-06-02,1.23261018312099
2011-06-03,1.38272254147065
2011-06-04,1.44150070844085
2011-06-05,1.21288435915359
2011-06-06,2.30001368143063
2011-06-07,1.20093192038996
2011-06-08,1.71165179637235
2011-06-09,1.41924884514346
2011-06-10,1.2350085473759
2011-06-11,0.903255200801525
2011-06-12,1.30349603440647
2011-06-13,1.04100128325233
2011-06-14,1.34287190735473
2011-06-15,1.07839541790866
2011-06-16,1.05587493374459
2011-06-17,0.966076567825823
2011-06-18,1.049471202938
2011-06-19,0.996036535629635
2011-06-20,1.02179338711591
2011-06-21,1.0941999677808
2011-06-22,0.999530781078541
2011-06-23,1.04516791162154
2011-06-24,1.03827480914811
2011-06-25,1.01362509524858
2011-06-26,0.980256353855266
2011-06-27,1.02012658541604
2011-06-28,1.03643204822389
2011-06-29,1.03083066488654
2011-06-30,1.0405263446778
2011-07-01,0.977711949491015
2011-07-02,0.977002110269574
2011-07-03,1.00105677865882
2011-07-04,0.97591578226825
2011-07-05,0.985442796247185
2011-07-06,1.00240288037135
2011-07-07,0.982976548205892
2011-07-08,0.950353748662019
2011-07-09,0.989879880471676
2011-07-10,1.0019464785303
2011-07-11,0.990795336493238
2011-07-12,0.995067513520899
2011-07-13,1.00636953072541
2011-07-14,0.989907274762015
2011-07-15,0.996261136390369
2011-07-16,0.986250691136964
2011-07-17,0.995324084378981
2011-07-18,0.803792761574837
2011-07-19,1.0226579555543
2011-07-20,0.877248216589052
2011-07-21,0.988491029513883
2011-07-22,0.986589988893985
2011-07-23,1.00121171843755
2011-07-24,0.991651500854627
2011-07-25,1.01215062957235
2011-07-26,0.998751386138732
2011-07-27,1.00411314523759
2011-07-28,0.960066044033049
2011-07-29,0.998409306541548
2011-07-30,1.01123676171792
2011-07-31,0.982324280037471
2011-08-01,0.982581129678301
2011-08-02,0.966345669318729
2011-08-03,0.862496701825027
2011-08-04,0.907556628617322
2011-08-05,0.955528198968219
2011-08-06,0.789324878852908
2011-08-07,0.774493554366909
2011-08-08,0.84975762415107
2011-08-09,1.02869966037612
2011-08-10,0.980186398663529
2011-08-11,0.964418735611072
2011-08-12,0.970878878942967
2011-08-13,0.98591175499404
2011-08-14,0.999264808463566
2011-08-15,1.06117405717595
2011-08-16,1.03792767979451
2011-08-17,1.01640147478033
2011-08-18,0.999612522607542
2011-08-19,1.00792352683949
2011-08-20,1.00462152649904
2011-08-21,0.989324260704356
2011-08-22,0.998176019926816
2011-08-23,0.974635290547753
2011-08-24,0.97947720879659
2011-08-25,1.04733990774402
2011-08-26,0.929239848449331
2011-08-27,0.708555275836153
2011-08-28,0.987094524277732
2011-08-29,0.946231176685888
2011-08-30,0.956530100485714
2011-08-31,0.96035995870696
2011-09-01,0.931721012687896
2011-09-02,0.991338189236235
2011-09-03,0.985592766654318
2011-09-04,0.959245443167149
2011-09-05,0.919246269440865
2011-09-06,0.821790252370743
2011-09-07,0.895415161715847
2011-09-08,0.780789382848071
2011-09-09,0.789966478479613
2011-09-10,0.883133787393293
2011-09-11,0.72573065228548
2011-09-12,0.854925854096373
2011-09-13,0.868262103318943
2011-09-14,0.87358869612715
2011-09-15,0.903759528956911
2011-09-16,0.921921367340416
2011-09-17,0.94881382154489
2011-09-18,0.960134949355737
2011-09-19,0.921309390747815
2011-09-20,0.987757018088438
2011-09-21,0.997464508499799
2011-09-22,0.905231597706875
2011-09-23,0.957635405983265
2011-09-24,0.972769529247073
2011-09-25,0.731360804714222
2011-09-26,0.921795462121818
2011-09-27,0.943822683819444
2011-09-28,0.936508928341794
2011-09-29,0.966707446295491
2011-09-30,0.985609170132632
2011-10-01,0.906644633286959
2011-10-02,0.900763101497258
2011-10-03,0.938857119395787
2011-10-04,0.953457188213364
2011-10-05,0.952016585433643
2011-10-06,0.911526684717114
2011-10-07,0.884661985375364
2011-10-08,0.913342219257997
2011-10-09,0.872753741948954
2011-10-10,0.940978354295257
2011-10-11,0.846559069596829
2011-10-12,0.892684140251634
2011-10-13,0.956410382735947
2011-10-14,0.890729215802712
2011-10-15,0.93693254240115
2011-10-16,0.910817977664246
2011-10-17,0.683234323886874
2011-10-18,0.778183335704307
2011-10-19,0.643313336784278
2011-10-20,0.901066516315449
2011-10-21,0.931692502858464
2011-10-22,0.925978718451704
2011-10-23,0.977763050562338
2011-10-24,0.938685135972312
2011-10-25,0.948350621918002
2011-10-26,0.816327960349829
2011-10-27,0.970617865651711
2011-10-28,1.01933394103705
2011-10-29,1.00173140843082
2011-10-30,0.97386193079412
2011-10-31,0.961133206303594
2011-11-01,0.967185553869503
2011-11-02,0.988418133388714
2011-11-03,0.896796557318847
2011-11-04,0.95280591791585
2011-11-05,0.960724636834799
2011-11-06,0.971255723665203
2011-11-07,0.9592972808721
2011-11-08,0.958777882565061
2011-11-09,0.596385558818085
2011-11-10,0.938311440847834
2011-11-11,0.935998406355952
2011-11-12,0.974329490669313
2011-11-13,0.977525216800612
2011-11-14,0.863765784270148
2011-11-15,0.926961365402528
2011-11-16,0.629970185640591
2011-11-17,0.992567296431657
2011-11-18,0.971006914638799
2011-11-19,0.991024004012765
2011-11-20,0.995121187622205
2011-11-21,0.992090590323906
2011-11-22,0.999673263308182
2011-11-23,0.975973397045457
2011-11-24,1.01046793478992
2011-11-25,1.02637298489442
2011-11-26,0.956914094457347
2011-11-27,0.996132200603394
2011-11-28,0.987567522491802
2011-11-29,1.0144413737214
2011-11-30,1.00890394031051
2011-12-01,1.00101588569132
2011-12-02,1.00371073712927
2011-12-03,0.984805595740578
2011-12-04,0.998987358448094
2011-12-05,1.0019902891525
2011-12-06,1.00288421143318
2011-12-07,0.990758608225779
2011-12-08,0.997811040853953
2011-12-09,1.00459757173518
2011-12-10,1.00017735331449
2011-12-11,1.03642203347008
2011-12-12,1.01317962956039
2011-12-13,1.00432416996009
2011-12-14,0.948153441671045
2011-12-15,1.00743759225379
2011-12-16,1.00595375526424
2011-12-17,1.00065744474384
2011-12-18,0.999152445967388
2011-12-19,1.0415130650404
2011-12-20,1.12331909386813
2011-12-21,1.04643956091974
2011-12-22,1.03500249533136
2011-12-23,1.05931904755881
2011-12-24,1.0306196227345
2011-12-25,1.07017238695967
2011-12-26,1.02284533534551
2011-12-27,1.01681383506599
2011-12-28,1.04250661996081
2011-12-29,1.00951221194065
2011-12-30,1.0338080867154
2011-12-31,1.07286866795338
2012-01-01,1.0898585646612
2012-01-02,1.12561951988385
2012-01-03,1.04721470606918
2012-01-04,1.10209496004742
2012-01-05,1.17917186986671
2012-01-06,1.16718992379856
2012-01-07,1.11917886412556
2012-01-08,1.14764628398505
2012-01-09,1.12939262388574
2012-01-10,1.06931433835227
2012-01-11,1.10250643240225
2012-01-12,1.1023488470041
2012-01-13,1.066872185303
2012-01-14,1.0772282646184
2012-01-15,1.0777736114763
2012-01-16,1.06209216394969
2012-01-17,1.04390276357682
2012-01-18,0.95882610443994
2012-01-19,1.06514831810501
2012-01-20,1.02283920661285
2012-01-21,1.01630539116202
2012-01-22,1.00708380983567
2012-01-23,1.01426245474427
2012-01-24,1.0170424662026
2012-01-25,0.995067556045655
2012-01-26,0.959215468291576
2012-01-27,0.938883974680483
2012-01-28,0.980050319596122
2012-01-29,0.973001957828733
2012-01-30,0.971126725192278
2012-01-31,0.978331628013295
2012-02-01,1.01372724860522
2012-02-02,1.02782776403966
2012-02-03,1.01479677396102
2012-02-04,1.00540668048985
2012-02-05,0.988308064200429
2012-02-06,0.98097624833705
2012-02-07,0.984618084766556
2012-02-08,0.993671812233637
2012-02-09,1.00130207378535
2012-02-10,1.02352381007169
2012-02-11,1.00775313739434
2012-02-12,0.993896132745961
2012-02-13,0.975973230067945
2012-02-14,1.00526411933824
2012-02-15,0.983509443496765
2012-02-16,0.94434128606861
2012-02-17,0.962016235948336
2012-02-18,0.967185558678405
2012-02-19,0.947709437420237
2012-02-20,0.979304040913525
2012-02-21,0.960395488982005
2012-02-22,0.981161841998358
2012-02-23,1.02522411631534
2012-02-24,1.02924617254555
2012-02-25,1.02991946114163
2012-02-26,1.01085341242082
2012-02-27,1.01547416880632
2012-02-28,1.01236034730131
2012-02-29,0.997334947149074
2012-03-01,1.00769897255232
2012-03-02,0.973486795091259
2012-03-03,0.972728489651635
2012-03-04,1.01037255292994
2012-03-05,1.01802980432396
2012-03-06,1.01262470016699
2012-03-07,1.01162223019268
2012-03-08,1.00184137132351
2012-03-09,1.00321009486485
2012-03-10,0.999780189261101
2012-03-11,1.0046055808987
2012-03-12,0.991091913766242
2012-03-13,1.02597589065878
2012-03-14,1.05316317528375
2012-03-15,1.02848725607141
2012-03-16,1.04166500891904
2012-03-17,1.03417992393847
2012-03-18,1.02478634418471
2012-03-19,0.981610032012328
2012-03-20,0.968939032896178
2012-03-21,0.977047729395198
2012-03-22,0.977714256423225
2012-03-23,0.979810982632984
2012-03-24,0.977936752813849
2012-03-25,0.957761828270521
2012-03-26,0.985516176927363
2012-03-27,0.98723211415326
2012-03-28,1.0055321115057
2012-03-29,0.993676826795312
2012-03-30,1.00007119973449
2012-03-31,1.00807615919241
2012-04-01,0.990127034565207
2012-04-02,1.00891009386773
2012-04-03,1.00841134582879
2012-04-04,1.00917514539048
2012-04-05,1.00315254092924
2012-04-06,1.01263205111496
2012-04-07,0.99196151665375
2012-04-08,0.987946311186128
2012-04-09,1.00899034031083
2012-04-10,0.996496767325256
2012-04-11,1.01177584989738
2012-04-12,1.00382813223282
2012-04-13,1.00192514786826
2012-04-14,1.01604311880906
2012-04-15,1.01207722490491
2012-04-16,1.00655682091853
2012-04-17,1.00690185275292
2012-04-18,1.02658050205533
2012-04-19,1.01993551598345
2012-04-20,1.02614052108199
2012-04-21,1.0241924627194
2012-04-22,1.03863346454488
2012-04-23,1.00254478295298
2012-04-24,1.00192264075247
2012-04-25,1.00285687029468
2012-04-26,0.999703667591001
2012-04-27,1.00196290219932
2012-04-28,0.988240210468067
2012-04-29,0.989234060470661
2012-04-30,0.991518783170363
2012-05-01,0.998052656712715
2012-05-02,1.00757929680791
2012-05-03,1.00491915548373
2012-05-04,1.00310069815304
2012-05-05,0.999193763677809
2012-05-06,0.97870861449919
2012-05-07,0.999261223017414
2012-05-08,0.991677261146949
2012-05-09,1.0006156796235
2012-05-10,0.996976324395715
2012-05-11,0.983350193814133
2012-05-12,0.996105426877318
2012-05-13,0.995249481552318
2012-05-14,0.998376571265907
2012-05-15,1.00008206019182
2012-05-16,1.00509464184032
2012-05-17,0.999913851120175
2012-05-18,1.00466711207832
2012-05-19,1.0080628401365
2012-05-20,1.00476084824003
2012-05-21,1.00235160255747
2012-05-22,1.00200053237586
2012-05-23,1.00646990756637
2012-05-24,1.00328034307974
2012-05-25,1.00179880797765
2012-05-26,1.00019130102593
2012-05-27,1.00140410444075
2012-05-28,1.00377681204147
2012-05-29,1.00307608419943
2012-05-30,0.999447604943961
2012-05-31,1.00564876399689
2012-06-01,1.00575434267771
2012-06-02,1.00402882457222
2012-06-03,1.00543315014512
2012-06-04,1.00662914140364
2012-06-05,1.02300864926284
2012-06-06,1.0165663520064
2012-06-07,1.01943540920115
2012-06-08,1.02223541293192
2012-06-09,1.01445428225695
2012-06-10,1.0003424718788
2012-06-11,1.01540032411572
2012-06-12,1.0260237126819
2012-06-13,1.03027601354944
2012-06-14,1.02031748415453
2012-06-15,1.06142304220694
2012-06-16,1.04987878771967
2012-06-17,1.03445424820897
2012-06-18,1.01985758460581
2012-06-19,1.03189569086953
2012-06-20,1.0417908758476
2012-06-21,1.03624236940413
2012-06-22,1.02621182201072
2012-06-23,1.01020418407235
2012-06-24,1.00849135001776
2012-06-25,0.996281384324213
2012-06-26,1.0128880775925
2012-06-27,1.01684272202063
2012-06-28,1.01761492687479
2012-06-29,1.01862927438133
2012-06-30,1.02516931564001
2012-07-01,1.01008218753377
2012-07-02,1.02320710011543
2012-07-03,0.999706400502366
2012-07-04,1.00627861283738
2012-07-05,1.01561775858308
2012-07-06,1.00919213568272
2012-07-07,1.01835818762443
2012-07-08,1.02652726572657
2012-07-09,1.01999973315913
2012-07-10,1.03633523033382
2012-07-11,1.0200256809501
2012-07-12,1.01536024137464
2012-07-13,1.05265084440102
2012-07-14,1.03377266084247
2012-07-15,1.0091970561427
2012-07-16,1.07064317157481
2012-07-17,1.09621299320728
2012-07-18,1.07654128248299
2012-07-19,1.08323232378219
2012-07-20,0.989388827474916
2012-07-21,1.04609262085864
2012-07-22,1.02764261242597
2012-07-23,1.01542557424044
2012-07-24,1.02067530261945
2012-07-25,1.01288918605919
2012-07-26,1.06218844710748
2012-07-27,1.0321842377417
2012-07-28,1.02661800250243
2012-07-29,1.03971223114934
2012-07-30,1.02741650746746
2012-07-31,1.02820883381182
2012-08-01,1.03331453266475
2012-08-02,1.07390075533085
2012-08-03,1.0835399625525
2012-08-04,1.07295613523697
2012-08-05,1.04724860345149
2012-08-06,1.04576709287739
2012-08-07,1.02603441218797
2012-08-08,1.04655317095016
2012-08-09,1.03970413078323
2012-08-10,1.03045295393259
2012-08-11,1.02331186275352
2012-08-12,1.02864108776906
2012-08-13,1.03071699084862
2012-08-14,1.0467945694533
2012-08-15,1.05215769573411
2012-08-16,1.08702549876522
2012-08-17,1.07800775119827
2012-08-18,0.953458976889399
2012-08-19,0.942284181169915
2012-08-20,1.01374945622371
2012-08-21,1.00083905743409
2012-08-22,1.00463116291087
2012-08-23,1.00152008493812
2012-08-24,1.01210728476781
2012-08-25,1.02483748809188
2012-08-26,1.0154243072029
2012-08-27,1.05287100752051
2012-08-28,1.01214299626269
2012-08-29,1.00674388859507
2012-08-30,0.998320556710821
2012-08-31,1.03050593017152
2012-09-01,0.964701502892683
2012-09-02,1.00309520634385
2012-09-03,1.01099948588209
2012-09-04,1.01307541742036
2012-09-05,1.01656904321653
2012-09-06,1.01678051910162
2012-09-07,1.01331210208759
2012-09-08,1.01385327707285
2012-09-09,1.01563763655043
2012-09-10,1.08275462659585
2012-09-11,1.00325288947748
2012-09-12,1.02081131294881
2012-09-13,1.01352023554077
2012-09-14,1.01502940307603
2012-09-15,1.02455961278565
2012-09-16,1.02516283936336
2012-09-17,1.01607390100839
2012-09-18,1.01446054536845
2012-09-19,1.02941576231709
2012-09-20,1.04191932742911
2012-09-21,1.01027928939161
2012-09-22,1.00981373653277
2012-09-23,1.00579836989882
2012-09-24,1.00986201939065
2012-09-25,1.01056954299857
2012-09-26,1.01304286128885
2012-09-27,1.02242561445419
2012-09-28,1.01662094720278
2012-09-29,1.0240325839616
2012-09-30,1.01747087191875
2012-10-01,1.00713107043113
2012-10-02,1.01733902260451
2012-10-03,1.02336129501308
2012-10-04,1.02123649019354
2012-10-05,1.00822284116738
2012-10-06,1.00394828776532
2012-10-07,0.981633218918135
2012-10-08,0.968570833119184
2012-10-09,1.00060678674856
2012-10-10,1.00237076124145
2012-10-11,1.00038525035207
2012-10-12,0.996963766462944
2012-10-13,0.996040466753948
2012-10-14,0.991726115736817
2012-10-15,0.989270210862534
2012-10-16,1.00775286186389
2012-10-17,1.00092578997032
2012-10-18,1.0036411875551
2012-10-19,0.998272773749737
2012-10-20,0.994441144096717
2012-10-21,1.02101287417076
2012-10-22,0.997499800349752
2012-10-23,1.00136745775942
2012-10-24,1.00596365991818
2012-10-25,0.986345254259205
2012-10-26,0.950110876002977
2012-10-27,0.972854659073104
2012-10-28,0.983133431316738
2012-10-29,0.994531733901634
2012-10-30,0.991698649423122
2012-10-31,1.00931150101076
2012-11-01,0.992762294797422
2012-11-02,0.977347212623984
2012-11-03,0.988695831569189
2012-11-04,0.992693768925716
2012-11-05,0.998745006306982
2012-11-06,1.00127009489608
2012-11-07,1.00771828955921
2012-11-08,1.00234928334313
2012-11-09,1.00119414400427
2012-11-10,0.99870208800359
2012-11-11,0.992178489987687
2012-11-12,1.00854131755666
2012-11-13,1.01013008194451
2012-11-14,1.00439854243045
2012-11-15,1.00694034187775
2012-11-16,1.0245951440062
2012-11-17,1.01669929155017
2012-11-18,1.01619539261673
2012-11-19,1.01949459850095
2012-11-20,1.00967858042124
2012-11-21,1.01107261023505
2012-11-22,1.02346025025464
2012-11-23,1.01967478526074
2012-11-24,1.02162003788575
2012-11-25,1.02417795511439
2012-11-26,1.02212245157445
2012-11-27,1.00185355820074
2012-11-28,1.01400902374529
2012-11-29,1.01485900193377
2012-11-30,1.01962208293581
2012-12-01,1.01895701531219
2012-12-02,1.00762934553949
2012-12-03,1.01381037675565
2012-12-04,1.03035157340866
2012-12-05,1.03989065809546
2012-12-06,1.02451766278473
2012-12-07,1.01654198555312
2012-12-08,1.01496706970519
2012-12-09,1.01836859042613
2012-12-10,1.01624216459487
2012-12-11,1.01759024621728
2012-12-12,1.01390482503192
2012-12-13,1.02287031275936
2012-12-14,1.01446077622281
2012-12-15,1.00496445338349
2012-12-16,1.0050356159655
2012-12-17,0.993650649141092
2012-12-18,1.00678232835804
2012-12-19,1.01020769109124
2012-12-20,1.00783309179519
2012-12-21,1.01332564483326
2012-12-22,0.999517050187962
2012-12-23,0.995915186183128
2012-12-24,1.00055403258086
2012-12-25,1.00013778097648
2012-12-26,1.00421091515417
2012-12-27,1.00411753489417
2012-12-28,1.00699136883966
2012-12-29,1.00357996690213
2012-12-30,1.00110590205953
2012-12-31,1.01035828855859
2013-01-01,0.992657267465045
2013-01-02,0.997992163767049
2013-01-03,0.99764025730965
2013-01-04,1.00662349315063
2013-01-05,0.998178935357399
2013-01-06,0.998773273196156
2013-01-07,1.00098761407513
2013-01-08,1.01314978091963
2013-01-09,1.01225061393885
2013-01-10,1.02700743883736
2013-01-11,1.01853816638227
2013-01-12,1.01055410954995
2013-01-13,1.00342796050705
2013-01-14,1.0104035832805
2013-01-15,1.02050448296443
2013-01-16,1.01793724308326
2013-01-17,1.03538808344676
2013-01-18,1.03231594218599
2013-01-19,1.01922363861084
2013-01-20,1.0126506025607
2013-01-21,1.05132925417601
2013-01-22,1.06335917004329
2013-01-23,1.03053358931552
2013-01-24,1.0572957206173
2013-01-25,1.00010295453978
2013-01-26,1.00588650901129
2013-01-27,1.04019819345874
2013-01-28,1.03157614152775
2013-01-29,1.06030353642047
2013-01-30,1.05064002379137
2013-01-31,1.06688487215107
2013-02-01,1.05044383963966
2013-02-02,1.00865994510086
2013-02-03,1.01554121100902
2013-02-04,1.01522596221514
2013-02-05,1.01515194855824
2013-02-06,1.02585181150623
2013-02-07,1.02168641417577
2013-02-08,1.05243343258414
2013-02-09,1.03605862551269
2013-02-10,1.0236821716544
2013-02-11,1.03414252478948
2013-02-12,1.05769460463614
2013-02-13,1.08607635848745
2013-02-14,1.06935770429127
2013-02-15,1.0687614576084
2013-02-16,1.07722286364963
2013-02-17,1.05011433481923
2013-02-18,1.02947175946153
2013-02-19,1.05687226049361
2013-02-20,1.05714043993619
2013-02-21,1.04612714081088
2013-02-22,1.05599236899286
2013-02-23,1.01841620310587
2013-02-24,1.04650491939188
2013-02-25,1.04400175566177
2013-02-26,1.03484970034437
2013-02-27,1.02489727249828
2013-02-28,1.07284989049773
2013-03-01,1.05866022729156
2013-03-02,1.03840530807976
2013-03-03,1.02927218124581
2013-03-04,1.063780999558
2013-03-05,1.12076370974609
2013-03-06,1.15508583875107
2013-03-07,1.04444479021988
2013-03-08,1.04301611350187
2013-03-09,1.0678055468342
2013-03-10,1.06609071265904
2013-03-11,1.06417013233718
2013-03-12,1.02635515874661
2013-03-13,1.05826145862575
2013-03-14,1.05837303781787
2013-03-15,1.04924060343651
2013-03-16,1.03570286074772
2013-03-17,1.02518988655381
2013-03-18,1.05073218188113
2013-03-19,1.130996475266
2013-03-20,1.14394984991567
2013-03-21,1.18461349399037
2013-03-22,1.11999622190756
2013-03-23,1.01876017456673
2013-03-24,1.10321901652762
2013-03-25,1.12142709692181
2013-03-26,1.10654696325205
2013-03-27,1.1306283439131
2013-03-28,1.15124529588429
2013-03-29,1.0744076117395
2013-03-30,1.09078461294338
2013-03-31,1.08073312067395
2013-04-01,1.17980560829974
2013-04-02,1.13507255643057
2013-04-03,1.21094790212937
2013-04-04,1.12772743634019
2013-04-05,1.19148640974813
2013-04-06,1.08787784588916
2013-04-07,1.15424739118798
2013-04-08,1.24216272593896
2013-04-09,1.27430964478542
2013-04-10,1.12758291809731
2013-04-11,0.793771924866823
2013-04-12,0.685229407478799
2013-04-13,1.01459452699485
2013-04-14,0.972711917441382
2013-04-15,0.914057549921043
2013-04-16,0.852683678335251
2013-04-17,1.03469521632038
2013-04-18,1.06698972570003
2013-04-19,1.14233644252658
2013-04-20,1.14244838247079
2013-04-21,1.11396350683672
2013-04-22,1.07977179222396
2013-04-23,1.10344756382495
2013-04-24,1.24265346301405
2013-04-25,1.30252229865252
2013-04-26,1.03626361327528
2013-04-27,1.0830246028017
2013-04-28,1.05035445246089
2013-04-29,1.13616498660364
2013-04-30,1.0680212076866
2013-05-01,0.926765167657013
2013-05-02,0.945607082989191
2013-05-03,0.871521380813151
2013-05-04,1.00723949399019
2013-05-05,1.01989866393778
2013-05-06,1.05066357376301
2013-05-07,0.972234645483635
2013-05-08,0.999793974227531
2013-05-09,0.993368783683838
2013-05-10,0.971828874823267
2013-05-11,1.03166659940546
2013-05-12,1.02069923363733
2013-05-13,1.01527086300598
2013-05-14,0.99501089971057
2013-05-15,0.995682035842412
2013-05-16,0.9962643185525
2013-05-17,1.01633963711004
2013-05-18,1.03714046999835
2013-05-19,1.01262721956142
2013-05-20,1.0171798479422
2013-05-21,1.00805295249291
2013-05-22,1.01575938353647
2013-05-23,1.0244537715778
2013-05-24,1.04981078855168
2013-05-25,1.02849142807476
2013-05-26,1.01997895022335
2013-05-27,1.02716076667374
2013-05-28,1.01046149779333
2013-05-29,1.02676119608989
2013-05-30,1.03155183146172
2013-05-31,1.01246728103847
2013-06-01,1.02069774538802
2013-06-02,1.0051123566965
2013-06-03,1.00593248680061
2013-06-04,1.00881019264274
2013-06-05,1.00202315510429
2013-06-06,1.0186349705297
2013-06-07,0.980125385076023
2013-06-08,0.970206532856995
2013-06-09,0.936708793129326
2013-06-10,0.98419331832536
2013-06-11,1.00007436549294
2013-06-12,1.00052223222586
2013-06-13,0.983593239345397
2013-06-14,0.967524822749059
2013-06-15,0.983374455132193
2013-06-16,0.989083498578709
2013-06-17,0.986776322224515
2013-06-18,1.00179633017342
2013-06-19,0.996609083834547
2013-06-20,1.00054429575233
2013-06-21,0.981556387664268
2013-06-22,0.986965769749436
2013-06-23,0.980409629278618
2013-06-24,0.997920292117191
2013-06-25,0.98269963589891
2013-06-26,0.983084987776281
2013-06-27,0.97153427043983
2013-06-28,0.957869301103467
2013-06-29,0.953601302568475
2013-06-30,0.956760407469794
2013-07-01,0.968747376490332
2013-07-02,0.983040368189973
2013-07-03,0.947907412059474
2013-07-04,0.943248847426222
2013-07-05,0.875247801094329
2013-07-06,0.858723919781917
2013-07-07,0.952131566220962
2013-07-08,0.999944562348168
2013-07-09,0.979721205200475
2013-07-10,0.997008662217712
2013-07-11,1.01527331654921
2013-07-12,1.02354796368799
2013-07-13,1.00096497835271
2013-07-14,1.0143806517066
2013-07-15,1.00808935690077
2013-07-16,0.992127762665325
2013-07-17,0.978142647427737
2013-07-18,0.9458809553873
2013-07-19,0.975785412431383
2013-07-20,0.973103538404595
2013-07-21,0.971314582895503
2013-07-22,0.973745640900858
2013-07-23,0.995463714198098
2013-07-24,0.998832147789137
2013-07-25,1.00518102087695
2013-07-26,0.997014352378458
2013-07-27,0.989467930981223
2013-07-28,1.00454875964905
2013-07-29,0.968806677771976
2013-07-30,1.01045728808364
2013-07-31,1.0323499261498
2013-08-01,1.00754210705128
2013-08-02,1.03033691027562
2013-08-03,0.998334401156068
2013-08-04,1.00271685649963
2013-08-05,1.01379062983008
2013-08-06,0.999263530467581
2013-08-07,1.00269751919225
2013-08-08,0.987842195178215
2013-08-09,0.99283758262367
2013-08-10,0.988141221284138
2013-08-11,0.993064203592013
2013-08-12,0.987827256534425
2013-08-13,1.00053916832687
2013-08-14,1.0089074842705
2013-08-15,1.00119455962736
2013-08-16,0.998309532993098
2013-08-17,1.00594011652516
2013-08-18,1.00158224600109
2013-08-19,1.01649820197877
2013-08-20,1.01710410561049
2013-08-21,1.01833730355658
2013-08-22,1.02373390175341
2013-08-23,1.0075559431176
2013-08-24,1.00726561981622
2013-08-25,1.02890360020662
2013-08-26,1.02275644012814
2013-08-27,1.03578997200075
2013-08-28,1.03306969113492
2013-08-29,1.03897652503476
2013-08-30,1.03767547054548
2013-08-31,1.06459504261348
2013-09-01,1.03845701268925
2013-09-02,1.0415018478057
2013-09-03,1.06127728241935
2013-09-04,1.00496186462111
2013-09-05,1.00072336323654
2013-09-06,1.00824851415887
2013-09-07,0.999666007684125
2013-09-08,1.00102980440823
2013-09-09,1.01243144280591
2013-09-10,1.02376462627151
2013-09-11,1.02850722542853
2013-09-12,1.02496658090219
2013-09-13,1.01899318060867
2013-09-14,1.00680340372306
2013-09-15,1.01088365594091
2013-09-16,1.02227635570429
2013-09-17,1.01235605078604
2013-09-18,1.01181950131989
2013-09-19,1.02059228127562
2013-09-20,1.00407830217929
2013-09-21,1.00024762090828
2013-09-22,1.01325984442057
2013-09-23,1.00542855149013
2013-09-24,1.01054824637577
2013-09-25,1.01693005412653
2013-09-26,1.01215307341005
2013-09-27,1.0104983735208
2013-09-28,1.00965086063652
2013-09-29,1.01103664851629
2013-09-30,1.00924073816072
2013-10-01,1.01562504058459
2013-10-02,0.964856130423839
2013-10-03,0.995191446780696
2013-10-04,1.02307608594689
2013-10-05,1.00578327976785
2013-10-06,1.01038197436447
2013-10-07,1.00958386525011
2013-10-08,1.0098362095965
2013-10-09,1.0183183786125
2013-10-10,1.00801915693855
2013-10-11,1.01613811349915
2013-10-12,1.01446457467352
2013-10-13,1.01668419473968
2013-10-14,1.04222166311766
2013-10-15,1.04744436116095
2013-10-16,1.06837356229697
2013-10-17,1.03946504702013
2013-10-18,1.04628660997106
2013-10-19,1.07239874266488
2013-10-20,1.03921367232728
2013-10-21,1.09111749703005
2013-10-22,1.10082043955321
2013-10-23,1.15679157404586
2013-10-24,1.04679139758403
2013-10-25,1.06116688501351
2013-10-26,1.02065142387832
2013-10-27,1.04591386251475
2013-10-28,1.05997049248457
2013-10-29,1.14393607711169
2013-10-30,1.04667513160949
2013-10-31,1.04859292078633
2013-11-01,1.06789010747539
2013-11-02,1.03329864710709
2013-11-03,1.0358680305177
2013-11-04,1.2061122251252
2013-11-05,1.10899013747696
2013-11-06,1.07913107994726
2013-11-07,1.17637819696401
2013-11-08,1.15703690190541
2013-11-09,1.12134903494117
2013-11-10,1.02869370074527
2013-11-11,1.11989530585294
2013-11-12,1.10634726088609
2013-11-13,1.1398041317099
2013-11-14,1.10561331856971
2013-11-15,1.08958652840281
2013-11-16,1.09137769597255
2013-11-17,1.13043098871213
2013-11-18,1.19510999690023
2013-11-19,1.14154759682746
2013-11-20,1.07227515561436
2013-11-21,1.14065862374938
2013-11-22,1.39441487109233
2013-11-23,1.24142342837748
2013-11-24,1.10948409986878
2013-11-25,1.11978142975616
2013-11-26,1.30522375077643
2013-11-27,1.16812673563405
2013-11-28,1.15582643821315
2013-11-29,1.19868211683794
2013-11-30,1.14039587155687
2013-12-01,1.04556538333347
2013-12-02,1.08775747070698
2013-12-03,1.10576770633245
2013-12-04,1.14734540482318
2013-12-05,1.08642609003247
2013-12-06,1.02495661989271
2013-12-07,1.005294316846
2013-12-08,1.02397384356391
2013-12-09,1.04498706080608
2013-12-10,1.06388967047565
2013-12-11,1.10777752808914
2013-12-12,1.02378159224379
2013-12-13,1.106676686589
2013-12-14,0.954140392160536
2013-12-15,1.01469250887176
2013-12-16,0.961099941408343
2013-12-17,0.967273212476494
2013-12-18,0.921165220782969
2013-12-19,0.936010229422713
2013-12-20,0.991001120964223
2013-12-21,0.90481799597356
2013-12-22,0.857737850954594
2013-12-23,1.01592754695236
2013-12-24,1.03931395480959
2013-12-25,1.03162327865973
2013-12-26,1.05810803123766
2013-12-27,1.03777210756175
2013-12-28,1.01160045318608
2013-12-29,0.998134208495769
2013-12-30,0.995565221481614
2013-12-31,0.974205085712067
2014-01-01,0.982366101870078
2014-01-02,1.03469527746545
2014-01-03,1.04005269991695
2014-01-04,1.18421224553596
2014-01-05,1.08006763476105
2014-01-06,1.07097445699919
2014-01-07,1.04815148410845
2014-01-08,1.09383106508021
2014-01-09,1.02110688723225
2014-01-10,1.00898783623033
2014-01-11,1.05338663105392
2014-01-12,1.03688550158978
2014-01-13,0.998158840357414
2014-01-14,1.02135017003294
2014-01-15,1.0714096764847
2014-01-16,1.03419499864187
2014-01-17,1.00571463015271
2014-01-18,0.999295161189453
2014-01-19,1.01240704587878
2014-01-20,1.02388425467745
2014-01-21,1.00945662750413
2014-01-22,1.00930205650007
2014-01-23,1.00535053411284
2014-01-24,0.994877478100047
2014-01-25,1.01380081197209
2014-01-26,1.01445965809268
2014-01-27,1.00360111595493
2014-01-28,1.00160726772445
2014-01-29,1.00056532759242
2014-01-30,1.00538366738334
2014-01-31,1.00339553722133
2014-02-01,1.03570353552137
2014-02-02,1.00532970997263
2014-02-03,1.01386959932586
2014-02-04,0.991982588947131
2014-02-05,1.01863617336562
2014-02-06,0.990261876608927
2014-02-07,0.954353409661259
2014-02-08,0.96926432458478
2014-02-09,0.980160701301044
2014-02-10,0.96882960903973
2014-02-11,0.975281509692716
2014-02-12,0.93891455963163
2014-02-13,0.959527234282072
2014-02-14,0.969233174692724
2014-02-15,0.986313349294748
2014-02-16,0.967188143677146
2014-02-17,0.980741069540294
2014-02-18,0.95122217900621
2014-02-19,0.951468871638404
2014-02-20,0.958677336605634
2014-02-21,0.947344871265763
2014-02-22,0.969255585542076
2014-02-23,0.984319338487889
2014-02-24,0.909433439196341
2014-02-25,0.835952483516282
2014-02-26,1.01144271617975
2014-02-27,0.969640139537768
2014-02-28,0.964659252847745
2014-03-01,0.926528796767643
2014-03-02,0.950874605746992
2014-03-03,0.998119062213669
2014-03-04,1.01045349025438
2014-03-05,0.974699662352314
2014-03-06,1.01490296750061
2014-03-07,0.989033785784548
2014-03-08,0.998681626385459
2014-03-09,0.996908246786425
2014-03-10,0.998875367297859
2014-03-11,0.997148998663906
2014-03-12,1.0089330893691
2014-03-13,1.00251130537167
2014-03-14,0.989317822168712
2014-03-15,0.988219330045568
2014-03-16,0.990221246502316
2014-03-17,0.982148332221498
2014-03-18,0.979925468467952
2014-03-19,0.982355127750482
2014-03-20,0.952272877438482
2014-03-21,0.956426573107535
2014-03-22,0.968766013814712
2014-03-23,0.968521563603478
2014-03-24,0.970845581236081
2014-03-25,0.980801987682642
2014-03-26,0.979917027262509
2014-03-27,0.964280751401558
2014-03-28,0.920290468770866
2014-03-29,0.954967016086171
2014-03-30,0.911314543365509
2014-03-31,0.896768089072644
2014-04-01,0.962705196855336
2014-04-02,0.925590630199724
2014-04-03,0.910233591926537
2014-04-04,0.958631000263385
2014-04-05,0.894546686649256
2014-04-06,0.958505354572115
2014-04-07,0.966208173504769
2014-04-08,0.956730568719438
2014-04-09,0.912306601255762
2014-04-10,0.857683641849648
2014-04-11,0.878068092248775
2014-04-12,0.976956269783715
2014-04-13,0.968285911106214
2014-04-14,0.989919564868172
2014-04-15,0.993298088388454
2014-04-16,1.02027985941388
2014-04-17,1.02314611180666
2014-04-18,0.951223723560393
2014-04-19,0.998087488510969
2014-04-20,0.958813791721913
2014-04-21,0.991689939319194
2014-04-22,0.971406424418577
2014-04-23,1.00845475340801
2014-04-24,0.987449006881756
2014-04-25,0.94985908177261
2014-04-26,0.971991707454589
2014-04-27,0.967690684440147
2014-04-28,0.949165745271435
2014-04-29,0.966937316997391
2014-04-30,0.977227453332278
2014-05-01,0.979719562010693
2014-05-02,0.984191701249518
2014-05-03,0.970710661121219
2014-05-04,0.967422830869372
2014-05-05,0.94909846700653
2014-05-06,0.944760848865303
2014-05-07,0.975121305236401
2014-05-08,0.984200725063052
2014-05-09,0.992492010117038
2014-05-10,0.990574248882424
2014-05-11,0.977404284037662
2014-05-12,0.980093861707857
2014-05-13,0.971531559769923
2014-05-14,0.959680109959025
2014-05-15,0.99169906623173
2014-05-16,0.971511698064491
2014-05-17,0.986832167081026
2014-05-18,0.979480977294561
2014-05-19,0.979677226425511
2014-05-20,1.0170325527582
2014-05-21,1.01906903266054
2014-05-22,1.03805775221461
2014-05-23,1.03899204816708
2014-05-24,1.00585197140696
2014-05-25,1.06457805511957
2014-05-26,1.0311816395087
2014-05-27,1.02436253216164
2014-05-28,1.02250096486898
2014-05-29,1.00932022545144
2014-05-30,1.06700379151383
2014-05-31,1.02119633970083
2014-06-01,1.04810445380438
2014-06-02,1.06959476865974
2014-06-03,1.06004273872587
2014-06-04,1.02398894611267
2014-06-05,1.0477320906829
2014-06-06,1.03422423020232
2014-06-07,1.01710009031733
2014-06-08,1.02693862228064
2014-06-09,1.04906987211716
2014-06-10,1.03406229924493
2014-06-11,1.00789679489971
2014-06-12,0.974815274855617
2014-06-13,0.994261221485014
2014-06-14,0.973402281618219
2014-06-15,0.993610904772681
2014-06-16,1.00776991963348
2014-06-17,1.00369126208338
2014-06-18,1.01106659808575
2014-06-19,1.00311722403744
2014-06-20,0.996714463547471
2014-06-21,0.99654170656892
2014-06-22,1.00467106819871
2014-06-23,1.01352451201995
2014-06-24,1.00920679456017
2014-06-25,0.985601037785474
2014-06-26,0.989799906391942
2014-06-27,1.00494828931817
2014-06-28,1.01195168202229
2014-06-29,1.00304719917752
2014-06-30,1.02722718355391
2014-07-01,1.04305201352721
2014-07-02,1.03448439115213
2014-07-03,1.00968804809003
2014-07-04,1.00408655001687
2014-07-05,1.0091661982554
2014-07-06,1.00692562644649
2014-07-07,1.00866031104236
2014-07-08,1.00213741572399
2014-07-09,1.00565892173315
2014-07-10,0.999862957257888
2014-07-11,1.00701175097375
2014-07-12,1.0072033906905
2014-07-13,1.00775063121393
2014-07-14,1.00204772210941
2014-07-15,1.00249339077063
2014-07-16,1.00265375318198
2014-07-17,1.01149871546123
2014-07-18,1.00676154613399
2014-07-19,1.00628227155653
2014-07-20,1.01191571212993
2014-07-21,1.02765063334016
2014-07-22,1.00282336511904
2014-07-23,1.00457275949371
2014-07-24,0.992065101505264
2014-07-25,0.998581940521702
2014-07-26,0.997806550067845
2014-07-27,0.993290210105078
2014-07-28,0.978685355968478
2014-07-29,0.994450731156545
2014-07-30,0.976463241556685
2014-07-31,0.995694021538557
2014-08-01,1.04441227806264
2014-08-02,0.993595581709841
2014-08-03,0.992253350414574
2014-08-04,1.00007478740852
2014-08-05,0.994026702879737
2014-08-06,0.992607441807738
2014-08-07,1.00154945236858
2014-08-08,1.0034367315034
2014-08-09,1.00116008254895
2014-08-10,1.00580565243875
2014-08-11,0.993651369949179
2014-08-12,0.989741253739176
2014-08-13,0.970747572948094
2014-08-14,0.929289980231748
2014-08-15,0.962433535867538
2014-08-16,0.976708437840318
2014-08-17,0.983552453350776
2014-08-18,0.919316054122253
2014-08-19,0.974741778038692
2014-08-20,0.992473682266322
2014-08-21,1.00042887294559
2014-08-22,0.984669306395268
2014-08-23,0.940047479927177
2014-08-24,0.995347194462562
2014-08-25,0.978250406727077
2014-08-26,0.992487425170213
2014-08-27,0.99794299020375
2014-08-28,0.910273255777524
2014-08-29,0.996520952960195
2014-08-30,0.992766093536363
2014-08-31,0.97369146078927
2014-09-01,0.969607701293446
2014-09-02,0.964880856939702
2014-09-03,0.97809894374158
2014-09-04,0.984492828611474
2014-09-05,0.981272759372151
2014-09-06,0.96612480561305
2014-09-07,0.978166303719748
2014-09-08,0.974795344321717
2014-09-09,0.969198497568403
2014-09-10,0.980748187397826
2014-09-11,0.979505380549885
2014-09-12,0.977666951900854
2014-09-13,0.989172613985159
2014-09-14,0.991051704749535
2014-09-15,0.984282575924272
2014-09-16,0.98029420708759
2014-09-17,0.97083007489051
2014-09-18,0.915311432364302
2014-09-19,0.919763046821564
2014-09-20,0.967769623732067
2014-09-21,0.95860738644169
2014-09-22,0.960757632221805
2014-09-23,0.966853274353092
2014-09-24,0.98802760205542
2014-09-25,0.968801448564764
2014-09-26,0.956093526913516
2014-09-27,0.97798729928393
2014-09-28,0.959828960835852
2014-09-29,0.937187698806744
2014-09-30,0.949898984526241
2014-10-01,0.975725759157351
2014-10-02,0.972353681052566
2014-10-03,0.899750441180069
2014-10-04,0.92576671442144
2014-10-05,0.906966508382212
2014-10-06,0.819350017760921
2014-10-07,0.968975022798071
2014-10-08,1.01049072923367
2014-10-09,0.972780213551624
2014-10-10,0.977418429798541
2014-10-11,0.988702121993301
2014-10-12,0.993625680094619
2014-10-13,1.04186791517904
2014-10-14,1.03525115216018
2014-10-15,0.922984026396863
2014-10-16,0.993349458205267
2014-10-17,0.971964738657826
2014-10-18,1.00706296175676
2014-10-19,0.998156469511145
2014-10-20,0.991350716488421
2014-10-21,0.989779394393644
2014-10-22,0.985147102052708
2014-10-23,0.964107936835883
2014-10-24,0.955563892776216
2014-10-25,0.948981784894884
2014-10-26,0.976416822089392
2014-10-27,0.962270188984452
2014-10-28,0.978602326119745
2014-10-29,0.950452617152381
2014-10-30,0.973469309102567
2014-10-31,0.940983411394841
2014-11-01,0.946717247217901
2014-11-02,0.954083735885505
2014-11-03,0.95922726130226
2014-11-04,0.939738012349076
2014-11-05,0.981476063254254
2014-11-06,0.992445201539151
2014-11-07,0.971516711540724
2014-11-08,0.991524046447844
2014-11-09,1.00173714029092
2014-11-10,1.013541932044
2014-11-11,0.992553176583289
2014-11-12,1.04574203216213
2014-11-13,1.0764914207645
2014-11-14,0.984146652891249
2014-11-15,0.994295567823318
2014-11-16,0.996152106179041
2014-11-17,0.984168883741218
2014-11-18,0.979398160748692
2014-11-19,0.990995065567957
2014-11-20,0.957935394702796
2014-11-21,0.971768540587139
2014-11-22,0.987130843059391
2014-11-23,0.990351555143395
2014-11-24,1.0095616688107
2014-11-25,1.00236028536595
2014-11-26,0.978670763509514
2014-11-27,0.989567427976765
2014-11-28,0.981398689528934
2014-11-29,0.99817894867719
2014-11-30,0.999701757979036
2014-12-01,0.994572946957266
2014-12-02,0.978411776089268
2014-12-03,0.996918023663785
2014-12-04,0.956805372694229
2014-12-05,0.992263431181756
2014-12-06,0.998038282024201
2014-12-07,0.995085969173192
2014-12-08,0.989433428509262
2014-12-09,0.954471521417651
2014-12-10,0.945332943102012
2014-12-11,0.98373648134717
2014-12-12,0.993251192788182
2014-12-13,0.981914434017776
2014-12-14,0.994849514015619
2014-12-15,0.985127814235327
2014-12-16,0.97213802570638
2014-12-17,0.95948090211413
2014-12-18,0.958740660683342
2014-12-19,0.956002422243406
2014-12-20,0.992634522334807
2014-12-21,0.933000223505873
2014-12-22,0.987499694695077
2014-12-23,1.00228460011161
2014-12-24,0.989059489902001
2014-12-25,0.978889312517337
2014-12-26,0.995620985962673
2014-12-27,0.981611631439661
2014-12-28,0.985884917531003
2014-12-29,0.951862606812315
2014-12-30,0.919300038161349
2014-12-31,0.977860353399273
2015-01-01,0.991880808471312
2015-01-02,0.988217082446223
2015-01-03,0.931032486150463
2015-01-04,0.925031235209782
2015-01-05,0.921498451633378
2015-01-06,0.954455895015702
2015-01-07,0.951791122862261
2015-01-08,0.964171302023795
2015-01-09,0.943191535284653
2015-01-10,0.972891599950936
2015-01-11,0.977277821670307
2015-01-12,0.970919260593162
2015-01-13,0.915124051156044
2015-01-14,0.847100429811389
2015-01-15,0.947265259973869
2015-01-16,0.968782507611864
2015-01-17,0.95748479282976
2015-01-18,0.980523112153903
2015-01-19,0.973061613813492
2015-01-20,0.958003522258545
2015-01-21,0.845589483778527
2015-01-22,1.01000862097537
2015-01-23,0.996984438057543
2015-01-24,1.00420099848982
2015-01-25,1.01250579842115
2015-01-26,1.03205669857021
2015-01-27,0.988769562430619
2015-01-28,1.04633823811666
2015-01-29,0.940505169746694
2015-01-30,0.957388567200094
2015-01-31,0.927772423749772
2015-02-01,0.961824371910537
2015-02-02,0.972807459665014
2015-02-03,0.999577243381042
2015-02-04,0.960551762564918
2015-02-05,0.970987817545978
2015-02-06,0.979110091025633
2015-02-07,0.976322850732875
2015-02-08,0.983019507814516
2015-02-09,0.957985685752295
2015-02-10,0.972621710196512
2015-02-11,0.955133456874844
2015-02-12,0.983313230700033
2015-02-13,1.01904899708747
2015-02-14,1.0167886802377
2015-02-15,1.0078470737802
2015-02-16,0.983290275642077
2015-02-17,1.00406051168295
2015-02-18,0.994104474257476
2015-02-19,0.999579643277962
2015-02-20,1.00502146607176
2015-02-21,1.00484118226551
2015-02-22,0.985458186227418
2015-02-23,0.986503474491757
2015-02-24,0.992733370376866
2015-02-25,0.99288605662507
2015-02-26,0.99211082740949
2015-02-27,1.02142133884619
2015-02-28,1.00342334753797
2015-03-01,1.00536932957297
2015-03-02,1.02104091526291
2015-03-03,1.02838055771258
2015-03-04,1.01487876123866
2015-03-05,0.990004614455518
2015-03-06,1.00490162661371
2015-03-07,0.993296384532683
2015-03-08,0.984287064592647
2015-03-09,0.961979434535299
2015-03-10,1.02488417397982
2015-03-11,1.03115455670197
2015-03-12,1.05136341557301
2015-03-13,1.0038233735718
2015-03-14,0.996727074762742
2015-03-15,1.0044911438167
2015-03-16,0.989179228183226
2015-03-17,1.00694456669951
2015-03-18,0.978066199012352
2015-03-19,0.976284105794262
2015-03-20,0.987786247630995
2015-03-21,0.985012588802028
2015-03-22,0.993373734074165
2015-03-23,0.993556076917472
2015-03-24,0.971345533062704
2015-03-25,0.974920827783638
2015-03-26,0.977689237979938
2015-03-27,0.988487053210215
2015-03-28,0.991353491127085
2015-03-29,0.982381414043065
2015-03-30,0.972234562502536
2015-03-31,0.986396051738479
2015-04-01,0.981385749970204
2015-04-02,0.998166949767031
2015-04-03,1.00747489979216
2015-04-04,0.999131959483077
2015-04-05,1.00839674055604
2015-04-06,1.00710784783924
2015-04-07,0.99831699336915
2015-04-08,0.985092878982054
2015-04-09,0.972791746014553
2015-04-10,0.97299708792155
2015-04-11,0.984466762709601
2015-04-12,0.989614575732432
2015-04-13,0.960315315862654
2015-04-14,0.96178266148673
2015-04-15,0.976581567635893
2015-04-16,0.991102096560512
2015-04-17,0.979757899033229
2015-04-18,0.988192584165933
2015-04-19,0.994924992378508
2015-04-20,0.98255290567144
2015-04-21,0.982367128478887
2015-04-22,1.00775812202872
2015-04-23,1.00497983810088
2015-04-24,0.993904536463979
2015-04-25,0.991671371654896
2015-04-26,0.972141458839526
2015-04-27,0.980794723454092
2015-04-28,0.993466669027901
2015-04-29,0.988713834628145
2015-04-30,1.00736787093835
2015-05-01,1.00375985658761
2015-05-02,1.00014559918709
2015-05-03,1.01184580434727
2015-05-04,1.00774953576795
2015-05-05,0.996213130195396
2015-05-06,0.995041812764612
2015-05-07,0.991248003747361
2015-05-08,1.00772221861992
2015-05-09,1.00827674631493
2015-05-10,1.00457864381721
2015-05-11,1.00258931238546
2015-05-12,0.997711618770862
2015-05-13,1.00248965579754
2015-05-14,0.987149857667937
2015-05-15,0.996243799670061
2015-05-16,0.997589220844652
2015-05-17,0.996555962460325
2015-05-18,0.994120352100433
2015-05-19,0.9874059232887
2015-05-20,0.997433202059053
2015-05-21,1.00009231938044
2015-05-22,0.997643088145978
2015-05-23,0.999953621893735
2015-05-24,1.00277569072169
2015-05-25,0.998639019266432
2015-05-26,0.994634439390686
2015-05-27,0.98824094313785
2015-05-28,0.993746535150302
2015-05-29,0.99815049394161
2015-05-30,0.994579309737114
2015-05-31,0.99150773187741
2015-06-01,0.976625445805748
2015-06-02,0.981123303634696
2015-06-03,0.98462434907117
2015-06-04,0.992771773965414
2015-06-05,0.992336129678551
2015-06-06,0.995587442358983
2015-06-07,0.994538037353074
2015-06-08,0.996963842435172
2015-06-09,1.0056393648065
2015-06-10,0.994598174075467
2015-06-11,0.999840976000845
2015-06-12,0.99963643415439
2015-06-13,1.00170489997951
2015-06-14,1.00449133282201
2015-06-15,1.007392107346
2015-06-16,1.02050284257019
2015-06-17,1.01967159465623
2015-06-18,1.01007544029476
2015-06-19,1.01347977363195
2015-06-20,0.995770394006937
2015-06-21,1.00080078635462
2015-06-22,1.00689713300263
2015-06-23,1.00108214502461
2015-06-24,0.998628872420037
2015-06-25,0.995309714947748
2015-06-26,0.998423840389284
2015-06-27,1.00898094827743
2015-06-28,1.00993304814141
2015-06-29,1.01928472737041
2015-06-30,1.02764291138773
2015-07-01,1.00519951643509
2015-07-02,1.00268131821364
2015-07-03,1.00005814990057
2015-07-04,1.00492628885111
2015-07-05,1.02073252173529
2015-07-06,1.02780626856699
2015-07-07,1.0084011642449
2015-07-08,1.00887431594673
2015-07-09,1.00936184000201
2015-07-10,1.03160558902554
2015-07-11,1.0313507479968
2015-07-12,1.04531043451843
2015-07-13,1.00426933705013
2015-07-14,1.01385781873465
2015-07-15,1.01393330193711
2015-07-16,0.998484182571056
2015-07-17,0.998709017659045
2015-07-18,0.998768468447932
2015-07-19,0.996445329932312
2015-07-20,1.0025268512103
2015-07-21,1.0073080111336
2015-07-22,1.0018509440092
2015-07-23,1.00780277693395
2015-07-24,1.01529155873894
2015-07-25,1.01957819160456
2015-07-26,1.01981613131004
2015-07-27,1.01550806195603
2015-07-28,1.01771675654833
2015-07-29,1.00625155239857
2015-07-30,1.00182731215288
2015-07-31,1.00176080067524
2015-08-01,0.993678994002343
2015-08-02,0.997344268824627
2015-08-03,1.00126181642828
2015-08-04,1.00319528517915
2015-08-05,0.999792013629993
2015-08-06,0.997250063918002
2015-08-07,0.999383342478583
2015-08-08,1.01377037248537
2015-08-09,0.991088966371298
2015-08-10,0.988721639876985
2015-08-11,0.993640692873668
2015-08-12,1.0003330681312
2015-08-13,0.993386177163134
2015-08-14,0.99398793055791
2015-08-15,0.996151164506412
2015-08-16,0.992950074894071
2015-08-17,0.993854602866254
2015-08-18,0.98746751222083
2015-08-19,0.959837129251794
2015-08-20,0.980748999057711
2015-08-21,0.986236918389057
2015-08-22,0.983288248667333
2015-08-23,0.99133293388507
2015-08-24,0.975637025469815
2015-08-25,0.984353480541605
2015-08-26,0.99420039696333
2015-08-27,0.99583910276111
2015-08-28,0.999924021001218
2015-08-29,0.993997711016761
2015-08-30,0.993553383137164
2015-08-31,0.999245557835956
2015-09-01,0.992192749499328
2015-09-02,0.996462954035467
2015-09-03,0.992032603541026
2015-09-04,0.999936968853667
2015-09-05,1.00443991237052
2015-09-06,1.01490199415061
2015-09-07,1.00744909015423
2015-09-08,1.01242902758086
2015-09-09,1.00054244520804
2015-09-10,0.997226514570869
2015-09-11,0.999601406516518
2015-09-12,0.993850764491297
2015-09-13,0.987543128640383
2015-09-14,0.9882084877251
2015-09-15,0.991410503553705
2015-09-16,0.991850547225132
2015-09-17,0.998866394242758
2015-09-18,0.9997189043277
2015-09-19,0.996539371395097
2015-09-20,0.99618475045933
2015-09-21,0.990315192820275
2015-09-22,0.995132813711507
2015-09-23,0.997774679427256
2015-09-24,1.00154462441966
2015-09-25,1.00378281505179
2015-09-26,0.998257714542047
2015-09-27,0.996712638506181
2015-09-28,1.00616093059013
2015-09-29,1.0022249058879
2015-09-30,1.00047323911924
2015-10-01,0.997601446588972
2015-10-02,1.00165433949241
2015-10-03,1.00463454703007
2015-10-04,1.00159384819693
2015-10-05,1.00054171926614
2015-10-06,1.01157085496978
2015-10-07,1.00338078493149
2015-10-08,1.00148184743723
2015-10-09,1.00216493667697
2015-10-10,1.00385933946316
2015-10-11,1.00475516959193
2015-10-12,1.00249999416575
2015-10-13,1.00710695782928
2015-10-14,1.01116736335098
2015-10-15,1.01023482510072
2015-10-16,1.01678652585375
2015-10-17,1.02255336006989
2015-10-18,1.00745798286869
2015-10-19,1.00944223433428
2015-10-20,1.01671406252277
2015-10-21,1.00973858606067
2015-10-22,1.01732382543658
2015-10-23,1.01750271727564
2015-10-24,1.01494781492782
2015-10-25,1.02801708659112
2015-10-26,1.0091375545365
2015-10-27,1.02693578084337
2015-10-28,1.02912040072965
2015-10-29,1.03552006153456
2015-10-30,1.05000186619486
2015-10-31,1.01532209357978
2015-11-01,1.01788142815883
2015-11-02,1.0554384343772
2015-11-03,1.07280222989779
2015-11-04,1.11355125066609
2015-11-05,1.0234353599228
2015-11-06,0.990424650945356
2015-11-07,1.01536302449822
2015-11-08,1.00309156666294
2015-11-09,0.998066732094089
2015-11-10,0.974656294404912
2015-11-11,0.941434332658611
2015-11-12,0.993797893405581
2015-11-13,0.997961075322054
2015-11-14,0.998800684806624
2015-11-15,0.990261966964262
2015-11-16,0.98571053332851
2015-11-17,1.03078110074688
2015-11-18,1.0051522375079
2015-11-19,0.996912030565561
2015-11-20,0.987814065329962
2015-11-21,0.999075418033313
2015-11-22,0.996766252375715
2015-11-23,0.997654792754792
2015-11-24,0.993800574781146
2015-11-25,0.998884155179516
2015-11-26,1.02896132197188
2015-11-27,1.01813160758857
2015-11-28,1.00917126066812
2015-11-29,1.02016686168852
2015-11-30,1.03568842750995
2015-12-01,1.00911866449181
2015-12-02,1.00232273278697
2015-12-03,1.00752583136792
2015-12-04,1.0021640662125
2015-12-05,1.02918703445355
2015-12-06,1.03600829757354
2015-12-07,1.02850245718706
2015-12-08,1.02244834491855
2015-12-09,1.04894294678688
2015-12-10,1.02456402096489
2015-12-11,1.04026875271741
2015-12-12,1.02065568605303
2015-12-13,1.02012104482616
2015-12-14,1.03178116276191
2015-12-15,1.03863350784037
2015-12-16,1.01566964586096
2015-12-17,1.01901341620902
2015-12-18,1.01535406934457
2015-12-19,1.01487328483318
2015-12-20,1.00733161929724
2015-12-21,0.999158098469819
2015-12-22,1.00306938053415
2015-12-23,1.0128969311261
2015-12-24,1.02848137846953
2015-12-25,1.01067567238138
2015-12-26,0.98374779449588
2015-12-27,0.991740273287535
2015-12-28,0.998026209275797
2015-12-29,1.00074555969085
2015-12-30,1.00421494572851
2015-12-31,1.01769592170185
2016-01-01,1.01639435973471
2016-01-02,1.00458400091899
2016-01-03,1.01802649748787
2016-01-04,1.0147924477624
2016-01-05,1.00789395381855
2016-01-06,1.00677200834331
2016-01-07,1.02388726543589
2016-01-08,1.01264878380931
2016-01-09,1.0099778562677
2016-01-10,1.02494692129015
2016-01-11,1.02106669361606
2016-01-12,1.01570001665
2016-01-13,0.988977846214586
2016-01-14,0.997854946716793
2016-01-15,0.97002062438548
2016-01-16,0.96587723373215
2016-01-17,0.998902281132472
2016-01-18,0.981282273438157
2016-01-19,0.991684075773789
2016-01-20,1.01265444654003
2016-01-21,1.0061344076026
2016-01-22,0.985433148424391
2016-01-23,0.996692638798192
2016-01-24,1.01328021341544
2016-01-25,1.00432792817834
2016-01-26,1.00081334820784
2016-01-27,1.00010478891216
2016-01-28,0.983271865648255
2016-01-29,0.977342662719016
2016-01-30,0.998506934622808
2016-01-31,0.991979634973474
2016-02-01,0.983164899391691
2016-02-02,0.993504987820401
2016-02-03,0.988693801929599
2016-02-04,1.0049153766717
2016-02-05,1.00245071529445
2016-02-06,0.987486153608539
2016-02-07,0.998009052102494
2016-02-08,0.992970245678492
2016-02-09,0.994517775771604
2016-02-10,1.00151616260417
2016-02-11,0.996028364672948
2016-02-12,1.00406695288576
2016-02-13,1.0067798255103
2016-02-14,1.01752214901746
2016-02-15,1.01277287109893
2016-02-16,1.01559146999531
2016-02-17,1.01707427055044
2016-02-18,1.0120900543522
2016-02-19,1.01271934339951
2016-02-20,1.01932768720446
2016-02-21,1.01338981572056
2016-02-22,1.01248953478184
2016-02-23,0.998369636159834
2016-02-24,1.00243604004727
2016-02-25,1.0049177622924
2016-02-26,1.00382456215137
2016-02-27,1.01001987669262
2016-02-28,1.00831482608534
2016-02-29,1.01885199737285
2016-03-01,1.00576032452008
2016-03-02,1.00074984122542
2016-03-03,1.00206889086124
2016-03-04,0.999416544154667
2016-03-05,0.983092204757219
2016-03-06,0.998321297823122
2016-03-07,0.998385955973191
2016-03-08,1.0006458481606
2016-03-09,0.999762848423192
2016-03-10,1.00449531776495
2016-03-11,1.00558282187339
2016-03-12,0.997220691348305
2016-03-13,1.00159016044969
2016-03-14,1.00091438678895
2016-03-15,1.00252577907307
2016-03-16,1.00092645808612
2016-03-17,1.0047943772463
2016-03-18,0.997103981994873
2016-03-19,0.998345785932513
2016-03-20,1.00242769928686
2016-03-21,0.999057925390545
2016-03-22,1.0050071107582
2016-03-23,1.00368136622823
2016-03-24,1.00179229057936
2016-03-25,0.999634130015711
2016-03-26,1.00546531247254
2016-03-27,1.00634540432726
2016-03-28,1.00717568983561
2016-03-29,0.998262829770605
2016-03-30,0.996178805009023
2016-03-31,1.0028959424439
2016-04-01,1.00045618453855
2016-04-02,1.0026851646728
2016-04-03,1.00072356024083
2016-04-04,1.00269022265171
2016-04-05,1.00389032763776
2016-04-06,1.00757225461068
2016-04-07,1.00201736055014
2016-04-08,1.00164315540493
2016-04-09,0.999043784459507
2016-04-10,1.00347899544895
2016-04-11,1.00241235514313
2016-04-12,1.00930119388363
2016-04-13,1.00327602068828
2016-04-14,1.0034879738056
2016-04-15,1.00603998013606
2016-04-16,1.00931465923914
2016-04-17,1.00371019214766
2016-04-18,1.00255206527989
2016-04-19,1.00486542603476
2016-04-20,1.01158261912349
2016-04-21,1.01576681618748
2016-04-22,1.00945321169324
2016-04-23,1.00750704893649
2016-04-24,1.01336294330409
2016-04-25,1.02434727028063
2016-04-26,1.01375682845934
2016-04-27,1.00218382964598
2016-04-28,0.994638509243701
2016-04-29,1.00462204948178
2016-04-30,1.00328791215776
2016-05-01,1.00291067974215
2016-05-02,0.998225598853665
2016-05-03,1.00155335599658
2016-05-04,1.00267061666088
2016-05-05,1.00265652644808
2016-05-06,1.01148210930393
2016-05-07,1.01023779330434
2016-05-08,1.00524691836156
2016-05-09,1.00645566329224
2016-05-10,1.00165486004035
2016-05-11,1.00139247825991
2016-05-12,1.00003888922279
2016-05-13,1.00411437260353
2016-05-14,1.00349675462026
2016-05-15,1.00523877272429
2016-05-16,1.00201485825195
2016-05-17,0.999809078872462
2016-05-18,1.00554447229864
2016-05-19,0.997855837538735
2016-05-20,0.997208166250374
2016-05-21,1.00078146621848
2016-05-22,0.997610183914586
2016-05-23,0.999720092699667
2016-05-24,1.00180763267436
2016-05-25,1.00377623138929
2016-05-26,1.00500602606623
2016-05-27,1.02332520214305
2016-05-28,1.04509861788751
2016-05-29,1.04231004087872
2016-05-30,1.03790926421666
2016-05-31,1.02849944009674
2016-06-01,1.02414256970934
2016-06-02,1.02736868615322
2016-06-03,1.03436828038739
2016-06-04,1.0382652312487
2016-06-05,1.02972079942088
2016-06-06,1.03658970739665
2016-06-07,1.0129746327174
2016-06-08,1.02235240017311
2016-06-09,1.01414357661206
2016-06-10,1.01319318159623
2016-06-11,1.01846728495766
2016-06-12,1.07024476733258
2016-06-13,1.09205129869196
2016-06-14,1.03163038102829
2016-06-15,1.0391376502142
2016-06-16,1.09741655200663
2016-06-17,1.03837363975118
2016-06-18,1.0444108294342
2016-06-19,1.03181163270372
2016-06-20,1.01396541209089
2016-06-21,0.996465234248898
2016-06-22,0.980223768446499
2016-06-23,0.978681241328574
2016-06-24,1.02826467560562
2016-06-25,1.01541349995134
2016-06-26,0.980703113313588
2016-06-27,1.00784476723536
2016-06-28,1.0080711876147
2016-06-29,0.993429842737393
2016-06-30,1.01435451117981
2016-07-01,1.02062990958032
2016-07-02,1.02879757110498
2016-07-03,1.00584556575685
2016-07-04,1.01246975939054
2016-07-05,1.00957093946658
2016-07-06,1.00885102936144
2016-07-07,0.987268807620171
2016-07-08,1.00622180999816
2016-07-09,1.0055081750772
2016-07-10,0.999424713799307
2016-07-11,1.00373370934276
2016-07-12,1.01182501455304
2016-07-13,1.00829265574221
2016-07-14,1.00320878527835
2016-07-15,1.00583338331149
2016-07-16,1.00824460202868
2016-07-17,1.03010571417325
2016-07-18,1.0087879864713
2016-07-19,1.0162276525267
2016-07-20,1.00294405756267
2016-07-21,1.00220680010119
2016-07-22,0.999412896609473
2016-07-23,0.998500435256098
2016-07-24,1.01807457620516
2016-07-25,1.00173476077719
2016-07-26,1.00063585997275
2016-07-27,1.00661407338668
2016-07-28,1.00392052029298
2016-07-29,1.00191375117054
2016-07-30,1.00113129517776
2016-07-31,0.983489889824974
2016-08-01,0.981838425968978
2016-08-02,0.95809109218287
2016-08-03,0.966742168436155
2016-08-04,0.984451877938432
2016-08-05,0.993703400181277
2016-08-06,0.987686694386571
2016-08-07,1.00249445180569
2016-08-08,0.996071164739172
2016-08-09,0.991563853942318
2016-08-10,0.990419619290914
2016-08-11,0.997688673907713
2016-08-12,0.994848860266258
2016-08-13,0.998745131813829
2016-08-14,0.984320976873234
2016-08-15,0.98613471107974
2016-08-16,0.996826373411337
2016-08-17,0.995511393655619
2016-08-18,0.996987074375525
2016-08-19,0.994304211702908
2016-08-20,0.999690526939987
2016-08-21,1.00073875296151
2016-08-22,1.00015001804055
2016-08-23,0.996730842846745
2016-08-24,0.993087430235632
2016-08-25,0.994956364940854
2016-08-26,0.997868798085773
2016-08-27,0.995488803123663
2016-08-28,0.996378656142362
2016-08-29,0.99174137116876
2016-08-30,0.997661384499263
2016-08-31,1.00389331053463
2016-09-01,0.996101970125507
2016-09-02,0.998199546322877
2016-09-03,1.00497741553945
2016-09-04,1.02036917021347
2016-09-05,1.00911834048049
2016-09-06,1.01156268230771
2016-09-07,1.01031392836147
2016-09-08,1.01409327431432
2016-09-09,1.00844844471783
2016-09-10,1.00661829418546
2016-09-11,1.00158761510565
2016-09-12,0.995237271925265
2016-09-13,1.00263858142347
2016-09-14,1.00168142967114
2016-09-15,1.00148420336104
2016-09-16,1.00150787936779
2016-09-17,1.00076146006334
2016-09-18,1.00276942518205
2016-09-19,1.00027621201689
2016-09-20,1.01585940602843
2016-09-21,0.993053330742659
2016-09-22,0.997086206750907
2016-09-23,0.999745417575015
2016-09-24,1.00132462315977
2016-09-25,0.997334428846502
2016-09-26,1.0055641037381
2016-09-27,1.00108321553797
2016-09-28,1.00056211719279
2016-09-29,1.00047562374466
2016-09-30,0.999454241551699
2016-10-01,1.00606590728627
2016-10-02,1.00055788954316
2016-10-03,1.00285704819356
2016-10-04,1.00361289390732
2016-10-05,1.00271590391496
2016-10-06,1.00333832215787
2016-10-07,1.00252436053131
2016-10-08,1.00232876701942
2016-10-09,1.00162879867888
2016-10-10,1.00187784495777
2016-10-11,1.01385908695019
2016-10-12,1.01010401477984
2016-10-13,1.00455905922631
2016-10-14,1.00410846554591
2016-10-15,1.00510107226007
2016-10-16,1.00523429348463
2016-10-17,1.00277573239473
2016-10-18,1.00318647579124
2016-10-19,1.0014418359059
2016-10-20,0.999226522938693
2016-10-21,1.00065404411264
2016-10-22,1.0081224139933
2016-10-23,1.00923423209915
2016-10-24,1.01069725387712
2016-10-25,1.00965614626996
2016-10-26,1.01452223536102
2016-10-27,1.02452166192285
2016-10-28,1.01428342610478
2016-10-29,1.02298521793829
2016-10-30,1.00914733043871
2016-10-31,1.02054926276779
2016-11-01,1.02568185541474
2016-11-02,1.01461475190918
2016-11-03,1.00799080904045
2016-11-04,1.00323028677383
2016-11-05,1.00546914659014
2016-11-06,1.01032820080796
2016-11-07,1.00640271301969
2016-11-08,1.01210401798245
2016-11-09,1.02058932455308
2016-11-10,1.00259355775768
2016-11-11,1.00651522342151
2016-11-12,1.00038406788259
2016-11-13,0.995678199601566
2016-11-14,1.00218951912849
2016-11-15,1.01272559012342
2016-11-16,1.01949395392362
2016-11-17,1.01983754410385
2016-11-18,1.01102923488727
2016-11-19,1.01049923950682
2016-11-20,1.00232214482076
2016-11-21,1.00397308446703
2016-11-22,1.01264748167047
2016-11-23,1.0124093952519
2016-11-24,1.0028236698298
2016-11-25,1.00245449942941
2016-11-26,1.00107614349317
2016-11-27,1.00274926778434
2016-11-28,1.00094915054675
2016-11-29,1.00328390210989
2016-11-30,1.00922745095241
2016-12-01,1.01165182693234
2016-12-02,1.02170759236863
2016-12-03,1.02816175992604
2016-12-04,1.0103300978606
2016-12-05,1.00111213070553
2016-12-06,1.00654747266705
2016-12-07,1.0094113125594
2016-12-08,1.01136235442404
2016-12-09,1.00658222516572
2016-12-10,1.00784386990987
2016-12-11,1.00359783551002
2016-12-12,1.01511235081634
2016-12-13,1.0086196455059
2016-12-14,1.00853506989164
2016-12-15,1.00672849072875
2016-12-16,1.00981396434635
2016-12-17,1.01263643770455
2016-12-18,1.00807295350627
2016-12-19,1.00789640714958
2016-12-20,1.01420195873939
2016-12-21,1.02289447099004
2016-12-22,1.03556126967025
2016-12-23,1.05211044803015
2016-12-24,1.01477388057384
2016-12-25,1.00531856531014
2016-12-26,1.02934225489942
2016-12-27,1.03031785977653
2016-12-28,1.03504783402063
2016-12-29,1.03473716927633
2016-12-30,1.02304838666456
2016-12-31,1.01686155743003
2017-01-01,1.0339469438604
2017-01-02,1.04917193158653
2017-01-03,1.04367225327437
2017-01-04,1.06663777963149
2017-01-05,1.01694420457807
2017-01-06,0.972132752398387
2017-01-07,0.975790656409001
2017-01-08,1.00766859685421
2017-01-09,0.993787634946077
2017-01-10,1.00197568774611
2017-01-11,0.966915738760258
2017-01-12,0.975472604331853
2017-01-13,0.991607717468084
2017-01-14,0.999117204724662
2017-01-15,0.996295338126148
2017-01-16,0.99783886465486
2017-01-17,1.02358699217463
2017-01-18,1.00631764105583
2017-01-19,1.01287788120074
2017-01-20,1.00817980476223
2017-01-21,1.01678602989806
2017-01-22,1.01886127922699
2017-01-23,1.01435220896169
2017-01-24,1.00398279924104
2017-01-25,1.01114061657679
2017-01-26,1.01191066790916
2017-01-27,1.00886785294669
2017-01-28,1.00850470461282
2017-01-29,1.00578545094591
2017-01-30,1.00933277063068
2017-01-31,1.01922876738859
2017-02-01,1.02394780510432
2017-02-02,1.02644702547244
2017-02-03,1.02747579821968
2017-02-04,1.01873810002038
2017-02-05,1.01941507161056
2017-02-06,1.02009196626661
2017-02-07,1.02687491332031
2017-02-08,1.02555863723216
2017-02-09,1.00250644329392
2017-02-10,1.00616627467242
2017-02-11,1.01217992959024
2017-02-12,1.00772606496443
2017-02-13,1.01258583323775
2017-02-14,1.00854376986819
2017-02-15,1.00763325847167
2017-02-16,1.01479409042139
2017-02-17,1.03445967179635
2017-02-18,1.02682864507843
2017-02-19,1.0120714714367
2017-02-20,1.01636884264644
2017-02-21,1.03314627574857
2017-02-22,1.03809754954228
2017-02-23,1.03737273091476
2017-02-24,1.04669087488821
2017-02-25,1.01269945765284
2017-02-26,1.01515714201132
2017-02-27,1.02880423036075
2017-02-28,1.02480223861221
2017-03-01,1.03736195515697
2017-03-02,1.0388985855614
2017-03-03,1.03025807378693
2017-03-04,1.02533014471709
2017-03-05,1.02190330212056
2017-03-06,1.02905924292671
2017-03-07,1.01753335613827
2017-03-08,1.00470389012101
2017-03-09,0.997126927973726
2017-03-10,1.00214708608866
2017-03-11,1.00557471651459
2017-03-12,1.0156471876154
2017-03-13,1.01826474525498
2017-03-14,1.0162696719439
2017-03-15,1.02735379443556
2017-03-16,1.00807364967328
2017-03-17,0.979961090351611
2017-03-18,0.956280697785197
2017-03-19,0.988134417508785
2017-03-20,0.984878608016191
2017-03-21,1.01098438531155
2017-03-22,0.988018895694782
2017-03-23,0.98961784898291
2017-03-24,0.96714649083111
2017-03-25,0.971147503811736
2017-03-26,0.997976382024652
2017-03-27,1.00077830762271
2017-03-28,1.01198665042552
2017-03-29,0.999738446547466
2017-03-30,0.997946907220534
2017-03-31,1.01418513432829
2017-04-01,1.01036055015167
2017-04-02,1.00591068677887
2017-04-03,1.0255744681422
2017-04-04,1.01706729985715
2017-04-05,1.01141905960181
2017-04-06,1.02399358819505
2017-04-07,1.0192367277869
2017-04-08,1.01373905473418
2017-04-09,1.02827323180306
2017-04-10,1.01951288669771
2017-04-11,1.01836210911424
2017-04-12,1.01367832040173
2017-04-13,1.00336551827527
2017-04-14,1.00406745251661
2017-04-15,1.00321273262565
2017-04-16,1.00290118658749
2017-04-17,1.023068022048
2017-04-18,1.01822359369094
2017-04-19,1.01239199364995
2017-04-20,1.02315312746898
2017-04-21,1.01785321409254
2017-04-22,1.00746266779486
2017-04-23,1.01117688228684
2017-04-24,1.01668429627313
2017-04-25,1.01927235418636
2017-04-26,1.02399554146547
2017-04-27,1.03134537583687
2017-04-28,1.01978146139516
2017-04-29,1.02200637990878
2017-04-30,1.01532268519887
2017-05-01,1.04100180317581
2017-05-02,1.04243897205522
2017-05-03,1.03825806400776
2017-05-04,1.07871045741817
2017-05-05,1.03989930465639
2017-05-06,1.035088496412
2017-05-07,1.02525943513698
2017-05-08,1.04545410601198
2017-05-09,1.05557911878028
2017-05-10,1.04810817581969
2017-05-11,1.05957849224295
2017-05-12,1.02875435594111
2017-05-13,1.01902817289483
2017-05-14,1.02809015151891
2017-05-15,1.01638730869312
2017-05-16,1.02310525313601
2017-05-17,1.03133281967916
2017-05-18,1.02327081593545
2017-05-19,1.04720986996459
2017-05-20,1.04747505133516
2017-05-21,1.05218218217655
2017-05-22,1.0785711686527
2017-05-23,1.05781754621553
2017-05-24,1.06644972618712
2017-05-25,1.08448522494752
2017-05-26,1.04520248075169
2017-05-27,0.97853524454996
2017-05-28,1.02698089889307
2017-05-29,1.028590698107
2017-05-30,1.01491485338176
2017-05-31,1.03246550021032
2017-06-01,1.04017768425956
2017-06-02,1.03113330406453
2017-06-03,1.03411640913897
2017-06-04,1.0238038615042
2017-06-05,1.04463919161275
2017-06-06,1.06311878948249
2017-06-07,1.042267547592
2017-06-08,1.0284639089692
2017-06-09,1.03886657950939
2017-06-10,1.03676469782472
2017-06-11,1.05398353840376
2017-06-12,1.03401302356051
2017-06-13,1.01710307857766
2017-06-14,1.0148809957731
2017-06-15,0.97121185830939
2017-06-16,1.00557426191275
2017-06-17,1.02137911606898
2017-06-18,1.01240484640148
2017-06-19,1.02981451671004
2017-06-20,1.0371830580851
2017-06-21,1.02198056739489
2017-06-22,1.02648442410788
2017-06-23,1.02328887857735
2017-06-24,1.00501434569812
2017-06-25,0.995718473544522
2017-06-26,0.98931931221152
2017-06-27,0.990234147555496
2017-06-28,1.01860157934071
2017-06-29,1.02322486475315
2017-06-30,1.01931112444598
2017-07-01,0.996996398401187
2017-07-02,1.00868374210404
2017-07-03,1.0166339386086
2017-07-04,1.0157276813426
2017-07-05,1.01453058864438
2017-07-06,1.00990358488363
2017-07-07,1.02563084762363
2017-07-08,1.00592937280798
2017-07-09,1.00560746411351
2017-07-10,0.99247839493399
2017-07-11,0.992018703420396
2017-07-12,0.991149965412018
2017-07-13,0.996838173395484
2017-07-14,0.981058104684195
2017-07-15,0.952966879971693
2017-07-16,0.943753984841481
2017-07-17,0.994567817806923
2017-07-18,1.01966692946415
2017-07-19,1.01418159943967
2017-07-20,1.06088403608924
2017-07-21,1.04172671018822
2017-07-22,1.05081457289652
2017-07-23,1.02938027142503
2017-07-24,1.02367807570211
2017-07-25,1.00048333375223
2017-07-26,1.00338361365077
2017-07-27,1.02658155984116
2017-07-28,1.05812117813611
2017-07-29,1.05210968741831
2017-07-30,1.01963905225937
2017-07-31,1.0409066665224
2017-08-01,1.06065531454454
2017-08-02,1.01638934790396
2017-08-03,1.01748614540279
2017-08-04,1.04557770981037
2017-08-05,1.08845453814894
2017-08-06,1.11042268820759
2017-08-07,1.0796950852041
2017-08-08,1.05251090096405
2017-08-09,1.02459768268363
2017-08-10,1.04386867899107
2017-08-11,1.04276637376791
2017-08-12,1.07170059095588
2017-08-13,1.07886893923534
2017-08-14,1.08701435487007
2017-08-15,1.05000447969478
2017-08-16,1.04156360647073
2017-08-17,1.06086288914671
2017-08-18,1.02500032062489
2017-08-19,1.04529123853638
2017-08-20,1.03468466329898
2017-08-21,1.02024636758385
2017-08-22,1.02084703436283
2017-08-23,1.03703556683486
2017-08-24,1.02508880387792
2017-08-25,1.05258200793522
2017-08-26,1.0344282605476
2017-08-27,1.02968200998532
2017-08-28,1.03550005926026
2017-08-29,1.05956970999975
2017-08-30,1.03983008404836
2017-08-31,1.07333114458181
2017-09-01,1.06614438061988
2017-09-02,1.03816178380103
2017-09-03,1.02843461527434
2017-09-04,1.02144741024079
2017-09-05,1.01563671262346
2017-09-06,1.04528476266733
2017-09-07,1.08775710831863
2017-09-08,1.00850020618768
2017-09-09,1.002496642056
2017-09-10,1.02532594743944
2017-09-11,0.996910173778775
2017-09-12,1.00443417338378
2017-09-13,0.964196070061979
2017-09-14,0.939476269778017
2017-09-15,0.952622720957197
2017-09-16,1.01016877397362
2017-09-17,0.987157408336229
2017-09-18,1.02795886563446
2017-09-19,1.00531802770556
2017-09-20,1.00969511009634
2017-09-21,0.983349314587628
2017-09-22,0.977077532625653
2017-09-23,1.00651614046671
2017-09-24,0.993019951321377
2017-09-25,1.01876129501869
2017-09-26,1.00403328804863
2017-09-27,1.03145209199487
2017-09-28,1.03669735789142
2017-09-29,1.01885252587269
2017-09-30,1.03116610214773
2017-10-01,1.02614497646675
2017-10-02,1.0387488842474
2017-10-03,1.01148397819811
2017-10-04,1.00482978651365
2017-10-05,1.01666035187461
2017-10-06,1.02510148468701
2017-10-07,1.0199266889584
2017-10-08,1.04206849342633
2017-10-09,1.06946597569168
2017-10-10,1.05815073159566
2017-10-11,1.03427183538358
2017-10-12,1.07139078186197
2017-10-13,1.11209685654686
2017-10-14,1.06154377813409
2017-10-15,1.04632672977508
2017-10-16,1.05410604888148
2017-10-17,1.04025479884841
2017-10-18,1.0220524117047
2017-10-19,1.07383638416423
2017-10-20,1.06065577012586
2017-10-21,1.06372516062698
2017-10-22,1.0629233352145
2017-10-23,1.10764285360613
2017-10-24,1.05121752115715
2017-10-25,1.00913037125136
2017-10-26,1.03882161251315
2017-10-27,1.04303656392129
2017-10-28,1.02029011448463
2017-10-29,1.03689626263005
2017-10-30,1.04430481126389
2017-10-31,1.05073379961442
2017-11-01,1.07012183036495
2017-11-02,1.10679494186838
2017-11-03,1.08928818810162
2017-11-04,1.07331252194508
2017-11-05,1.0845046703537
2017-11-06,1.06124363642157
2017-11-07,1.03704335732353
2017-11-08,1.05162781468033
2017-11-09,1.06525101546097
2017-11-10,1.02860237849401
2017-11-11,1.01658334158157
2017-11-12,1.00422580019324
2017-11-13,1.02143009143155
2017-11-14,1.02286984543176
2017-11-15,1.05765190969128
2017-11-16,1.05818017447195
2017-11-17,1.11236427188317
2017-11-18,1.05539818595833
2017-11-19,1.06986726046804
2017-11-20,1.06983546618724
2017-11-21,1.09309685393561
2017-11-22,1.0504772939287
2017-11-23,1.04990459740065
2017-11-24,1.06150048716748
2017-11-25,1.10977769060538
2017-11-26,1.11991800721015
2017-11-27,1.11705522824547
2017-11-28,1.12453903086103
2017-11-29,1.12615132634605
2017-11-30,1.05890217850556
2017-12-01,1.08971240471092
2017-12-02,1.12751777723898
2017-12-03,1.09959840664806
2017-12-04,1.10134264309641
2017-12-05,1.08724059728556
2017-12-06,1.13538459497272
2017-12-07,1.26507531144248
2017-12-08,1.16149656362532
2017-12-09,1.06728732995219
2017-12-10,1.06673186823628
2017-12-11,1.11843941243127
2017-12-12,1.11196253618823
2017-12-13,1.1078209688204
2017-12-14,1.07327818267256
2017-12-15,1.07726524973631
2017-12-16,1.12083702241277
2017-12-17,1.13045460698949
2017-12-18,1.08360939559172
2017-12-19,1.05959190193491
2017-12-20,1.04810263936827
2017-12-21,1.03514012038653
2017-12-22,0.966223513650953
2017-12-23,1.0412661387508
2017-12-24,0.984119153671263
2017-12-25,1.01080449160988
2017-12-26,1.04929800061681
2017-12-27,1.0750038400968
2017-12-28,1.00643341447768
2017-12-29,1.02495362707019
2017-12-30,1.03244550488486
2017-12-31,0.983595521534981
2018-01-01,0.986825691830222
2018-01-02,1.04098256312193
2018-01-03,1.03627341205413
2018-01-04,1.04444772099799
2018-01-05,1.06203728999393
2018-01-06,1.07656066584798
2018-01-07,1.04198492893396
2018-01-08,0.994276291061412
2018-01-09,1.0209147257309
2018-01-10,1.00078621434706
2018-01-11,0.989574471290905
2018-01-12,1.00386941049568
2018-01-13,1.01352334266619
2018-01-14,0.989847486150963
2018-01-15,1.00414875179087
2018-01-16,0.937073578893168
2018-01-17,0.915988151146119
2018-01-18,0.986497051664698
2018-01-19,0.973211386043245
2018-01-20,1.0007156382832
2018-01-21,0.959557489720422
2018-01-22,0.949688166036815
2018-01-23,0.946455636784447
2018-01-24,0.976533377521607
2018-01-25,0.982638317689653
2018-01-26,1.00840456848852
2018-01-27,0.998999551590741
2018-01-28,1.04187740733096
2018-01-29,0.984012212195902
2018-01-30,0.922320750000926
2018-01-31,0.951746873405686
2018-02-01,0.909715482589415
2018-02-02,0.867313250072181
2018-02-03,0.943939387189265
2018-02-04,0.903418144412785
2018-02-05,0.852686491211959
2018-02-06,0.863721711621359
2018-02-07,0.95276118284281
2018-02-08,0.942206578996465
2018-02-09,0.958228389432486
2018-02-10,0.995833385621453
2018-02-11,0.96982213263007
2018-02-12,0.996676188227168
2018-02-13,0.973517394885088
2018-02-14,1.00599166764047
2018-02-15,1.02429862152703
2018-02-16,1.01720773765363
2018-02-17,1.02889211560158
2018-02-18,1.02054364026155
2018-02-19,1.03591249923464
2018-02-20,1.04862415599038
2018-02-21,1.01303401004898
2018-02-22,1.00216021233879
2018-02-23,0.995032452627999
2018-02-24,0.993434464501321
2018-02-25,0.9685984050865
2018-02-26,1.00047310883312
2018-02-27,1.01963311190798
2018-02-28,0.984872884946116
2018-03-01,1.00088406361126
2018-03-02,1.01746354531818
2018-03-03,1.0173113596824
2018-03-04,1.02144422894658
2018-03-05,1.05163841907578
2018-03-06,0.99999595619196
2018-03-07,0.959167989258388
2018-03-08,0.94976797494038
2018-03-09,0.863956853774232
2018-03-10,0.958048110749908
2018-03-11,0.98173972904761
2018-03-12,0.979941309209124
2018-03-13,0.962814392584907
2018-03-14,0.941750433630925
2018-03-15,0.940429098415863
2018-03-16,0.947622147578481
2018-03-17,0.947947977495574
2018-03-18,0.934485897945095
2018-03-19,0.986594839561516
2018-03-20,0.986041546785796
2018-03-21,0.996631996086981
2018-03-22,0.965798385622227
2018-03-23,0.973767421058812
2018-03-24,0.994177506565265
2018-03-25,0.960006907770377
2018-03-26,0.941926880565063
2018-03-27,0.968529965592117
2018-03-28,0.958906591799758
2018-03-29,0.911117767538164
2018-03-30,0.899268631475674
2018-03-31,0.952610165905638
2018-04-01,0.935335638242263
2018-04-02,0.973158087795042
2018-04-03,0.978450747035616
2018-04-04,0.94822535984071
2018-04-05,0.934411576336621
2018-04-06,0.939144261489714
2018-04-07,0.957554499223876
2018-04-08,0.964228843028168
2018-04-09,0.950643793396191
2018-04-10,0.954413965805671
2018-04-11,0.949844355718072
2018-04-12,0.986353794283635
2018-04-13,1.02586079013801
2018-04-14,0.984701394171048
2018-04-15,1.0038428491692
2018-04-16,0.990874687610389
2018-04-17,0.98663495655425
2018-04-18,0.989661766879155
2018-04-19,0.996502893173577
2018-04-20,1.00993205640955
2018-04-21,1.01322442043211
2018-04-22,1.00315601861452
2018-04-23,1.01383340510586
2018-04-24,1.02163681919364
2018-04-25,1.01057017026855
2018-04-26,0.997859985374639
2018-04-27,1.0009252950594
2018-04-28,1.00623040610555
2018-04-29,0.999291812684863
2018-04-30,0.998940659380339
2018-05-01,0.991697387702265
2018-05-02,0.997326693500041
2018-05-03,1.00732677896062
2018-05-04,1.01470645246641
2018-05-05,1.00844882498451
2018-05-06,0.994369087535129
2018-05-07,0.991540275936451
2018-05-08,0.992927796247277
2018-05-09,0.996335350103779
2018-05-10,0.994508414236485
2018-05-11,0.969732108809214
2018-05-12,0.97875454015468
2018-05-13,0.991941498223914
2018-05-14,0.988013052305988
2018-05-15,0.984787436554434
2018-05-16,0.961847198174702
2018-05-17,0.962047952782106
2018-05-18,0.972323077603829
2018-05-19,0.989137938412699
2018-05-20,0.996477047462745
2018-05-21,0.996560592936313
2018-05-22,0.976599091212472
2018-05-23,0.955774055292505
2018-05-24,0.962903015388956
2018-05-25,0.968074788993449
2018-05-26,0.977836595611859
2018-05-27,0.964225104578755
2018-05-28,0.95348400611018
2018-05-29,0.975224039742312
2018-05-30,0.982434620864475
2018-05-31,0.979554089379363
2018-06-01,0.979511418140543
2018-06-02,0.995334101965994
2018-06-03,0.996893193215363
2018-06-04,0.979043033134975
2018-06-05,0.975881252844072
2018-06-06,0.984751710175483
2018-06-07,0.992833665343073
2018-06-08,0.981131829692031
2018-06-09,0.991322327881597
2018-06-10,0.946011320969475
2018-06-11,0.940286259362031
2018-06-12,0.964619735710772
2018-06-13,0.927042919934855
2018-06-14,0.979125170076821
2018-06-15,0.976146262369146
2018-06-16,0.980490895191824
2018-06-17,0.977663047877025
2018-06-18,0.974497741619266
2018-06-19,0.989797503394907
2018-06-20,0.981289311838838
2018-06-21,0.987198390600058
2018-06-22,0.956311773383855
2018-06-23,0.964244565377921
2018-06-24,0.954678969326511
2018-06-25,0.984160971028668
2018-06-26,0.969551836502579
2018-06-27,0.964614432366221
2018-06-28,0.965288385761583
2018-06-29,0.967348372107692
2018-06-30,1.00634135734127
2018-07-01,0.92119510335863
2018-07-02,0.999884542076176
2018-07-03,0.996189621146374
2018-07-04,0.996068337598196
2018-07-05,0.993879727270023
2018-07-06,0.975169351093346
2018-07-07,0.998025520398085
2018-07-08,0.972629411903001
2018-07-09,1.0011518213648
2018-07-10,0.97561570559091
2018-07-11,0.971876059084038
2018-07-12,0.974964772211984
2018-07-13,0.980474402847144
2018-07-14,0.983271379810035
2018-07-15,0.994282469526343
2018-07-16,0.992041934866865
2018-07-17,1.02351656218444
2018-07-18,1.02885173186313
2018-07-19,1.0161610735691
2018-07-20,1.01238174003187
2018-07-21,1.0013436793426
2018-07-22,1.00854801252043
2018-07-23,1.02347301064964
2018-07-24,1.03829104334901
2018-07-25,1.03386795059171
2018-07-26,1.01531292922776
2018-07-27,1.00934269336136
2018-07-28,1.01759181880948
2018-07-29,1.03674085677611
2018-07-30,1.00979029343249
2018-07-31,1.00151833711215
2018-08-01,0.988123563103724
2018-08-02,0.997171905568032
2018-08-03,0.991919487554887
2018-08-04,0.974901252706667
2018-08-05,0.979225827724427
2018-08-06,0.98174966712305
2018-08-07,0.985538987908271
2018-08-08,0.954592040562895
2018-08-09,0.967317497216924
2018-08-10,0.975591195084519
2018-08-11,0.969274465310703
2018-08-12,0.981259871438453
2018-08-13,0.978803918899251
2018-08-14,0.954425968070758
2018-08-15,0.995495355365741
2018-08-16,0.984389116452884
2018-08-17,0.998636507051667
2018-08-18,0.991355771056149
2018-08-19,0.9932413720593
2018-08-20,0.990457952534131
2018-08-21,0.986595463850117
2018-08-22,0.998558648076129
2018-08-23,0.984475271989094
2018-08-24,0.99526830164934
2018-08-25,1.00928516090796
2018-08-26,1.00025528540463
2018-08-27,0.996402205197568
2018-08-28,1.01746704567872
2018-08-29,1.00703741719346
2018-08-30,0.995319979418315
2018-08-31,1.00616904224707
2018-09-01,1.01238701588809
2018-09-02,1.01610961773696
2018-09-03,1.01215484496693
2018-09-04,1.01589982204981
2018-09-05,0.991012510927122
2018-09-06,0.964314816326539
2018-09-07,0.988496590013693
2018-09-08,0.983895821295047
2018-09-09,0.980916145662538
2018-09-10,0.97189925505347
2018-09-11,0.980822838972141
2018-09-12,0.981434994286015
2018-09-13,0.99235566994054
2018-09-14,0.997763998129168
2018-09-15,0.998574878284604
2018-09-16,0.995094881562477
2018-09-17,0.985622408332544
2018-09-18,0.990218370065692
2018-09-19,0.99257843738525
2018-09-20,0.995257346365366
2018-09-21,1.00741041637295
2018-09-22,1.00035869148493
2018-09-23,1.00109436951634
2018-09-24,0.995859581567275
2018-09-25,0.981431246922162
2018-09-26,0.998072294421317
2018-09-27,0.99948911452407
2018-09-28,1.00437587258547
2018-09-29,0.993634960557644
2018-09-30,0.999597935311648
2018-10-01,0.996831798059001
2018-10-02,0.993478066440957
2018-10-03,0.986623286694431
2018-10-04,1.00106206296547
2018-10-05,0.998557804044098
2018-10-06,0.999048621996524
2018-10-07,0.997023204650787
2018-10-08,1.00133693567827
2018-10-09,0.996632784578877
2018-10-10,0.999358272754572
2018-10-11,0.976581555519832
2018-10-12,0.989013947522108
2018-10-13,0.991917678655821
2018-10-14,0.995300480540205
2018-10-15,1.01436316752309
2018-10-16,1.00131648180546
2018-10-17,0.995755677882114
2018-10-18,0.99655352159835
2018-10-19,0.995581403131894
2018-10-20,0.998032380159165
2018-10-21,1.00177081957647
2018-10-22,0.996847506449634
2018-10-23,0.993199519137132
2018-10-24,0.999518187348844
2018-10-25,0.996325022026718
2018-10-26,0.998831273537484
2018-10-27,0.998950850201076
2018-10-28,0.996440525466093
2018-10-29,0.990273970037055
2018-10-30,0.989741965233321
2018-10-31,0.992596257094378
2018-11-01,0.998303040158749
2018-11-02,0.996060365639748
2018-11-03,0.998020697647801
2018-11-04,0.995115000602967
2018-11-05,1.00275339223127
2018-11-06,0.99946900837836
2018-11-07,1.00584987887049
2018-11-08,0.998369065471798
2018-11-09,0.995209765788537
2018-11-10,0.999073276835416
2018-11-11,0.996966506203601
2018-11-12,0.997330482830347
2018-11-13,0.995338696162296
2018-11-14,0.961956036933487
2018-11-15,0.947891008425393
2018-11-16,0.972192013492491
2018-11-17,0.98092622533711
2018-11-18,0.988235132092426
2018-11-19,0.928234556155154
2018-11-20,0.887583755332033
2018-11-21,0.943217245753674
2018-11-22,0.960877534737019
2018-11-23,0.946999859162559
2018-11-24,0.936798487453782
2018-11-25,0.899798093212267
2018-11-26,0.927097541607106
2018-11-27,0.914106146536137
2018-11-28,0.971272020376158
2018-11-29,0.987779155688261
2018-11-30,0.945758400184242
2018-12-01,0.987675896450476
2018-12-02,0.979895938515022
2018-12-03,0.949436017020144
2018-12-04,0.96687632271233
2018-12-05,0.938108230345059
2018-12-06,0.909611461598062
2018-12-07,0.912268988326881
2018-12-08,0.955983950198147
2018-12-09,0.976692653252159
2018-12-10,0.960850267653724
2018-12-11,0.934064265324686
2018-12-12,0.962422949260012
2018-12-13,0.955031540602166
2018-12-14,0.941171284456532
2018-12-15,0.956031702219503
2018-12-16,0.953727301984839
2018-12-17,0.971676510096857
2018-12-18,0.927290894288627
2018-12-19,0.99645719091244
2018-12-20,1.01193642168476
2018-12-21,0.999997923501561
2018-12-22,0.991718535191261
2018-12-23,1.00117296415587
2018-12-24,1.01164092819376
2018-12-25,0.960780748475218
2018-12-26,0.985555019934466
2018-12-27,0.97904329831014
2018-12-28,0.962209944011507
2018-12-29,1.00044849920948
2018-12-30,0.983878584126931
2018-12-31,0.975036103552885
2019-01-01,0.981898908136263
2019-01-02,0.998356422782735
2019-01-03,0.973286083903421
2019-01-04,0.986703194106953
2019-01-05,0.997221811499693
2019-01-06,0.999543086694341
2019-01-07,1.00194308861808
2019-01-08,0.997541320519964
2019-01-09,1.00124936259349
2019-01-10,0.965411245176778
2019-01-11,0.97850321641
2019-01-12,0.981426881654774
2019-01-13,0.974868785807258
2019-01-14,0.95580817760638
2019-01-15,0.941647404847437
2019-01-16,0.984608511166534
2019-01-17,0.985554066113604
2019-01-18,0.984752211411482
2019-01-19,0.999239774506969
2019-01-20,0.981470342434429
2019-01-21,0.961741098426931
2019-01-22,0.980340229579378
2019-01-23,0.990047284935419
2019-01-24,0.988374902546139
2019-01-25,0.98606079237136
2019-01-26,0.992228022900183
2019-01-27,0.987599136952608
2019-01-28,0.968989936820177
2019-01-29,0.97740937954277
2019-01-30,0.979241744308475
2019-01-31,0.98292541746006
2019-02-01,0.971864804173269
2019-02-02,0.985368229746029
2019-02-03,0.98654523925336
2019-02-04,0.972892673181312
2019-02-05,0.987059272038507
2019-02-06,0.967247616287895
2019-02-07,0.974767835286329
2019-02-08,1.00189671801541
2019-02-09,1.01033252980655
2019-02-10,1.00055468409254
2019-02-11,1.00020408524863
2019-02-12,0.987199265682199
2019-02-13,0.978927148123141
2019-02-14,0.989288527511124
2019-02-15,0.992799542169496
2019-02-16,0.996942954103013
2019-02-17,0.997147991083351
2019-02-18,1.02233835263481
2019-02-19,1.0206649406072
2019-02-20,1.01056461808858
2019-02-21,1.00377167703456
2019-02-22,1.00771378782129
2019-02-23,1.01690930382704
2019-02-24,1.00202486231619
2019-02-25,0.988305694316152
2019-02-26,0.998102391174203
2019-02-27,0.997332848972328
2019-02-28,1.00043908975269
2019-03-01,0.998960658491939
2019-03-02,1.01217685522806
2019-03-03,1.00040555736901
2019-03-04,0.95876534679638
2019-03-05,1.00589781400791
2019-03-06,1.0033861996769
2019-03-07,1.0032368706011
2019-03-08,1.00169134043421
2019-03-09,1.0044570081663
2019-03-10,1.00159787734098
2019-03-11,0.997795160018762
2019-03-12,1.00105482352756
2019-03-13,0.99986828272422
2019-03-14,1.00236317563353
2019-03-15,1.00857913606871
2019-03-16,0.986121891447925
2019-03-17,1.00870771800184
2019-03-18,1.00413829644838
2019-03-19,1.01017148472911
2019-03-20,1.00406345301837
2019-03-21,1.00636318776384
2019-03-22,1.00143009696326
2019-03-23,1.00054932836887
2019-03-24,1.00073180286002
2019-03-25,0.996056878202121
2019-03-26,0.997707009216676
2019-03-27,1.01025262457394
2019-03-28,1.00625639516897
2019-03-29,1.00433882193105
2019-03-30,1.00567100277567
2019-03-31,1.00848819401316
2019-04-01,1.00895120480733
2019-04-02,1.07821587308473
2019-04-03,1.05480147001326
2019-04-04,1.032918897404
2019-04-05,1.03116565636032
2019-04-06,1.02507600051311
2019-04-07,1.02683810756487
2019-04-08,1.03348952852746
2019-04-09,1.02841739434234
2019-04-10,1.02202493867737
2019-04-11,1.00648764522547
2019-04-12,1.00337876688911
2019-04-13,1.0120596260483
2019-04-14,1.01083640544428
2019-04-15,1.01017829806905
2019-04-16,1.01669216569547
2019-04-17,1.02349733484829
2019-04-18,1.01289741389965
2019-04-19,1.07670180758938
2019-04-20,1.01019029859326
2019-04-21,1.01229285045007
2019-04-22,1.02034694627226
2019-04-23,1.03444448505837
2019-04-24,1.02546760519249
2019-04-25,1.01054840746576
2019-04-26,1.00271121371291
2019-04-27,1.00565553057092
2019-04-28,1.01031982691267
2019-04-29,1.00434100396535
2019-04-30,1.01492373685829
2019-05-01,1.01499529578509
2019-05-02,1.02024882621487
2019-05-03,1.03607699211624
2019-05-04,1.01929913562065
2019-05-05,1.0264565997671
2019-05-06,1.03621595881536
2019-05-07,1.03798326561546
2019-05-08,1.02938870106782
2019-05-09,1.04214111309732
2019-05-10,1.04409534629097
2019-05-11,1.11280918271735
2019-05-12,1.09760869370129
2019-05-13,1.11719526626563
2019-05-14,1.08400355005437
2019-05-15,1.09040700633615
2019-05-16,1.10614972231982
2019-05-17,0.991212688232001
2019-05-18,1.01412773718141
2019-05-19,1.05726160007899
2019-05-20,1.0330791409604
2019-05-21,1.04450369018271
2019-05-22,1.02209763857786
2019-05-23,1.00963083064682
2019-05-24,1.04444397802691
2019-05-25,1.0245848293848
2019-05-26,1.04807898500903
2019-05-27,1.06109591175628
2019-05-28,1.05257814770901
2019-05-29,1.26197134663196
2019-05-30,1.02761859745797
2019-05-31,1.01488165806698
2019-06-01,1.02985329690931
2019-06-02,1.02685873173019
2019-06-03,1.02005147571934
2019-06-04,0.984528271721889
2019-06-05,1.00049725354415
2019-06-06,0.993969186353852
2019-06-07,1.02174865164223
2019-06-08,1.00372527521024
2019-06-09,0.999962926280299
2019-06-10,1.02754992003404
2019-06-11,1.00606415950902
2019-06-12,1.01745353600864
2019-06-13,1.01705118230459
2019-06-14,1.02321218220246
2019-06-15,1.03793355178119
2019-06-16,1.04819534293795
2019-06-17,1.04412036053856
2019-06-18,1.02627571059715
2019-06-19,1.03212701242561
2019-06-20,1.04232428176298
2019-06-21,1.04746358504843
2019-06-22,1.10535357304175
2019-06-23,1.05930070583555
2019-06-24,1.06627296453308
2019-06-25,1.06408936688353
2019-06-26,1.15644466020673
2019-06-27,1.03523411133778
2019-06-28,1.06306001596347
2019-06-29,1.05788637093334
2019-06-30,1.0306950186658
2019-07-01,0.998110500330973
2019-07-02,0.989560815908598
2019-07-03,1.05302720290484
2019-07-04,1.06551418581422
2019-07-05,1.00408735246304
2019-07-06,1.02239983118881
2019-07-07,1.01938425172878
2019-07-08,1.04489348635581
2019-07-09,1.05185945524434
2019-07-10,1.10156931256925
2019-07-11,1.0077987331777
2019-07-12,1.0346354298832
2019-07-13,1.00756139056106
2019-07-14,0.984258901128687
2019-07-15,0.993745797736376
2019-07-16,0.989923063586781
2019-07-17,0.980983293954668
2019-07-18,1.01488525303955
2019-07-19,1.02195722709941
2019-07-20,1.01637408624994
2019-07-21,1.02247641110712
2019-07-22,1.00198350107441
2019-07-23,0.988047495858815
2019-07-24,0.978993614963398
2019-07-25,1.01672997643192
2019-07-26,0.995360353736721
2019-07-27,0.991322527210091
2019-07-28,0.990884029963883
2019-07-29,1.01470157045312
2019-07-30,1.00044830537373
2019-07-31,1.01285388772061
2019-08-01,1.01133311042376
2019-08-02,1.02922757546622
2019-08-03,1.03261753764366
2019-08-04,1.01578189421849
2019-08-05,1.06400308502199
2019-08-06,1.04753312151617
2019-08-07,1.0327637190176
2019-08-08,1.04249693208492
2019-08-09,1.02913788290893
2019-08-10,1.00879677958073
2019-08-11,1.01547977319626
2019-08-12,1.00943517208277
2019-08-13,1.02889529613537
2019-08-14,1.01617098981917
2019-08-15,0.974058423805799
2019-08-16,0.999912974403069
2019-08-17,0.991104874634037
2019-08-18,1.00297010660496
2019-08-19,1.00859881028543
2019-08-20,1.01573895780692
2019-08-21,0.987429258219185
2019-08-22,0.982752311648778
2019-08-23,1.10474567788119
2019-08-24,0.998336019988028
2019-08-25,0.998297408767751
2019-08-26,1.01131133280645
2019-08-27,0.992275809717376
2019-08-28,0.998332531333226
2019-08-29,0.966705277059343
2019-08-30,0.985908827307611
2019-08-31,0.98940530881536
2019-09-01,0.995267048955743
2019-09-02,1.00339728581493
2019-09-03,1.02893035056888
2019-09-04,1.01315304240457
2019-09-05,1.00908778750282
2019-09-06,1.01229274111155
2019-09-07,0.998954587816986
2019-09-08,1.00794706925401
2019-09-09,1.0031816892338
2019-09-10,0.993986807896896
2019-09-11,1.06254713993864
2019-09-12,1.00120435768347
2019-09-13,1.00290321701493
2019-09-14,1.00368258060124
2019-09-15,0.998488994841858
2019-09-16,0.997923044210237
2019-09-17,1.00469844012947
2019-09-18,1.00034399737796
2019-09-19,0.988002656140248
2019-09-20,1.00009557856607
2019-09-21,0.997757767763461
2019-09-22,0.996005454297031
2019-09-23,0.988864327048833
2019-09-24,0.942250042065586
2019-09-25,0.922341638679547
2019-09-26,0.920486762412119
2019-09-27,0.965897729275008
2019-09-28,0.966098251305417
2019-09-29,0.975120347381593
2019-09-30,0.975961404196328
2019-10-01,0.975681219159287
2019-10-02,0.9821904602707
2019-10-03,0.973693336422107
2019-10-04,0.977247605565676
2019-10-05,0.985723203010631
2019-10-06,0.974334416815906
2019-10-07,0.984266706893662
2019-10-08,0.979768218407838
2019-10-09,0.994675763276555
2019-10-10,0.994027563023995
2019-10-11,0.983964950911725
2019-10-12,0.986181898116969
2019-10-13,0.989900929640783
2019-10-14,0.986935951323242
2019-10-15,0.982465488700162
2019-10-16,0.963587376215949
2019-10-17,0.987566399908354
2019-10-18,0.981122676259242
2019-10-19,0.994577239224603
2019-10-20,0.995443821247874
2019-10-21,0.998668274926019
2019-10-22,0.9934045081466
2019-10-23,0.953886752104602
2019-10-24,0.948286269838894
2019-10-25,1.00462406378767
2019-10-26,1.06062896401017
2019-10-27,1.02401479002465
2019-10-28,1.02920780681156
2019-10-29,1.01257289922564
2019-10-30,1.00043177860477
2019-10-31,1.0035454849016
2019-11-01,0.997222439501249
2019-11-02,1.00278713695839
2019-11-03,0.996426970258317
2019-11-04,1.00364602456557
2019-11-05,0.934255587688556
2019-11-06,0.996377789377607
2019-11-07,0.996686627317448
2019-11-08,0.985464191989816
2019-11-09,0.990266845795764
2019-11-10,1.00107484480332
2019-11-11,0.988730260552604
2019-11-12,0.989606683158688
2019-11-13,0.993920011846439
2019-11-14,0.989819849227439
2019-11-15,0.988661705553607
2019-11-16,0.991641831601438
2019-11-17,0.997701985058873
