t,addresses_count
2010-01-01,32745
2010-01-02,32871
2010-01-03,33057
2010-01-04,33240
2010-01-05,33438
2010-01-06,33601
2010-01-07,33755
2010-01-08,33908
2010-01-09,34059
2010-01-10,34249
2010-01-11,34408
2010-01-12,34567
2010-01-13,34733
2010-01-14,34878
2010-01-15,35019
2010-01-16,35145
2010-01-17,35276
2010-01-18,35403
2010-01-19,35527
2010-01-20,35685
2010-01-21,35868
2010-01-22,36003
2010-01-23,36164
2010-01-24,36318
2010-01-25,36533
2010-01-26,36730
2010-01-27,36894
2010-01-28,37071
2010-01-29,37269
2010-01-30,37481
2010-01-31,37647
2010-02-01,37839
2010-02-02,37984
2010-02-03,38254
2010-02-04,38487
2010-02-05,38714
2010-02-06,38908
2010-02-07,39130
2010-02-08,39335
2010-02-09,39545
2010-02-10,39714
2010-02-11,39883
2010-02-12,40070
2010-02-13,40304
2010-02-14,40516
2010-02-15,40699
2010-02-16,40898
2010-02-17,41141
2010-02-18,41352
2010-02-19,41549
2010-02-20,41758
2010-02-21,41983
2010-02-22,42246
2010-02-23,42497
2010-02-24,42670
2010-02-25,42826
2010-02-26,43000
2010-02-27,43172
2010-02-28,43329
2010-03-01,43525
2010-03-02,43714
2010-03-03,43866
2010-03-04,44052
2010-03-05,44224
2010-03-06,44402
2010-03-07,44582
2010-03-08,44710
2010-03-09,44857
2010-03-10,45025
2010-03-11,45159
2010-03-12,45280
2010-03-13,45434
2010-03-14,45559
2010-03-15,45702
2010-03-16,45831
2010-03-17,45969
2010-03-18,46117
2010-03-19,46276
2010-03-20,46478
2010-03-21,46663
2010-03-22,46844
2010-03-23,47056
2010-03-24,47233
2010-03-25,47427
2010-03-26,47626
2010-03-27,47806
2010-03-28,47992
2010-03-29,48188
2010-03-30,48404
2010-03-31,48615
2010-04-01,48783
2010-04-02,48939
2010-04-03,49103
2010-04-04,49276
2010-04-05,49450
2010-04-06,49613
2010-04-07,49811
2010-04-08,50002
2010-04-09,50227
2010-04-10,50515
2010-04-11,50762
2010-04-12,50985
2010-04-13,51178
2010-04-14,51384
2010-04-15,51659
2010-04-16,51878
2010-04-17,52111
2010-04-18,55456
2010-04-19,55709
2010-04-20,55929
2010-04-21,56166
2010-04-22,56345
2010-04-23,56532
2010-04-24,56715
2010-04-25,56887
2010-04-26,57077
2010-04-27,57287
2010-04-28,57486
2010-04-29,57646
2010-04-30,57806
2010-05-01,57998
2010-05-02,58159
2010-05-03,58327
2010-05-04,58476
2010-05-05,58621
2010-05-06,58776
2010-05-07,58914
2010-05-08,59079
2010-05-09,59248
2010-05-10,59384
2010-05-11,59500
2010-05-12,59633
2010-05-13,59774
2010-05-14,59912
2010-05-15,60006
2010-05-16,60123
2010-05-17,60275
2010-05-18,60467
2010-05-19,60660
2010-05-20,60877
2010-05-21,61069
2010-05-22,61278
2010-05-23,61566
2010-05-24,61792
2010-05-25,62025
2010-05-26,62287
2010-05-27,62518
2010-05-28,62783
2010-05-29,63003
2010-05-30,63189
2010-05-31,63368
2010-06-01,63534
2010-06-02,63711
2010-06-03,63919
2010-06-04,64081
2010-06-05,64250
2010-06-06,64429
2010-06-07,64616
2010-06-08,64828
2010-06-09,65038
2010-06-10,65240
2010-06-11,65474
2010-06-12,65667
2010-06-13,65887
2010-06-14,66120
2010-06-15,66375
2010-06-16,66558
2010-06-17,66746
2010-06-18,66920
2010-06-19,67124
2010-06-20,67346
2010-06-21,67589
2010-06-22,67808
2010-06-23,68059
2010-06-24,68281
2010-06-25,68476
2010-06-26,68662
2010-06-27,68873
2010-06-28,69067
2010-06-29,69296
2010-06-30,69540
2010-07-01,69789
2010-07-02,69994
2010-07-03,70238
2010-07-04,70429
2010-07-05,70633
2010-07-06,70821
2010-07-07,71028
2010-07-08,71236
2010-07-09,71489
2010-07-10,71718
2010-07-11,72150
2010-07-12,75473
2010-07-13,77206
2010-07-14,83684
2010-07-15,85192
2010-07-16,86532
2010-07-17,86979
2010-07-18,87446
2010-07-19,88051
2010-07-20,88725
2010-07-21,89194
2010-07-22,89628
2010-07-23,90062
2010-07-24,90768
2010-07-25,92615
2010-07-26,93076
2010-07-27,93547
2010-07-28,93939
2010-07-29,94326
2010-07-30,94674
2010-07-31,94991
2010-08-01,95388
2010-08-02,95778
2010-08-03,96431
2010-08-04,96891
2010-08-05,97486
2010-08-06,97866
2010-08-07,98141
2010-08-08,98550
2010-08-09,99016
2010-08-10,99357
2010-08-11,99763
2010-08-12,100178
2010-08-13,100744
2010-08-14,101152
2010-08-15,101430
2010-08-16,101895
2010-08-17,102226
2010-08-18,102641
2010-08-19,102957
2010-08-20,103360
2010-08-21,103700
2010-08-22,104046
2010-08-23,104425
2010-08-24,104821
2010-08-25,105176
2010-08-26,105523
2010-08-27,105823
2010-08-28,106173
2010-08-29,106437
2010-08-30,106760
2010-08-31,107171
2010-09-01,107560
2010-09-02,107865
2010-09-03,108204
2010-09-04,108479
2010-09-05,108802
2010-09-06,109079
2010-09-07,109334
2010-09-08,109685
2010-09-09,109997
2010-09-10,110354
2010-09-11,110643
2010-09-12,111015
2010-09-13,111459
2010-09-14,111858
2010-09-15,112275
2010-09-16,112659
2010-09-17,113003
2010-09-18,113382
2010-09-19,113738
2010-09-20,114227
2010-09-21,115149
2010-09-22,115934
2010-09-23,116598
2010-09-24,117126
2010-09-25,117696
2010-09-26,118105
2010-09-27,118759
2010-09-28,119207
2010-09-29,120142
2010-09-30,120561
2010-10-01,121185
2010-10-02,121709
2010-10-03,122096
2010-10-04,122544
2010-10-05,122985
2010-10-06,123405
2010-10-07,123764
2010-10-08,124171
2010-10-09,124616
2010-10-10,125005
2010-10-11,125381
2010-10-12,125783
2010-10-13,126188
2010-10-14,126586
2010-10-15,126948
2010-10-16,127425
2010-10-17,127924
2010-10-18,128567
2010-10-19,129525
2010-10-20,130253
2010-10-21,130810
2010-10-22,131401
2010-10-23,131919
2010-10-24,132449
2010-10-25,132918
2010-10-26,133539
2010-10-27,134205
2010-10-28,134751
2010-10-29,135225
2010-10-30,135649
2010-10-31,135951
2010-11-01,136298
2010-11-02,136592
2010-11-03,136948
2010-11-04,137289
2010-11-05,137717
2010-11-06,138121
2010-11-07,138542
2010-11-08,139059
2010-11-09,139459
2010-11-10,139868
2010-11-11,140260
2010-11-12,140541
2010-11-13,140874
2010-11-14,141291
2010-11-15,145455
2010-11-16,148485
2010-11-17,148935
2010-11-18,149359
2010-11-19,149713
2010-11-20,150271
2010-11-21,150780
2010-11-22,151154
2010-11-23,151523
2010-11-24,152075
2010-11-25,152666
2010-11-26,153577
2010-11-27,154098
2010-11-28,154602
2010-11-29,155113
2010-11-30,155638
2010-12-01,156285
2010-12-02,156806
2010-12-03,157240
2010-12-04,157736
2010-12-05,158238
2010-12-06,158757
2010-12-07,159435
2010-12-08,160055
2010-12-09,160610
2010-12-10,161068
2010-12-11,161842
2010-12-12,162750
2010-12-13,163660
2010-12-14,164468
2010-12-15,165226
2010-12-16,165867
2010-12-17,166400
2010-12-18,167011
2010-12-19,167687
2010-12-20,168714
2010-12-21,169457
2010-12-22,170244
2010-12-23,170925
2010-12-24,171540
2010-12-25,172359
2010-12-26,173079
2010-12-27,173686
2010-12-28,174437
2010-12-29,175037
2010-12-30,175713
2010-12-31,176325
2011-01-01,177075
2011-01-02,177703
2011-01-03,178613
2011-01-04,179379
2011-01-05,180349
2011-01-06,181058
2011-01-07,181921
2011-01-08,182957
2011-01-09,183891
2011-01-10,184882
2011-01-11,185953
2011-01-12,186834
2011-01-13,187820
2011-01-14,188720
2011-01-15,189713
2011-01-16,190766
2011-01-17,191698
2011-01-18,192677
2011-01-19,193720
2011-01-20,194736
2011-01-21,196067
2011-01-22,197598
2011-01-23,198841
2011-01-24,200306
2011-01-25,201289
2011-01-26,202333
2011-01-27,203283
2011-01-28,204492
2011-01-29,205993
2011-01-30,208653
2011-01-31,210242
2011-02-01,211382
2011-02-02,212317
2011-02-03,213133
2011-02-04,214105
2011-02-05,214980
2011-02-06,215896
2011-02-07,216799
2011-02-08,217704
2011-02-09,219190
2011-02-10,221884
2011-02-11,225292
2011-02-12,227881
2011-02-13,230197
2011-02-14,232690
2011-02-15,235195
2011-02-16,237405
2011-02-17,240160
2011-02-18,242720
2011-02-19,244693
2011-02-20,247034
2011-02-21,249532
2011-02-22,252315
2011-02-23,255101
2011-02-24,257738
2011-02-25,260294
2011-02-26,262755
2011-02-27,265429
2011-02-28,267541
2011-03-01,271449
2011-03-02,273951
2011-03-03,277783
2011-03-04,280055
2011-03-05,282445
2011-03-06,284813
2011-03-07,287160
2011-03-08,290078
2011-03-09,292451
2011-03-10,294608
2011-03-11,296705
2011-03-12,298944
2011-03-13,300980
2011-03-14,302786
2011-03-15,305232
2011-03-16,307317
2011-03-17,309582
2011-03-18,311669
2011-03-19,313907
2011-03-20,317479
2011-03-21,321165
2011-03-22,323972
2011-03-23,329529
2011-03-24,332549
2011-03-25,335243
2011-03-26,338655
2011-03-27,341633
2011-03-28,344893
2011-03-29,348067
2011-03-30,350414
2011-03-31,353092
2011-04-01,355005
2011-04-02,357074
2011-04-03,359334
2011-04-04,362322
2011-04-05,365054
2011-04-06,367482
2011-04-07,369523
2011-04-08,371732
2011-04-09,373926
2011-04-10,376041
2011-04-11,378418
2011-04-12,380934
2011-04-13,383681
2011-04-14,388089
2011-04-15,390392
2011-04-16,392850
2011-04-17,395391
2011-04-18,398854
2011-04-19,403027
2011-04-20,406390
2011-04-21,408837
2011-04-22,411345
2011-04-23,414161
2011-04-24,416840
2011-04-25,419979
2011-04-26,424033
2011-04-27,429277
2011-04-28,433212
2011-04-29,437567
2011-04-30,443111
2011-05-01,447877
2011-05-02,451538
2011-05-03,455218
2011-05-04,458989
2011-05-05,463440
2011-05-06,467838
2011-05-07,472469
2011-05-08,476383
2011-05-09,480885
2011-05-10,484902
2011-05-11,488998
2011-05-12,493074
2011-05-13,498826
2011-05-14,504559
2011-05-15,509845
2011-05-16,517961
2011-05-17,524798
2011-05-18,533200
2011-05-19,541182
2011-05-20,548406
2011-05-21,555216
2011-05-22,562021
2011-05-23,569445
2011-05-24,577909
2011-05-25,587340
2011-05-26,596055
2011-05-27,602146
2011-05-28,609014
2011-05-29,615175
2011-05-30,622923
2011-05-31,631479
2011-06-01,639644
2011-06-02,648673
2011-06-03,659382
2011-06-04,671655
2011-06-05,682465
2011-06-06,695017
2011-06-07,706436
2011-06-08,721986
2011-06-09,738479
2011-06-10,753374
2011-06-11,767584
2011-06-12,784002
2011-06-13,799121
2011-06-14,817266
2011-06-15,833907
2011-06-16,851384
2011-06-17,866805
2011-06-18,883182
2011-06-19,899554
2011-06-20,914514
2011-06-21,929252
2011-06-22,945087
2011-06-23,959095
2011-06-24,973789
2011-06-25,986777
2011-06-26,1000795
2011-06-27,1018467
2011-06-28,1033812
2011-06-29,1048285
2011-06-30,1061589
2011-07-01,1081932
2011-07-02,1105450
2011-07-03,1118864
2011-07-04,1132808
2011-07-05,1145324
2011-07-06,1161230
2011-07-07,1175502
2011-07-08,1190454
2011-07-09,1204574
2011-07-10,1224512
2011-07-11,1240342
2011-07-12,1254141
2011-07-13,1271306
2011-07-14,1290004
2011-07-15,1305399
2011-07-16,1320024
2011-07-17,1335554
2011-07-18,1350910
2011-07-19,1366783
2011-07-20,1382623
2011-07-21,1399109
2011-07-22,1415102
2011-07-23,1429145
2011-07-24,1443941
2011-07-25,1460963
2011-07-26,1475432
2011-07-27,1490107
2011-07-28,1506412
2011-07-29,1520482
2011-07-30,1533079
2011-07-31,1548805
2011-08-01,1564140
2011-08-02,1576759
2011-08-03,1586397
2011-08-04,1596627
2011-08-05,1610419
2011-08-06,1623123
2011-08-07,1635942
2011-08-08,1649097
2011-08-09,1663810
2011-08-10,1674306
2011-08-11,1684221
2011-08-12,1693438
2011-08-13,1705284
2011-08-14,1718486
2011-08-15,1729238
2011-08-16,1740970
2011-08-17,1752944
2011-08-18,1764861
2011-08-19,1779099
2011-08-20,1792093
2011-08-21,1806944
2011-08-22,1823194
2011-08-23,1837284
2011-08-24,1850961
2011-08-25,1865496
2011-08-26,1877898
2011-08-27,1889753
2011-08-28,1901314
2011-08-29,1912727
2011-08-30,1922002
2011-08-31,1930976
2011-09-01,1939697
2011-09-02,1948190
2011-09-03,1955668
2011-09-04,1965658
2011-09-05,1975612
2011-09-06,1985614
2011-09-07,1994396
2011-09-08,2002398
2011-09-09,2011121
2011-09-10,2018416
2011-09-11,2026573
2011-09-12,2034765
2011-09-13,2042764
2011-09-14,2050191
2011-09-15,2058226
2011-09-16,2065950
2011-09-17,2072688
2011-09-18,2079881
2011-09-19,2088302
2011-09-20,2102163
2011-09-21,2111331
2011-09-22,2121977
2011-09-23,2135602
2011-09-24,2148457
2011-09-25,2161696
2011-09-26,2173091
2011-09-27,2185148
2011-09-28,2192195
2011-09-29,2198900
2011-09-30,2205923
2011-10-01,2212287
2011-10-02,2218307
2011-10-03,2225949
2011-10-04,2233298
2011-10-05,2240232
2011-10-06,2247585
2011-10-07,2254517
2011-10-08,2260976
2011-10-09,2267489
2011-10-10,2274619
2011-10-11,2282125
2011-10-12,2289342
2011-10-13,2295579
2011-10-14,2302851
2011-10-15,2309679
2011-10-16,2315710
2011-10-17,2322628
2011-10-18,2328605
2011-10-19,2334638
2011-10-20,2340054
2011-10-21,2346388
2011-10-22,2352610
2011-10-23,2359629
2011-10-24,2366937
2011-10-25,2373490
2011-10-26,2379956
2011-10-27,2385755
2011-10-28,2392308
2011-10-29,2399089
2011-10-30,2405105
2011-10-31,2411294
2011-11-01,2418583
2011-11-02,2425799
2011-11-03,2433242
2011-11-04,2441056
2011-11-05,2448122
2011-11-06,2454190
2011-11-07,2460748
2011-11-08,2468041
2011-11-09,2475887
2011-11-10,2483669
2011-11-11,2489878
2011-11-12,2495966
2011-11-13,2502658
2011-11-14,2509706
2011-11-15,2516931
2011-11-16,2524154
2011-11-17,2530111
2011-11-18,2536621
2011-11-19,2541032
2011-11-20,2545846
2011-11-21,2550507
2011-11-22,2555839
2011-11-23,2561075
2011-11-24,2565878
2011-11-25,2571228
2011-11-26,2575837
2011-11-27,2580851
2011-11-28,2587177
2011-11-29,2594829
2011-11-30,2601995
2011-12-01,2609084
2011-12-02,2615796
2011-12-03,2621312
2011-12-04,2626865
2011-12-05,2633212
2011-12-06,2641219
2011-12-07,2647437
2011-12-08,2652685
2011-12-09,2658023
2011-12-10,2663462
2011-12-11,2668438
2011-12-12,2673089
2011-12-13,2678913
2011-12-14,2684068
2011-12-15,2688431
2011-12-16,2693247
2011-12-17,2697780
2011-12-18,2702021
2011-12-19,2707760
2011-12-20,2713923
2011-12-21,2719030
2011-12-22,2724415
2011-12-23,2729874
2011-12-24,2734143
2011-12-25,2739196
2011-12-26,2744740
2011-12-27,2750028
2011-12-28,2754511
2011-12-29,2759551
2011-12-30,2763974
2011-12-31,2768496
2012-01-01,2773046
2012-01-02,2778133
2012-01-03,2783446
2012-01-04,2788769
2012-01-05,2795727
2012-01-06,2802189
2012-01-07,2807785
2012-01-08,2813927
2012-01-09,2819771
2012-01-10,2826679
2012-01-11,2833528
2012-01-12,2839658
2012-01-13,2846177
2012-01-14,2852675
2012-01-15,2858823
2012-01-16,2865117
2012-01-17,2871555
2012-01-18,2878043
2012-01-19,2884636
2012-01-20,2890991
2012-01-21,2896620
2012-01-22,2901161
2012-01-23,2906543
2012-01-24,2913390
2012-01-25,2921070
2012-01-26,2927146
2012-01-27,2933260
2012-01-28,2938636
2012-01-29,2944384
2012-01-30,2950086
2012-01-31,2956865
2012-02-01,2963006
2012-02-02,2969842
2012-02-03,2976794
2012-02-04,2984085
2012-02-05,2990582
2012-02-06,2996496
2012-02-07,3003256
2012-02-08,3009815
2012-02-09,3016790
2012-02-10,3024438
2012-02-11,3031496
2012-02-12,3037931
2012-02-13,3045496
2012-02-14,3054690
2012-02-15,3063639
2012-02-16,3072879
2012-02-17,3079486
2012-02-18,3085858
2012-02-19,3091849
2012-02-20,3098248
2012-02-21,3104632
2012-02-22,3111761
2012-02-23,3119690
2012-02-24,3126741
2012-02-25,3132554
2012-02-26,3137990
2012-02-27,3144300
2012-02-28,3150879
2012-02-29,3157430
2012-03-01,3164455
2012-03-02,3172133
2012-03-03,3177468
2012-03-04,3184310
2012-03-05,3191533
2012-03-06,3198028
2012-03-07,3204904
2012-03-08,3211666
2012-03-09,3218133
2012-03-10,3223224
2012-03-11,3228469
2012-03-12,3234442
2012-03-13,3242008
2012-03-14,3248890
2012-03-15,3255446
2012-03-16,3262302
2012-03-17,3269674
2012-03-18,3275832
2012-03-19,3282406
2012-03-20,3289280
2012-03-21,3296393
2012-03-22,3302828
2012-03-23,3308834
2012-03-24,3314884
2012-03-25,3320910
2012-03-26,3327552
2012-03-27,3334167
2012-03-28,3341482
2012-03-29,3348940
2012-03-30,3355537
2012-03-31,3361511
2012-04-01,3366645
2012-04-02,3372927
2012-04-03,3381042
2012-04-04,3388499
2012-04-05,3395765
2012-04-06,3402493
2012-04-07,3408503
2012-04-08,3414584
2012-04-09,3421285
2012-04-10,3429442
2012-04-11,3438000
2012-04-12,3446657
2012-04-13,3453718
2012-04-14,3461828
2012-04-15,3469367
2012-04-16,3477901
2012-04-17,3485977
2012-04-18,3494935
2012-04-19,3502830
2012-04-20,3511461
2012-04-21,3518827
2012-04-22,3525319
2012-04-23,3532732
2012-04-24,3540712
2012-04-25,3548590
2012-04-26,3558097
2012-04-27,3565496
2012-04-28,3572531
2012-04-29,3579417
2012-04-30,3588699
2012-05-01,3597623
2012-05-02,3607048
2012-05-03,3617926
2012-05-04,3628557
2012-05-05,3638462
2012-05-06,3647293
2012-05-07,3660526
2012-05-08,3673046
2012-05-09,3686200
2012-05-10,3695972
2012-05-11,3710224
2012-05-12,3722993
2012-05-13,3733412
2012-05-14,3754045
2012-05-15,3769526
2012-05-16,3782775
2012-05-17,3795045
2012-05-18,3811078
2012-05-19,3832020
2012-05-20,3851127
2012-05-21,3870553
2012-05-22,3886627
2012-05-23,3904378
2012-05-24,3921562
2012-05-25,3939881
2012-05-26,3954795
2012-05-27,3970988
2012-05-28,3988775
2012-05-29,4008877
2012-05-30,4025562
2012-05-31,4042014
2012-06-01,4059080
2012-06-02,4069231
2012-06-03,4088898
2012-06-04,4116128
2012-06-05,4143244
2012-06-06,4155786
2012-06-07,4176118
2012-06-08,4191102
2012-06-09,4209507
2012-06-10,4231337
2012-06-11,4250804
2012-06-12,4262519
2012-06-13,4294727
2012-06-14,4325424
2012-06-15,4355946
2012-06-16,4381473
2012-06-17,4407282
2012-06-18,4431870
2012-06-19,4453575
2012-06-20,4471833
2012-06-21,4488676
2012-06-22,4504879
2012-06-23,4520763
2012-06-24,4536725
2012-06-25,4556898
2012-06-26,4578935
2012-06-27,4602573
2012-06-28,4622202
2012-06-29,4641741
2012-06-30,4660919
2012-07-01,4680060
2012-07-02,4701932
2012-07-03,4721481
2012-07-04,4739019
2012-07-05,4754347
2012-07-06,4770919
2012-07-07,4790578
2012-07-08,4806549
2012-07-09,4825185
2012-07-10,4848731
2012-07-11,4869861
2012-07-12,4890385
2012-07-13,4907689
2012-07-14,4925254
2012-07-15,4943503
2012-07-16,4966656
2012-07-17,4992030
2012-07-18,5012442
2012-07-19,5032760
2012-07-20,5055663
2012-07-21,5078607
2012-07-22,5104069
2012-07-23,5129619
2012-07-24,5150328
2012-07-25,5168417
2012-07-26,5186275
2012-07-27,5204637
2012-07-28,5228700
2012-07-29,5249235
2012-07-30,5270777
2012-07-31,5305793
2012-08-01,5329479
2012-08-02,5354233
2012-08-03,5375423
2012-08-04,5395664
2012-08-05,5418297
2012-08-06,5444709
2012-08-07,5468584
2012-08-08,5499228
2012-08-09,5521327
2012-08-10,5543537
2012-08-11,5565990
2012-08-12,5589867
2012-08-13,5620479
2012-08-14,5645426
2012-08-15,5674152
2012-08-16,5712897
2012-08-17,5748086
2012-08-18,5780719
2012-08-19,5807810
2012-08-20,5832996
2012-08-21,5865145
2012-08-22,5894716
2012-08-23,5921321
2012-08-24,5947582
2012-08-25,5969643
2012-08-26,5989199
2012-08-27,6011218
2012-08-28,6032360
2012-08-29,6055912
2012-08-30,6076306
2012-08-31,6106181
2012-09-01,6133933
2012-09-02,6154332
2012-09-03,6174231
2012-09-04,6198266
2012-09-05,6223959
2012-09-06,6252047
2012-09-07,6276233
2012-09-08,6295678
2012-09-09,6319650
2012-09-10,6341145
2012-09-11,6367699
2012-09-12,6386651
2012-09-13,6405288
2012-09-14,6426636
2012-09-15,6443477
2012-09-16,6460231
2012-09-17,6477099
2012-09-18,6499367
2012-09-19,6524073
2012-09-20,6551950
2012-09-21,6570906
2012-09-22,6584278
2012-09-23,6598842
2012-09-24,6616616
2012-09-25,6641542
2012-09-26,6668469
2012-09-27,6690624
2012-09-28,6716855
2012-09-29,6735109
2012-09-30,6751340
2012-10-01,6769547
2012-10-02,6798449
2012-10-03,6822678
2012-10-04,6850242
2012-10-05,6876251
2012-10-06,6899641
2012-10-07,6924215
2012-10-08,6952389
2012-10-09,6980865
2012-10-10,7006928
2012-10-11,7029371
2012-10-12,7054612
2012-10-13,7075715
2012-10-14,7097495
2012-10-15,7121053
2012-10-16,7143122
2012-10-17,7168538
2012-10-18,7192452
2012-10-19,7212370
2012-10-20,7235050
2012-10-21,7257023
2012-10-22,7280568
2012-10-23,7300095
2012-10-24,7321145
2012-10-25,7340544
2012-10-26,7358870
2012-10-27,7372903
2012-10-28,7386052
2012-10-29,7399969
2012-10-30,7418716
2012-10-31,7436318
2012-11-01,7451901
2012-11-02,7469190
2012-11-03,7486625
2012-11-04,7501682
2012-11-05,7519851
2012-11-06,7540248
2012-11-07,7562783
2012-11-08,7581604
2012-11-09,7600031
2012-11-10,7616265
2012-11-11,7631052
2012-11-12,7647401
2012-11-13,7664831
2012-11-14,7685367
2012-11-15,7711178
2012-11-16,7737724
2012-11-17,7766897
2012-11-18,7791339
2012-11-19,7814791
2012-11-20,7839595
2012-11-21,7863628
2012-11-22,7886171
2012-11-23,7903385
2012-11-24,7921826
2012-11-25,7940119
2012-11-26,7961283
2012-11-27,7980510
2012-11-28,8002300
2012-11-29,8023297
2012-11-30,8042233
2012-12-01,8059982
2012-12-02,8072919
2012-12-03,8087311
2012-12-04,8107742
2012-12-05,8130528
2012-12-06,8152736
2012-12-07,8174164
2012-12-08,8195403
2012-12-09,8215850
2012-12-10,8232918
2012-12-11,8253293
2012-12-12,8275457
2012-12-13,8301264
2012-12-14,8324479
2012-12-15,8343770
2012-12-16,8363564
2012-12-17,8387496
2012-12-18,8416612
2012-12-19,8441113
2012-12-20,8462376
2012-12-21,8488539
2012-12-22,8524064
2012-12-23,8544764
2012-12-24,8565071
2012-12-25,8581823
2012-12-26,8598326
2012-12-27,8617140
2012-12-28,8640728
2012-12-29,8660694
2012-12-30,8688638
2012-12-31,8707389
2013-01-01,8727440
2013-01-02,8751648
2013-01-03,8781926
2013-01-04,8807659
2013-01-05,8835133
2013-01-06,8855913
2013-01-07,8880473
2013-01-08,8906197
2013-01-09,8933800
2013-01-10,8964394
2013-01-11,8998183
2013-01-12,9023157
2013-01-13,9051239
2013-01-14,9074946
2013-01-15,9104782
2013-01-16,9137669
2013-01-17,9168326
2013-01-18,9199396
2013-01-19,9225632
2013-01-20,9250635
2013-01-21,9273670
2013-01-22,9300837
2013-01-23,9326444
2013-01-24,9355098
2013-01-25,9383889
2013-01-26,9415353
2013-01-27,9444402
2013-01-28,9471772
2013-01-29,9500449
2013-01-30,9523875
2013-01-31,9549314
2013-02-01,9584482
2013-02-02,9615877
2013-02-03,9646015
2013-02-04,9675493
2013-02-05,9708367
2013-02-06,9737110
2013-02-07,9768833
2013-02-08,9801613
2013-02-09,9831392
2013-02-10,9864990
2013-02-11,9893270
2013-02-12,9922419
2013-02-13,9950861
2013-02-14,9977770
2013-02-15,10004774
2013-02-16,10028505
2013-02-17,10052962
2013-02-18,10078868
2013-02-19,10105325
2013-02-20,10132424
2013-02-21,10161249
2013-02-22,10192566
2013-02-23,10222356
2013-02-24,10251868
2013-02-25,10280859
2013-02-26,10312318
2013-02-27,10339896
2013-02-28,10370608
2013-03-01,10405142
2013-03-02,10429604
2013-03-03,10452557
2013-03-04,10479688
2013-03-05,10510551
2013-03-06,10546153
2013-03-07,10580024
2013-03-08,10610693
2013-03-09,10637493
2013-03-10,10667792
2013-03-11,10693668
2013-03-12,10723636
2013-03-13,10756462
2013-03-14,10787401
2013-03-15,10822525
2013-03-16,10846386
2013-03-17,10871827
2013-03-18,10902074
2013-03-19,10936878
2013-03-20,10968222
2013-03-21,11001470
2013-03-22,11039938
2013-03-23,11071245
2013-03-24,11111099
2013-03-25,11144470
2013-03-26,11180269
2013-03-27,11217613
2013-03-28,11259035
2013-03-29,11304723
2013-03-30,11344562
2013-03-31,11374165
2013-04-01,11411455
2013-04-02,11459656
2013-04-03,11513618
2013-04-04,11570050
2013-04-05,11626102
2013-04-06,11667251
2013-04-07,11707174
2013-04-08,11766390
2013-04-09,11827413
2013-04-10,11901142
2013-04-11,11962663
2013-04-12,12015976
2013-04-13,12059105
2013-04-14,12093182
2013-04-15,12138718
2013-04-16,12191313
2013-04-17,12243165
2013-04-18,12285812
2013-04-19,12338421
2013-04-20,12375814
2013-04-21,12409323
2013-04-22,12450727
2013-04-23,12499448
2013-04-24,12548699
2013-04-25,12595302
2013-04-26,12638107
2013-04-27,12678061
2013-04-28,12756948
2013-04-29,12797151
2013-04-30,12829421
2013-05-01,12869367
2013-05-02,12907678
2013-05-03,12943863
2013-05-04,12974713
2013-05-05,13006667
2013-05-06,13042733
2013-05-07,13083592
2013-05-08,13125024
2013-05-09,13168658
2013-05-10,13211260
2013-05-11,13252688
2013-05-12,13287402
2013-05-13,13324853
2013-05-14,13366655
2013-05-15,13408544
2013-05-16,13448474
2013-05-17,13486088
2013-05-18,13518779
2013-05-19,13549458
2013-05-20,13583537
2013-05-21,13624626
2013-05-22,13660686
2013-05-23,13703088
2013-05-24,13743494
2013-05-25,13775016
2013-05-26,13802782
2013-05-27,13834931
2013-05-28,13872173
2013-05-29,13912699
2013-05-30,13950998
2013-05-31,13988790
2013-06-01,14021815
2013-06-02,14051207
2013-06-03,14086598
2013-06-04,14124672
2013-06-05,14159311
2013-06-06,14195687
2013-06-07,14234982
2013-06-08,14263277
2013-06-09,14290075
2013-06-10,14321327
2013-06-11,14354350
2013-06-12,14385028
2013-06-13,14418877
2013-06-14,14462365
2013-06-15,14490141
2013-06-16,14514495
2013-06-17,14544456
2013-06-18,14577496
2013-06-19,14614158
2013-06-20,14650043
2013-06-21,14688119
2013-06-22,14718266
2013-06-23,14743414
2013-06-24,14776494
2013-06-25,14809181
2013-06-26,14842077
2013-06-27,14874572
2013-06-28,14913083
2013-06-29,14941926
2013-06-30,14966984
2013-07-01,15003248
2013-07-02,15037204
2013-07-03,15071788
2013-07-04,15103728
2013-07-05,15136087
2013-07-06,15162995
2013-07-07,15185915
2013-07-08,15220779
2013-07-09,15258077
2013-07-10,15293123
2013-07-11,15337599
2013-07-12,15387264
2013-07-13,15421178
2013-07-14,15444830
2013-07-15,15476079
2013-07-16,15513848
2013-07-17,15549165
2013-07-18,15583570
2013-07-19,15617084
2013-07-20,15643303
2013-07-21,15670911
2013-07-22,15704709
2013-07-23,15740191
2013-07-24,15775350
2013-07-25,15812528
2013-07-26,15847048
2013-07-27,15874218
2013-07-28,15900953
2013-07-29,15937730
2013-07-30,15978462
2013-07-31,16026569
2013-08-01,16109755
2013-08-02,16157551
2013-08-03,16193093
2013-08-04,16225452
2013-08-05,16269720
2013-08-06,16313398
2013-08-07,16359080
2013-08-08,16402849
2013-08-09,16441245
2013-08-10,16478430
2013-08-11,16507597
2013-08-12,16578506
2013-08-13,16622479
2013-08-14,16668984
2013-08-15,16714323
2013-08-16,16767593
2013-08-17,16804345
2013-08-18,16837373
2013-08-19,16887551
2013-08-20,16935286
2013-08-21,16983830
2013-08-22,17036679
2013-08-23,17080479
2013-08-24,17117324
2013-08-25,17150416
2013-08-26,17194628
2013-08-27,17246568
2013-08-28,17299229
2013-08-29,17345527
2013-08-30,17401591
2013-08-31,17462132
2013-09-01,17491872
2013-09-02,17525157
2013-09-03,17563861
2013-09-04,17606214
2013-09-05,17647140
2013-09-06,17687286
2013-09-07,17722275
2013-09-08,17751730
2013-09-09,17790189
2013-09-10,17827005
2013-09-11,17869347
2013-09-12,17912781
2013-09-13,17951472
2013-09-14,17980421
2013-09-15,18008254
2013-09-16,18046985
2013-09-17,18087962
2013-09-18,18130944
2013-09-19,18175529
2013-09-20,18217827
2013-09-21,18253515
2013-09-22,18284748
2013-09-23,18328044
2013-09-24,18371895
2013-09-25,18412317
2013-09-26,18455495
2013-09-27,18496551
2013-09-28,18531184
2013-09-29,18564964
2013-09-30,18607493
2013-10-01,18656301
2013-10-02,18708039
2013-10-03,18751619
2013-10-04,18791964
2013-10-05,18823649
2013-10-06,18854508
2013-10-07,18894507
2013-10-08,18936521
2013-10-09,18981656
2013-10-10,19027925
2013-10-11,19072137
2013-10-12,19109014
2013-10-13,19154778
2013-10-14,19197695
2013-10-15,19243735
2013-10-16,19294441
2013-10-17,19337720
2013-10-18,19385680
2013-10-19,19435339
2013-10-20,19476267
2013-10-21,19526920
2013-10-22,19587580
2013-10-23,19643298
2013-10-24,19703983
2013-10-25,19757554
2013-10-26,19795833
2013-10-27,19829530
2013-10-28,19874304
2013-10-29,19920610
2013-10-30,19971519
2013-10-31,20022851
2013-11-01,20069765
2013-11-02,20110388
2013-11-03,20150667
2013-11-04,20204389
2013-11-05,20269331
2013-11-06,20334187
2013-11-07,20411709
2013-11-08,20486090
2013-11-09,20556927
2013-11-10,20617682
2013-11-11,20672176
2013-11-12,20734570
2013-11-13,20800574
2013-11-14,20875800
2013-11-15,20942233
2013-11-16,20997661
2013-11-17,21055618
2013-11-18,21154119
2013-11-19,21276688
2013-11-20,21371314
2013-11-21,21458301
2013-11-22,21550843
2013-11-23,21640331
2013-11-24,21707199
2013-11-25,21787969
2013-11-26,21893718
2013-11-27,22014557
2013-11-28,22133596
2013-11-29,22245489
2013-11-30,22339477
2013-12-01,22430792
2013-12-02,22528931
2013-12-03,22632102
2013-12-04,22739217
2013-12-05,22851222
2013-12-06,22945943
2013-12-07,23031309
2013-12-08,23090266
2013-12-09,23175318
2013-12-10,23257269
2013-12-11,23340601
2013-12-12,23412087
2013-12-13,23490130
2013-12-14,23562862
2013-12-15,23629440
2013-12-16,23719666
2013-12-17,23804408
2013-12-18,23904989
2013-12-19,23990298
2013-12-20,24066666
2013-12-21,24134338
2013-12-22,24196441
2013-12-23,24275318
2013-12-24,24349929
2013-12-25,24426498
2013-12-26,24491172
2013-12-27,24558562
2013-12-28,24616738
2013-12-29,24672234
2013-12-30,24747506
2013-12-31,24807843
2014-01-01,24855859
2014-01-02,24924034
2014-01-03,25000384
2014-01-04,25059614
2014-01-05,25129763
2014-01-06,25217036
2014-01-07,25290148
2014-01-08,25369974
2014-01-09,25440496
2014-01-10,25504939
2014-01-11,25569297
2014-01-12,25626421
2014-01-13,25695452
2014-01-14,25760475
2014-01-15,25828605
2014-01-16,25889305
2014-01-17,25951230
2014-01-18,26004284
2014-01-19,26058469
2014-01-20,26139084
2014-01-21,26223723
2014-01-22,26300882
2014-01-23,26371045
2014-01-24,26441508
2014-01-25,26500535
2014-01-26,26563053
2014-01-27,26641146
2014-01-28,26722589
2014-01-29,26793146
2014-01-30,26869876
2014-01-31,26948221
2014-02-01,27020166
2014-02-02,27088637
2014-02-03,27169325
2014-02-04,27260708
2014-02-05,27339422
2014-02-06,27423693
2014-02-07,27512264
2014-02-08,27587892
2014-02-09,27648496
2014-02-10,27722094
2014-02-11,27795683
2014-02-12,27865733
2014-02-13,27941578
2014-02-14,28025621
2014-02-15,28102626
2014-02-16,28161602
2014-02-17,28233353
2014-02-18,28312744
2014-02-19,28411397
2014-02-20,28513872
2014-02-21,28618046
2014-02-22,28701730
2014-02-23,28795378
2014-02-24,28908764
2014-02-25,29030612
2014-02-26,29141367
2014-02-27,29236625
2014-02-28,29328810
2014-03-01,29429050
2014-03-02,29509954
2014-03-03,29633636
2014-03-04,29766293
2014-03-05,29881497
2014-03-06,29991686
2014-03-07,30095915
2014-03-08,30196002
2014-03-09,30289176
2014-03-10,30382329
2014-03-11,30479260
2014-03-12,30587215
2014-03-13,30690421
2014-03-14,30772583
2014-03-15,30840046
2014-03-16,30902160
2014-03-17,30987026
2014-03-18,31054584
2014-03-19,31131018
2014-03-20,31210631
2014-03-21,31313914
2014-03-22,31396064
2014-03-23,31465556
2014-03-24,31555219
2014-03-25,31644998
2014-03-26,31736556
2014-03-27,31843864
2014-03-28,31947140
2014-03-29,32020818
2014-03-30,32087932
2014-03-31,32183309
2014-04-01,32285198
2014-04-02,32386103
2014-04-03,32457118
2014-04-04,32561376
2014-04-05,32646355
2014-04-06,32729630
2014-04-07,32817696
2014-04-08,32908037
2014-04-09,33008749
2014-04-10,33110907
2014-04-11,33207879
2014-04-12,33278667
2014-04-13,33354142
2014-04-14,33458692
2014-04-15,33558101
2014-04-16,33649198
2014-04-17,33730559
2014-04-18,33810841
2014-04-19,33885327
2014-04-20,33953766
2014-04-21,34026949
2014-04-22,34130603
2014-04-23,34214411
2014-04-24,34298727
2014-04-25,34397084
2014-04-26,34467854
2014-04-27,34534048
2014-04-28,34624787
2014-04-29,34716155
2014-04-30,34805927
2014-05-01,34890315
2014-05-02,34966269
2014-05-03,35020988
2014-05-04,35075779
2014-05-05,35152844
2014-05-06,35245697
2014-05-07,35335941
2014-05-08,35430260
2014-05-09,35518425
2014-05-10,35591269
2014-05-11,35652481
2014-05-12,35730526
2014-05-13,35805135
2014-05-14,35891041
2014-05-15,35991908
2014-05-16,36064583
2014-05-17,36131519
2014-05-18,36200861
2014-05-19,36285561
2014-05-20,36388633
2014-05-21,36468029
2014-05-22,36553920
2014-05-23,36651708
2014-05-24,36710325
2014-05-25,36792028
2014-05-26,36882421
2014-05-27,36981104
2014-05-28,37087509
2014-05-29,37181526
2014-05-30,37258964
2014-05-31,37333250
2014-06-01,37418294
2014-06-02,37512024
2014-06-03,37617294
2014-06-04,37711558
2014-06-05,37811716
2014-06-06,37902869
2014-06-07,37976981
2014-06-08,38048392
2014-06-09,38134418
2014-06-10,38222983
2014-06-11,38314492
2014-06-12,38405484
2014-06-13,38496067
2014-06-14,38572829
2014-06-15,38641569
2014-06-16,38736615
2014-06-17,38837826
2014-06-18,38928136
2014-06-19,39007277
2014-06-20,39088439
2014-06-21,39167727
2014-06-22,39243434
2014-06-23,39322482
2014-06-24,39415962
2014-06-25,39511631
2014-06-26,39597247
2014-06-27,39689057
2014-06-28,39761325
2014-06-29,39828243
2014-06-30,39924103
2014-07-01,40025662
2014-07-02,40123685
2014-07-03,40207556
2014-07-04,40277501
2014-07-05,40338031
2014-07-06,40415288
2014-07-07,40509189
2014-07-08,40621648
2014-07-09,40721546
2014-07-10,40819502
2014-07-11,40914290
2014-07-12,40984844
2014-07-13,41065580
2014-07-14,41150615
2014-07-15,41250784
2014-07-16,41341870
2014-07-17,41435687
2014-07-18,41526281
2014-07-19,41610152
2014-07-20,41689966
2014-07-21,41771473
2014-07-22,41860584
2014-07-23,41961017
2014-07-24,42054315
2014-07-25,42150615
2014-07-26,42222998
2014-07-27,42292816
2014-07-28,42386827
2014-07-29,42477932
2014-07-30,42581488
2014-07-31,42675773
2014-08-01,42770223
2014-08-02,42844574
2014-08-03,42907085
2014-08-04,42984530
2014-08-05,43096656
2014-08-06,43210455
2014-08-07,43305586
2014-08-08,43403567
2014-08-09,43484650
2014-08-10,43564474
2014-08-11,43672854
2014-08-12,43785906
2014-08-13,43898655
2014-08-14,44004090
2014-08-15,44104830
2014-08-16,44203842
2014-08-17,44285107
2014-08-18,44389574
2014-08-19,44497296
2014-08-20,44606009
2014-08-21,44712056
2014-08-22,44812350
2014-08-23,44893784
2014-08-24,44977697
2014-08-25,45076016
2014-08-26,45182907
2014-08-27,45285315
2014-08-28,45383799
2014-08-29,45472978
2014-08-30,45553375
2014-08-31,45631292
2014-09-01,45723189
2014-09-02,45821701
2014-09-03,45915819
2014-09-04,46017781
2014-09-05,46119432
2014-09-06,46201804
2014-09-07,46293377
2014-09-08,46398734
2014-09-09,46516060
2014-09-10,46622330
2014-09-11,46718548
2014-09-12,46817385
2014-09-13,46901664
2014-09-14,47000316
2014-09-15,47103473
2014-09-16,47227561
2014-09-17,47335995
2014-09-18,47444081
2014-09-19,47538600
2014-09-20,47624055
2014-09-21,47692897
2014-09-22,47798681
2014-09-23,47908444
2014-09-24,48010473
2014-09-25,48119753
2014-09-26,48219592
2014-09-27,48305626
2014-09-28,48393007
2014-09-29,48497755
2014-09-30,48610318
2014-10-01,48728589
2014-10-02,48833778
2014-10-03,48917112
2014-10-04,48989226
2014-10-05,49079348
2014-10-06,49178822
2014-10-07,49290472
2014-10-08,49403054
2014-10-09,49512232
2014-10-10,49622301
2014-10-11,49709794
2014-10-12,49794894
2014-10-13,49907871
2014-10-14,50026411
2014-10-15,50145239
2014-10-16,50255504
2014-10-17,50363440
2014-10-18,50452229
2014-10-19,50537622
2014-10-20,50648716
2014-10-21,50769166
2014-10-22,50882597
2014-10-23,50998960
2014-10-24,51109355
2014-10-25,51203409
2014-10-26,51293809
2014-10-27,51413911
2014-10-28,51529804
2014-10-29,51649703
2014-10-30,51771321
2014-10-31,51887278
2014-11-01,51978543
2014-11-02,52082241
2014-11-03,52201468
2014-11-04,52319481
2014-11-05,52438170
2014-11-06,52561365
2014-11-07,52669009
2014-11-08,52757571
2014-11-09,52855541
2014-11-10,52968373
2014-11-11,53083722
2014-11-12,53219115
2014-11-13,53343655
2014-11-14,53463887
2014-11-15,53560347
2014-11-16,53654907
2014-11-17,53772208
2014-11-18,53890482
2014-11-19,54005819
2014-11-20,54130272
2014-11-21,54241896
2014-11-22,54339868
2014-11-23,54432631
2014-11-24,54539591
2014-11-25,54657854
2014-11-26,54773565
2014-11-27,54891380
2014-11-28,55004516
2014-11-29,55103375
2014-11-30,55210386
2014-12-01,55325927
2014-12-02,55470197
2014-12-03,55600603
2014-12-04,55728682
2014-12-05,55850155
2014-12-06,55949374
2014-12-07,56045158
2014-12-08,56176182
2014-12-09,56303108
2014-12-10,56430353
2014-12-11,56549793
2014-12-12,56670614
2014-12-13,56777296
2014-12-14,56893767
2014-12-15,57025734
2014-12-16,57176999
2014-12-17,57326158
2014-12-18,57459281
2014-12-19,57575726
2014-12-20,57700958
2014-12-21,57810430
2014-12-22,57949505
2014-12-23,58086723
2014-12-24,58195110
2014-12-25,58279981
2014-12-26,58378402
2014-12-27,58482001
2014-12-28,58584414
2014-12-29,58692617
2014-12-30,58806545
2014-12-31,58907810
2015-01-01,58980509
2015-01-02,59084374
2015-01-03,59194085
2015-01-04,59306236
2015-01-05,59433331
2015-01-06,59554723
2015-01-07,59674356
2015-01-08,59805490
2015-01-09,59933642
2015-01-10,60057850
2015-01-11,60169085
2015-01-12,60292644
2015-01-13,60439006
2015-01-14,60596003
2015-01-15,60755990
2015-01-16,60895278
2015-01-17,61029833
2015-01-18,61144351
2015-01-19,61275153
2015-01-20,61406125
2015-01-21,61538176
2015-01-22,61667720
2015-01-23,61784237
2015-01-24,61888510
2015-01-25,62012946
2015-01-26,62153865
2015-01-27,62295094
2015-01-28,62392829
2015-01-29,62503909
2015-01-30,62601222
2015-01-31,62735294
2015-02-01,62846061
2015-02-02,62964436
2015-02-03,63100692
2015-02-04,63232533
2015-02-05,63352911
2015-02-06,63474160
2015-02-07,63579990
2015-02-08,63688847
2015-02-09,63815964
2015-02-10,63939286
2015-02-11,64068233
2015-02-12,64196524
2015-02-13,64363203
2015-02-14,64487142
2015-02-15,64612126
2015-02-16,64745541
2015-02-17,64890812
2015-02-18,65024488
2015-02-19,65141062
2015-02-20,65266684
2015-02-21,65384512
2015-02-22,65496301
2015-02-23,65627531
2015-02-24,65760190
2015-02-25,65893925
2015-02-26,66024844
2015-02-27,66155936
2015-02-28,66266394
2015-03-01,66381679
2015-03-02,66525600
2015-03-03,66674152
2015-03-04,66806390
2015-03-05,66951113
2015-03-06,67077083
2015-03-07,67188461
2015-03-08,67289302
2015-03-09,67419389
2015-03-10,67560075
2015-03-11,67700533
2015-03-12,67833591
2015-03-13,67961749
2015-03-14,68081734
2015-03-15,68183522
2015-03-16,68313437
2015-03-17,68438212
2015-03-18,68558852
2015-03-19,68690519
2015-03-20,68822495
2015-03-21,68934505
2015-03-22,69047386
2015-03-23,69179216
2015-03-24,69300519
2015-03-25,69425955
2015-03-26,69548832
2015-03-27,69675550
2015-03-28,69782979
2015-03-29,69892178
2015-03-30,70030614
2015-03-31,70177502
2015-04-01,70337408
2015-04-02,70487709
2015-04-03,70617549
2015-04-04,70729772
2015-04-05,70834499
2015-04-06,70963376
2015-04-07,71106251
2015-04-08,71251962
2015-04-09,71394205
2015-04-10,71535920
2015-04-11,71659469
2015-04-12,71768438
2015-04-13,71911793
2015-04-14,72049540
2015-04-15,72173631
2015-04-16,72297001
2015-04-17,72418365
2015-04-18,72526134
2015-04-19,72631448
2015-04-20,72760669
2015-04-21,72895754
2015-04-22,73034807
2015-04-23,73171922
2015-04-24,73306241
2015-04-25,73426278
2015-04-26,73539762
2015-04-27,73677195
2015-04-28,73815819
2015-04-29,73960870
2015-04-30,74100400
2015-05-01,74224032
2015-05-02,74344665
2015-05-03,74443518
2015-05-04,74571619
2015-05-05,74717203
2015-05-06,74865819
2015-05-07,75008675
2015-05-08,75150457
2015-05-09,75267417
2015-05-10,75374776
2015-05-11,75517368
2015-05-12,75664501
2015-05-13,75801516
2015-05-14,75935305
2015-05-15,76068630
2015-05-16,76194980
2015-05-17,76300422
2015-05-18,76424325
2015-05-19,76565416
2015-05-20,76705206
2015-05-21,76834373
2015-05-22,76965239
2015-05-23,77071488
2015-05-24,77189014
2015-05-25,77318099
2015-05-26,77458530
2015-05-27,77600370
2015-05-28,77740131
2015-05-29,77899533
2015-05-30,78062905
2015-05-31,78199723
2015-06-01,78370354
2015-06-02,78540233
2015-06-03,78709013
2015-06-04,78865453
2015-06-05,79013220
2015-06-06,79138322
2015-06-07,79246174
2015-06-08,79361722
2015-06-09,79517346
2015-06-10,79709382
2015-06-11,79870768
2015-06-12,80037578
2015-06-13,80166673
2015-06-14,80307504
2015-06-15,80481864
2015-06-16,80638687
2015-06-17,80821378
2015-06-18,80983286
2015-06-19,81151267
2015-06-20,81277971
2015-06-21,81397386
2015-06-22,81541063
2015-06-23,81709257
2015-06-24,81859467
2015-06-25,81976848
2015-06-26,82146525
2015-06-27,82295816
2015-06-28,82419843
2015-06-29,82572928
2015-06-30,82759605
2015-07-01,82930698
2015-07-02,83117339
2015-07-03,83287143
2015-07-04,83422678
2015-07-05,83575443
2015-07-06,83783324
2015-07-07,83991465
2015-07-08,84203223
2015-07-09,84391983
2015-07-10,84581281
2015-07-11,84752022
2015-07-12,84915150
2015-07-13,85078744
2015-07-14,85235041
2015-07-15,85386128
2015-07-16,85533725
2015-07-17,85674271
2015-07-18,85801653
2015-07-19,85917698
2015-07-20,86079957
2015-07-21,86263567
2015-07-22,86437518
2015-07-23,86583190
2015-07-24,86730095
2015-07-25,86854616
2015-07-26,86980133
2015-07-27,87130567
2015-07-28,87285006
2015-07-29,87471432
2015-07-30,87632771
2015-07-31,87804148
2015-08-01,87953380
2015-08-02,88079094
2015-08-03,88227935
2015-08-04,88397819
2015-08-05,88573104
2015-08-06,88737458
2015-08-07,88883828
2015-08-08,89019273
2015-08-09,89127314
2015-08-10,89272375
2015-08-11,89421151
2015-08-12,89577265
2015-08-13,89730329
2015-08-14,89879544
2015-08-15,90012681
2015-08-16,90133965
2015-08-17,90286223
2015-08-18,90448575
2015-08-19,90608803
2015-08-20,90759751
2015-08-21,90923404
2015-08-22,91084387
2015-08-23,91216600
2015-08-24,91378451
2015-08-25,91534449
2015-08-26,91689714
2015-08-27,91846823
2015-08-28,92007430
2015-08-29,92150425
2015-08-30,92277987
2015-08-31,92436958
2015-09-01,92602942
2015-09-02,92779749
2015-09-03,92945073
2015-09-04,93085178
2015-09-05,93245828
2015-09-06,93383637
2015-09-07,93556134
2015-09-08,93740146
2015-09-09,93918746
2015-09-10,94081328
2015-09-11,94267706
2015-09-12,94416682
2015-09-13,94553546
2015-09-14,94718667
2015-09-15,94892344
2015-09-16,95059128
2015-09-17,95231839
2015-09-18,95401816
2015-09-19,95545896
2015-09-20,95708948
2015-09-21,95914759
2015-09-22,96121149
2015-09-23,96283319
2015-09-24,96444563
2015-09-25,96608202
2015-09-26,96749061
2015-09-27,96882115
2015-09-28,97045948
2015-09-29,97224484
2015-09-30,97387992
2015-10-01,97546243
2015-10-02,97710526
2015-10-03,97848623
2015-10-04,97966260
2015-10-05,98101630
2015-10-06,98252386
2015-10-07,98411733
2015-10-08,98590537
2015-10-09,98720118
2015-10-10,98864708
2015-10-11,98979055
2015-10-12,99119659
2015-10-13,99265017
2015-10-14,99430762
2015-10-15,99630541
2015-10-16,99807894
2015-10-17,99978581
2015-10-18,100128710
2015-10-19,100311282
2015-10-20,100501238
2015-10-21,100690568
2015-10-22,100875344
2015-10-23,101057818
2015-10-24,101243297
2015-10-25,101411569
2015-10-26,101575748
2015-10-27,101752476
2015-10-28,101930490
2015-10-29,102112697
2015-10-30,102302320
2015-10-31,102483561
2015-11-01,102653246
2015-11-02,102855961
2015-11-03,103093476
2015-11-04,103358572
2015-11-05,103586912
2015-11-06,103798443
2015-11-07,103991064
2015-11-08,104173792
2015-11-09,104370474
2015-11-10,104568947
2015-11-11,104764154
2015-11-12,104954367
2015-11-13,105142659
2015-11-14,105322268
2015-11-15,105497786
2015-11-16,105691953
2015-11-17,105894626
2015-11-18,106114338
2015-11-19,106305980
2015-11-20,106492414
2015-11-21,106674553
2015-11-22,106836538
2015-11-23,107013628
2015-11-24,107208929
2015-11-25,107397401
2015-11-26,107591260
2015-11-27,107771805
2015-11-28,107964738
2015-11-29,108110803
2015-11-30,108341220
2015-12-01,108561193
2015-12-02,108786005
2015-12-03,108975611
2015-12-04,109177288
2015-12-05,109402025
2015-12-06,109601869
2015-12-07,109822769
2015-12-08,110051960
2015-12-09,110323269
2015-12-10,110616303
2015-12-11,110880894
2015-12-12,111158501
2015-12-13,111382223
2015-12-14,111649919
2015-12-15,111911591
2015-12-16,112165898
2015-12-17,112411014
2015-12-18,112655772
2015-12-19,112908761
2015-12-20,113134131
2015-12-21,113388854
2015-12-22,113636968
2015-12-23,113890428
2015-12-24,114127484
2015-12-25,114322588
2015-12-26,114509588
2015-12-27,114681589
2015-12-28,114883369
2015-12-29,115095119
2015-12-30,115301589
2015-12-31,115483768
2016-01-01,115629296
2016-01-02,115810686
2016-01-03,115983606
2016-01-04,116198416
2016-01-05,116419547
2016-01-06,116624714
2016-01-07,116851406
2016-01-08,117067608
2016-01-09,117288723
2016-01-10,117492140
2016-01-11,117723289
2016-01-12,117960074
2016-01-13,118183244
2016-01-14,118407117
2016-01-15,118628014
2016-01-16,118882076
2016-01-17,119128878
2016-01-18,119381860
2016-01-19,119592591
2016-01-20,119861785
2016-01-21,120133961
2016-01-22,120393674
2016-01-23,120630106
2016-01-24,120866209
2016-01-25,121140581
2016-01-26,121428098
2016-01-27,121707305
2016-01-28,122000559
2016-01-29,122293833
2016-01-30,122543689
2016-01-31,122767413
2016-02-01,123048042
2016-02-02,123370902
2016-02-03,123618464
2016-02-04,123866775
2016-02-05,124139344
2016-02-06,124404862
2016-02-07,124677450
2016-02-08,124938994
2016-02-09,125215631
2016-02-10,125489974
2016-02-11,125769228
2016-02-12,126035926
2016-02-13,126274297
2016-02-14,126500603
2016-02-15,126761352
2016-02-16,127019837
2016-02-17,127310650
2016-02-18,127579514
2016-02-19,127845786
2016-02-20,128102564
2016-02-21,128340101
2016-02-22,128621901
2016-02-23,128903598
2016-02-24,129149453
2016-02-25,129413971
2016-02-26,129657146
2016-02-27,129890471
2016-02-28,130159815
2016-02-29,130439086
2016-03-01,130726654
2016-03-02,131026206
2016-03-03,131263617
2016-03-04,131494911
2016-03-05,131743168
2016-03-06,131922275
2016-03-07,132127366
2016-03-08,132362177
2016-03-09,132582894
2016-03-10,132806111
2016-03-11,133026533
2016-03-12,133223049
2016-03-13,133404434
2016-03-14,133623218
2016-03-15,133851246
2016-03-16,134095991
2016-03-17,134336978
2016-03-18,134571116
2016-03-19,134777277
2016-03-20,134985097
2016-03-21,135208268
2016-03-22,135444019
2016-03-23,135665331
2016-03-24,135880901
2016-03-25,136081595
2016-03-26,136260917
2016-03-27,136435986
2016-03-28,136648010
2016-03-29,136867350
2016-03-30,137092713
2016-03-31,137312861
2016-04-01,137540894
2016-04-02,137745797
2016-04-03,137945323
2016-04-04,138183044
2016-04-05,138418892
2016-04-06,138660555
2016-04-07,138893082
2016-04-08,139118673
2016-04-09,139329906
2016-04-10,139530327
2016-04-11,139760755
2016-04-12,140016283
2016-04-13,140257424
2016-04-14,140498013
2016-04-15,140719008
2016-04-16,140918910
2016-04-17,141130802
2016-04-18,141360550
2016-04-19,141601959
2016-04-20,141838466
2016-04-21,142077974
2016-04-22,142306653
2016-04-23,142508342
2016-04-24,142708228
2016-04-25,142945900
2016-04-26,143211162
2016-04-27,143457528
2016-04-28,143690695
2016-04-29,143939514
2016-04-30,144160272
2016-05-01,144350986
2016-05-02,144566748
2016-05-03,144789339
2016-05-04,145006297
2016-05-05,145220729
2016-05-06,145435718
2016-05-07,145628762
2016-05-08,145812126
2016-05-09,146036561
2016-05-10,146268699
2016-05-11,146493669
2016-05-12,146713941
2016-05-13,146933874
2016-05-14,147135085
2016-05-15,147321257
2016-05-16,147554875
2016-05-17,147783414
2016-05-18,148018136
2016-05-19,148237155
2016-05-20,148442259
2016-05-21,148633390
2016-05-22,148810258
2016-05-23,149030588
2016-05-24,149265657
2016-05-25,149501042
2016-05-26,149724230
2016-05-27,149955885
2016-05-28,150168743
2016-05-29,150356544
2016-05-30,150577893
2016-05-31,150804595
2016-06-01,151046579
2016-06-02,151279874
2016-06-03,151521580
2016-06-04,151722434
2016-06-05,151918565
2016-06-06,152154506
2016-06-07,152400527
2016-06-08,152638484
2016-06-09,152891657
2016-06-10,153135120
2016-06-11,153353055
2016-06-12,153568571
2016-06-13,153829173
2016-06-14,154085950
2016-06-15,154358686
2016-06-16,154636219
2016-06-17,154906795
2016-06-18,155151215
2016-06-19,155374071
2016-06-20,155639160
2016-06-21,155907963
2016-06-22,156157198
2016-06-23,156418492
2016-06-24,156675026
2016-06-25,156896651
2016-06-26,157091495
2016-06-27,157326007
2016-06-28,157574567
2016-06-29,157814274
2016-06-30,158066720
2016-07-01,158298391
2016-07-02,158514398
2016-07-03,158708630
2016-07-04,158942113
2016-07-05,159178324
2016-07-06,159417664
2016-07-07,159659727
2016-07-08,159884986
2016-07-09,160093114
2016-07-10,160276172
2016-07-11,160508622
2016-07-12,160751346
2016-07-13,160984269
2016-07-14,161218154
2016-07-15,161447945
2016-07-16,161654183
2016-07-17,161840412
2016-07-18,162074491
2016-07-19,162302919
2016-07-20,162542048
2016-07-21,162767000
2016-07-22,162996590
2016-07-23,163199876
2016-07-24,163390592
2016-07-25,163632071
2016-07-26,163879449
2016-07-27,164120944
2016-07-28,164361453
2016-07-29,164591461
2016-07-30,164796533
2016-07-31,164994772
2016-08-01,165235486
2016-08-02,165504701
2016-08-03,165763605
2016-08-04,166009149
2016-08-05,166254479
2016-08-06,166468233
2016-08-07,166660689
2016-08-08,166902701
2016-08-09,167153279
2016-08-10,167414195
2016-08-11,167682048
2016-08-12,167929923
2016-08-13,168153513
2016-08-14,168359319
2016-08-15,168576646
2016-08-16,168846666
2016-08-17,169108677
2016-08-18,169371065
2016-08-19,169632910
2016-08-20,169878018
2016-08-21,170088805
2016-08-22,170342736
2016-08-23,170608468
2016-08-24,170871051
2016-08-25,171122010
2016-08-26,171371731
2016-08-27,171600279
2016-08-28,171802437
2016-08-29,172040126
2016-08-30,172318383
2016-08-31,172578214
2016-09-01,172835132
2016-09-02,173083577
2016-09-03,173315007
2016-09-04,173531709
2016-09-05,173794014
2016-09-06,174061248
2016-09-07,174341471
2016-09-08,174612479
2016-09-09,174875900
2016-09-10,175115228
2016-09-11,175348428
2016-09-12,175604158
2016-09-13,175880737
2016-09-14,176151768
2016-09-15,176421023
2016-09-16,176668582
2016-09-17,176927903
2016-09-18,177152754
2016-09-19,177417602
2016-09-20,177703871
2016-09-21,177982305
2016-09-22,178249262
2016-09-23,178516712
2016-09-24,178761675
2016-09-25,178995916
2016-09-26,179278392
2016-09-27,179573826
2016-09-28,179866342
2016-09-29,180166846
2016-09-30,180469303
2016-10-01,180733690
2016-10-02,180968619
2016-10-03,181286991
2016-10-04,181617215
2016-10-05,181938855
2016-10-06,182275251
2016-10-07,182595195
2016-10-08,182895302
2016-10-09,183149267
2016-10-10,183417830
2016-10-11,183730930
2016-10-12,184011860
2016-10-13,184294665
2016-10-14,184590829
2016-10-15,184855698
2016-10-16,185103046
2016-10-17,185397148
2016-10-18,185704267
2016-10-19,185947310
2016-10-20,186285197
2016-10-21,186601226
2016-10-22,186866488
2016-10-23,187102703
2016-10-24,187379280
2016-10-25,187674659
2016-10-26,187958724
2016-10-27,188336184
2016-10-28,188640753
2016-10-29,188919144
2016-10-30,189167298
2016-10-31,189457020
2016-11-01,189755134
2016-11-02,190086893
2016-11-03,190419497
2016-11-04,190731373
2016-11-05,191031111
2016-11-06,191304326
2016-11-07,191640730
2016-11-08,192001974
2016-11-09,192331736
2016-11-10,192667719
2016-11-11,192980439
2016-11-12,193272193
2016-11-13,193547883
2016-11-14,193882985
2016-11-15,194235206
2016-11-16,194572994
2016-11-17,194912049
2016-11-18,195250927
2016-11-19,195562596
2016-11-20,195857471
2016-11-21,196205475
2016-11-22,196555852
2016-11-23,196892877
2016-11-24,197285687
2016-11-25,197652151
2016-11-26,197984696
2016-11-27,198271268
2016-11-28,198640167
2016-11-29,198995147
2016-11-30,199356470
2016-12-01,199651675
2016-12-02,200065574
2016-12-03,200420538
2016-12-04,200725518
2016-12-05,201085013
2016-12-06,201504109
2016-12-07,201899746
2016-12-08,202254031
2016-12-09,202589822
2016-12-10,202905377
2016-12-11,203195113
2016-12-12,203534731
2016-12-13,203894472
2016-12-14,204247628
2016-12-15,204595064
2016-12-16,204940433
2016-12-17,205240140
2016-12-18,205523485
2016-12-19,205871402
2016-12-20,206231747
2016-12-21,206624065
2016-12-22,207010432
2016-12-23,207381089
2016-12-24,207673813
2016-12-25,207904942
2016-12-26,208200668
2016-12-27,208560312
2016-12-28,208932862
2016-12-29,209305862
2016-12-30,209659034
2016-12-31,209964739
2017-01-01,210176230
2017-01-02,210525354
2017-01-03,210886882
2017-01-04,211279286
2017-01-05,211629495
2017-01-06,212028289
2017-01-07,212358731
2017-01-08,212662586
2017-01-09,212990463
2017-01-10,213362597
2017-01-11,213706196
2017-01-12,214047146
2017-01-13,214374504
2017-01-14,214669193
2017-01-15,214947644
2017-01-16,215272414
2017-01-17,215626417
2017-01-18,215979462
2017-01-19,216342854
2017-01-20,216704027
2017-01-21,217027288
2017-01-22,217313168
2017-01-23,217599507
2017-01-24,217964599
2017-01-25,218328940
2017-01-26,218698077
2017-01-27,219025046
2017-01-28,219338626
2017-01-29,219637605
2017-01-30,219944444
2017-01-31,220323536
2017-02-01,220753356
2017-02-02,221067475
2017-02-03,221476453
2017-02-04,221824301
2017-02-05,222179037
2017-02-06,222462445
2017-02-07,222872799
2017-02-08,223234302
2017-02-09,223644272
2017-02-10,223997281
2017-02-11,224309585
2017-02-12,224587623
2017-02-13,224928017
2017-02-14,225295153
2017-02-15,225638714
2017-02-16,225971207
2017-02-17,226349593
2017-02-18,226689403
2017-02-19,226994888
2017-02-20,227327956
2017-02-21,227660632
2017-02-22,227995802
2017-02-23,228384305
2017-02-24,228796317
2017-02-25,229167576
2017-02-26,229473108
2017-02-27,229805582
2017-02-28,230182924
2017-03-01,230551806
2017-03-02,230946454
2017-03-03,231354617
2017-03-04,231681486
2017-03-05,232028530
2017-03-06,232390048
2017-03-07,232795594
2017-03-08,233159518
2017-03-09,233538499
2017-03-10,233919451
2017-03-11,234270711
2017-03-12,234549766
2017-03-13,234890179
2017-03-14,235279759
2017-03-15,235643216
2017-03-16,236059709
2017-03-17,236420789
2017-03-18,236754359
2017-03-19,237092615
2017-03-20,237441938
2017-03-21,237814969
2017-03-22,238217345
2017-03-23,238583376
2017-03-24,238947487
2017-03-25,239275580
2017-03-26,239579536
2017-03-27,239886477
2017-03-28,240273077
2017-03-29,240644934
2017-03-30,241004439
2017-03-31,241348994
2017-04-01,241683318
2017-04-02,241999968
2017-04-03,242371331
2017-04-04,242715406
2017-04-05,243117213
2017-04-06,243499038
2017-04-07,243877026
2017-04-08,244184976
2017-04-09,244502080
2017-04-10,244876535
2017-04-11,245286937
2017-04-12,245669868
2017-04-13,245983950
2017-04-14,246372245
2017-04-15,246716970
2017-04-16,246995358
2017-04-17,247320039
2017-04-18,247711359
2017-04-19,248109646
2017-04-20,248461360
2017-04-21,248885466
2017-04-22,249234951
2017-04-23,249557484
2017-04-24,249862074
2017-04-25,250285963
2017-04-26,250725652
2017-04-27,251114285
2017-04-28,251521307
2017-04-29,251951854
2017-04-30,252303079
2017-05-01,252677055
2017-05-02,253105741
2017-05-03,253498005
2017-05-04,253967667
2017-05-05,254323778
2017-05-06,254797566
2017-05-07,255185925
2017-05-08,255657328
2017-05-09,256099565
2017-05-10,256504831
2017-05-11,256898712
2017-05-12,257313831
2017-05-13,257742681
2017-05-14,258226157
2017-05-15,258648903
2017-05-16,258961028
2017-05-17,259378065
2017-05-18,259767015
2017-05-19,260197276
2017-05-20,260675271
2017-05-21,261108312
2017-05-22,261548614
2017-05-23,262032692
2017-05-24,262479285
2017-05-25,262951512
2017-05-26,263420283
2017-05-27,263866464
2017-05-28,264261158
2017-05-29,264676445
2017-05-30,265133756
2017-05-31,265568531
2017-06-01,266004111
2017-06-02,266374457
2017-06-03,266780686
2017-06-04,267139496
2017-06-05,267545458
2017-06-06,267973894
2017-06-07,268452518
2017-06-08,268879612
2017-06-09,269282113
2017-06-10,269636683
2017-06-11,269952576
2017-06-12,270336450
2017-06-13,270759441
2017-06-14,271164233
2017-06-15,271571677
2017-06-16,271945959
2017-06-17,272275555
2017-06-18,272565264
2017-06-19,272944268
2017-06-20,273346162
2017-06-21,273759955
2017-06-22,274134683
2017-06-23,274486854
2017-06-24,274800759
2017-06-25,275050584
2017-06-26,275405850
2017-06-27,275768970
2017-06-28,276157289
2017-06-29,276489815
2017-06-30,276857791
2017-07-01,277158823
2017-07-02,277426488
2017-07-03,277773568
2017-07-04,278131152
2017-07-05,278456865
2017-07-06,278783143
2017-07-07,279169174
2017-07-08,279475787
2017-07-09,279740381
2017-07-10,280095801
2017-07-11,280464384
2017-07-12,280824762
2017-07-13,281174618
2017-07-14,281497175
2017-07-15,281801079
2017-07-16,282079703
2017-07-17,282413314
2017-07-18,282788641
2017-07-19,283153340
2017-07-20,283490057
2017-07-21,283869749
2017-07-22,284169406
2017-07-23,284419719
2017-07-24,284754203
2017-07-25,285101357
2017-07-26,285437470
2017-07-27,285755760
2017-07-28,286107977
2017-07-29,286400612
2017-07-30,286683461
2017-07-31,287038216
2017-08-01,287252371
2017-08-02,287557683
2017-08-03,287872771
2017-08-04,288206788
2017-08-05,288548670
2017-08-06,288838782
2017-08-07,289209205
2017-08-08,289612317
2017-08-09,290001228
2017-08-10,290388296
2017-08-11,290814580
2017-08-12,291185982
2017-08-13,291561793
2017-08-14,291949279
2017-08-15,292399526
2017-08-16,292801000
2017-08-17,293260661
2017-08-18,293661291
2017-08-19,294029048
2017-08-20,294334385
2017-08-21,294687908
2017-08-22,294988537
2017-08-23,295439638
2017-08-24,295748590
2017-08-25,296066823
2017-08-26,296403963
2017-08-27,296754162
2017-08-28,297092789
2017-08-29,297509168
2017-08-30,297909029
2017-08-31,298322497
2017-09-01,298735888
2017-09-02,299084283
2017-09-03,299371912
2017-09-04,299756656
2017-09-05,300162594
2017-09-06,300573197
2017-09-07,300949353
2017-09-08,301345073
2017-09-09,301657625
2017-09-10,301936627
2017-09-11,302303194
2017-09-12,302680781
2017-09-13,303058323
2017-09-14,303442859
2017-09-15,303864496
2017-09-16,304197340
2017-09-17,304488317
2017-09-18,304821891
2017-09-19,305231358
2017-09-20,305581564
2017-09-21,305952317
2017-09-22,306290105
2017-09-23,306581134
2017-09-24,306848008
2017-09-25,307186335
2017-09-26,307568556
2017-09-27,307945483
2017-09-28,308344617
2017-09-29,308716997
2017-09-30,309033162
2017-10-01,309329355
2017-10-02,309740944
2017-10-03,310150200
2017-10-04,310495678
2017-10-05,310885454
2017-10-06,311287184
2017-10-07,311637821
2017-10-08,311968159
2017-10-09,312377821
2017-10-10,312799803
2017-10-11,313219879
2017-10-12,313644460
2017-10-13,314093411
2017-10-14,314499305
2017-10-15,314895057
2017-10-16,315343672
2017-10-17,315819106
2017-10-18,316280531
2017-10-19,316767692
2017-10-20,317192692
2017-10-21,317616330
2017-10-22,317999794
2017-10-23,318456651
2017-10-24,318958934
2017-10-25,319405002
2017-10-26,319788383
2017-10-27,320158832
2017-10-28,320462212
2017-10-29,320922747
2017-10-30,321398226
2017-10-31,321827145
2017-11-01,322346000
2017-11-02,322860829
2017-11-03,323299891
2017-11-04,323731488
2017-11-05,324108578
2017-11-06,324526341
2017-11-07,325021833
2017-11-08,325474101
2017-11-09,325985322
2017-11-10,326405029
2017-11-11,326704754
2017-11-12,327010793
2017-11-13,327484638
2017-11-14,327900312
2017-11-15,328386293
2017-11-16,328846572
2017-11-17,329284222
2017-11-18,329695262
2017-11-19,330090908
2017-11-20,330589141
2017-11-21,331108710
2017-11-22,331571382
2017-11-23,332086452
2017-11-24,332537047
2017-11-25,333018717
2017-11-26,333519779
2017-11-27,334106433
2017-11-28,334684971
2017-11-29,335324058
2017-11-30,335913576
2017-12-01,336490441
2017-12-02,336957267
2017-12-03,337482179
2017-12-04,338095601
2017-12-05,338717331
2017-12-06,339415206
2017-12-07,340056233
2017-12-08,340713752
2017-12-09,341345509
2017-12-10,341869897
2017-12-11,342467698
2017-12-12,343077905
2017-12-13,343760084
2017-12-14,344560264
2017-12-15,345219615
2017-12-16,345798332
2017-12-17,346423413
2017-12-18,347070500
2017-12-19,347707329
2017-12-20,348315584
2017-12-21,348892174
2017-12-22,349505532
2017-12-23,349988481
2017-12-24,350406534
2017-12-25,350753932
2017-12-26,351145924
2017-12-27,351654124
2017-12-28,352150397
2017-12-29,352713531
2017-12-30,353262140
2017-12-31,353703286
2018-01-01,354079681
2018-01-02,354644463
2018-01-03,355294816
2018-01-04,356000318
2018-01-05,356593075
2018-01-06,357182785
2018-01-07,357803885
2018-01-08,358382276
2018-01-09,358999482
2018-01-10,359583062
2018-01-11,360134883
2018-01-12,360625369
2018-01-13,361058371
2018-01-14,361438881
2018-01-15,361887752
2018-01-16,362364774
2018-01-17,362866320
2018-01-18,363352712
2018-01-19,363731907
2018-01-20,364105467
2018-01-21,364428633
2018-01-22,364798048
2018-01-23,365149760
2018-01-24,365530249
2018-01-25,365882457
2018-01-26,366219352
2018-01-27,366605451
2018-01-28,366916089
2018-01-29,367258231
2018-01-30,367611051
2018-01-31,367924550
2018-02-01,368309563
2018-02-02,368660032
2018-02-03,368936648
2018-02-04,369184938
2018-02-05,369493226
2018-02-06,369851566
2018-02-07,370167090
2018-02-08,370424765
2018-02-09,370702172
2018-02-10,370976062
2018-02-11,371202925
2018-02-12,371489295
2018-02-13,371768538
2018-02-14,372063189
2018-02-15,372365490
2018-02-16,372644241
2018-02-17,372907287
2018-02-18,373149861
2018-02-19,373435293
2018-02-20,373741716
2018-02-21,374047846
2018-02-22,374325899
2018-02-23,374596429
2018-02-24,374819339
2018-02-25,375037743
2018-02-26,375315893
2018-02-27,375644263
2018-02-28,375917303
2018-03-01,376261398
2018-03-02,376561741
2018-03-03,376827137
2018-03-04,377071672
2018-03-05,377377934
2018-03-06,377673835
2018-03-07,377975926
2018-03-08,378258010
2018-03-09,378539983
2018-03-10,378767332
2018-03-11,378986704
2018-03-12,379255016
2018-03-13,379526892
2018-03-14,379804028
2018-03-15,380099682
2018-03-16,380370755
2018-03-17,380594412
2018-03-18,380832332
2018-03-19,381108271
2018-03-20,381392905
2018-03-21,381674205
2018-03-22,381944891
2018-03-23,382206194
2018-03-24,382437087
2018-03-25,382637595
2018-03-26,382909930
2018-03-27,383180570
2018-03-28,383438736
2018-03-29,383711835
2018-03-30,383973884
2018-03-31,384185116
2018-04-01,384380248
2018-04-02,384620631
2018-04-03,384906974
2018-04-04,385175366
2018-04-05,385438508
2018-04-06,385697756
2018-04-07,385913476
2018-04-08,386110269
2018-04-09,386361409
2018-04-10,386630566
2018-04-11,386894321
2018-04-12,387190227
2018-04-13,387504213
2018-04-14,387743376
2018-04-15,388008601
2018-04-16,388297531
2018-04-17,388596483
2018-04-18,388893085
2018-04-19,389207837
2018-04-20,389512342
2018-04-21,389795669
2018-04-22,390046546
2018-04-23,390359889
2018-04-24,390723140
2018-04-25,391034665
2018-04-26,391348462
2018-04-27,391653624
2018-04-28,391918835
2018-04-29,392175959
2018-04-30,392488775
2018-05-01,392808416
2018-05-02,393118386
2018-05-03,393453789
2018-05-04,393772454
2018-05-05,394064560
2018-05-06,394306313
2018-05-07,394602630
2018-05-08,394914118
2018-05-09,395217765
2018-05-10,395523770
2018-05-11,395826215
2018-05-12,396083381
2018-05-13,396314349
2018-05-14,396621879
2018-05-15,396937156
2018-05-16,397232481
2018-05-17,397507113
2018-05-18,397806240
2018-05-19,398050323
2018-05-20,398283382
2018-05-21,398575511
2018-05-22,398868211
2018-05-23,399178640
2018-05-24,399467992
2018-05-25,399746396
2018-05-26,399971787
2018-05-27,400179126
2018-05-28,400438700
2018-05-29,400726046
2018-05-30,401020748
2018-05-31,401323854
2018-06-01,401622469
2018-06-02,401870324
2018-06-03,402102321
2018-06-04,402398877
2018-06-05,402703128
2018-06-06,403000411
2018-06-07,403287960
2018-06-08,403572671
2018-06-09,403811378
2018-06-10,404052596
2018-06-11,404340363
2018-06-12,404636460
2018-06-13,404924731
2018-06-14,405213878
2018-06-15,405498020
2018-06-16,405719230
2018-06-17,405922325
2018-06-18,406202784
2018-06-19,406473511
2018-06-20,406756848
2018-06-21,407031429
2018-06-22,407309734
2018-06-23,407540027
2018-06-24,407753853
2018-06-25,408026415
2018-06-26,408296241
2018-06-27,408558229
2018-06-28,408817711
2018-06-29,409090977
2018-06-30,409332478
2018-07-01,409543730
2018-07-02,409817560
2018-07-03,410119698
2018-07-04,410405882
2018-07-05,410677940
2018-07-06,410959665
2018-07-07,411187581
2018-07-08,411408252
2018-07-09,411691266
2018-07-10,411985143
2018-07-11,412260742
2018-07-12,412530956
2018-07-13,412819105
2018-07-14,413056169
2018-07-15,413275627
2018-07-16,413562381
2018-07-17,413890369
2018-07-18,414220524
2018-07-19,414530794
2018-07-20,414837954
2018-07-21,415089142
2018-07-22,415324654
2018-07-23,415641916
2018-07-24,416002246
2018-07-25,416352873
2018-07-26,416673563
2018-07-27,416992964
2018-07-28,417253694
2018-07-29,417498989
2018-07-30,417817065
2018-07-31,418153307
2018-08-01,418484015
2018-08-02,418795953
2018-08-03,419105616
2018-08-04,419372442
2018-08-05,419605780
2018-08-06,419905929
2018-08-07,420226375
2018-08-08,420549729
2018-08-09,420853877
2018-08-10,421163252
2018-08-11,421418393
2018-08-12,421641639
2018-08-13,421945402
2018-08-14,422285139
2018-08-15,422626970
2018-08-16,422944666
2018-08-17,423265518
2018-08-18,423527508
2018-08-19,423772573
2018-08-20,424086340
2018-08-21,424389020
2018-08-22,424712106
2018-08-23,425009589
2018-08-24,425312934
2018-08-25,425584111
2018-08-26,425817252
2018-08-27,426126391
2018-08-28,426453127
2018-08-29,426790264
2018-08-30,427103305
2018-08-31,427428748
2018-09-01,427713442
2018-09-02,427965464
2018-09-03,428269926
2018-09-04,428590276
2018-09-05,428925784
2018-09-06,429260511
2018-09-07,429574892
2018-09-08,429850622
2018-09-09,430101256
2018-09-10,430402654
2018-09-11,430723637
2018-09-12,431035835
2018-09-13,431351783
2018-09-14,431649755
2018-09-15,431933890
2018-09-16,432176344
2018-09-17,432509529
2018-09-18,432847884
2018-09-19,433187332
2018-09-20,433534402
2018-09-21,433904837
2018-09-22,434212861
2018-09-23,434481748
2018-09-24,434802914
2018-09-25,435139761
2018-09-26,435464369
2018-09-27,435794883
2018-09-28,436138163
2018-09-29,436429273
2018-09-30,436703153
2018-10-01,437030955
2018-10-02,437365682
2018-10-03,437772914
2018-10-04,438128459
2018-10-05,438470914
2018-10-06,438776867
2018-10-07,439093177
2018-10-08,439420154
2018-10-09,439733041
2018-10-10,440060621
2018-10-11,440397557
2018-10-12,440718819
2018-10-13,440986713
2018-10-14,441237175
2018-10-15,441574897
2018-10-16,441911899
2018-10-17,442251190
2018-10-18,442579700
2018-10-19,442907221
2018-10-20,443199459
2018-10-21,443466573
2018-10-22,443798733
2018-10-23,444127078
2018-10-24,444453567
2018-10-25,444775126
2018-10-26,445098045
2018-10-27,445386927
2018-10-28,445655896
2018-10-29,445992247
2018-10-30,446339104
2018-10-31,446691515
2018-11-01,447036207
2018-11-02,447390872
2018-11-03,447698264
2018-11-04,447972721
2018-11-05,448342212
2018-11-06,448704036
2018-11-07,449065604
2018-11-08,449407667
2018-11-09,449759650
2018-11-10,450065882
2018-11-11,450350185
2018-11-12,450698774
2018-11-13,451035186
2018-11-14,451383664
2018-11-15,451724855
2018-11-16,452063879
2018-11-17,452347677
2018-11-18,452599977
2018-11-19,452905201
2018-11-20,453263260
2018-11-21,453572842
2018-11-22,453879428
2018-11-23,454172916
2018-11-24,454433242
2018-11-25,454690791
2018-11-26,454996224
2018-11-27,455302278
2018-11-28,455602002
2018-11-29,455908845
2018-11-30,456211804
2018-12-01,456482758
2018-12-02,456727973
2018-12-03,457014033
2018-12-04,457359836
2018-12-05,457658169
2018-12-06,457985920
2018-12-07,458295066
2018-12-08,458549733
2018-12-09,458794428
2018-12-10,459090717
2018-12-11,459386224
2018-12-12,459686299
2018-12-13,459987119
2018-12-14,460287512
2018-12-15,460559230
2018-12-16,460803511
2018-12-17,461124101
2018-12-18,461440875
2018-12-19,461778246
2018-12-20,462101009
2018-12-21,462420869
2018-12-22,462681776
2018-12-23,462926226
2018-12-24,463202091
2018-12-25,463430651
2018-12-26,463694793
2018-12-27,463988750
2018-12-28,464305223
2018-12-29,464597001
2018-12-30,464856068
2018-12-31,465120975
2019-01-01,465325537
2019-01-02,465612491
2019-01-03,465925016
2019-01-04,466225825
2019-01-05,466492385
2019-01-06,466756900
2019-01-07,467065582
2019-01-08,467390332
2019-01-09,467709028
2019-01-10,468037855
2019-01-11,468349097
2019-01-12,468623925
2019-01-13,468876688
2019-01-14,469193865
2019-01-15,469521493
2019-01-16,469873957
2019-01-17,470195902
2019-01-18,470523083
2019-01-19,470800625
2019-01-20,471064445
2019-01-21,471372150
2019-01-22,471684472
2019-01-23,472015211
2019-01-24,472344523
2019-01-25,472676284
2019-01-26,472993299
2019-01-27,473256690
2019-01-28,473586372
2019-01-29,473924928
2019-01-30,474249302
2019-01-31,474592392
2019-02-01,474929680
2019-02-02,475222989
2019-02-03,475495754
2019-02-04,475813887
2019-02-05,476174324
2019-02-06,476516875
2019-02-07,476852892
2019-02-08,477193745
2019-02-09,477486832
2019-02-10,477748883
2019-02-11,478068598
2019-02-12,478415273
2019-02-13,478805537
2019-02-14,479136643
2019-02-15,479454649
2019-02-16,479761813
2019-02-17,480030838
2019-02-18,480378222
2019-02-19,480757982
2019-02-20,481125284
2019-02-21,481465880
2019-02-22,481835334
2019-02-23,482141692
2019-02-24,482433811
2019-02-25,482776899
2019-02-26,483148703
2019-02-27,483510549
2019-02-28,483874774
2019-03-01,484232771
2019-03-02,484577430
2019-03-03,484869826
2019-03-04,485218872
2019-03-05,485591442
2019-03-06,485954697
2019-03-07,486312885
2019-03-08,486675110
2019-03-09,486998061
2019-03-10,487266298
2019-03-11,487652401
2019-03-12,488017516
2019-03-13,488376936
2019-03-14,488757000
2019-03-15,489128410
2019-03-16,489450514
2019-03-17,489731212
2019-03-18,490089249
2019-03-19,490469992
2019-03-20,490843715
2019-03-21,491214565
2019-03-22,491578423
2019-03-23,491888095
2019-03-24,492173945
2019-03-25,492534077
2019-03-26,492887277
2019-03-27,493283268
2019-03-28,493679721
2019-03-29,494063472
2019-03-30,494406776
2019-03-31,494721323
2019-04-01,495074166
2019-04-02,495530545
2019-04-03,495959100
2019-04-04,496372326
2019-04-05,496784306
2019-04-06,497113983
2019-04-07,497419200
2019-04-08,497816687
2019-04-09,498211456
2019-04-10,498617092
2019-04-11,499049981
2019-04-12,499428773
2019-04-13,499747434
2019-04-14,500042003
2019-04-15,500440321
2019-04-16,500824027
2019-04-17,501207100
2019-04-18,501587059
2019-04-19,501989757
2019-04-20,502305448
2019-04-21,502591990
2019-04-22,502927772
2019-04-23,503302469
2019-04-24,503740093
2019-04-25,504130461
2019-04-26,504514038
2019-04-27,504826307
2019-04-28,505128443
2019-04-29,505508350
2019-04-30,505912354
2019-05-01,506305715
2019-05-02,506708122
2019-05-03,507115655
2019-05-04,507465088
2019-05-05,507782004
2019-05-06,508172615
2019-05-07,508562649
2019-05-08,508997742
2019-05-09,509420758
2019-05-10,509822723
2019-05-11,510224800
2019-05-12,510604588
2019-05-13,511048601
2019-05-14,511504453
2019-05-15,511953764
2019-05-16,512405676
2019-05-17,512834172
2019-05-18,513234961
2019-05-19,513585516
2019-05-20,513994006
2019-05-21,514429583
2019-05-22,514853948
2019-05-23,515268917
2019-05-24,515670471
2019-05-25,516006487
2019-05-26,516323655
2019-05-27,516743091
2019-05-28,517184305
2019-05-29,517628488
2019-05-30,518040165
2019-05-31,518401455
2019-06-01,518782529
2019-06-02,519101955
2019-06-03,519451886
2019-06-04,519896197
2019-06-05,520306108
2019-06-06,520700051
2019-06-07,521084785
2019-06-08,521393503
2019-06-09,521673688
2019-06-10,522059858
2019-06-11,522457566
2019-06-12,522845272
2019-06-13,523282898
2019-06-14,523756937
2019-06-15,524163126
2019-06-16,524505375
2019-06-17,524900565
2019-06-18,525372134
2019-06-19,525814355
2019-06-20,526215052
2019-06-21,526633440
2019-06-22,527062018
2019-06-23,527458794
2019-06-24,527886286
2019-06-25,528331989
2019-06-26,528844433
2019-06-27,529300158
2019-06-28,529780579
2019-06-29,530152968
2019-06-30,530470106
2019-07-01,530863082
2019-07-02,531301238
2019-07-03,531727245
2019-07-04,532119059
2019-07-05,532495441
2019-07-06,532846979
2019-07-07,533131507
2019-07-08,533534187
2019-07-09,533941161
2019-07-10,534328166
2019-07-11,534701214
2019-07-12,535102206
2019-07-13,535404299
2019-07-14,535677046
2019-07-15,536049709
2019-07-16,536439246
2019-07-17,536806987
2019-07-18,537159255
2019-07-19,537516537
2019-07-20,537837288
2019-07-21,538098507
2019-07-22,538435808
2019-07-23,538790519
2019-07-24,539114122
2019-07-25,539500070
2019-07-26,539874380
2019-07-27,540168061
2019-07-28,540423017
2019-07-29,540768549
2019-07-30,541134799
2019-07-31,541519519
2019-08-01,541893329
2019-08-02,542265977
2019-08-03,542581310
2019-08-04,542860446
2019-08-05,543251607
2019-08-06,543671408
2019-08-07,544046737
2019-08-08,544434431
2019-08-09,544801909
2019-08-10,545101969
2019-08-11,545374959
2019-08-12,545674730
2019-08-13,546059049
2019-08-14,546427762
2019-08-15,546785339
2019-08-16,547127744
2019-08-17,547418176
2019-08-18,547687638
2019-08-19,548035308
2019-08-20,548392688
2019-08-21,548755157
2019-08-22,549120876
2019-08-23,549498655
2019-08-24,549797967
2019-08-25,550058823
2019-08-26,550421629
2019-08-27,550787998
2019-08-28,551141747
2019-08-29,551505954
2019-08-30,551862375
2019-08-31,552167827
2019-09-01,552445252
2019-09-02,552798828
2019-09-03,553206375
2019-09-04,553578359
2019-09-05,553954285
2019-09-06,554350580
2019-09-07,554670312
2019-09-08,554965452
2019-09-09,555326218
2019-09-10,555708200
2019-09-11,556089828
2019-09-12,556479748
2019-09-13,556846381
2019-09-14,557185393
2019-09-15,557469440
2019-09-16,557850850
2019-09-17,558241440
2019-09-18,558640871
2019-09-19,559015477
2019-09-20,559388805
2019-09-21,559729296
2019-09-22,560028270
2019-09-23,560381792
2019-09-24,560782124
2019-09-25,561158653
2019-09-26,561533907
2019-09-27,561880754
2019-09-28,562201476
2019-09-29,562495202
2019-09-30,562857084
2019-10-01,563246370
2019-10-02,563613333
2019-10-03,563972870
2019-10-04,564339204
2019-10-05,564666538
2019-10-06,564961993
2019-10-07,565329455
2019-10-08,565695269
2019-10-09,566052653
2019-10-10,566431187
2019-10-11,566802104
2019-10-12,567113581
2019-10-13,567400959
2019-10-14,567754183
2019-10-15,568119899
2019-10-16,568490786
2019-10-17,568854248
2019-10-18,569210824
2019-10-19,569552352
2019-10-20,569853347
2019-10-21,570231069
2019-10-22,570606600
2019-10-23,570977270
2019-10-24,571327527
2019-10-25,571717667
2019-10-26,572084718
2019-10-27,572381386
2019-10-28,572752822
2019-10-29,573117270
2019-10-30,573488356
2019-10-31,573832930
2019-11-01,574223388
2019-11-02,574548104
2019-11-03,574873135
2019-11-04,575255857
2019-11-05,575666693
2019-11-06,576046930
2019-11-07,576434607
2019-11-08,576807387
2019-11-09,577175339
2019-11-10,577471269
2019-11-11,577819097
2019-11-12,578159162
2019-11-13,578540879
2019-11-14,578911628
2019-11-15,579312764
2019-11-16,579655736
2019-11-17,579949890
2019-11-18,580302961
2019-11-19,580696369
2019-11-20,581057556
2019-11-21,581439287
2019-11-22,581823485
2019-11-23,582191266
2019-11-24,582494747
2019-11-25,582828108
2019-11-26,583235450
2019-11-27,583632587
2019-11-28,584004503
2019-11-29,584378296
2019-11-30,584715220
2019-12-01,585050640
2019-12-02,585439688
2019-12-03,585844934
2019-12-04,586240871
2019-12-05,586621691
2019-12-06,587003630
2019-12-07,587336742
2019-12-08,587644645
2019-12-09,588020526
2019-12-10,588411848
2019-12-11,588780115
2019-12-12,589162409
2019-12-13,589559068
2019-12-14,589895857
2019-12-15,590207218
2019-12-16,590594129
2019-12-17,590993303
2019-12-18,591385559
2019-12-19,591767441
2019-12-20,592156936
2019-12-21,592495337
2019-12-22,592800080
2019-12-23,593164731
2019-12-24,593511140
2019-12-25,593787206
2019-12-26,594122541
2019-12-27,594504948
2019-12-28,594845930
2019-12-29,595160915
2019-12-30,595545490
2019-12-31,595890165
2020-01-01,596160877
2020-01-02,596493484
2020-01-03,596868255
2020-01-04,597201939
2020-01-05,597523545
2020-01-06,597887329
2020-01-07,598293937
2020-01-08,598684116
2020-01-09,599073451
2020-01-10,599501671
2020-01-11,599865233
2020-01-12,600184171
2020-01-13,600538030
2020-01-14,600978936
2020-01-15,601387988
2020-01-16,601782936
2020-01-17,602186651
2020-01-18,602532556
2020-01-19,602874415
2020-01-20,603251139
2020-01-21,603640398
2020-01-22,604029549
2020-01-23,604412119
2020-01-24,604798498
2020-01-25,605130209
2020-01-26,605437497
2020-01-27,605792731
2020-01-28,606216206
2020-01-29,606628683
2020-01-30,607037103
2020-01-31,607447533
2020-02-01,607820766
2020-02-02,608183790
2020-02-03,608594863
2020-02-04,608993436
2020-02-05,609437775
2020-02-06,609828904
2020-02-07,610260228
2020-02-08,610634855
2020-02-09,610998272
2020-02-10,611366272
2020-02-11,611827763
2020-02-12,612262024
2020-02-13,612696514
2020-02-14,613097807
2020-02-15,613497870
2020-02-16,613833744
2020-02-17,614245308
2020-02-18,614653855
2020-02-19,615065160
2020-02-20,615463205
2020-02-21,615873032
2020-02-22,616251721
2020-02-23,616582886
2020-02-24,616982221
2020-02-25,617385497
2020-02-26,617795947
2020-02-27,618206943
2020-02-28,618646967
2020-02-29,619016107
2020-03-01,619382171
2020-03-02,619814107
2020-03-03,620239710
2020-03-04,620688559
2020-03-05,621120187
2020-03-06,621552455
2020-03-07,621927887
2020-03-08,622278381
2020-03-09,622699656
2020-03-10,623120092
2020-03-11,623489459
2020-03-12,623937439
2020-03-13,624311950
2020-03-14,624664556
2020-03-15,624951675
2020-03-16,625319338
2020-03-17,625696969
2020-03-18,626024192
2020-03-19,626387207
2020-03-20,626780246
2020-03-21,627110012
2020-03-22,627390483
2020-03-23,627742588
2020-03-24,628113908
2020-03-25,628426687
2020-03-26,628809997
2020-03-27,629182441
2020-03-28,629503657
2020-03-29,629804113
2020-03-30,630179254
2020-03-31,630564999
2020-04-01,630948376
2020-04-02,631350916
2020-04-03,631736122
2020-04-04,632068702
2020-04-05,632388921
2020-04-06,632777911
2020-04-07,633204078
2020-04-08,633594395
2020-04-09,633980490
2020-04-10,634371957
2020-04-11,634703857
2020-04-12,635016001
2020-04-13,635405923
2020-04-14,635828415
2020-04-15,636272572
2020-04-16,636735841
2020-04-17,637155807
2020-04-18,637557831
2020-04-19,637906556
2020-04-20,638349607
2020-04-21,638791572
2020-04-22,639205092
2020-04-23,639692075
2020-04-24,640158188
2020-04-25,640552672
2020-04-26,640912350
2020-04-27,641367076
2020-04-28,641835680
2020-04-29,642320084
2020-04-30,642811857
2020-05-01,643305745
2020-05-02,643715393
2020-05-03,644113100
2020-05-04,644580853
2020-05-05,645055324
2020-05-06,645539151
2020-05-07,646038322
2020-05-08,646519955
2020-05-09,646973185
2020-05-10,647376386
2020-05-11,647832720
2020-05-12,648336907
2020-05-13,648789110
2020-05-14,649218687
2020-05-15,649691031
2020-05-16,650118475
2020-05-17,650475068
2020-05-18,650900561
2020-05-19,651328767
2020-05-20,651765922
2020-05-21,652214027
2020-05-22,652633976
2020-05-23,653034659
2020-05-24,653367156
2020-05-25,653764504
2020-05-26,654210974
2020-05-27,654652211
2020-05-28,655103274
2020-05-29,655533392
2020-05-30,655933505
2020-05-31,656293838
2020-06-01,656743365
2020-06-02,657203084
2020-06-03,657673310
2020-06-04,658135157
2020-06-05,658607929
2020-06-06,659001921
2020-06-07,659358524
2020-06-08,659818147
2020-06-09,660290885
2020-06-10,660759675
2020-06-11,661252770
2020-06-12,661719690
2020-06-13,662107774
2020-06-14,662478097
2020-06-15,662917166
2020-06-16,663417147
2020-06-17,663910371
2020-06-18,664329282
2020-06-19,664832734
2020-06-20,665229905
2020-06-21,665577292
2020-06-22,666015455
2020-06-23,666535895
2020-06-24,666992627
2020-06-25,667454062
2020-06-26,667929903
2020-06-27,668320823
2020-06-28,668687609
2020-06-29,669145912
2020-06-30,669601451
2020-07-01,670162640
2020-07-02,670658185
2020-07-03,671144495
2020-07-04,671544175
2020-07-05,671915814
2020-07-06,672412136
2020-07-07,672926357
2020-07-08,673435912
2020-07-09,673956364
2020-07-10,674455097
2020-07-11,674883726
2020-07-12,675269397
2020-07-13,675733346
2020-07-14,676277042
2020-07-15,676765359
2020-07-16,677286249
2020-07-17,677745949
2020-07-18,678204793
2020-07-19,678604803
2020-07-20,679071393
2020-07-21,679551874
2020-07-22,680101512
2020-07-23,680615417
2020-07-24,681157860
2020-07-25,681596570
2020-07-26,682039326
2020-07-27,682534597
2020-07-28,683076342
2020-07-29,683595626
2020-07-30,684094316
2020-07-31,684629757
2020-08-01,685088485
2020-08-02,685532519
2020-08-03,686048047
2020-08-04,686562981
2020-08-05,687038385
2020-08-06,687593095
2020-08-07,688106046
2020-08-08,688550601
2020-08-09,688963072
2020-08-10,689452667
2020-08-11,689992808
2020-08-12,690523339
2020-08-13,691022748
2020-08-14,691577276
2020-08-15,692055714
2020-08-16,692471441
2020-08-17,692936901
2020-08-18,693477570
2020-08-19,693985076
2020-08-20,694497771
2020-08-21,694984414
2020-08-22,695449253
2020-08-23,695864910
2020-08-24,696351585
2020-08-25,696838216
2020-08-26,697336995
2020-08-27,697839502
2020-08-28,698357878
2020-08-29,698796057
2020-08-30,699194517
2020-08-31,699665241
2020-09-01,700233230
2020-09-02,700740682
2020-09-03,701230563
2020-09-04,701706969
2020-09-05,702180665
2020-09-06,702579175
2020-09-07,703057645
2020-09-08,703556527
2020-09-09,704041000
2020-09-10,704581259
2020-09-11,705070168
2020-09-12,705510600
2020-09-13,705899271
2020-09-14,706422051
2020-09-15,706939486
2020-09-16,707473716
2020-09-17,708009895
2020-09-18,708506156
2020-09-19,708957720
2020-09-20,709346398
2020-09-21,709804557
2020-09-22,710296832
2020-09-23,710818959
2020-09-24,711311505
2020-09-25,711847825
2020-09-26,712281158
2020-09-27,712674051
2020-09-28,713125209
2020-09-29,713661677
2020-09-30,714195763
2020-10-01,714689106
2020-10-02,715181437
2020-10-03,715648288
2020-10-04,716061504
2020-10-05,716519058
2020-10-06,717016295
2020-10-07,717562057
2020-10-08,718072551
2020-10-09,718587417
2020-10-10,719050707
2020-10-11,719449940
2020-10-12,719923050
2020-10-13,720453808
2020-10-14,720939001
2020-10-15,721472320
2020-10-16,721983086
2020-10-17,722411399
2020-10-18,722784943
2020-10-19,723274751
2020-10-20,723794739
2020-10-21,724285391
2020-10-22,724824721
2020-10-23,725335890
2020-10-24,725814297
2020-10-25,726216550
2020-10-26,726634596
2020-10-27,727068474
2020-10-28,727509737
2020-10-29,727973662
2020-10-30,728413781
2020-10-31,728855463
2020-11-01,729280796
2020-11-02,729662935
2020-11-03,730192007
2020-11-04,730701279
