t,transactions_count
2010-01-01,2
2010-01-02,0
2010-01-03,0
2010-01-04,2
2010-01-05,0
2010-01-06,0
2010-01-07,0
2010-01-08,0
2010-01-09,0
2010-01-10,0
2010-01-11,0
2010-01-12,2
2010-01-13,2
2010-01-14,2
2010-01-15,1
2010-01-16,1
2010-01-17,0
2010-01-18,1
2010-01-19,0
2010-01-20,0
2010-01-21,9
2010-01-22,3
2010-01-23,2
2010-01-24,1
2010-01-25,4
2010-01-26,6
2010-01-27,2
2010-01-28,2
2010-01-29,4
2010-01-30,4
2010-01-31,2
2010-02-01,9
2010-02-02,1
2010-02-03,2
2010-02-04,5
2010-02-05,4
2010-02-06,14
2010-02-07,5
2010-02-08,8
2010-02-09,3
2010-02-10,5
2010-02-11,5
2010-02-12,5
2010-02-13,3
2010-02-14,11
2010-02-15,9
2010-02-16,6
2010-02-17,11
2010-02-18,7
2010-02-19,3
2010-02-20,2
2010-02-21,4
2010-02-22,5
2010-02-23,1
2010-02-24,6
2010-02-25,4
2010-02-26,4
2010-02-27,3
2010-02-28,3
2010-03-01,4
2010-03-02,5
2010-03-03,6
2010-03-04,3
2010-03-05,2
2010-03-06,6
2010-03-07,4
2010-03-08,5
2010-03-09,2
2010-03-10,7
2010-03-11,3
2010-03-12,2
2010-03-13,1
2010-03-14,2
2010-03-15,5
2010-03-16,3
2010-03-17,3
2010-03-18,9
2010-03-19,9
2010-03-20,12
2010-03-21,7
2010-03-22,7
2010-03-23,13
2010-03-24,11
2010-03-25,15
2010-03-26,16
2010-03-27,6
2010-03-28,6
2010-03-29,12
2010-03-30,6
2010-03-31,5
2010-04-01,11
2010-04-02,5
2010-04-03,5
2010-04-04,12
2010-04-05,28
2010-04-06,15
2010-04-07,11
2010-04-08,12
2010-04-09,35
2010-04-10,38
2010-04-11,42
2010-04-12,44
2010-04-13,20
2010-04-14,43
2010-04-15,74
2010-04-16,32
2010-04-17,29
2010-04-18,3106
2010-04-19,44
2010-04-20,38
2010-04-21,32
2010-04-22,40
2010-04-23,50
2010-04-24,34
2010-04-25,47
2010-04-26,47
2010-04-27,53
2010-04-28,47
2010-04-29,33
2010-04-30,26
2010-05-01,27
2010-05-02,25
2010-05-03,29
2010-05-04,41
2010-05-05,25
2010-05-06,28
2010-05-07,26
2010-05-08,28
2010-05-09,40
2010-05-10,29
2010-05-11,19
2010-05-12,32
2010-05-13,39
2010-05-14,30
2010-05-15,22
2010-05-16,20
2010-05-17,35
2010-05-18,55
2010-05-19,43
2010-05-20,34
2010-05-21,59
2010-05-22,31
2010-05-23,98
2010-05-24,62
2010-05-25,44
2010-05-26,64
2010-05-27,75
2010-05-28,54
2010-05-29,55
2010-05-30,51
2010-05-31,52
2010-06-01,48
2010-06-02,47
2010-06-03,83
2010-06-04,48
2010-06-05,45
2010-06-06,52
2010-06-07,52
2010-06-08,63
2010-06-09,52
2010-06-10,57
2010-06-11,79
2010-06-12,78
2010-06-13,67
2010-06-14,96
2010-06-15,85
2010-06-16,50
2010-06-17,58
2010-06-18,43
2010-06-19,64
2010-06-20,43
2010-06-21,88
2010-06-22,71
2010-06-23,70
2010-06-24,71
2010-06-25,60
2010-06-26,42
2010-06-27,56
2010-06-28,78
2010-06-29,95
2010-06-30,91
2010-07-01,73
2010-07-02,74
2010-07-03,74
2010-07-04,58
2010-07-05,73
2010-07-06,39
2010-07-07,62
2010-07-08,72
2010-07-09,69
2010-07-10,42
2010-07-11,174
2010-07-12,1641
2010-07-13,787
2010-07-14,5554
2010-07-15,706
2010-07-16,676
2010-07-17,235
2010-07-18,248
2010-07-19,354
2010-07-20,413
2010-07-21,256
2010-07-22,221
2010-07-23,217
2010-07-24,705
2010-07-25,1592
2010-07-26,224
2010-07-27,260
2010-07-28,1792
2010-07-29,1687
2010-07-30,143
2010-07-31,92
2010-08-01,125
2010-08-02,156
2010-08-03,421
2010-08-04,196
2010-08-05,297
2010-08-06,212
2010-08-07,118
2010-08-08,192
2010-08-09,234
2010-08-10,149
2010-08-11,179
2010-08-12,175
2010-08-13,301
2010-08-14,153
2010-08-15,108
2010-08-16,306
2010-08-17,189
2010-08-18,244
2010-08-19,190
2010-08-20,230
2010-08-21,169
2010-08-22,154
2010-08-23,156
2010-08-24,164
2010-08-25,149
2010-08-26,158
2010-08-27,123
2010-08-28,169
2010-08-29,98
2010-08-30,180
2010-08-31,257
2010-09-01,223
2010-09-02,165
2010-09-03,155
2010-09-04,93
2010-09-05,146
2010-09-06,120
2010-09-07,122
2010-09-08,174
2010-09-09,189
2010-09-10,183
2010-09-11,145
2010-09-12,202
2010-09-13,265
2010-09-14,221
2010-09-15,261
2010-09-16,219
2010-09-17,153
2010-09-18,162
2010-09-19,146
2010-09-20,262
2010-09-21,638
2010-09-22,499
2010-09-23,421
2010-09-24,273
2010-09-25,325
2010-09-26,195
2010-09-27,374
2010-09-28,279
2010-09-29,811
2010-09-30,219
2010-10-01,430
2010-10-02,401
2010-10-03,255
2010-10-04,254
2010-10-05,245
2010-10-06,236
2010-10-07,180
2010-10-08,209
2010-10-09,243
2010-10-10,185
2010-10-11,183
2010-10-12,197
2010-10-13,188
2010-10-14,162
2010-10-15,151
2010-10-16,183
2010-10-17,187
2010-10-18,330
2010-10-19,668
2010-10-20,449
2010-10-21,366
2010-10-22,448
2010-10-23,342
2010-10-24,347
2010-10-25,207
2010-10-26,277
2010-10-27,355
2010-10-28,267
2010-10-29,244
2010-10-30,174
2010-10-31,128
2010-11-01,174
2010-11-02,110
2010-11-03,157
2010-11-04,141
2010-11-05,223
2010-11-06,176
2010-11-07,210
2010-11-08,240
2010-11-09,192
2010-11-10,194
2010-11-11,176
2010-11-12,117
2010-11-13,120
2010-11-14,160
2010-11-15,4671
2010-11-16,8908
2010-11-17,188
2010-11-18,1237
2010-11-19,9482
2010-11-20,9615
2010-11-21,9904
2010-11-22,180
2010-11-23,201
2010-11-24,3759
2010-11-25,4802
2010-11-26,1120
2010-11-27,265
2010-11-28,282
2010-11-29,245
2010-11-30,252
2010-12-01,324
2010-12-02,272
2010-12-03,195
2010-12-04,189
2010-12-05,195
2010-12-06,224
2010-12-07,334
2010-12-08,285
2010-12-09,263
2010-12-10,226
2010-12-11,375
2010-12-12,472
2010-12-13,505
2010-12-14,482
2010-12-15,446
2010-12-16,358
2010-12-17,296
2010-12-18,338
2010-12-19,367
2010-12-20,773
2010-12-21,434
2010-12-22,502
2010-12-23,374
2010-12-24,383
2010-12-25,466
2010-12-26,439
2010-12-27,360
2010-12-28,492
2010-12-29,348
2010-12-30,424
2010-12-31,393
2011-01-01,478
2011-01-02,394
2011-01-03,972
2011-01-04,838
2011-01-05,1156
2011-01-06,553
2011-01-07,856
2011-01-08,1266
2011-01-09,1060
2011-01-10,1150
2011-01-11,1190
2011-01-12,995
2011-01-13,1078
2011-01-14,1081
2011-01-15,805
2011-01-16,757
2011-01-17,649
2011-01-18,677
2011-01-19,748
2011-01-20,738
2011-01-21,992
2011-01-22,1257
2011-01-23,911
2011-01-24,1131
2011-01-25,733
2011-01-26,825
2011-01-27,681
2011-01-28,923
2011-01-29,1186
2011-01-30,2436
2011-01-31,1223
2011-02-01,849
2011-02-02,738
2011-02-03,629
2011-02-04,760
2011-02-05,653
2011-02-06,732
2011-02-07,689
2011-02-08,678
2011-02-09,1035
2011-02-10,1848
2011-02-11,2169
2011-02-12,1716
2011-02-13,1624
2011-02-14,1810
2011-02-15,1999
2011-02-16,1858
2011-02-17,2019
2011-02-18,1844
2011-02-19,1422
2011-02-20,1741
2011-02-21,1776
2011-02-22,1985
2011-02-23,2020
2011-02-24,1902
2011-02-25,1835
2011-02-26,1676
2011-02-27,2025
2011-02-28,1570
2011-03-01,2599
2011-03-02,1841
2011-03-03,3018
2011-03-04,1761
2011-03-05,1771
2011-03-06,1757
2011-03-07,1715
2011-03-08,2253
2011-03-09,1674
2011-03-10,1551
2011-03-11,1754
2011-03-12,2816
2011-03-13,2594
2011-03-14,2531
2011-03-15,2742
2011-03-16,3047
2011-03-17,3226
2011-03-18,2251
2011-03-19,3074
2011-03-20,3939
2011-03-21,5707
2011-03-22,2119
2011-03-23,4413
2011-03-24,2012
2011-03-25,1826
2011-03-26,3197
2011-03-27,2320
2011-03-28,2763
2011-03-29,2555
2011-03-30,1600
2011-03-31,1894
2011-04-01,1403
2011-04-02,1592
2011-04-03,1630
2011-04-04,2131
2011-04-05,1925
2011-04-06,1716
2011-04-07,1530
2011-04-08,1601
2011-04-09,1577
2011-04-10,1571
2011-04-11,1780
2011-04-12,1914
2011-04-13,2177
2011-04-14,2721
2011-04-15,1882
2011-04-16,1981
2011-04-17,2077
2011-04-18,2887
2011-04-19,3444
2011-04-20,2825
2011-04-21,1768
2011-04-22,1921
2011-04-23,2138
2011-04-24,2111
2011-04-25,2400
2011-04-26,3260
2011-04-27,4397
2011-04-28,2871
2011-04-29,3334
2011-04-30,4284
2011-05-01,3770
2011-05-02,2898
2011-05-03,2739
2011-05-04,2603
2011-05-05,3245
2011-05-06,3072
2011-05-07,3673
2011-05-08,2679
2011-05-09,3277
2011-05-10,2968
2011-05-11,2899
2011-05-12,3192
2011-05-13,3857
2011-05-14,4172
2011-05-15,3550
2011-05-16,4102
2011-05-17,4207
2011-05-18,5293
2011-05-19,4492
2011-05-20,4575
2011-05-21,4744
2011-05-22,5030
2011-05-23,5459
2011-05-24,5566
2011-05-25,5951
2011-05-26,6671
2011-05-27,4686
2011-05-28,4858
2011-05-29,4573
2011-05-30,5183
2011-05-31,5913
2011-06-01,6352
2011-06-02,6946
2011-06-03,8239
2011-06-04,8587
2011-06-05,8384
2011-06-06,9470
2011-06-07,8832
2011-06-08,11630
2011-06-09,11954
2011-06-10,11046
2011-06-11,10645
2011-06-12,12207
2011-06-13,11019
2011-06-14,13911
2011-06-15,12326
2011-06-16,12566
2011-06-17,11110
2011-06-18,11366
2011-06-19,11249
2011-06-20,10991
2011-06-21,9451
2011-06-22,11259
2011-06-23,10178
2011-06-24,10706
2011-06-25,9550
2011-06-26,9836
2011-06-27,11582
2011-06-28,10559
2011-06-29,9830
2011-06-30,9445
2011-07-01,10430
2011-07-02,7849
2011-07-03,8199
2011-07-04,9434
2011-07-05,8826
2011-07-06,10362
2011-07-07,9049
2011-07-08,8363
2011-07-09,7702
2011-07-10,8255
2011-07-11,10366
2011-07-12,8006
2011-07-13,9002
2011-07-14,8572
2011-07-15,7836
2011-07-16,8719
2011-07-17,8209
2011-07-18,8806
2011-07-19,9043
2011-07-20,8714
2011-07-21,8011
2011-07-22,8840
2011-07-23,7269
2011-07-24,8053
2011-07-25,9320
2011-07-26,8194
2011-07-27,7821
2011-07-28,7964
2011-07-29,7151
2011-07-30,6057
2011-07-31,7924
2011-08-01,8030
2011-08-02,8663
2011-08-03,7580
2011-08-04,8178
2011-08-05,7220
2011-08-06,6712
2011-08-07,6584
2011-08-08,7131
2011-08-09,9073
2011-08-10,8183
2011-08-11,7459
2011-08-12,7034
2011-08-13,7268
2011-08-14,7339
2011-08-15,8250
2011-08-16,9493
2011-08-17,7586
2011-08-18,7271
2011-08-19,7483
2011-08-20,7039
2011-08-21,7507
2011-08-22,7646
2011-08-23,7122
2011-08-24,7233
2011-08-25,7106
2011-08-26,7274
2011-08-27,6239
2011-08-28,5473
2011-08-29,7956
2011-08-30,7658
2011-08-31,7137
2011-09-01,7074
2011-09-02,6870
2011-09-03,5780
2011-09-04,7124
2011-09-05,6883
2011-09-06,7679
2011-09-07,6954
2011-09-08,6368
2011-09-09,7222
2011-09-10,5860
2011-09-11,6318
2011-09-12,6442
2011-09-13,6377
2011-09-14,6054
2011-09-15,6318
2011-09-16,6090
2011-09-17,5320
2011-09-18,5828
2011-09-19,6526
2011-09-20,8005
2011-09-21,7538
2011-09-22,5991
2011-09-23,6195
2011-09-24,5599
2011-09-25,5585
2011-09-26,5505
2011-09-27,5968
2011-09-28,5870
2011-09-29,5464
2011-09-30,5743
2011-10-01,5231
2011-10-02,4914
2011-10-03,6376
2011-10-04,5697
2011-10-05,5626
2011-10-06,5784
2011-10-07,5536
2011-10-08,5283
2011-10-09,5330
2011-10-10,5759
2011-10-11,5837
2011-10-12,5829
2011-10-13,4887
2011-10-14,5972
2011-10-15,5445
2011-10-16,4862
2011-10-17,5663
2011-10-18,4743
2011-10-19,4997
2011-10-20,4534
2011-10-21,5085
2011-10-22,5016
2011-10-23,5500
2011-10-24,5807
2011-10-25,5097
2011-10-26,5155
2011-10-27,4577
2011-10-28,5013
2011-10-29,5483
2011-10-30,4869
2011-10-31,5051
2011-11-01,5627
2011-11-02,5837
2011-11-03,6128
2011-11-04,6393
2011-11-05,5782
2011-11-06,4890
2011-11-07,5364
2011-11-08,5845
2011-11-09,6287
2011-11-10,6400
2011-11-11,4974
2011-11-12,4984
2011-11-13,5230
2011-11-14,5765
2011-11-15,5941
2011-11-16,5913
2011-11-17,4820
2011-11-18,5036
2011-11-19,4601
2011-11-20,4982
2011-11-21,4652
2011-11-22,5351
2011-11-23,5464
2011-11-24,4905
2011-11-25,5351
2011-11-26,4632
2011-11-27,4947
2011-11-28,5803
2011-11-29,6276
2011-11-30,6695
2011-12-01,6170
2011-12-02,6172
2011-12-03,5479
2011-12-04,5249
2011-12-05,6079
2011-12-06,7807
2011-12-07,5997
2011-12-08,5656
2011-12-09,5441
2011-12-10,5534
2011-12-11,5109
2011-12-12,4735
2011-12-13,5274
2011-12-14,5539
2011-12-15,4738
2011-12-16,5046
2011-12-17,4843
2011-12-18,4488
2011-12-19,5685
2011-12-20,6161
2011-12-21,5428
2011-12-22,5711
2011-12-23,5540
2011-12-24,4513
2011-12-25,5112
2011-12-26,5464
2011-12-27,5066
2011-12-28,4845
2011-12-29,5074
2011-12-30,4909
2011-12-31,4986
2012-01-01,4848
2012-01-02,5259
2012-01-03,5614
2012-01-04,5582
2012-01-05,6847
2012-01-06,6473
2012-01-07,5721
2012-01-08,6241
2012-01-09,5948
2012-01-10,6536
2012-01-11,6986
2012-01-12,6541
2012-01-13,6707
2012-01-14,6657
2012-01-15,6173
2012-01-16,6799
2012-01-17,6595
2012-01-18,6519
2012-01-19,6752
2012-01-20,6635
2012-01-21,6202
2012-01-22,5189
2012-01-23,5930
2012-01-24,7129
2012-01-25,7813
2012-01-26,6460
2012-01-27,6196
2012-01-28,5765
2012-01-29,6259
2012-01-30,5981
2012-01-31,6775
2012-02-01,6361
2012-02-02,7005
2012-02-03,6892
2012-02-04,7080
2012-02-05,6632
2012-02-06,5990
2012-02-07,6875
2012-02-08,6879
2012-02-09,7343
2012-02-10,8318
2012-02-11,7529
2012-02-12,6872
2012-02-13,7855
2012-02-14,9351
2012-02-15,9203
2012-02-16,9399
2012-02-17,6626
2012-02-18,6345
2012-02-19,5800
2012-02-20,6199
2012-02-21,6291
2012-02-22,7035
2012-02-23,7848
2012-02-24,6781
2012-02-25,6141
2012-02-26,5671
2012-02-27,6581
2012-02-28,6565
2012-02-29,6540
2012-03-01,6660
2012-03-02,7511
2012-03-03,5074
2012-03-04,6454
2012-03-05,6834
2012-03-06,6231
2012-03-07,6481
2012-03-08,6481
2012-03-09,6334
2012-03-10,5205
2012-03-11,5089
2012-03-12,5975
2012-03-13,7235
2012-03-14,6758
2012-03-15,6163
2012-03-16,6782
2012-03-17,6706
2012-03-18,5879
2012-03-19,6509
2012-03-20,6674
2012-03-21,6842
2012-03-22,6429
2012-03-23,6030
2012-03-24,6191
2012-03-25,6055
2012-03-26,6468
2012-03-27,6510
2012-03-28,7089
2012-03-29,7377
2012-03-30,6674
2012-03-31,6022
2012-04-01,5421
2012-04-02,6356
2012-04-03,7606
2012-04-04,7006
2012-04-05,6911
2012-04-06,6563
2012-04-07,5951
2012-04-08,5765
2012-04-09,6471
2012-04-10,8321
2012-04-11,7717
2012-04-12,8163
2012-04-13,6918
2012-04-14,7888
2012-04-15,7264
2012-04-16,8427
2012-04-17,7670
2012-04-18,8450
2012-04-19,7743
2012-04-20,8131
2012-04-21,7047
2012-04-22,6214
2012-04-23,6969
2012-04-24,7522
2012-04-25,7430
2012-04-26,9944
2012-04-27,7060
2012-04-28,7275
2012-04-29,7550
2012-04-30,9234
2012-05-01,10038
2012-05-02,9828
2012-05-03,13845
2012-05-04,13937
2012-05-05,12831
2012-05-06,10986
2012-05-07,18077
2012-05-08,17543
2012-05-09,17079
2012-05-10,11653
2012-05-11,18918
2012-05-12,18198
2012-05-13,14597
2012-05-14,28210
2012-05-15,22105
2012-05-16,17957
2012-05-17,16819
2012-05-18,24336
2012-05-19,35255
2012-05-20,31322
2012-05-21,31478
2012-05-22,23365
2012-05-23,27302
2012-05-24,26464
2012-05-25,28878
2012-05-26,23137
2012-05-27,26288
2012-05-28,29746
2012-05-29,29690
2012-05-30,25449
2012-05-31,20875
2012-06-01,26917
2012-06-02,12640
2012-06-03,33448
2012-06-04,45783
2012-06-05,44217
2012-06-06,15784
2012-06-07,33064
2012-06-08,23756
2012-06-09,32879
2012-06-10,40555
2012-06-11,32391
2012-06-12,18087
2012-06-13,56644
2012-06-14,61782
2012-06-15,54827
2012-06-16,43126
2012-06-17,43745
2012-06-18,38896
2012-06-19,35815
2012-06-20,32101
2012-06-21,26646
2012-06-22,23427
2012-06-23,22139
2012-06-24,22261
2012-06-25,28559
2012-06-26,30086
2012-06-27,30712
2012-06-28,26385
2012-06-29,22731
2012-06-30,22486
2012-07-01,19134
2012-07-02,24995
2012-07-03,22507
2012-07-04,23014
2012-07-05,21499
2012-07-06,23761
2012-07-07,25449
2012-07-08,20646
2012-07-09,24966
2012-07-10,34930
2012-07-11,31116
2012-07-12,24153
2012-07-13,24393
2012-07-14,22626
2012-07-15,26205
2012-07-16,31229
2012-07-17,35029
2012-07-18,32433
2012-07-19,30900
2012-07-20,36646
2012-07-21,34452
2012-07-22,34705
2012-07-23,32557
2012-07-24,28208
2012-07-25,27167
2012-07-26,30538
2012-07-27,26977
2012-07-28,35077
2012-07-29,34317
2012-07-30,34219
2012-07-31,41377
2012-08-01,30404
2012-08-02,33046
2012-08-03,27618
2012-08-04,28854
2012-08-05,33144
2012-08-06,35260
2012-08-07,29439
2012-08-08,40002
2012-08-09,29772
2012-08-10,28219
2012-08-11,32971
2012-08-12,34477
2012-08-13,48712
2012-08-14,34349
2012-08-15,52802
2012-08-16,46323
2012-08-17,40416
2012-08-18,37011
2012-08-19,36769
2012-08-20,35663
2012-08-21,42242
2012-08-22,37718
2012-08-23,31653
2012-08-24,32127
2012-08-25,33301
2012-08-26,29341
2012-08-27,32951
2012-08-28,29687
2012-08-29,34041
2012-08-30,33760
2012-08-31,40484
2012-09-01,40613
2012-09-02,33424
2012-09-03,38081
2012-09-04,39793
2012-09-05,40955
2012-09-06,42619
2012-09-07,33315
2012-09-08,31028
2012-09-09,31305
2012-09-10,33482
2012-09-11,38080
2012-09-12,27941
2012-09-13,28895
2012-09-14,35956
2012-09-15,27104
2012-09-16,28254
2012-09-17,24278
2012-09-18,32654
2012-09-19,32090
2012-09-20,31130
2012-09-21,30178
2012-09-22,21857
2012-09-23,27841
2012-09-24,29037
2012-09-25,24038
2012-09-26,32273
2012-09-27,28186
2012-09-28,32610
2012-09-29,23824
2012-09-30,20509
2012-10-01,24596
2012-10-02,32732
2012-10-03,26536
2012-10-04,32484
2012-10-05,36235
2012-10-06,32517
2012-10-07,34601
2012-10-08,38033
2012-10-09,35308
2012-10-10,31077
2012-10-11,27546
2012-10-12,28544
2012-10-13,32942
2012-10-14,27287
2012-10-15,30829
2012-10-16,34378
2012-10-17,31671
2012-10-18,28100
2012-10-19,25218
2012-10-20,30284
2012-10-21,40672
2012-10-22,42997
2012-10-23,31901
2012-10-24,32032
2012-10-25,26855
2012-10-26,21762
2012-10-27,16138
2012-10-28,17799
2012-10-29,21342
2012-10-30,30604
2012-10-31,27611
2012-11-01,23501
2012-11-02,28847
2012-11-03,23753
2012-11-04,24147
2012-11-05,32024
2012-11-06,31851
2012-11-07,36323
2012-11-08,32261
2012-11-09,25005
2012-11-10,26965
2012-11-11,23408
2012-11-12,23771
2012-11-13,26991
2012-11-14,29758
2012-11-15,37468
2012-11-16,39301
2012-11-17,32398
2012-11-18,33990
2012-11-19,36777
2012-11-20,36711
2012-11-21,38914
2012-11-22,30756
2012-11-23,32184
2012-11-24,29567
2012-11-25,36590
2012-11-26,35741
2012-11-27,27484
2012-11-28,37084
2012-11-29,37257
2012-11-30,29633
2012-12-01,33325
2012-12-02,20463
2012-12-03,21512
2012-12-04,32244
2012-12-05,33622
2012-12-06,37026
2012-12-07,32016
2012-12-08,33036
2012-12-09,31933
2012-12-10,36078
2012-12-11,36635
2012-12-12,36606
2012-12-13,42384
2012-12-14,38908
2012-12-15,32249
2012-12-16,35365
2012-12-17,40906
2012-12-18,49687
2012-12-19,44623
2012-12-20,35816
2012-12-21,44454
2012-12-22,51105
2012-12-23,36616
2012-12-24,35979
2012-12-25,28619
2012-12-26,36432
2012-12-27,43631
2012-12-28,46936
2012-12-29,37966
2012-12-30,45281
2012-12-31,29906
2013-01-01,31734
2013-01-02,39280
2013-01-03,42147
2013-01-04,48436
2013-01-05,39455
2013-01-06,32881
2013-01-07,40120
2013-01-08,38491
2013-01-09,43060
2013-01-10,52392
2013-01-11,52632
2013-01-12,45549
2013-01-13,49308
2013-01-14,44403
2013-01-15,44901
2013-01-16,53498
2013-01-17,47989
2013-01-18,49018
2013-01-19,56016
2013-01-20,41241
2013-01-21,40309
2013-01-22,43608
2013-01-23,46552
2013-01-24,46065
2013-01-25,48374
2013-01-26,52210
2013-01-27,55262
2013-01-28,52033
2013-01-29,51545
2013-01-30,41066
2013-01-31,51440
2013-02-01,59235
2013-02-02,54312
2013-02-03,60978
2013-02-04,54841
2013-02-05,53253
2013-02-06,42409
2013-02-07,61083
2013-02-08,60770
2013-02-09,57607
2013-02-10,56282
2013-02-11,57435
2013-02-12,58412
2013-02-13,58919
2013-02-14,50777
2013-02-15,55468
2013-02-16,51244
2013-02-17,49447
2013-02-18,50213
2013-02-19,54360
2013-02-20,59555
2013-02-21,55740
2013-02-22,62001
2013-02-23,57722
2013-02-24,57008
2013-02-25,66940
2013-02-26,63272
2013-02-27,60756
2013-02-28,62853
2013-03-01,64383
2013-03-02,55680
2013-03-03,54298
2013-03-04,63865
2013-03-05,56729
2013-03-06,62605
2013-03-07,66610
2013-03-08,55697
2013-03-09,55377
2013-03-10,73661
2013-03-11,59125
2013-03-12,48349
2013-03-13,56533
2013-03-14,57890
2013-03-15,62604
2013-03-16,34012
2013-03-17,35139
2013-03-18,43295
2013-03-19,45938
2013-03-20,46065
2013-03-21,55346
2013-03-22,60355
2013-03-23,52697
2013-03-24,51146
2013-03-25,48849
2013-03-26,48910
2013-03-27,53076
2013-03-28,60806
2013-03-29,62085
2013-03-30,59023
2013-03-31,43817
2013-04-01,52572
2013-04-02,63095
2013-04-03,63766
2013-04-04,66738
2013-04-05,61215
2013-04-06,51555
2013-04-07,63377
2013-04-08,61525
2013-04-09,66803
2013-04-10,63690
2013-04-11,68247
2013-04-12,58517
2013-04-13,53350
2013-04-14,55318
2013-04-15,54332
2013-04-16,67608
2013-04-17,56535
2013-04-18,46484
2013-04-19,59391
2013-04-20,48148
2013-04-21,44048
2013-04-22,47041
2013-04-23,61500
2013-04-24,64861
2013-04-25,62394
2013-04-26,55093
2013-04-27,44222
2013-04-28,41702
2013-04-29,51602
2013-04-30,47450
2013-05-01,55176
2013-05-02,55295
2013-05-03,51275
2013-05-04,50102
2013-05-05,50167
2013-05-06,53174
2013-05-07,56567
2013-05-08,50274
2013-05-09,66610
2013-05-10,67709
2013-05-11,73220
2013-05-12,65260
2013-05-13,60824
2013-05-14,66316
2013-05-15,64030
2013-05-16,61010
2013-05-17,58570
2013-05-18,52066
2013-05-19,47664
2013-05-20,48692
2013-05-21,53791
2013-05-22,51834
2013-05-23,59615
2013-05-24,55232
2013-05-25,51115
2013-05-26,40559
2013-05-27,52582
2013-05-28,56912
2013-05-29,54892
2013-05-30,57247
2013-05-31,54171
2013-06-01,54098
2013-06-02,49748
2013-06-03,55661
2013-06-04,57409
2013-06-05,56376
2013-06-06,54457
2013-06-07,52027
2013-06-08,48037
2013-06-09,44312
2013-06-10,44826
2013-06-11,49483
2013-06-12,45704
2013-06-13,43007
2013-06-14,49992
2013-06-15,35653
2013-06-16,42781
2013-06-17,45798
2013-06-18,45877
2013-06-19,46895
2013-06-20,52361
2013-06-21,46859
2013-06-22,44418
2013-06-23,38342
2013-06-24,44095
2013-06-25,44472
2013-06-26,45453
2013-06-27,45961
2013-06-28,49383
2013-06-29,36376
2013-06-30,30800
2013-07-01,38971
2013-07-02,39497
2013-07-03,35347
2013-07-04,35127
2013-07-05,36851
2013-07-06,33185
2013-07-07,30170
2013-07-08,39437
2013-07-09,40647
2013-07-10,39043
2013-07-11,43260
2013-07-12,48106
2013-07-13,37813
2013-07-14,34761
2013-07-15,36590
2013-07-16,39228
2013-07-17,40459
2013-07-18,41009
2013-07-19,36588
2013-07-20,33516
2013-07-21,35257
2013-07-22,39814
2013-07-23,38291
2013-07-24,42202
2013-07-25,42384
2013-07-26,37209
2013-07-27,36711
2013-07-28,37134
2013-07-29,41634
2013-07-30,41936
2013-07-31,49334
2013-08-01,50727
2013-08-02,51489
2013-08-03,45576
2013-08-04,42767
2013-08-05,50812
2013-08-06,54179
2013-08-07,57420
2013-08-08,57817
2013-08-09,49463
2013-08-10,51485
2013-08-11,38206
2013-08-12,50012
2013-08-13,52897
2013-08-14,51492
2013-08-15,57959
2013-08-16,70951
2013-08-17,56356
2013-08-18,56203
2013-08-19,71137
2013-08-20,63038
2013-08-21,60335
2013-08-22,66596
2013-08-23,54999
2013-08-24,51634
2013-08-25,44296
2013-08-26,55927
2013-08-27,62018
2013-08-28,64569
2013-08-29,58803
2013-08-30,62398
2013-08-31,47282
2013-09-01,46377
2013-09-02,51051
2013-09-03,51969
2013-09-04,52816
2013-09-05,60551
2013-09-06,60665
2013-09-07,51822
2013-09-08,46295
2013-09-09,57473
2013-09-10,53092
2013-09-11,49010
2013-09-12,52087
2013-09-13,44630
2013-09-14,43342
2013-09-15,53491
2013-09-16,51731
2013-09-17,67752
2013-09-18,60386
2013-09-19,59625
2013-09-20,58794
2013-09-21,52309
2013-09-22,50700
2013-09-23,65118
2013-09-24,62380
2013-09-25,54342
2013-09-26,57383
2013-09-27,46742
2013-09-28,42403
2013-09-29,41011
2013-09-30,46993
2013-10-01,56984
2013-10-02,61773
2013-10-03,59352
2013-10-04,51760
2013-10-05,45260
2013-10-06,42672
2013-10-07,44391
2013-10-08,44970
2013-10-09,50494
2013-10-10,56661
2013-10-11,51737
2013-10-12,49260
2013-10-13,51083
2013-10-14,57202
2013-10-15,55566
2013-10-16,50616
2013-10-17,46703
2013-10-18,59469
2013-10-19,55088
2013-10-20,49219
2013-10-21,60240
2013-10-22,64803
2013-10-23,55093
2013-10-24,63419
2013-10-25,57236
2013-10-26,47565
2013-10-27,43512
2013-10-28,50929
2013-10-29,49770
2013-10-30,48251
2013-10-31,57970
2013-11-01,45163
2013-11-02,38979
2013-11-03,35755
2013-11-04,45328
2013-11-05,51423
2013-11-06,54845
2013-11-07,60391
2013-11-08,59089
2013-11-09,55056
2013-11-10,57367
2013-11-11,57218
2013-11-12,58106
2013-11-13,64702
2013-11-14,69230
2013-11-15,60748
2013-11-16,46981
2013-11-17,51137
2013-11-18,78876
2013-11-19,92746
2013-11-20,77394
2013-11-21,71672
2013-11-22,76775
2013-11-23,72375
2013-11-24,60693
2013-11-25,71620
2013-11-26,83224
2013-11-27,95358
2013-11-28,98740
2013-11-29,89911
2013-11-30,75014
2013-12-01,71947
2013-12-02,75411
2013-12-03,77467
2013-12-04,79453
2013-12-05,83113
2013-12-06,71891
2013-12-07,67517
2013-12-08,47282
2013-12-09,63449
2013-12-10,67431
2013-12-11,67140
2013-12-12,58056
2013-12-13,59941
2013-12-14,53859
2013-12-15,52131
2013-12-16,69181
2013-12-17,67537
2013-12-18,81311
2013-12-19,70052
2013-12-20,64905
2013-12-21,55922
2013-12-22,52728
2013-12-23,54096
2013-12-24,55696
2013-12-25,55266
2013-12-26,51096
2013-12-27,52490
2013-12-28,47859
2013-12-29,51157
2013-12-30,55440
2013-12-31,48663
2014-01-01,42865
2014-01-02,54636
2014-01-03,60819
2014-01-04,51911
2014-01-05,58469
2014-01-06,67172
2014-01-07,62734
2014-01-08,61246
2014-01-09,58824
2014-01-10,53979
2014-01-11,55646
2014-01-12,50330
2014-01-13,53292
2014-01-14,57216
2014-01-15,61428
2014-01-16,56518
2014-01-17,58874
2014-01-18,51399
2014-01-19,47836
2014-01-20,62808
2014-01-21,72411
2014-01-22,65643
2014-01-23,63399
2014-01-24,65411
2014-01-25,53699
2014-01-26,53430
2014-01-27,64200
2014-01-28,65608
2014-01-29,59530
2014-01-30,60623
2014-01-31,60085
2014-02-01,54649
2014-02-02,52297
2014-02-03,57419
2014-02-04,69627
2014-02-05,67361
2014-02-06,69978
2014-02-07,70359
2014-02-08,64827
2014-02-09,56441
2014-02-10,66694
2014-02-11,67065
2014-02-12,61948
2014-02-13,67161
2014-02-14,74698
2014-02-15,61709
2014-02-16,57336
2014-02-17,60698
2014-02-18,65245
2014-02-19,69942
2014-02-20,70967
2014-02-21,69238
2014-02-22,58493
2014-02-23,59906
2014-02-24,73605
2014-02-25,79921
2014-02-26,72992
2014-02-27,70671
2014-02-28,70109
2014-03-01,63258
2014-03-02,56495
2014-03-03,81116
2014-03-04,84451
2014-03-05,72236
2014-03-06,70354
2014-03-07,72179
2014-03-08,64422
2014-03-09,61982
2014-03-10,70735
2014-03-11,76036
2014-03-12,76157
2014-03-13,72643
2014-03-14,70482
2014-03-15,60143
2014-03-16,59161
2014-03-17,66235
2014-03-18,53996
2014-03-19,73644
2014-03-20,70825
2014-03-21,72905
2014-03-22,66503
2014-03-23,57597
2014-03-24,70795
2014-03-25,71726
2014-03-26,68156
2014-03-27,71546
2014-03-28,66905
2014-03-29,53095
2014-03-30,56713
2014-03-31,64862
2014-04-01,63965
2014-04-02,66716
2014-04-03,66820
2014-04-04,65497
2014-04-05,55624
2014-04-06,49859
2014-04-07,65659
2014-04-08,67707
2014-04-09,64992
2014-04-10,67872
2014-04-11,65563
2014-04-12,47579
2014-04-13,50981
2014-04-14,70026
2014-04-15,72627
2014-04-16,68435
2014-04-17,65021
2014-04-18,56836
2014-04-19,53356
2014-04-20,48865
2014-04-21,57939
2014-04-22,77888
2014-04-23,73789
2014-04-24,72543
2014-04-25,72468
2014-04-26,52012
2014-04-27,52452
2014-04-28,64394
2014-04-29,64886
2014-04-30,63501
2014-05-01,59482
2014-05-02,59820
2014-05-03,54015
2014-05-04,51618
2014-05-05,67638
2014-05-06,77034
2014-05-07,69666
2014-05-08,68770
2014-05-09,66123
2014-05-10,56237
2014-05-11,52438
2014-05-12,74254
2014-05-13,69195
2014-05-14,69658
2014-05-15,74722
2014-05-16,65252
2014-05-17,53338
2014-05-18,49740
2014-05-19,63926
2014-05-20,71343
2014-05-21,68730
2014-05-22,73171
2014-05-23,72645
2014-05-24,52718
2014-05-25,57405
2014-05-26,66849
2014-05-27,68388
2014-05-28,72169
2014-05-29,65221
2014-05-30,64960
2014-05-31,52025
2014-06-01,55047
2014-06-02,64241
2014-06-03,69517
2014-06-04,64873
2014-06-05,66793
2014-06-06,62203
2014-06-07,51055
2014-06-08,48172
2014-06-09,59719
2014-06-10,63149
2014-06-11,62681
2014-06-12,64572
2014-06-13,64576
2014-06-14,53418
2014-06-15,53726
2014-06-16,68074
2014-06-17,69893
2014-06-18,63730
2014-06-19,62287
2014-06-20,57195
2014-06-21,50987
2014-06-22,49924
2014-06-23,60040
2014-06-24,64695
2014-06-25,64210
2014-06-26,61261
2014-06-27,62769
2014-06-28,54210
2014-06-29,48937
2014-06-30,70099
2014-07-01,69310
2014-07-02,66591
2014-07-03,62710
2014-07-04,59328
2014-07-05,49802
2014-07-06,51997
2014-07-07,64536
2014-07-08,69967
2014-07-09,68352
2014-07-10,64456
2014-07-11,58921
2014-07-12,53297
2014-07-13,52257
2014-07-14,62626
2014-07-15,72157
2014-07-16,65427
2014-07-17,66061
2014-07-18,63890
2014-07-19,59376
2014-07-20,51846
2014-07-21,64035
2014-07-22,66716
2014-07-23,66737
2014-07-24,66133
2014-07-25,61335
2014-07-26,56199
2014-07-27,51838
2014-07-28,64594
2014-07-29,61458
2014-07-30,65981
2014-07-31,69607
2014-08-01,67758
2014-08-02,54826
2014-08-03,53467
2014-08-04,67719
2014-08-05,72688
2014-08-06,80238
2014-08-07,69753
2014-08-08,68139
2014-08-09,60417
2014-08-10,57736
2014-08-11,75393
2014-08-12,76808
2014-08-13,75593
2014-08-14,78902
2014-08-15,73028
2014-08-16,67816
2014-08-17,60053
2014-08-18,72560
2014-08-19,74554
2014-08-20,73673
2014-08-21,72999
2014-08-22,66841
2014-08-23,57431
2014-08-24,56549
2014-08-25,69757
2014-08-26,72487
2014-08-27,74412
2014-08-28,68455
2014-08-29,68444
2014-08-30,61032
2014-08-31,57567
2014-09-01,70247
2014-09-02,71762
2014-09-03,71699
2014-09-04,70652
2014-09-05,67893
2014-09-06,63190
2014-09-07,60197
2014-09-08,75622
2014-09-09,81666
2014-09-10,72401
2014-09-11,65856
2014-09-12,68230
2014-09-13,61065
2014-09-14,67497
2014-09-15,78508
2014-09-16,87063
2014-09-17,80119
2014-09-18,77185
2014-09-19,69266
2014-09-20,63306
2014-09-21,59636
2014-09-22,73121
2014-09-23,77133
2014-09-24,74818
2014-09-25,78351
2014-09-26,72421
2014-09-27,63004
2014-09-28,62310
2014-09-29,77787
2014-09-30,77853
2014-10-01,78624
2014-10-02,71948
2014-10-03,74948
2014-10-04,66478
2014-10-05,67161
2014-10-06,77888
2014-10-07,78935
2014-10-08,78674
2014-10-09,82641
2014-10-10,80903
2014-10-11,64876
2014-10-12,63361
2014-10-13,77787
2014-10-14,81232
2014-10-15,76106
2014-10-16,75589
2014-10-17,70697
2014-10-18,66313
2014-10-19,63122
2014-10-20,82563
2014-10-21,81498
2014-10-22,79828
2014-10-23,80487
2014-10-24,77747
2014-10-25,72360
2014-10-26,70637
2014-10-27,83818
2014-10-28,87842
2014-10-29,93512
2014-10-30,92452
2014-10-31,85515
2014-11-01,69432
2014-11-02,77015
2014-11-03,90182
2014-11-04,87455
2014-11-05,89322
2014-11-06,94142
2014-11-07,83807
2014-11-08,72564
2014-11-09,72062
2014-11-10,88847
2014-11-11,85489
2014-11-12,95432
2014-11-13,92813
2014-11-14,86153
2014-11-15,73102
2014-11-16,75859
2014-11-17,88210
2014-11-18,87370
2014-11-19,85130
2014-11-20,89250
2014-11-21,82052
2014-11-22,74571
2014-11-23,77141
2014-11-24,85660
2014-11-25,86002
2014-11-26,84974
2014-11-27,84541
2014-11-28,85764
2014-11-29,78941
2014-11-30,84853
2014-12-01,97493
2014-12-02,99269
2014-12-03,99232
2014-12-04,98202
2014-12-05,90744
2014-12-06,81093
2014-12-07,74666
2014-12-08,90583
2014-12-09,90078
2014-12-10,88655
2014-12-11,83857
2014-12-12,81156
2014-12-13,76061
2014-12-14,79562
2014-12-15,94318
2014-12-16,100921
2014-12-17,98316
2014-12-18,95078
2014-12-19,95268
2014-12-20,86767
2014-12-21,78831
2014-12-22,96347
2014-12-23,99319
2014-12-24,82194
2014-12-25,67760
2014-12-26,76046
2014-12-27,76662
2014-12-28,75546
2014-12-29,83283
2014-12-30,84894
2014-12-31,77259
2015-01-01,59179
2015-01-02,79122
2015-01-03,82065
2015-01-04,85522
2015-01-05,95429
2015-01-06,87663
2015-01-07,89776
2015-01-08,106985
2015-01-09,102135
2015-01-10,104727
2015-01-11,90475
2015-01-12,98827
2015-01-13,102182
2015-01-14,104620
2015-01-15,120239
2015-01-16,104560
2015-01-17,90361
2015-01-18,83033
2015-01-19,98341
2015-01-20,98807
2015-01-21,96810
2015-01-22,93563
2015-01-23,91887
2015-01-24,83431
2015-01-25,86433
2015-01-26,108054
2015-01-27,99244
2015-01-28,85068
2015-01-29,90715
2015-01-30,81061
2015-01-31,86146
2015-02-01,78839
2015-02-02,85828
2015-02-03,91666
2015-02-04,90655
2015-02-05,86408
2015-02-06,85528
2015-02-07,85540
2015-02-08,82547
2015-02-09,104597
2015-02-10,102831
2015-02-11,96890
2015-02-12,87308
2015-02-13,113514
2015-02-14,98613
2015-02-15,85127
2015-02-16,104475
2015-02-17,102839
2015-02-18,105552
2015-02-19,94386
2015-02-20,98556
2015-02-21,87685
2015-02-22,84791
2015-02-23,101373
2015-02-24,104996
2015-02-25,105235
2015-02-26,100667
2015-02-27,101322
2015-02-28,89490
2015-03-01,88588
2015-03-02,104779
2015-03-03,110823
2015-03-04,98389
2015-03-05,100983
2015-03-06,93721
2015-03-07,91365
2015-03-08,87371
2015-03-09,105392
2015-03-10,105389
2015-03-11,100611
2015-03-12,96964
2015-03-13,95890
2015-03-14,89380
2015-03-15,84791
2015-03-16,105079
2015-03-17,99433
2015-03-18,99454
2015-03-19,106160
2015-03-20,103396
2015-03-21,92685
2015-03-22,90444
2015-03-23,105874
2015-03-24,92754
2015-03-25,96976
2015-03-26,101033
2015-03-27,99320
2015-03-28,87226
2015-03-29,90363
2015-03-30,106213
2015-03-31,114961
2015-04-01,119211
2015-04-02,111904
2015-04-03,104400
2015-04-04,89498
2015-04-05,94875
2015-04-06,107323
2015-04-07,108562
2015-04-08,110626
2015-04-09,116487
2015-04-10,112674
2015-04-11,99289
2015-04-12,86871
2015-04-13,115251
2015-04-14,110001
2015-04-15,107484
2015-04-16,98908
2015-04-17,102629
2015-04-18,97563
2015-04-19,90989
2015-04-20,116592
2015-04-21,112349
2015-04-22,111726
2015-04-23,109708
2015-04-24,108652
2015-04-25,98302
2015-04-26,92855
2015-04-27,113638
2015-04-28,113040
2015-04-29,117133
2015-04-30,112824
2015-05-01,99412
2015-05-02,94955
2015-05-03,84461
2015-05-04,103872
2015-05-05,115194
2015-05-06,111572
2015-05-07,110984
2015-05-08,108995
2015-05-09,94587
2015-05-10,89280
2015-05-11,111216
2015-05-12,109951
2015-05-13,108696
2015-05-14,101430
2015-05-15,105013
2015-05-16,90554
2015-05-17,86991
2015-05-18,98434
2015-05-19,107216
2015-05-20,106743
2015-05-21,98147
2015-05-22,102632
2015-05-23,86167
2015-05-24,93898
2015-05-25,105945
2015-05-26,108240
2015-05-27,107951
2015-05-28,110848
2015-05-29,123898
2015-05-30,127665
2015-05-31,98636
2015-06-01,128564
2015-06-02,128057
2015-06-03,127458
2015-06-04,118205
2015-06-05,110063
2015-06-06,92518
2015-06-07,83478
2015-06-08,108016
2015-06-09,121487
2015-06-10,131110
2015-06-11,120489
2015-06-12,126803
2015-06-13,105684
2015-06-14,102888
2015-06-15,129245
2015-06-16,121423
2015-06-17,132964
2015-06-18,124773
2015-06-19,125075
2015-06-20,101878
2015-06-21,96530
2015-06-22,119192
2015-06-23,125420
2015-06-24,112937
2015-06-25,111316
2015-06-26,116278
2015-06-27,105875
2015-06-28,99004
2015-06-29,124040
2015-06-30,155724
2015-07-01,143977
2015-07-02,141999
2015-07-03,129558
2015-07-04,104430
2015-07-05,114942
2015-07-06,173889
2015-07-07,190613
2015-07-08,201586
2015-07-09,191030
2015-07-10,192866
2015-07-11,186052
2015-07-12,208550
2015-07-13,159547
2015-07-14,122474
2015-07-15,115417
2015-07-16,114253
2015-07-17,116759
2015-07-18,130546
2015-07-19,120735
2015-07-20,125102
2015-07-21,133658
2015-07-22,131105
2015-07-23,109480
2015-07-24,109749
2015-07-25,100390
2015-07-26,92632
2015-07-27,115077
2015-07-28,118214
2015-07-29,143048
2015-07-30,123443
2015-07-31,147352
2015-08-01,147326
2015-08-02,103449
2015-08-03,119687
2015-08-04,132411
2015-08-05,133625
2015-08-06,134695
2015-08-07,111208
2015-08-08,101351
2015-08-09,90392
2015-08-10,116674
2015-08-11,114579
2015-08-12,117772
2015-08-13,117360
2015-08-14,111113
2015-08-15,94807
2015-08-16,89360
2015-08-17,114902
2015-08-18,119657
2015-08-19,119995
2015-08-20,118080
2015-08-21,113627
2015-08-22,105507
2015-08-23,94395
2015-08-24,125213
2015-08-25,121838
2015-08-26,122691
2015-08-27,119942
2015-08-28,120230
2015-08-29,107329
2015-08-30,98189
2015-08-31,127103
2015-09-01,130256
2015-09-02,149906
2015-09-03,128536
2015-09-04,103817
2015-09-05,124071
2015-09-06,106149
2015-09-07,125315
2015-09-08,125243
2015-09-09,126308
2015-09-10,124780
2015-09-11,179844
2015-09-12,137605
2015-09-13,145897
2015-09-14,166563
2015-09-15,162839
2015-09-16,167127
2015-09-17,259135
2015-09-18,161357
2015-09-19,114726
2015-09-20,109030
2015-09-21,131547
2015-09-22,136627
2015-09-23,131242
2015-09-24,125227
2015-09-25,128002
2015-09-26,115475
2015-09-27,108600
2015-09-28,138427
2015-09-29,140490
2015-09-30,139700
2015-10-01,134178
2015-10-02,139608
2015-10-03,119422
2015-10-04,103378
2015-10-05,125395
2015-10-06,144368
2015-10-07,134798
2015-10-08,140208
2015-10-09,114518
2015-10-10,126845
2015-10-11,104404
2015-10-12,134268
2015-10-13,134741
2015-10-14,141833
2015-10-15,153329
2015-10-16,143142
2015-10-17,135775
2015-10-18,119561
2015-10-19,143804
2015-10-20,146221
2015-10-21,150055
2015-10-22,147254
2015-10-23,143319
2015-10-24,139983
2015-10-25,131333
2015-10-26,116236
2015-10-27,153593
2015-10-28,160036
2015-10-29,160911
2015-10-30,166524
2015-10-31,155253
2015-11-01,152335
2015-11-02,171955
2015-11-03,186207
2015-11-04,204043
2015-11-05,182663
2015-11-06,166748
2015-11-07,151345
2015-11-08,132411
2015-11-09,159687
2015-11-10,161816
2015-11-11,158761
2015-11-12,157686
2015-11-13,154667
2015-11-14,150332
2015-11-15,143209
2015-11-16,158143
2015-11-17,156539
2015-11-18,165116
2015-11-19,154347
2015-11-20,155607
2015-11-21,150861
2015-11-22,129487
2015-11-23,145109
2015-11-24,152168
2015-11-25,151713
2015-11-26,164495
2015-11-27,160102
2015-11-28,165522
2015-11-29,129701
2015-11-30,182486
2015-12-01,177945
2015-12-02,183362
2015-12-03,164632
2015-12-04,173433
2015-12-05,186019
2015-12-06,179553
2015-12-07,192683
2015-12-08,195046
2015-12-09,220155
2015-12-10,211820
2015-12-11,210099
2015-12-12,203979
2015-12-13,189772
2015-12-14,231282
2015-12-15,223815
2015-12-16,220257
2015-12-17,216142
2015-12-18,213678
2015-12-19,213719
2015-12-20,193682
2015-12-21,229295
2015-12-22,222567
2015-12-23,220918
2015-12-24,210090
2015-12-25,180221
2015-12-26,179192
2015-12-27,160066
2015-12-28,172978
2015-12-29,184459
2015-12-30,176282
2015-12-31,155220
2016-01-01,123957
2016-01-02,148893
2016-01-03,142463
2016-01-04,181173
2016-01-05,182214
2016-01-06,171949
2016-01-07,190087
2016-01-08,181234
2016-01-09,179817
2016-01-10,161142
2016-01-11,191026
2016-01-12,194704
2016-01-13,187983
2016-01-14,183049
2016-01-15,183520
2016-01-16,191158
2016-01-17,203977
2016-01-18,213732
2016-01-19,186725
2016-01-20,208919
2016-01-21,222606
2016-01-22,213507
2016-01-23,190221
2016-01-24,201254
2016-01-25,221988
2016-01-26,230363
2016-01-27,229522
2016-01-28,224879
2016-01-29,224225
2016-01-30,194607
2016-01-31,175864
2016-02-01,222237
2016-02-02,241542
2016-02-03,191045
2016-02-04,200493
2016-02-05,225300
2016-02-06,223956
2016-02-07,212014
2016-02-08,224607
2016-02-09,231064
2016-02-10,235363
2016-02-11,220742
2016-02-12,202356
2016-02-13,184519
2016-02-14,185922
2016-02-15,220197
2016-02-16,215802
2016-02-17,227080
2016-02-18,212810
2016-02-19,217291
2016-02-20,215578
2016-02-21,206489
2016-02-22,237569
2016-02-23,244612
2016-02-24,224809
2016-02-25,216135
2016-02-26,203495
2016-02-27,182030
2016-02-28,233302
2016-02-29,265187
2016-03-01,276953
2016-03-02,270049
2016-03-03,221517
2016-03-04,207330
2016-03-05,234842
2016-03-06,161591
2016-03-07,183122
2016-03-08,200144
2016-03-09,190220
2016-03-10,188571
2016-03-11,189656
2016-03-12,167869
2016-03-13,149670
2016-03-14,191189
2016-03-15,202265
2016-03-16,211840
2016-03-17,208178
2016-03-18,205886
2016-03-19,177342
2016-03-20,177997
2016-03-21,198867
2016-03-22,205060
2016-03-23,186659
2016-03-24,189947
2016-03-25,172163
2016-03-26,158896
2016-03-27,160125
2016-03-28,195910
2016-03-29,197252
2016-03-30,200881
2016-03-31,206352
2016-04-01,211769
2016-04-02,183364
2016-04-03,178287
2016-04-04,208763
2016-04-05,216021
2016-04-06,219133
2016-04-07,218324
2016-04-08,214047
2016-04-09,196279
2016-04-10,186781
2016-04-11,229887
2016-04-12,240058
2016-04-13,223342
2016-04-14,227764
2016-04-15,212039
2016-04-16,181866
2016-04-17,192270
2016-04-18,220261
2016-04-19,226361
2016-04-20,216615
2016-04-21,212644
2016-04-22,210833
2016-04-23,185072
2016-04-24,183023
2016-04-25,217437
2016-04-26,250593
2016-04-27,239306
2016-04-28,247822
2016-04-29,261726
2016-04-30,215566
2016-05-01,191275
2016-05-02,223628
2016-05-03,235458
2016-05-04,233524
2016-05-05,229418
2016-05-06,233070
2016-05-07,201912
2016-05-08,188857
2016-05-09,226278
2016-05-10,245563
2016-05-11,234279
2016-05-12,228270
2016-05-13,231994
2016-05-14,211136
2016-05-15,200032
2016-05-16,239668
2016-05-17,238485
2016-05-18,234930
2016-05-19,219025
2016-05-20,209247
2016-05-21,191320
2016-05-22,184164
2016-05-23,222574
2016-05-24,246370
2016-05-25,247703
2016-05-26,219956
2016-05-27,215157
2016-05-28,192921
2016-05-29,178595
2016-05-30,211224
2016-05-31,215122
2016-06-01,234241
2016-06-02,230961
2016-06-03,234527
2016-06-04,196546
2016-06-05,189632
2016-06-06,221001
2016-06-07,230876
2016-06-08,229789
2016-06-09,236188
2016-06-10,228223
2016-06-11,213003
2016-06-12,210565
2016-06-13,251193
2016-06-14,246697
2016-06-15,259050
2016-06-16,267721
2016-06-17,253603
2016-06-18,235159
2016-06-19,218121
2016-06-20,249170
2016-06-21,248015
2016-06-22,235512
2016-06-23,241160
2016-06-24,237496
2016-06-25,206757
2016-06-26,181202
2016-06-27,216882
2016-06-28,212459
2016-06-29,223966
2016-06-30,231810
2016-07-01,205646
2016-07-02,198726
2016-07-03,176973
2016-07-04,213749
2016-07-05,214814
2016-07-06,214551
2016-07-07,215411
2016-07-08,210556
2016-07-09,185256
2016-07-10,162452
2016-07-11,217946
2016-07-12,218891
2016-07-13,216374
2016-07-14,217554
2016-07-15,215946
2016-07-16,182035
2016-07-17,170864
2016-07-18,222687
2016-07-19,222018
2016-07-20,227279
2016-07-21,217473
2016-07-22,221275
2016-07-23,195665
2016-07-24,183766
2016-07-25,239584
2016-07-26,237544
2016-07-27,235475
2016-07-28,234727
2016-07-29,231267
2016-07-30,199365
2016-07-31,192100
2016-08-01,224896
2016-08-02,250944
2016-08-03,241616
2016-08-04,231682
2016-08-05,228075
2016-08-06,195503
2016-08-07,192266
2016-08-08,235147
2016-08-09,231276
2016-08-10,244589
2016-08-11,254365
2016-08-12,232824
2016-08-13,214406
2016-08-14,200011
2016-08-15,202750
2016-08-16,254296
2016-08-17,237880
2016-08-18,239387
2016-08-19,245941
2016-08-20,208069
2016-08-21,184741
2016-08-22,228215
2016-08-23,238874
2016-08-24,234978
2016-08-25,233879
2016-08-26,226635
2016-08-27,190954
2016-08-28,174337
2016-08-29,225133
2016-08-30,251838
2016-08-31,225226
2016-09-01,237326
2016-09-02,225703
2016-09-03,182078
2016-09-04,183065
2016-09-05,227543
2016-09-06,231982
2016-09-07,250657
2016-09-08,226862
2016-09-09,220392
2016-09-10,193165
2016-09-11,180227
2016-09-12,208486
2016-09-13,239721
2016-09-14,231644
2016-09-15,233334
2016-09-16,210989
2016-09-17,215366
2016-09-18,191458
2016-09-19,223407
2016-09-20,244164
2016-09-21,239050
2016-09-22,231086
2016-09-23,223051
2016-09-24,208484
2016-09-25,195457
2016-09-26,230616
2016-09-27,240168
2016-09-28,234847
2016-09-29,242587
2016-09-30,250801
2016-10-01,213773
2016-10-02,192542
2016-10-03,258654
2016-10-04,264504
2016-10-05,266644
2016-10-06,274325
2016-10-07,266181
2016-10-08,250503
2016-10-09,210388
2016-10-10,222872
2016-10-11,263426
2016-10-12,233296
2016-10-13,229575
2016-10-14,239588
2016-10-15,210306
2016-10-16,197746
2016-10-17,237107
2016-10-18,251366
2016-10-19,198958
2016-10-20,270246
2016-10-21,265191
2016-10-22,216559
2016-10-23,191434
2016-10-24,226837
2016-10-25,236891
2016-10-26,223178
2016-10-27,326226
2016-10-28,250724
2016-10-29,229540
2016-10-30,207814
2016-10-31,241631
2016-11-01,246506
2016-11-02,268285
2016-11-03,271843
2016-11-04,247927
2016-11-05,238068
2016-11-06,225633
2016-11-07,274135
2016-11-08,295891
2016-11-09,269948
2016-11-10,271206
2016-11-11,254456
2016-11-12,228718
2016-11-13,219515
2016-11-14,270334
2016-11-15,280196
2016-11-16,289618
2016-11-17,277301
2016-11-18,275777
2016-11-19,249618
2016-11-20,243463
2016-11-21,285654
2016-11-22,285501
2016-11-23,276777
2016-11-24,328376
2016-11-25,315235
2016-11-26,277455
2016-11-27,237245
2016-11-28,298366
2016-11-29,289501
2016-11-30,292512
2016-12-01,239536
2016-12-02,315335
2016-12-03,287816
2016-12-04,245502
2016-12-05,277849
2016-12-06,319612
2016-12-07,310580
2016-12-08,282554
2016-12-09,268680
2016-12-10,250109
2016-12-11,229746
2016-12-12,268506
2016-12-13,291579
2016-12-14,286189
2016-12-15,282558
2016-12-16,279228
2016-12-17,237986
2016-12-18,235648
2016-12-19,281978
2016-12-20,296335
2016-12-21,325518
2016-12-22,314485
2016-12-23,304845
2016-12-24,240683
2016-12-25,197199
2016-12-26,244772
2016-12-27,296390
2016-12-28,305230
2016-12-29,304455
2016-12-30,286661
2016-12-31,250125
2017-01-01,180346
2017-01-02,290792
2017-01-03,301500
2017-01-04,328489
2017-01-05,288361
2017-01-06,346244
2017-01-07,281922
2017-01-08,259934
2017-01-09,269811
2017-01-10,323728
2017-01-11,302905
2017-01-12,294953
2017-01-13,272597
2017-01-14,242097
2017-01-15,235832
2017-01-16,267471
2017-01-17,292539
2017-01-18,296950
2017-01-19,300431
2017-01-20,298188
2017-01-21,263381
2017-01-22,236712
2017-01-23,235392
2017-01-24,278028
2017-01-25,304578
2017-01-26,313600
2017-01-27,263162
2017-01-28,246243
2017-01-29,241460
2017-01-30,247264
2017-01-31,307538
2017-02-01,350368
2017-02-02,259402
2017-02-03,323414
2017-02-04,284634
2017-02-05,291942
2017-02-06,229902
2017-02-07,325117
2017-02-08,308170
2017-02-09,346375
2017-02-10,301642
2017-02-11,262547
2017-02-12,237604
2017-02-13,288127
2017-02-14,314915
2017-02-15,294647
2017-02-16,283052
2017-02-17,319616
2017-02-18,285992
2017-02-19,251587
2017-02-20,282580
2017-02-21,278952
2017-02-22,282056
2017-02-23,325763
2017-02-24,343642
2017-02-25,326354
2017-02-26,265025
2017-02-27,284411
2017-02-28,325261
2017-03-01,315739
2017-03-02,329271
2017-03-03,337159
2017-03-04,265648
2017-03-05,280592
2017-03-06,287589
2017-03-07,327749
2017-03-08,296966
2017-03-09,303484
2017-03-10,308326
2017-03-11,280532
2017-03-12,220955
2017-03-13,272934
2017-03-14,310239
2017-03-15,292292
2017-03-16,326881
2017-03-17,292042
2017-03-18,263373
2017-03-19,269171
2017-03-20,276897
2017-03-21,287913
2017-03-22,316434
2017-03-23,287723
2017-03-24,289345
2017-03-25,242842
2017-03-26,221749
2017-03-27,232159
2017-03-28,293846
2017-03-29,283793
2017-03-30,288624
2017-03-31,259268
2017-04-01,255739
2017-04-02,244045
2017-04-03,287965
2017-04-04,255890
2017-04-05,316393
2017-04-06,290318
2017-04-07,295301
2017-04-08,226822
2017-04-09,238127
2017-04-10,273237
2017-04-11,307726
2017-04-12,277951
2017-04-13,228552
2017-04-14,290069
2017-04-15,270555
2017-04-16,211683
2017-04-17,245046
2017-04-18,302945
2017-04-19,309961
2017-04-20,267777
2017-04-21,330187
2017-04-22,268567
2017-04-23,244886
2017-04-24,222547
2017-04-25,325239
2017-04-26,334318
2017-04-27,297737
2017-04-28,305135
2017-04-29,341146
2017-04-30,281338
2017-05-01,294636
2017-05-02,333003
2017-05-03,295017
2017-05-04,354569
2017-05-05,267064
2017-05-06,362854
2017-05-07,315844
2017-05-08,364916
2017-05-09,332724
2017-05-10,311243
2017-05-11,294608
2017-05-12,317544
2017-05-13,329108
2017-05-14,368934
2017-05-15,329059
2017-05-16,233845
2017-05-17,317372
2017-05-18,288762
2017-05-19,319338
2017-05-20,352640
2017-05-21,325910
2017-05-22,327722
2017-05-23,367542
2017-05-24,338488
2017-05-25,349951
2017-05-26,333187
2017-05-27,331746
2017-05-28,307978
2017-05-29,321487
2017-05-30,347782
2017-05-31,321470
2017-06-01,319539
2017-06-02,271393
2017-06-03,305128
2017-06-04,265883
2017-06-05,289766
2017-06-06,297265
2017-06-07,339555
2017-06-08,307212
2017-06-09,282033
2017-06-10,254852
2017-06-11,222746
2017-06-12,268951
2017-06-13,291635
2017-06-14,287504
2017-06-15,292988
2017-06-16,269789
2017-06-17,236409
2017-06-18,209214
2017-06-19,269623
2017-06-20,269300
2017-06-21,280063
2017-06-22,269546
2017-06-23,259778
2017-06-24,226981
2017-06-25,180597
2017-06-26,261764
2017-06-27,259606
2017-06-28,279654
2017-06-29,230934
2017-06-30,267206
2017-07-01,221692
2017-07-02,196351
2017-07-03,253074
2017-07-04,255330
2017-07-05,236859
2017-07-06,224964
2017-07-07,243466
2017-07-08,220670
2017-07-09,187986
2017-07-10,251525
2017-07-11,265586
2017-07-12,256961
2017-07-13,245738
2017-07-14,227764
2017-07-15,221724
2017-07-16,203002
2017-07-17,230167
2017-07-18,260410
2017-07-19,253619
2017-07-20,230037
2017-07-21,268289
2017-07-22,223198
2017-07-23,180859
2017-07-24,239894
2017-07-25,243888
2017-07-26,237706
2017-07-27,225215
2017-07-28,247057
2017-07-29,210977
2017-07-30,183998
2017-07-31,230867
2017-08-01,131726
2017-08-02,209169
2017-08-03,212879
2017-08-04,235613
2017-08-05,239594
2017-08-06,199487
2017-08-07,248849
2017-08-08,275410
2017-08-09,260817
2017-08-10,257831
2017-08-11,283857
2017-08-12,260386
2017-08-13,263162
2017-08-14,255232
2017-08-15,310850
2017-08-16,274736
2017-08-17,347140
2017-08-18,312101
2017-08-19,266681
2017-08-20,210722
2017-08-21,236657
2017-08-22,196194
2017-08-23,315575
2017-08-24,203704
2017-08-25,208068
2017-08-26,226380
2017-08-27,261736
2017-08-28,223642
2017-08-29,280967
2017-08-30,271298
2017-08-31,280561
2017-09-01,283496
2017-09-02,236647
2017-09-03,195135
2017-09-04,269105
2017-09-05,277751
2017-09-06,276063
2017-09-07,256198
2017-09-08,279313
2017-09-09,217721
2017-09-10,193102
2017-09-11,253318
2017-09-12,256042
2017-09-13,263130
2017-09-14,267894
2017-09-15,291899
2017-09-16,228088
2017-09-17,197507
2017-09-18,218077
2017-09-19,282761
2017-09-20,235606
2017-09-21,255081
2017-09-22,227476
2017-09-23,203695
2017-09-24,185132
2017-09-25,226478
2017-09-26,263510
2017-09-27,257814
2017-09-28,275799
2017-09-29,254269
2017-09-30,212540
2017-10-01,203523
2017-10-02,294852
2017-10-03,281949
2017-10-04,232692
2017-10-05,273118
2017-10-06,283540
2017-10-07,231068
2017-10-08,238203
2017-10-09,296785
2017-10-10,302941
2017-10-11,292320
2017-10-12,293011
2017-10-13,309683
2017-10-14,292999
2017-10-15,283278
2017-10-16,314551
2017-10-17,334274
2017-10-18,329428
2017-10-19,356807
2017-10-20,312230
2017-10-21,312104
2017-10-22,288949
2017-10-23,315925
2017-10-24,347053
2017-10-25,315230
2017-10-26,265647
2017-10-27,246588
2017-10-28,206981
2017-10-29,333871
2017-10-30,315930
2017-10-31,277397
2017-11-01,351373
2017-11-02,341324
2017-11-03,277479
2017-11-04,293991
2017-11-05,251587
2017-11-06,270896
2017-11-07,335480
2017-11-08,301202
2017-11-09,341128
2017-11-10,271625
2017-11-11,194554
2017-11-12,185886
2017-11-13,309159
2017-11-14,271867
2017-11-15,321636
2017-11-16,310244
2017-11-17,306450
2017-11-18,270738
2017-11-19,264695
2017-11-20,336029
2017-11-21,370918
2017-11-22,311885
2017-11-23,352050
2017-11-24,305586
2017-11-25,336533
2017-11-26,329524
2017-11-27,379086
2017-11-28,365821
2017-11-29,397917
2017-11-30,384219
2017-12-01,412725
2017-12-02,326193
2017-12-03,352868
2017-12-04,400505
2017-12-05,405531
2017-12-06,443399
2017-12-07,374765
2017-12-08,384936
2017-12-09,403225
2017-12-10,341256
2017-12-11,368427
2017-12-12,372821
2017-12-13,424393
2017-12-14,490459
2017-12-15,405507
2017-12-16,364051
2017-12-17,391725
2017-12-18,394057
2017-12-19,378482
2017-12-20,370141
2017-12-21,335350
2017-12-22,380493
2017-12-23,308072
2017-12-24,279371
2017-12-25,228791
2017-12-26,247298
2017-12-27,307486
2017-12-28,304904
2017-12-29,353659
2017-12-30,344260
2017-12-31,290259
2018-01-01,241601
2018-01-02,340809
2018-01-03,395806
2018-01-04,424840
2018-01-05,342564
2018-01-06,358679
2018-01-07,368025
2018-01-08,345506
2018-01-09,360101
2018-01-10,347227
2018-01-11,337766
2018-01-12,299913
2018-01-13,265586
2018-01-14,234890
2018-01-15,273473
2018-01-16,303566
2018-01-17,315604
2018-01-18,309322
2018-01-19,243454
2018-01-20,240433
2018-01-21,215435
2018-01-22,245395
2018-01-23,271759
2018-01-24,250247
2018-01-25,236422
2018-01-26,220304
2018-01-27,193421
2018-01-28,213288
2018-01-29,232028
2018-01-30,236442
2018-01-31,204159
2018-02-01,257504
2018-02-02,235750
2018-02-03,194733
2018-02-04,173509
2018-02-05,216178
2018-02-06,243950
2018-02-07,213578
2018-02-08,173158
2018-02-09,177725
2018-02-10,181640
2018-02-11,147057
2018-02-12,186752
2018-02-13,182820
2018-02-14,196238
2018-02-15,198052
2018-02-16,187581
2018-02-17,173640
2018-02-18,159333
2018-02-19,187205
2018-02-20,198314
2018-02-21,205032
2018-02-22,183086
2018-02-23,185045
2018-02-24,154389
2018-02-25,144698
2018-02-26,186333
2018-02-27,219464
2018-02-28,189068
2018-03-01,233579
2018-03-02,194917
2018-03-03,176844
2018-03-04,160083
2018-03-05,201289
2018-03-06,205860
2018-03-07,213821
2018-03-08,196260
2018-03-09,198034
2018-03-10,156088
2018-03-11,150731
2018-03-12,188233
2018-03-13,195982
2018-03-14,190898
2018-03-15,206042
2018-03-16,186823
2018-03-17,154347
2018-03-18,164250
2018-03-19,191373
2018-03-20,195041
2018-03-21,194694
2018-03-22,185044
2018-03-23,179685
2018-03-24,156931
2018-03-25,135139
2018-03-26,187700
2018-03-27,186913
2018-03-28,177386
2018-03-29,192259
2018-03-30,185778
2018-03-31,148489
2018-04-01,134967
2018-04-02,168022
2018-04-03,198756
2018-04-04,185563
2018-04-05,181676
2018-04-06,172751
2018-04-07,154459
2018-04-08,138374
2018-04-09,176416
2018-04-10,186251
2018-04-11,183087
2018-04-12,210725
2018-04-13,217117
2018-04-14,161706
2018-04-15,173868
2018-04-16,195965
2018-04-17,201658
2018-04-18,200580
2018-04-19,213345
2018-04-20,207640
2018-04-21,193816
2018-04-22,171710
2018-04-23,226200
2018-04-24,254334
2018-04-25,213032
2018-04-26,216591
2018-04-27,210977
2018-04-28,203553
2018-04-29,180640
2018-04-30,214952
2018-05-01,199801
2018-05-02,212156
2018-05-03,228370
2018-05-04,218931
2018-05-05,202542
2018-05-06,171624
2018-05-07,204913
2018-05-08,217671
2018-05-09,206419
2018-05-10,208807
2018-05-11,213497
2018-05-12,181889
2018-05-13,158646
2018-05-14,209565
2018-05-15,214633
2018-05-16,208284
2018-05-17,192551
2018-05-18,211348
2018-05-19,173120
2018-05-20,158519
2018-05-21,202490
2018-05-22,203186
2018-05-23,223034
2018-05-24,206682
2018-05-25,196005
2018-05-26,158621
2018-05-27,144140
2018-05-28,188907
2018-05-29,204630
2018-05-30,203903
2018-05-31,209356
2018-06-01,205315
2018-06-02,174345
2018-06-03,163280
2018-06-04,209733
2018-06-05,212726
2018-06-06,206270
2018-06-07,207484
2018-06-08,200234
2018-06-09,171163
2018-06-10,179682
2018-06-11,213056
2018-06-12,214450
2018-06-13,211686
2018-06-14,209876
2018-06-15,205708
2018-06-16,158924
2018-06-17,144751
2018-06-18,196141
2018-06-19,191650
2018-06-20,198734
2018-06-21,197943
2018-06-22,203993
2018-06-23,163135
2018-06-24,157851
2018-06-25,200016
2018-06-26,195258
2018-06-27,188389
2018-06-28,187467
2018-06-29,197730
2018-06-30,180924
2018-07-01,156100
2018-07-02,199153
2018-07-03,216631
2018-07-04,206654
2018-07-05,199463
2018-07-06,200833
2018-07-07,170004
2018-07-08,155527
2018-07-09,206410
2018-07-10,215914
2018-07-11,202468
2018-07-12,203394
2018-07-13,207761
2018-07-14,176342
2018-07-15,161018
2018-07-16,207722
2018-07-17,233807
2018-07-18,238595
2018-07-19,224868
2018-07-20,225375
2018-07-21,184666
2018-07-22,166947
2018-07-23,229314
2018-07-24,259199
2018-07-25,250031
2018-07-26,231514
2018-07-27,229230
2018-07-28,188093
2018-07-29,168237
2018-07-30,230790
2018-07-31,242830
2018-08-01,240894
2018-08-02,224720
2018-08-03,229693
2018-08-04,191481
2018-08-05,172021
2018-08-06,218476
2018-08-07,232894
2018-08-08,235154
2018-08-09,222177
2018-08-10,225972
2018-08-11,192268
2018-08-12,164889
2018-08-13,222079
2018-08-14,247486
2018-08-15,245905
2018-08-16,232177
2018-08-17,233642
2018-08-18,190775
2018-08-19,167255
2018-08-20,214833
2018-08-21,217629
2018-08-22,230173
2018-08-23,217203
2018-08-24,219702
2018-08-25,196285
2018-08-26,172574
2018-08-27,223471
2018-08-28,237886
2018-08-29,237369
2018-08-30,231237
2018-08-31,236921
2018-09-01,213180
2018-09-02,187001
2018-09-03,222753
2018-09-04,232139
2018-09-05,246345
2018-09-06,252111
2018-09-07,230638
2018-09-08,204278
2018-09-09,188749
2018-09-10,222731
2018-09-11,237430
2018-09-12,233107
2018-09-13,234061
2018-09-14,223118
2018-09-15,210931
2018-09-16,179344
2018-09-17,240017
2018-09-18,244117
2018-09-19,250881
2018-09-20,253520
2018-09-21,272907
2018-09-22,225382
2018-09-23,200169
2018-09-24,237522
2018-09-25,251944
2018-09-26,243788
2018-09-27,248543
2018-09-28,254085
2018-09-29,218187
2018-09-30,208047
2018-10-01,242662
2018-10-02,244635
2018-10-03,242158
2018-10-04,243007
2018-10-05,244589
2018-10-06,214718
2018-10-07,219589
2018-10-08,247906
2018-10-09,235732
2018-10-10,244801
2018-10-11,262308
2018-10-12,243042
2018-10-13,204956
2018-10-14,191145
2018-10-15,266783
2018-10-16,257832
2018-10-17,260224
2018-10-18,253312
2018-10-19,253684
2018-10-20,227678
2018-10-21,211367
2018-10-22,255169
2018-10-23,253309
2018-10-24,253978
2018-10-25,254462
2018-10-26,252859
2018-10-27,233613
2018-10-28,219720
2018-10-29,269608
2018-10-30,283173
2018-10-31,288120
2018-11-01,281787
2018-11-02,292561
2018-11-03,249403
2018-11-04,226124
2018-11-05,296139
2018-11-06,285323
2018-11-07,293604
2018-11-08,277476
2018-11-09,283769
2018-11-10,252368
2018-11-11,246845
2018-11-12,299866
2018-11-13,279040
2018-11-14,292620
2018-11-15,291398
2018-11-16,282998
2018-11-17,262504
2018-11-18,239680
2018-11-19,267845
2018-11-20,288318
2018-11-21,254837
2018-11-22,265994
2018-11-23,275136
2018-11-24,249874
2018-11-25,239129
2018-11-26,256951
2018-11-27,268402
2018-11-28,254338
2018-11-29,246121
2018-11-30,250056
2018-12-01,241723
2018-12-02,222559
2018-12-03,240538
2018-12-04,270051
2018-12-05,256371
2018-12-06,279519
2018-12-07,253776
2018-12-08,230977
2018-12-09,238441
2018-12-10,258229
2018-12-11,251362
2018-12-12,261303
2018-12-13,268291
2018-12-14,275655
2018-12-15,262730
2018-12-16,226338
2018-12-17,298663
2018-12-18,266117
2018-12-19,302243
2018-12-20,287138
2018-12-21,280448
2018-12-22,251041
2018-12-23,250563
2018-12-24,272145
2018-12-25,264893
2018-12-26,281148
2018-12-27,299846
2018-12-28,308100
2018-12-29,264842
2018-12-30,267463
2018-12-31,259529
2019-01-01,234576
2019-01-02,271545
2019-01-03,290861
2019-01-04,281623
2019-01-05,265029
2019-01-06,258381
2019-01-07,284641
2019-01-08,318355
2019-01-09,318892
2019-01-10,327182
2019-01-11,308224
2019-01-12,281364
2019-01-13,276860
2019-01-14,326536
2019-01-15,302147
2019-01-16,305569
2019-01-17,296568
2019-01-18,305827
2019-01-19,282055
2019-01-20,293961
2019-01-21,315052
2019-01-22,295910
2019-01-23,293348
2019-01-24,307984
2019-01-25,300947
2019-01-26,288135
2019-01-27,276514
2019-01-28,307917
2019-01-29,326016
2019-01-30,321844
2019-01-31,353790
2019-02-01,339183
2019-02-02,321888
2019-02-03,300033
2019-02-04,335141
2019-02-05,353922
2019-02-06,349432
2019-02-07,352872
2019-02-08,335117
2019-02-09,310742
2019-02-10,299469
2019-02-11,315580
2019-02-12,271445
2019-02-13,352498
2019-02-14,354342
2019-02-15,296602
2019-02-16,331987
2019-02-17,327304
2019-02-18,344119
2019-02-19,348086
2019-02-20,314190
2019-02-21,297476
2019-02-22,350144
2019-02-23,328096
2019-02-24,320309
2019-02-25,336491
2019-02-26,366407
2019-02-27,344419
2019-02-28,367677
2019-03-01,354260
2019-03-02,335732
2019-03-03,353537
2019-03-04,304051
2019-03-05,285567
2019-03-06,277735
2019-03-07,282381
2019-03-08,285118
2019-03-09,239354
2019-03-10,212741
2019-03-11,294599
2019-03-12,285510
2019-03-13,285822
2019-03-14,299774
2019-03-15,296817
2019-03-16,262104
2019-03-17,227144
2019-03-18,291344
2019-03-19,304570
2019-03-20,304799
2019-03-21,300569
2019-03-22,298363
2019-03-23,251428
2019-03-24,226016
2019-03-25,322043
2019-03-26,366281
2019-03-27,383037
2019-03-28,393552
2019-03-29,369670
2019-03-30,377644
2019-03-31,381513
2019-04-01,368768
2019-04-02,401350
2019-04-03,360108
2019-04-04,354520
2019-04-05,386932
2019-04-06,359430
2019-04-07,350490
2019-04-08,372269
2019-04-09,345939
2019-04-10,396353
2019-04-11,402645
2019-04-12,376616
2019-04-13,366941
2019-04-14,336908
2019-04-15,381328
2019-04-16,358372
2019-04-17,350599
2019-04-18,382832
2019-04-19,361976
2019-04-20,319709
2019-04-21,390573
2019-04-22,341880
2019-04-23,311637
2019-04-24,404116
2019-04-25,383946
2019-04-26,381058
2019-04-27,358871
2019-04-28,383128
2019-04-29,363044
2019-04-30,346346
2019-05-01,439378
2019-05-02,452462
2019-05-03,382880
2019-05-04,355778
2019-05-05,330603
2019-05-06,378325
2019-05-07,329816
2019-05-08,392929
2019-05-09,361419
2019-05-10,322838
2019-05-11,344827
2019-05-12,338413
2019-05-13,390261
2019-05-14,367218
2019-05-15,368752
2019-05-16,374916
2019-05-17,361503
2019-05-18,359551
2019-05-19,346696
2019-05-20,381421
2019-05-21,380736
2019-05-22,394720
2019-05-23,389185
2019-05-24,373729
2019-05-25,338258
2019-05-26,373907
2019-05-27,399417
2019-05-28,390263
2019-05-29,404981
2019-05-30,376714
2019-05-31,298880
2019-06-01,331941
2019-06-02,300872
2019-06-03,293890
2019-06-04,374609
2019-06-05,372788
2019-06-06,364369
2019-06-07,349853
2019-06-08,294245
2019-06-09,300770
2019-06-10,353472
2019-06-11,340306
2019-06-12,328333
2019-06-13,364222
2019-06-14,364214
2019-06-15,330808
2019-06-16,295124
2019-06-17,320939
2019-06-18,394680
2019-06-19,400855
2019-06-20,329959
2019-06-21,337608
2019-06-22,353934
2019-06-23,379907
2019-06-24,388165
2019-06-25,361239
2019-06-26,399459
2019-06-27,360908
2019-06-28,406931
2019-06-29,356508
2019-06-30,330579
2019-07-01,336719
2019-07-02,373251
2019-07-03,397382
2019-07-04,370537
2019-07-05,378264
2019-07-06,348496
2019-07-07,313120
2019-07-08,378788
2019-07-09,365434
2019-07-10,315535
2019-07-11,325647
2019-07-12,360735
2019-07-13,304404
2019-07-14,303142
2019-07-15,348965
2019-07-16,363175
2019-07-17,324759
2019-07-18,315624
2019-07-19,299773
2019-07-20,322825
2019-07-21,283785
2019-07-22,319241
2019-07-23,320209
2019-07-24,295450
2019-07-25,336386
2019-07-26,319446
2019-07-27,283740
2019-07-28,272799
2019-07-29,333451
2019-07-30,328233
2019-07-31,361166
2019-08-01,335801
2019-08-02,349387
2019-08-03,327415
2019-08-04,298638
2019-08-05,338993
2019-08-06,368187
2019-08-07,370756
2019-08-08,336039
2019-08-09,340978
2019-08-10,303987
2019-08-11,273127
2019-08-12,297313
2019-08-13,370590
2019-08-14,359845
2019-08-15,355487
2019-08-16,323478
2019-08-17,288128
2019-08-18,276239
2019-08-19,330310
2019-08-20,333151
2019-08-21,308672
2019-08-22,322312
2019-08-23,340067
2019-08-24,304321
2019-08-25,288779
2019-08-26,318082
2019-08-27,325849
2019-08-28,341049
2019-08-29,346569
2019-08-30,349040
2019-08-31,342029
2019-09-01,285325
2019-09-02,327099
2019-09-03,370467
2019-09-04,324605
2019-09-05,352245
2019-09-06,365373
2019-09-07,314279
2019-09-08,288330
2019-09-09,316706
2019-09-10,339676
2019-09-11,338092
2019-09-12,335710
2019-09-13,308706
2019-09-14,299739
2019-09-15,273999
2019-09-16,347178
2019-09-17,343630
2019-09-18,363011
2019-09-19,345962
2019-09-20,340778
2019-09-21,335847
2019-09-22,318547
2019-09-23,288035
2019-09-24,353106
2019-09-25,347591
2019-09-26,355604
2019-09-27,303771
2019-09-28,314274
2019-09-29,285406
2019-09-30,311266
2019-10-01,337101
2019-10-02,326409
2019-10-03,326367
2019-10-04,337075
2019-10-05,326525
2019-10-06,277464
2019-10-07,328648
2019-10-08,336192
2019-10-09,310911
2019-10-10,344886
2019-10-11,345269
2019-10-12,301560
2019-10-13,279345
2019-10-14,304331
2019-10-15,339545
2019-10-16,338330
2019-10-17,333955
2019-10-18,339230
2019-10-19,304594
2019-10-20,289650
2019-10-21,351632
2019-10-22,341295
2019-10-23,349152
2019-10-24,303710
2019-10-25,328460
2019-10-26,305582
2019-10-27,256138
2019-10-28,309477
2019-10-29,307820
2019-10-30,314029
2019-10-31,293647
2019-11-01,316057
2019-11-02,284309
2019-11-03,294229
2019-11-04,310847
2019-11-05,332695
2019-11-06,314566
2019-11-07,324352
2019-11-08,311313
2019-11-09,306019
2019-11-10,299546
2019-11-11,326556
2019-11-12,301247
2019-11-13,318810
2019-11-14,349854
2019-11-15,324987
2019-11-16,283320
2019-11-17,264216
2019-11-18,304531
2019-11-19,327483
2019-11-20,320944
2019-11-21,323817
2019-11-22,310407
2019-11-23,306251
2019-11-24,267237
2019-11-25,279345
2019-11-26,321188
2019-11-27,317458
2019-11-28,309460
2019-11-29,311154
2019-11-30,277332
2019-12-01,274482
2019-12-02,314585
2019-12-03,336354
2019-12-04,337117
2019-12-05,311323
2019-12-06,315241
2019-12-07,285129
2019-12-08,278705
2019-12-09,313481
2019-12-10,319916
2019-12-11,291116
2019-12-12,311662
2019-12-13,322736
2019-12-14,293345
2019-12-15,263317
2019-12-16,326928
2019-12-17,319113
2019-12-18,314115
2019-12-19,319398
2019-12-20,332501
2019-12-21,310942
2019-12-22,280901
2019-12-23,304702
2019-12-24,290311
2019-12-25,244538
2019-12-26,295896
2019-12-27,322059
2019-12-28,298138
2019-12-29,279770
2019-12-30,324331
2019-12-31,293302
2020-01-01,251561
2020-01-02,295426
2020-01-03,316348
2020-01-04,287047
2020-01-05,287616
2020-01-06,299011
2020-01-07,343903
2020-01-08,317877
2020-01-09,321900
2020-01-10,330585
2020-01-11,308907
2020-01-12,282985
2020-01-13,291454
2020-01-14,346808
2020-01-15,332507
2020-01-16,325788
2020-01-17,323833
2020-01-18,287105
2020-01-19,283810
2020-01-20,313509
2020-01-21,315057
2020-01-22,328430
2020-01-23,329759
2020-01-24,313735
2020-01-25,285420
2020-01-26,261104
2020-01-27,279111
2020-01-28,339910
2020-01-29,340402
2020-01-30,332402
2020-01-31,334290
2020-02-01,303573
2020-02-02,290736
2020-02-03,330864
2020-02-04,309058
2020-02-05,368445
2020-02-06,315235
2020-02-07,334799
2020-02-08,318224
2020-02-09,316917
2020-02-10,297982
2020-02-11,365435
2020-02-12,344473
2020-02-13,339940
2020-02-14,325943
2020-02-15,322579
2020-02-16,292094
2020-02-17,341334
2020-02-18,330900
2020-02-19,334664
2020-02-20,316500
2020-02-21,338330
2020-02-22,304449
2020-02-23,285437
2020-02-24,328749
2020-02-25,334449
2020-02-26,329831
2020-02-27,338634
2020-02-28,368432
2020-02-29,307388
2020-03-01,309672
2020-03-02,342672
2020-03-03,342171
2020-03-04,358578
2020-03-05,349366
2020-03-06,338228
2020-03-07,313155
2020-03-08,302536
2020-03-09,348061
2020-03-10,329566
2020-03-11,287373
2020-03-12,349827
2020-03-13,276673
2020-03-14,279700
2020-03-15,223111
2020-03-16,270280
2020-03-17,278203
2020-03-18,231154
2020-03-19,265582
2020-03-20,284485
2020-03-21,245772
2020-03-22,209027
2020-03-23,259704
2020-03-24,277999
2020-03-25,218084
2020-03-26,292668
2020-03-27,276391
2020-03-28,240492
2020-03-29,232669
2020-03-30,276681
2020-03-31,290068
2020-04-01,281702
2020-04-02,299023
2020-04-03,278631
2020-04-04,253117
2020-04-05,240084
2020-04-06,280342
2020-04-07,312602
2020-04-08,286419
2020-04-09,286552
2020-04-10,288422
2020-04-11,247693
2020-04-12,228376
2020-04-13,287942
2020-04-14,299223
2020-04-15,310084
2020-04-16,322749
2020-04-17,284095
2020-04-18,288976
2020-04-19,251832
2020-04-20,310649
2020-04-21,310702
2020-04-22,278624
2020-04-23,328903
2020-04-24,319911
2020-04-25,280669
2020-04-26,252696
2020-04-27,311076
2020-04-28,323321
2020-04-29,331256
2020-04-30,321837
2020-05-01,340433
2020-05-02,286625
2020-05-03,281584
2020-05-04,325940
2020-05-05,328917
2020-05-06,333241
2020-05-07,341839
2020-05-08,323488
2020-05-09,312263
2020-05-10,286619
2020-05-11,305682
2020-05-12,345069
2020-05-13,296677
2020-05-14,268636
2020-05-15,310517
2020-05-16,296429
2020-05-17,236706
2020-05-18,273595
2020-05-19,274782
2020-05-20,279922
2020-05-21,298352
2020-05-22,278673
2020-05-23,269111
2020-05-24,214414
2020-05-25,265750
2020-05-26,295658
2020-05-27,292789
2020-05-28,299779
2020-05-29,280833
2020-05-30,285890
2020-05-31,258277
2020-06-01,308178
2020-06-02,303985
2020-06-03,313861
2020-06-04,318134
2020-06-05,326903
2020-06-06,284677
2020-06-07,252209
2020-06-08,317113
2020-06-09,326914
2020-06-10,324999
2020-06-11,332305
2020-06-12,318111
2020-06-13,280023
2020-06-14,275553
2020-06-15,294330
2020-06-16,340367
2020-06-17,333409
2020-06-18,280480
2020-06-19,347293
2020-06-20,283986
2020-06-21,259294
2020-06-22,301253
2020-06-23,355098
2020-06-24,312182
2020-06-25,312042
2020-06-26,330217
2020-06-27,275351
2020-06-28,264759
2020-06-29,315279
2020-06-30,299586
2020-07-01,382408
2020-07-02,339305
2020-07-03,330846
2020-07-04,288490
2020-07-05,273941
2020-07-06,338613
2020-07-07,345814
2020-07-08,347304
2020-07-09,362554
2020-07-10,345835
2020-07-11,306615
2020-07-12,282212
2020-07-13,310080
2020-07-14,359703
2020-07-15,315926
2020-07-16,345713
2020-07-17,293789
2020-07-18,310892
2020-07-19,276962
2020-07-20,309606
2020-07-21,312746
2020-07-22,364648
2020-07-23,336109
2020-07-24,369271
2020-07-25,293741
2020-07-26,298422
2020-07-27,326620
2020-07-28,354597
2020-07-29,346373
2020-07-30,327654
2020-07-31,356753
2020-08-01,296568
2020-08-02,287728
2020-08-03,333591
2020-08-04,328887
2020-08-05,291685
2020-08-06,356456
2020-08-07,326347
2020-08-08,283489
2020-08-09,268246
2020-08-10,308230
2020-08-11,349798
2020-08-12,346248
2020-08-13,325199
2020-08-14,365512
2020-08-15,313604
2020-08-16,284917
2020-08-17,292819
2020-08-18,345896
2020-08-19,336838
2020-08-20,333537
2020-08-21,314142
2020-08-22,311563
2020-08-23,288571
2020-08-24,328984
2020-08-25,304281
2020-08-26,324042
2020-08-27,328028
2020-08-28,352559
2020-08-29,292637
2020-08-30,268987
2020-08-31,302770
2020-09-01,376354
2020-09-02,317305
2020-09-03,310793
2020-09-04,298151
2020-09-05,325382
2020-09-06,262670
2020-09-07,327487
2020-09-08,332513
2020-09-09,314715
2020-09-10,345823
2020-09-11,308185
2020-09-12,299982
2020-09-13,254948
2020-09-14,353844
2020-09-15,332801
2020-09-16,342454
2020-09-17,348403
2020-09-18,324992
2020-09-19,296208
2020-09-20,258953
2020-09-21,297460
2020-09-22,312860
2020-09-23,349796
2020-09-24,316415
2020-09-25,352901
2020-09-26,276012
2020-09-27,259230
2020-09-28,295347
2020-09-29,347555
2020-09-30,351261
2020-10-01,304633
2020-10-02,315307
2020-10-03,310704
2020-10-04,267861
2020-10-05,294846
2020-10-06,317792
2020-10-07,370403
2020-10-08,330065
2020-10-09,339201
2020-10-10,298343
2020-10-11,255956
2020-10-12,314025
2020-10-13,333049
2020-10-14,314392
2020-10-15,340842
2020-10-16,324492
2020-10-17,274912
2020-10-18,231437
2020-10-19,303804
2020-10-20,330419
2020-10-21,311162
2020-10-22,338950
2020-10-23,323738
2020-10-24,306622
2020-10-25,242156
2020-10-26,252384
2020-10-27,251839
2020-10-28,261240
2020-10-29,275962
2020-10-30,268253
2020-10-31,275683
2020-11-01,276155
2020-11-02,224514
2020-11-03,331533
2020-11-04,320538
