t,entities_min_1k_count
2010-01-01,92
2010-01-02,96
2010-01-03,97
2010-01-04,98
2010-01-05,98
2010-01-06,98
2010-01-07,99
2010-01-08,101
2010-01-09,103
2010-01-10,103
2010-01-11,105
2010-01-12,106
2010-01-13,106
2010-01-14,109
2010-01-15,110
2010-01-16,110
2010-01-17,110
2010-01-18,111
2010-01-19,113
2010-01-20,113
2010-01-21,115
2010-01-22,115
2010-01-23,116
2010-01-24,116
2010-01-25,118
2010-01-26,120
2010-01-27,120
2010-01-28,122
2010-01-29,123
2010-01-30,123
2010-01-31,124
2010-02-01,125
2010-02-02,124
2010-02-03,126
2010-02-04,128
2010-02-05,131
2010-02-06,135
2010-02-07,141
2010-02-08,143
2010-02-09,143
2010-02-10,142
2010-02-11,142
2010-02-12,141
2010-02-13,142
2010-02-14,144
2010-02-15,143
2010-02-16,145
2010-02-17,150
2010-02-18,152
2010-02-19,153
2010-02-20,155
2010-02-21,157
2010-02-22,156
2010-02-23,159
2010-02-24,159
2010-02-25,157
2010-02-26,157
2010-02-27,160
2010-02-28,161
2010-03-01,166
2010-03-02,165
2010-03-03,164
2010-03-04,166
2010-03-05,167
2010-03-06,169
2010-03-07,168
2010-03-08,167
2010-03-09,169
2010-03-10,170
2010-03-11,169
2010-03-12,171
2010-03-13,173
2010-03-14,174
2010-03-15,174
2010-03-16,176
2010-03-17,175
2010-03-18,175
2010-03-19,175
2010-03-20,175
2010-03-21,177
2010-03-22,177
2010-03-23,180
2010-03-24,182
2010-03-25,181
2010-03-26,186
2010-03-27,190
2010-03-28,193
2010-03-29,192
2010-03-30,194
2010-03-31,196
2010-04-01,199
2010-04-02,201
2010-04-03,204
2010-04-04,204
2010-04-05,204
2010-04-06,203
2010-04-07,202
2010-04-08,203
2010-04-09,204
2010-04-10,206
2010-04-11,209
2010-04-12,214
2010-04-13,214
2010-04-14,215
2010-04-15,216
2010-04-16,218
2010-04-17,219
2010-04-18,222
2010-04-19,222
2010-04-20,223
2010-04-21,225
2010-04-22,225
2010-04-23,226
2010-04-24,226
2010-04-25,227
2010-04-26,228
2010-04-27,231
2010-04-28,232
2010-04-29,234
2010-04-30,238
2010-05-01,237
2010-05-02,240
2010-05-03,242
2010-05-04,238
2010-05-05,238
2010-05-06,238
2010-05-07,241
2010-05-08,239
2010-05-09,241
2010-05-10,243
2010-05-11,246
2010-05-12,243
2010-05-13,244
2010-05-14,245
2010-05-15,246
2010-05-16,246
2010-05-17,244
2010-05-18,245
2010-05-19,247
2010-05-20,248
2010-05-21,251
2010-05-22,251
2010-05-23,252
2010-05-24,253
2010-05-25,255
2010-05-26,259
2010-05-27,259
2010-05-28,260
2010-05-29,263
2010-05-30,264
2010-05-31,264
2010-06-01,263
2010-06-02,264
2010-06-03,263
2010-06-04,264
2010-06-05,264
2010-06-06,264
2010-06-07,263
2010-06-08,263
2010-06-09,266
2010-06-10,266
2010-06-11,269
2010-06-12,269
2010-06-13,271
2010-06-14,271
2010-06-15,269
2010-06-16,267
2010-06-17,268
2010-06-18,269
2010-06-19,268
2010-06-20,269
2010-06-21,270
2010-06-22,277
2010-06-23,276
2010-06-24,275
2010-06-25,277
2010-06-26,277
2010-06-27,277
2010-06-28,281
2010-06-29,281
2010-06-30,285
2010-07-01,287
2010-07-02,288
2010-07-03,290
2010-07-04,291
2010-07-05,295
2010-07-06,298
2010-07-07,298
2010-07-08,298
2010-07-09,298
2010-07-10,295
2010-07-11,298
2010-07-12,301
2010-07-13,304
2010-07-14,306
2010-07-15,308
2010-07-16,310
2010-07-17,309
2010-07-18,309
2010-07-19,310
2010-07-20,310
2010-07-21,309
2010-07-22,312
2010-07-23,313
2010-07-24,314
2010-07-25,321
2010-07-26,323
2010-07-27,323
2010-07-28,320
2010-07-29,320
2010-07-30,321
2010-07-31,323
2010-08-01,324
2010-08-02,327
2010-08-03,328
2010-08-04,330
2010-08-05,330
2010-08-06,333
2010-08-07,332
2010-08-08,335
2010-08-09,334
2010-08-10,337
2010-08-11,332
2010-08-12,336
2010-08-13,338
2010-08-14,342
2010-08-15,343
2010-08-16,345
2010-08-17,345
2010-08-18,350
2010-08-19,350
2010-08-20,355
2010-08-21,360
2010-08-22,360
2010-08-23,361
2010-08-24,362
2010-08-25,363
2010-08-26,366
2010-08-27,366
2010-08-28,369
2010-08-29,371
2010-08-30,376
2010-08-31,381
2010-09-01,383
2010-09-02,382
2010-09-03,384
2010-09-04,385
2010-09-05,385
2010-09-06,386
2010-09-07,390
2010-09-08,391
2010-09-09,393
2010-09-10,395
2010-09-11,396
2010-09-12,398
2010-09-13,403
2010-09-14,411
2010-09-15,409
2010-09-16,408
2010-09-17,409
2010-09-18,411
2010-09-19,410
2010-09-20,415
2010-09-21,416
2010-09-22,417
2010-09-23,414
2010-09-24,417
2010-09-25,415
2010-09-26,417
2010-09-27,417
2010-09-28,418
2010-09-29,421
2010-09-30,426
2010-10-01,426
2010-10-02,432
2010-10-03,432
2010-10-04,437
2010-10-05,437
2010-10-06,433
2010-10-07,428
2010-10-08,428
2010-10-09,431
2010-10-10,427
2010-10-11,432
2010-10-12,430
2010-10-13,435
2010-10-14,436
2010-10-15,438
2010-10-16,440
2010-10-17,442
2010-10-18,444
2010-10-19,449
2010-10-20,451
2010-10-21,450
2010-10-22,454
2010-10-23,452
2010-10-24,455
2010-10-25,457
2010-10-26,461
2010-10-27,458
2010-10-28,461
2010-10-29,463
2010-10-30,462
2010-10-31,468
2010-11-01,464
2010-11-02,464
2010-11-03,465
2010-11-04,468
2010-11-05,468
2010-11-06,472
2010-11-07,475
2010-11-08,476
2010-11-09,479
2010-11-10,482
2010-11-11,485
2010-11-12,485
2010-11-13,489
2010-11-14,491
2010-11-15,490
2010-11-16,490
2010-11-17,495
2010-11-18,498
2010-11-19,496
2010-11-20,494
2010-11-21,495
2010-11-22,499
2010-11-23,499
2010-11-24,497
2010-11-25,499
2010-11-26,499
2010-11-27,504
2010-11-28,506
2010-11-29,503
2010-11-30,506
2010-12-01,506
2010-12-02,503
2010-12-03,502
2010-12-04,500
2010-12-05,502
2010-12-06,509
2010-12-07,511
2010-12-08,511
2010-12-09,508
2010-12-10,506
2010-12-11,505
2010-12-12,506
2010-12-13,510
2010-12-14,510
2010-12-15,510
2010-12-16,510
2010-12-17,509
2010-12-18,510
2010-12-19,514
2010-12-20,515
2010-12-21,515
2010-12-22,520
2010-12-23,524
2010-12-24,527
2010-12-25,528
2010-12-26,530
2010-12-27,525
2010-12-28,526
2010-12-29,529
2010-12-30,529
2010-12-31,531
2011-01-01,532
2011-01-02,532
2011-01-03,527
2011-01-04,526
2011-01-05,527
2011-01-06,528
2011-01-07,528
2011-01-08,528
2011-01-09,528
2011-01-10,527
2011-01-11,532
2011-01-12,530
2011-01-13,528
2011-01-14,534
2011-01-15,532
2011-01-16,532
2011-01-17,531
2011-01-18,529
2011-01-19,526
2011-01-20,531
2011-01-21,525
2011-01-22,523
2011-01-23,519
2011-01-24,523
2011-01-25,522
2011-01-26,525
2011-01-27,522
2011-01-28,524
2011-01-29,527
2011-01-30,524
2011-01-31,518
2011-02-01,518
2011-02-02,522
2011-02-03,523
2011-02-04,525
2011-02-05,527
2011-02-06,529
2011-02-07,532
2011-02-08,535
2011-02-09,533
2011-02-10,533
2011-02-11,537
2011-02-12,541
2011-02-13,542
2011-02-14,537
2011-02-15,536
2011-02-16,540
2011-02-17,543
2011-02-18,546
2011-02-19,552
2011-02-20,555
2011-02-21,555
2011-02-22,557
2011-02-23,558
2011-02-24,558
2011-02-25,558
2011-02-26,559
2011-02-27,565
2011-02-28,579
2011-03-01,589
2011-03-02,623
2011-03-03,623
2011-03-04,628
2011-03-05,629
2011-03-06,629
2011-03-07,632
2011-03-08,634
2011-03-09,636
2011-03-10,638
2011-03-11,637
2011-03-12,638
2011-03-13,640
2011-03-14,641
2011-03-15,648
2011-03-16,647
2011-03-17,645
2011-03-18,647
2011-03-19,649
2011-03-20,650
2011-03-21,656
2011-03-22,656
2011-03-23,654
2011-03-24,657
2011-03-25,657
2011-03-26,662
2011-03-27,668
2011-03-28,668
2011-03-29,664
2011-03-30,666
2011-03-31,669
2011-04-01,669
2011-04-02,673
2011-04-03,674
2011-04-04,673
2011-04-05,675
2011-04-06,678
2011-04-07,675
2011-04-08,675
2011-04-09,672
2011-04-10,673
2011-04-11,669
2011-04-12,670
2011-04-13,669
2011-04-14,672
2011-04-15,671
2011-04-16,671
2011-04-17,671
2011-04-18,669
2011-04-19,669
2011-04-20,667
2011-04-21,673
2011-04-22,676
2011-04-23,681
2011-04-24,689
2011-04-25,688
2011-04-26,684
2011-04-27,682
2011-04-28,683
2011-04-29,684
2011-04-30,684
2011-05-01,685
2011-05-02,683
2011-05-03,686
2011-05-04,693
2011-05-05,693
2011-05-06,699
2011-05-07,695
2011-05-08,698
2011-05-09,704
2011-05-10,698
2011-05-11,698
2011-05-12,693
2011-05-13,698
2011-05-14,699
2011-05-15,708
2011-05-16,703
2011-05-17,705
2011-05-18,706
2011-05-19,709
2011-05-20,705
2011-05-21,710
2011-05-22,710
2011-05-23,711
2011-05-24,716
2011-05-25,722
2011-05-26,722
2011-05-27,724
2011-05-28,727
2011-05-29,727
2011-05-30,726
2011-05-31,732
2011-06-01,735
2011-06-02,733
2011-06-03,731
2011-06-04,733
2011-06-05,737
2011-06-06,740
2011-06-07,744
2011-06-08,754
2011-06-09,757
2011-06-10,757
2011-06-11,759
2011-06-12,766
2011-06-13,773
2011-06-14,787
2011-06-15,787
2011-06-16,797
2011-06-17,805
2011-06-18,799
2011-06-19,778
2011-06-20,783
2011-06-21,787
2011-06-22,782
2011-06-23,782
2011-06-24,781
2011-06-25,783
2011-06-26,784
2011-06-27,781
2011-06-28,778
2011-06-29,784
2011-06-30,781
2011-07-01,777
2011-07-02,776
2011-07-03,776
2011-07-04,776
2011-07-05,767
2011-07-06,768
2011-07-07,767
2011-07-08,770
2011-07-09,771
2011-07-10,769
2011-07-11,769
2011-07-12,771
2011-07-13,772
2011-07-14,771
2011-07-15,774
2011-07-16,775
2011-07-17,775
2011-07-18,778
2011-07-19,779
2011-07-20,779
2011-07-21,781
2011-07-22,784
2011-07-23,783
2011-07-24,786
2011-07-25,785
2011-07-26,785
2011-07-27,787
2011-07-28,790
2011-07-29,790
2011-07-30,792
2011-07-31,793
2011-08-01,796
2011-08-02,791
2011-08-03,792
2011-08-04,789
2011-08-05,794
2011-08-06,787
2011-08-07,787
2011-08-08,794
2011-08-09,799
2011-08-10,796
2011-08-11,795
2011-08-12,793
2011-08-13,791
2011-08-14,793
2011-08-15,792
2011-08-16,791
2011-08-17,794
2011-08-18,795
2011-08-19,798
2011-08-20,796
2011-08-21,794
2011-08-22,795
2011-08-23,794
2011-08-24,790
2011-08-25,806
2011-08-26,792
2011-08-27,797
2011-08-28,799
2011-08-29,802
2011-08-30,802
2011-08-31,802
2011-09-01,800
2011-09-02,800
2011-09-03,804
2011-09-04,809
2011-09-05,805
2011-09-06,801
2011-09-07,805
2011-09-08,814
2011-09-09,805
2011-09-10,806
2011-09-11,794
2011-09-12,796
2011-09-13,798
2011-09-14,791
2011-09-15,790
2011-09-16,789
2011-09-17,791
2011-09-18,786
2011-09-19,787
2011-09-20,783
2011-09-21,787
2011-09-22,783
2011-09-23,787
2011-09-24,784
2011-09-25,783
2011-09-26,788
2011-09-27,786
2011-09-28,787
2011-09-29,785
2011-09-30,785
2011-10-01,787
2011-10-02,786
2011-10-03,788
2011-10-04,789
2011-10-05,787
2011-10-06,782
2011-10-07,784
2011-10-08,788
2011-10-09,787
2011-10-10,790
2011-10-11,793
2011-10-12,789
2011-10-13,788
2011-10-14,789
2011-10-15,787
2011-10-16,786
2011-10-17,784
2011-10-18,786
2011-10-19,783
2011-10-20,786
2011-10-21,790
2011-10-22,789
2011-10-23,787
2011-10-24,791
2011-10-25,790
2011-10-26,797
2011-10-27,800
2011-10-28,806
2011-10-29,799
2011-10-30,800
2011-10-31,802
2011-11-01,803
2011-11-02,804
2011-11-03,807
2011-11-04,811
2011-11-05,811
2011-11-06,815
2011-11-07,812
2011-11-08,811
2011-11-09,815
2011-11-10,817
2011-11-11,816
2011-11-12,812
2011-11-13,809
2011-11-14,809
2011-11-15,814
2011-11-16,817
2011-11-17,822
2011-11-18,817
2011-11-19,829
2011-11-20,832
2011-11-21,834
2011-11-22,827
2011-11-23,831
2011-11-24,833
2011-11-25,830
2011-11-26,838
2011-11-27,842
2011-11-28,828
2011-11-29,830
2011-11-30,830
2011-12-01,833
2011-12-02,838
2011-12-03,841
2011-12-04,842
2011-12-05,842
2011-12-06,850
2011-12-07,848
2011-12-08,878
2011-12-09,933
2011-12-10,925
2011-12-11,888
2011-12-12,859
2011-12-13,859
2011-12-14,856
2011-12-15,860
2011-12-16,862
2011-12-17,861
2011-12-18,865
2011-12-19,876
2011-12-20,871
2011-12-21,876
2011-12-22,883
2011-12-23,886
2011-12-24,886
2011-12-25,889
2011-12-26,894
2011-12-27,895
2011-12-28,893
2011-12-29,890
2011-12-30,892
2011-12-31,895
2012-01-01,892
2012-01-02,891
2012-01-03,889
2012-01-04,889
2012-01-05,889
2012-01-06,893
2012-01-07,895
2012-01-08,895
2012-01-09,902
2012-01-10,902
2012-01-11,900
2012-01-12,901
2012-01-13,915
2012-01-14,916
2012-01-15,913
2012-01-16,917
2012-01-17,907
2012-01-18,902
2012-01-19,905
2012-01-20,902
2012-01-21,899
2012-01-22,897
2012-01-23,903
2012-01-24,906
2012-01-25,903
2012-01-26,903
2012-01-27,905
2012-01-28,903
2012-01-29,904
2012-01-30,907
2012-01-31,904
2012-02-01,912
2012-02-02,913
2012-02-03,915
2012-02-04,918
2012-02-05,922
2012-02-06,919
2012-02-07,919
2012-02-08,923
2012-02-09,920
2012-02-10,917
2012-02-11,926
2012-02-12,927
2012-02-13,922
2012-02-14,927
2012-02-15,956
2012-02-16,933
2012-02-17,941
2012-02-18,945
2012-02-19,945
2012-02-20,947
2012-02-21,951
2012-02-22,950
2012-02-23,954
2012-02-24,962
2012-02-25,963
2012-02-26,965
2012-02-27,963
2012-02-28,965
2012-02-29,967
2012-03-01,961
2012-03-02,977
2012-03-03,988
2012-03-04,988
2012-03-05,990
2012-03-06,999
2012-03-07,995
2012-03-08,997
2012-03-09,995
2012-03-10,998
2012-03-11,996
2012-03-12,997
2012-03-13,993
2012-03-14,988
2012-03-15,987
2012-03-16,988
2012-03-17,990
2012-03-18,994
2012-03-19,994
2012-03-20,993
2012-03-21,999
2012-03-22,999
2012-03-23,995
2012-03-24,999
2012-03-25,999
2012-03-26,999
2012-03-27,1000
2012-03-28,995
2012-03-29,994
2012-03-30,996
2012-03-31,1002
2012-04-01,999
2012-04-02,993
2012-04-03,995
2012-04-04,991
2012-04-05,997
2012-04-06,997
2012-04-07,1001
2012-04-08,1003
2012-04-09,1019
2012-04-10,998
2012-04-11,998
2012-04-12,1001
2012-04-13,1011
2012-04-14,1000
2012-04-15,1002
2012-04-16,1002
2012-04-17,998
2012-04-18,1000
2012-04-19,1003
2012-04-20,993
2012-04-21,1001
2012-04-22,1002
2012-04-23,1006
2012-04-24,1004
2012-04-25,1007
2012-04-26,1016
2012-04-27,1019
2012-04-28,1024
2012-04-29,1025
2012-04-30,1025
2012-05-01,1023
2012-05-02,1031
2012-05-03,1033
2012-05-04,1032
2012-05-05,1032
2012-05-06,1033
2012-05-07,1031
2012-05-08,1039
2012-05-09,1032
2012-05-10,1030
2012-05-11,1028
2012-05-12,1026
2012-05-13,1030
2012-05-14,1031
2012-05-15,1029
2012-05-16,1027
2012-05-17,1024
2012-05-18,1030
2012-05-19,1023
2012-05-20,1030
2012-05-21,1035
2012-05-22,1023
2012-05-23,1024
2012-05-24,1021
2012-05-25,1022
2012-05-26,1020
2012-05-27,1020
2012-05-28,1022
2012-05-29,1017
2012-05-30,1025
2012-05-31,1033
2012-06-01,1030
2012-06-02,1038
2012-06-03,1039
2012-06-04,1043
2012-06-05,1044
2012-06-06,1042
2012-06-07,1052
2012-06-08,1044
2012-06-09,1051
2012-06-10,1056
2012-06-11,1066
2012-06-12,1064
2012-06-13,1058
2012-06-14,1064
2012-06-15,1062
2012-06-16,1059
2012-06-17,1061
2012-06-18,1067
2012-06-19,1070
2012-06-20,1074
2012-06-21,1075
2012-06-22,1085
2012-06-23,1085
2012-06-24,1074
2012-06-25,1074
2012-06-26,1082
2012-06-27,1082
2012-06-28,1081
2012-06-29,1084
2012-06-30,1083
2012-07-01,1084
2012-07-02,1100
2012-07-03,1107
2012-07-04,1106
2012-07-05,1106
2012-07-06,1106
2012-07-07,1108
2012-07-08,1113
2012-07-09,1117
2012-07-10,1114
2012-07-11,1118
2012-07-12,1122
2012-07-13,1133
2012-07-14,1133
2012-07-15,1132
2012-07-16,1139
2012-07-17,1144
2012-07-18,1137
2012-07-19,1137
2012-07-20,1137
2012-07-21,1139
2012-07-22,1138
2012-07-23,1146
2012-07-24,1148
2012-07-25,1151
2012-07-26,1151
2012-07-27,1164
2012-07-28,1172
2012-07-29,1174
2012-07-30,1177
2012-07-31,1173
2012-08-01,1174
2012-08-02,1183
2012-08-03,1173
2012-08-04,1178
2012-08-05,1175
2012-08-06,1183
2012-08-07,1184
2012-08-08,1200
2012-08-09,1203
2012-08-10,1205
2012-08-11,1206
2012-08-12,1203
2012-08-13,1203
2012-08-14,1210
2012-08-15,1214
2012-08-16,1211
2012-08-17,1222
2012-08-18,1232
2012-08-19,1220
2012-08-20,1207
2012-08-21,1204
2012-08-22,1205
2012-08-23,1201
2012-08-24,1201
2012-08-25,1208
2012-08-26,1200
2012-08-27,1208
2012-08-28,1207
2012-08-29,1209
2012-08-30,1211
2012-08-31,1218
2012-09-01,1218
2012-09-02,1223
2012-09-03,1222
2012-09-04,1220
2012-09-05,1223
2012-09-06,1220
2012-09-07,1220
2012-09-08,1235
2012-09-09,1223
2012-09-10,1232
2012-09-11,1229
2012-09-12,1233
2012-09-13,1238
2012-09-14,1241
2012-09-15,1244
2012-09-16,1252
2012-09-17,1248
2012-09-18,1238
2012-09-19,1245
2012-09-20,1254
2012-09-21,1250
2012-09-22,1253
2012-09-23,1254
2012-09-24,1257
2012-09-25,1264
2012-09-26,1269
2012-09-27,1279
2012-09-28,1280
2012-09-29,1279
2012-09-30,1287
2012-10-01,1282
2012-10-02,1286
2012-10-03,1288
2012-10-04,1280
2012-10-05,1285
2012-10-06,1289
2012-10-07,1288
2012-10-08,1286
2012-10-09,1286
2012-10-10,1287
2012-10-11,1286
2012-10-12,1287
2012-10-13,1291
2012-10-14,1296
2012-10-15,1295
2012-10-16,1292
2012-10-17,1301
2012-10-18,1301
2012-10-19,1296
2012-10-20,1291
2012-10-21,1292
2012-10-22,1289
2012-10-23,1296
2012-10-24,1296
2012-10-25,1293
2012-10-26,1297
2012-10-27,1297
2012-10-28,1294
2012-10-29,1296
2012-10-30,1298
2012-10-31,1292
2012-11-01,1305
2012-11-02,1303
2012-11-03,1302
2012-11-04,1309
2012-11-05,1303
2012-11-06,1308
2012-11-07,1309
2012-11-08,1310
2012-11-09,1316
2012-11-10,1317
2012-11-11,1325
2012-11-12,1326
2012-11-13,1324
2012-11-14,1331
2012-11-15,1330
2012-11-16,1331
2012-11-17,1329
2012-11-18,1323
2012-11-19,1323
2012-11-20,1334
2012-11-21,1336
2012-11-22,1328
2012-11-23,1333
2012-11-24,1336
2012-11-25,1346
2012-11-26,1340
2012-11-27,1346
2012-11-28,1342
2012-11-29,1341
2012-11-30,1344
2012-12-01,1347
2012-12-02,1344
2012-12-03,1345
2012-12-04,1364
2012-12-05,1368
2012-12-06,1365
2012-12-07,1375
2012-12-08,1370
2012-12-09,1371
2012-12-10,1368
2012-12-11,1370
2012-12-12,1383
2012-12-13,1386
2012-12-14,1392
2012-12-15,1391
2012-12-16,1400
2012-12-17,1400
2012-12-18,1414
2012-12-19,1411
2012-12-20,1414
2012-12-21,1423
2012-12-22,1424
2012-12-23,1429
2012-12-24,1430
2012-12-25,1431
2012-12-26,1433
2012-12-27,1427
2012-12-28,1431
2012-12-29,1438
2012-12-30,1439
2012-12-31,1443
2013-01-01,1443
2013-01-02,1441
2013-01-03,1436
2013-01-04,1433
2013-01-05,1439
2013-01-06,1434
2013-01-07,1432
2013-01-08,1443
2013-01-09,1433
2013-01-10,1435
2013-01-11,1432
2013-01-12,1445
2013-01-13,1445
2013-01-14,1444
2013-01-15,1458
2013-01-16,1455
2013-01-17,1461
2013-01-18,1459
2013-01-19,1464
2013-01-20,1470
2013-01-21,1465
2013-01-22,1463
2013-01-23,1469
2013-01-24,1476
2013-01-25,1469
2013-01-26,1475
2013-01-27,1475
2013-01-28,1478
2013-01-29,1470
2013-01-30,1473
2013-01-31,1486
2013-02-01,1502
2013-02-02,1494
2013-02-03,1501
2013-02-04,1505
2013-02-05,1511
2013-02-06,1522
2013-02-07,1511
2013-02-08,1521
2013-02-09,1511
2013-02-10,1509
2013-02-11,1508
2013-02-12,1506
2013-02-13,1499
2013-02-14,1502
2013-02-15,1504
2013-02-16,1507
2013-02-17,1503
2013-02-18,1497
2013-02-19,1493
2013-02-20,1501
2013-02-21,1514
2013-02-22,1509
2013-02-23,1514
2013-02-24,1514
2013-02-25,1520
2013-02-26,1514
2013-02-27,1512
2013-02-28,1513
2013-03-01,1513
2013-03-02,1518
2013-03-03,1519
2013-03-04,1508
2013-03-05,1510
2013-03-06,1504
2013-03-07,1492
2013-03-08,1490
2013-03-09,1490
2013-03-10,1500
2013-03-11,1502
2013-03-12,1490
2013-03-13,1492
2013-03-14,1487
2013-03-15,1489
2013-03-16,1498
2013-03-17,1500
2013-03-18,1496
2013-03-19,1494
2013-03-20,1497
2013-03-21,1490
2013-03-22,1485
2013-03-23,1483
2013-03-24,1485
2013-03-25,1490
2013-03-26,1484
2013-03-27,1485
2013-03-28,1483
2013-03-29,1484
2013-03-30,1480
2013-03-31,1480
2013-04-01,1485
2013-04-02,1490
2013-04-03,1497
2013-04-04,1497
2013-04-05,1497
2013-04-06,1500
2013-04-07,1495
2013-04-08,1492
2013-04-09,1491
2013-04-10,1495
2013-04-11,1493
2013-04-12,1482
2013-04-13,1486
2013-04-14,1488
2013-04-15,1471
2013-04-16,1449
2013-04-17,1459
2013-04-18,1463
2013-04-19,1465
2013-04-20,1457
2013-04-21,1464
2013-04-22,1468
2013-04-23,1463
2013-04-24,1454
2013-04-25,1460
2013-04-26,1459
2013-04-27,1464
2013-04-28,1476
2013-04-29,1488
2013-04-30,1504
2013-05-01,1497
2013-05-02,1495
2013-05-03,1510
2013-05-04,1510
2013-05-05,1508
2013-05-06,1508
2013-05-07,1507
2013-05-08,1512
2013-05-09,1512
2013-05-10,1510
2013-05-11,1510
2013-05-12,1511
2013-05-13,1516
2013-05-14,1515
2013-05-15,1526
2013-05-16,1523
2013-05-17,1528
2013-05-18,1526
2013-05-19,1527
2013-05-20,1523
2013-05-21,1524
2013-05-22,1531
2013-05-23,1530
2013-05-24,1545
2013-05-25,1550
2013-05-26,1552
2013-05-27,1549
2013-05-28,1552
2013-05-29,1552
2013-05-30,1557
2013-05-31,1559
2013-06-01,1562
2013-06-02,1561
2013-06-03,1555
2013-06-04,1551
2013-06-05,1552
2013-06-06,1563
2013-06-07,1552
2013-06-08,1551
2013-06-09,1546
2013-06-10,1549
2013-06-11,1544
2013-06-12,1539
2013-06-13,1542
2013-06-14,1542
2013-06-15,1543
2013-06-16,1540
2013-06-17,1541
2013-06-18,1540
2013-06-19,1539
2013-06-20,1546
2013-06-21,1543
2013-06-22,1550
2013-06-23,1543
2013-06-24,1547
2013-06-25,1544
2013-06-26,1551
2013-06-27,1552
2013-06-28,1542
2013-06-29,1531
2013-06-30,1531
2013-07-01,1517
2013-07-02,1511
2013-07-03,1511
2013-07-04,1500
2013-07-05,1498
2013-07-06,1501
2013-07-07,1500
2013-07-08,1496
2013-07-09,1496
2013-07-10,1494
2013-07-11,1501
2013-07-12,1502
2013-07-13,1504
2013-07-14,1510
2013-07-15,1514
2013-07-16,1522
2013-07-17,1524
2013-07-18,1521
2013-07-19,1523
2013-07-20,1531
2013-07-21,1530
2013-07-22,1530
2013-07-23,1535
2013-07-24,1535
2013-07-25,1534
2013-07-26,1543
2013-07-27,1547
2013-07-28,1547
2013-07-29,1546
2013-07-30,1577
2013-07-31,1571
2013-08-01,1570
2013-08-02,1572
2013-08-03,1582
2013-08-04,1582
2013-08-05,1583
2013-08-06,1577
2013-08-07,1577
2013-08-08,1586
2013-08-09,1585
2013-08-10,1587
2013-08-11,1591
2013-08-12,1585
2013-08-13,1590
2013-08-14,1587
2013-08-15,1602
2013-08-16,1605
2013-08-17,1607
2013-08-18,1610
2013-08-19,1606
2013-08-20,1616
2013-08-21,1610
2013-08-22,1613
2013-08-23,1621
2013-08-24,1624
2013-08-25,1624
2013-08-26,1619
2013-08-27,1614
2013-08-28,1618
2013-08-29,1621
2013-08-30,1622
2013-08-31,1621
2013-09-01,1631
2013-09-02,1628
2013-09-03,1623
2013-09-04,1617
2013-09-05,1623
2013-09-06,1626
2013-09-07,1627
2013-09-08,1622
2013-09-09,1623
2013-09-10,1622
2013-09-11,1632
2013-09-12,1625
2013-09-13,1628
2013-09-14,1622
2013-09-15,1624
2013-09-16,1627
2013-09-17,1629
2013-09-18,1627
2013-09-19,1618
2013-09-20,1619
2013-09-21,1621
2013-09-22,1628
2013-09-23,1628
2013-09-24,1630
2013-09-25,1628
2013-09-26,1625
2013-09-27,1629
2013-09-28,1631
2013-09-29,1629
2013-09-30,1633
2013-10-01,1627
2013-10-02,1614
2013-10-03,1606
2013-10-04,1606
2013-10-05,1603
2013-10-06,1603
2013-10-07,1600
2013-10-08,1605
2013-10-09,1601
2013-10-10,1601
2013-10-11,1602
2013-10-12,1598
2013-10-13,1600
2013-10-14,1604
2013-10-15,1606
2013-10-16,1613
2013-10-17,1613
2013-10-18,1614
2013-10-19,1613
2013-10-20,1613
2013-10-21,1616
2013-10-22,1625
2013-10-23,1618
2013-10-24,1626
2013-10-25,1529
2013-10-26,1535
2013-10-27,1533
2013-10-28,1535
2013-10-29,1538
2013-10-30,1534
2013-10-31,1531
2013-11-01,1531
2013-11-02,1534
2013-11-03,1536
2013-11-04,1527
2013-11-05,1525
2013-11-06,1527
2013-11-07,1511
2013-11-08,1521
2013-11-09,1528
2013-11-10,1522
2013-11-11,1517
2013-11-12,1512
2013-11-13,1508
2013-11-14,1507
2013-11-15,1517
2013-11-16,1513
2013-11-17,1501
2013-11-18,1489
2013-11-19,1489
2013-11-20,1495
2013-11-21,1481
2013-11-22,1480
2013-11-23,1477
2013-11-24,1479
2013-11-25,1478
2013-11-26,1481
2013-11-27,1479
2013-11-28,1468
2013-11-29,1464
2013-11-30,1469
2013-12-01,1463
2013-12-02,1465
2013-12-03,1469
2013-12-04,1463
2013-12-05,1468
2013-12-06,1475
2013-12-07,1486
2013-12-08,1494
2013-12-09,1494
2013-12-10,1496
2013-12-11,1501
2013-12-12,1501
2013-12-13,1500
2013-12-14,1499
2013-12-15,1501
2013-12-16,1503
2013-12-17,1499
2013-12-18,1491
2013-12-19,1486
2013-12-20,1478
2013-12-21,1445
2013-12-22,1442
2013-12-23,1447
2013-12-24,1444
2013-12-25,1458
2013-12-26,1449
2013-12-27,1451
2013-12-28,1452
2013-12-29,1452
2013-12-30,1454
2013-12-31,1451
2014-01-01,1450
2014-01-02,1451
2014-01-03,1450
2014-01-04,1449
2014-01-05,1446
2014-01-06,1445
2014-01-07,1440
2014-01-08,1440
2014-01-09,1437
2014-01-10,1437
2014-01-11,1437
2014-01-12,1430
2014-01-13,1433
2014-01-14,1431
2014-01-15,1434
2014-01-16,1435
2014-01-17,1438
2014-01-18,1437
2014-01-19,1436
2014-01-20,1436
2014-01-21,1439
2014-01-22,1440
2014-01-23,1438
2014-01-24,1438
2014-01-25,1442
2014-01-26,1439
2014-01-27,1432
2014-01-28,1431
2014-01-29,1435
2014-01-30,1433
2014-01-31,1434
2014-02-01,1430
2014-02-02,1427
2014-02-03,1430
2014-02-04,1429
2014-02-05,1435
2014-02-06,1423
2014-02-07,1417
2014-02-08,1418
2014-02-09,1421
2014-02-10,1418
2014-02-11,1433
2014-02-12,1430
2014-02-13,1425
2014-02-14,1420
2014-02-15,1422
2014-02-16,1413
2014-02-17,1417
2014-02-18,1419
2014-02-19,1421
2014-02-20,1418
2014-02-21,1419
2014-02-22,1420
2014-02-23,1419
2014-02-24,1413
2014-02-25,1402
2014-02-26,1400
2014-02-27,1402
2014-02-28,1399
2014-03-01,1402
2014-03-02,1403
2014-03-03,1398
2014-03-04,1398
2014-03-05,1403
2014-03-06,1407
2014-03-07,1458
2014-03-08,1403
2014-03-09,1410
2014-03-10,1422
2014-03-11,1423
2014-03-12,1423
2014-03-13,1424
2014-03-14,1450
2014-03-15,1445
2014-03-16,1484
2014-03-17,1492
2014-03-18,1491
2014-03-19,1489
2014-03-20,1490
2014-03-21,1484
2014-03-22,1480
2014-03-23,1486
2014-03-24,1482
2014-03-25,1482
2014-03-26,1480
2014-03-27,1483
2014-03-28,1477
2014-03-29,1477
2014-03-30,1472
2014-03-31,1469
2014-04-01,1463
2014-04-02,1460
2014-04-03,1467
2014-04-04,1472
2014-04-05,1475
2014-04-06,1471
2014-04-07,1467
2014-04-08,1471
2014-04-09,1474
2014-04-10,1470
2014-04-11,1476
2014-04-12,1476
2014-04-13,1476
2014-04-14,1473
2014-04-15,1474
2014-04-16,1481
2014-04-17,1473
2014-04-18,1471
2014-04-19,1471
2014-04-20,1472
2014-04-21,1472
2014-04-22,1474
2014-04-23,1472
2014-04-24,1466
2014-04-25,1466
2014-04-26,1464
2014-04-27,1464
2014-04-28,1468
2014-04-29,1464
2014-04-30,1463
2014-05-01,1462
2014-05-02,1470
2014-05-03,1468
2014-05-04,1471
2014-05-05,1468
2014-05-06,1469
2014-05-07,1470
2014-05-08,1473
2014-05-09,1473
2014-05-10,1472
2014-05-11,1474
2014-05-12,1478
2014-05-13,1476
2014-05-14,1477
2014-05-15,1474
2014-05-16,1473
2014-05-17,1472
2014-05-18,1471
2014-05-19,1467
2014-05-20,1468
2014-05-21,1471
2014-05-22,1465
2014-05-23,1475
2014-05-24,1473
2014-05-25,1471
2014-05-26,1472
2014-05-27,1473
2014-05-28,1472
2014-05-29,1472
2014-05-30,1478
2014-05-31,1477
2014-06-01,1478
2014-06-02,1478
2014-06-03,1478
2014-06-04,1475
2014-06-05,1478
2014-06-06,1480
2014-06-07,1474
2014-06-08,1480
2014-06-09,1477
2014-06-10,1475
2014-06-11,1505
2014-06-12,1536
2014-06-13,1538
2014-06-14,1540
2014-06-15,1539
2014-06-16,1539
2014-06-17,1540
2014-06-18,1536
2014-06-19,1533
2014-06-20,1540
2014-06-21,1541
2014-06-22,1539
2014-06-23,1538
2014-06-24,1543
2014-06-25,1546
2014-06-26,1547
2014-06-27,1546
2014-06-28,1549
2014-06-29,1549
2014-06-30,1544
2014-07-01,1538
2014-07-02,1539
2014-07-03,1542
2014-07-04,1541
2014-07-05,1541
2014-07-06,1546
2014-07-07,1542
2014-07-08,1539
2014-07-09,1543
2014-07-10,1541
2014-07-11,1540
2014-07-12,1538
2014-07-13,1540
2014-07-14,1540
2014-07-15,1540
2014-07-16,1547
2014-07-17,1550
2014-07-18,1544
2014-07-19,1544
2014-07-20,1544
2014-07-21,1546
2014-07-22,1544
2014-07-23,1550
2014-07-24,1550
2014-07-25,1550
2014-07-26,1548
2014-07-27,1550
2014-07-28,1547
2014-07-29,1556
2014-07-30,1554
2014-07-31,1557
2014-08-01,1559
2014-08-02,1557
2014-08-03,1561
2014-08-04,1560
2014-08-05,1548
2014-08-06,1546
2014-08-07,1549
2014-08-08,1549
2014-08-09,1548
2014-08-10,1552
2014-08-11,1555
2014-08-12,1553
2014-08-13,1548
2014-08-14,1557
2014-08-15,1561
2014-08-16,1557
2014-08-17,1558
2014-08-18,1553
2014-08-19,1552
2014-08-20,1554
2014-08-21,1554
2014-08-22,1558
2014-08-23,1559
2014-08-24,1557
2014-08-25,1549
2014-08-26,1549
2014-08-27,1549
2014-08-28,1548
2014-08-29,1559
2014-08-30,1545
2014-08-31,1543
2014-09-01,1543
2014-09-02,1545
2014-09-03,1544
2014-09-04,1540
2014-09-05,1540
2014-09-06,1539
2014-09-07,1538
2014-09-08,1540
2014-09-09,1541
2014-09-10,1538
2014-09-11,1540
2014-09-12,1540
2014-09-13,1541
2014-09-14,1542
2014-09-15,1536
2014-09-16,1533
2014-09-17,1536
2014-09-18,1537
2014-09-19,1536
2014-09-20,1535
2014-09-21,1534
2014-09-22,1539
2014-09-23,1538
2014-09-24,1540
2014-09-25,1539
2014-09-26,1544
2014-09-27,1542
2014-09-28,1540
2014-09-29,1546
2014-09-30,1543
2014-10-01,1543
2014-10-02,1545
2014-10-03,1549
2014-10-04,1541
2014-10-05,1536
2014-10-06,1530
2014-10-07,1530
2014-10-08,1535
2014-10-09,1534
2014-10-10,1532
2014-10-11,1528
2014-10-12,1528
2014-10-13,1528
2014-10-14,1531
2014-10-15,1533
2014-10-16,1534
2014-10-17,1534
2014-10-18,1541
2014-10-19,1543
2014-10-20,1546
2014-10-21,1546
2014-10-22,1535
2014-10-23,1538
2014-10-24,1545
2014-10-25,1550
2014-10-26,1550
2014-10-27,1543
2014-10-28,1544
2014-10-29,1544
2014-10-30,1544
2014-10-31,1547
2014-11-01,1548
2014-11-02,1548
2014-11-03,1556
2014-11-04,1549
2014-11-05,1554
2014-11-06,1554
2014-11-07,1560
2014-11-08,1559
2014-11-09,1555
2014-11-10,1556
2014-11-11,1560
2014-11-12,1559
2014-11-13,1553
2014-11-14,1553
2014-11-15,1552
2014-11-16,1552
2014-11-17,1567
2014-11-18,1563
2014-11-19,1560
2014-11-20,1559
2014-11-21,1562
2014-11-22,1564
2014-11-23,1565
2014-11-24,1567
2014-11-25,1563
2014-11-26,1565
2014-11-27,1568
2014-11-28,1567
2014-11-29,1562
2014-11-30,1560
2014-12-01,1558
2014-12-02,1558
2014-12-03,1569
2014-12-04,1562
2014-12-05,1561
2014-12-06,1562
2014-12-07,1559
2014-12-08,1559
2014-12-09,1567
2014-12-10,1566
2014-12-11,1570
2014-12-12,1573
2014-12-13,1576
2014-12-14,1576
2014-12-15,1576
2014-12-16,1574
2014-12-17,1576
2014-12-18,1577
2014-12-19,1579
2014-12-20,1581
2014-12-21,1581
2014-12-22,1578
2014-12-23,1583
2014-12-24,1579
2014-12-25,1578
2014-12-26,1583
2014-12-27,1581
2014-12-28,1584
2014-12-29,1585
2014-12-30,1581
2014-12-31,1584
2015-01-01,1587
2015-01-02,1590
2015-01-03,1593
2015-01-04,1592
2015-01-05,1594
2015-01-06,1594
2015-01-07,1597
2015-01-08,1601
2015-01-09,1617
2015-01-10,1613
2015-01-11,1612
2015-01-12,1608
2015-01-13,1604
2015-01-14,1604
2015-01-15,1599
2015-01-16,1601
2015-01-17,1597
2015-01-18,1604
2015-01-19,1593
2015-01-20,1599
2015-01-21,1621
2015-01-22,1604
2015-01-23,1598
2015-01-24,1600
2015-01-25,1599
2015-01-26,1596
2015-01-27,1608
2015-01-28,1611
2015-01-29,1607
2015-01-30,1604
2015-01-31,1611
2015-02-01,1613
2015-02-02,1613
2015-02-03,1618
2015-02-04,1619
2015-02-05,1617
2015-02-06,1620
2015-02-07,1614
2015-02-08,1618
2015-02-09,1622
2015-02-10,1619
2015-02-11,1618
2015-02-12,1619
2015-02-13,1614
2015-02-14,1613
2015-02-15,1611
2015-02-16,1614
2015-02-17,1613
2015-02-18,1609
2015-02-19,1611
2015-02-20,1607
2015-02-21,1610
2015-02-22,1610
2015-02-23,1610
2015-02-24,1607
2015-02-25,1615
2015-02-26,1610
2015-02-27,1611
2015-02-28,1610
2015-03-01,1609
2015-03-02,1615
2015-03-03,1627
2015-03-04,1626
2015-03-05,1627
2015-03-06,1622
2015-03-07,1631
2015-03-08,1646
2015-03-09,1643
2015-03-10,1637
2015-03-11,1636
2015-03-12,1635
2015-03-13,1632
2015-03-14,1634
2015-03-15,1639
2015-03-16,1637
2015-03-17,1637
2015-03-18,1634
2015-03-19,1626
2015-03-20,1624
2015-03-21,1630
2015-03-22,1629
2015-03-23,1628
2015-03-24,1633
2015-03-25,1631
2015-03-26,1626
2015-03-27,1624
2015-03-28,1626
2015-03-29,1627
2015-03-30,1625
2015-03-31,1632
2015-04-01,1630
2015-04-02,1643
2015-04-03,1641
2015-04-04,1644
2015-04-05,1641
2015-04-06,1638
2015-04-07,1635
2015-04-08,1634
2015-04-09,1636
2015-04-10,1641
2015-04-11,1638
2015-04-12,1647
2015-04-13,1645
2015-04-14,1642
2015-04-15,1647
2015-04-16,1642
2015-04-17,1644
2015-04-18,1648
2015-04-19,1652
2015-04-20,1654
2015-04-21,1655
2015-04-22,1651
2015-04-23,1652
2015-04-24,1653
2015-04-25,1653
2015-04-26,1654
2015-04-27,1653
2015-04-28,1651
2015-04-29,1655
2015-04-30,1647
2015-05-01,1647
2015-05-02,1648
2015-05-03,1649
2015-05-04,1653
2015-05-05,1656
2015-05-06,1659
2015-05-07,1661
2015-05-08,1658
2015-05-09,1660
2015-05-10,1657
2015-05-11,1653
2015-05-12,1655
2015-05-13,1651
2015-05-14,1654
2015-05-15,1656
2015-05-16,1659
2015-05-17,1655
2015-05-18,1655
2015-05-19,1655
2015-05-20,1653
2015-05-21,1655
2015-05-22,1656
2015-05-23,1656
2015-05-24,1656
2015-05-25,1653
2015-05-26,1652
2015-05-27,1653
2015-05-28,1659
2015-05-29,1662
2015-05-30,1665
2015-05-31,1661
2015-06-01,1661
2015-06-02,1667
2015-06-03,1667
2015-06-04,1663
2015-06-05,1665
2015-06-06,1663
2015-06-07,1662
2015-06-08,1664
2015-06-09,1664
2015-06-10,1661
2015-06-11,1663
2015-06-12,1661
2015-06-13,1656
2015-06-14,1654
2015-06-15,1649
2015-06-16,1648
2015-06-17,1655
2015-06-18,1653
2015-06-19,1652
2015-06-20,1655
2015-06-21,1655
2015-06-22,1658
2015-06-23,1660
2015-06-24,1663
2015-06-25,1660
2015-06-26,1664
2015-06-27,1669
2015-06-28,1667
2015-06-29,1669
2015-06-30,1664
2015-07-01,1667
2015-07-02,1663
2015-07-03,1666
2015-07-04,1665
2015-07-05,1666
2015-07-06,1654
2015-07-07,1657
2015-07-08,1658
2015-07-09,1662
2015-07-10,1658
2015-07-11,1664
2015-07-12,1676
2015-07-13,1672
2015-07-14,1676
2015-07-15,1676
2015-07-16,1676
2015-07-17,1677
2015-07-18,1679
2015-07-19,1679
2015-07-20,1681
2015-07-21,1678
2015-07-22,1678
2015-07-23,1681
2015-07-24,1680
2015-07-25,1684
2015-07-26,1680
2015-07-27,1676
2015-07-28,1677
2015-07-29,1680
2015-07-30,1681
2015-07-31,1676
2015-08-01,1676
2015-08-02,1676
2015-08-03,1679
2015-08-04,1680
2015-08-05,1676
2015-08-06,1680
2015-08-07,1679
2015-08-08,1679
2015-08-09,1638
2015-08-10,1637
2015-08-11,1643
2015-08-12,1638
2015-08-13,1640
2015-08-14,1637
2015-08-15,1643
2015-08-16,1646
2015-08-17,1641
2015-08-18,1632
2015-08-19,1636
2015-08-20,1642
2015-08-21,1634
2015-08-22,1632
2015-08-23,1634
2015-08-24,1640
2015-08-25,1643
2015-08-26,1640
2015-08-27,1644
2015-08-28,1647
2015-08-29,1647
2015-08-30,1649
2015-08-31,1654
2015-09-01,1659
2015-09-02,1655
2015-09-03,1658
2015-09-04,1664
2015-09-05,1659
2015-09-06,1661
2015-09-07,1662
2015-09-08,1670
2015-09-09,1667
2015-09-10,1669
2015-09-11,1671
2015-09-12,1670
2015-09-13,1671
2015-09-14,1668
2015-09-15,1665
2015-09-16,1668
2015-09-17,1666
2015-09-18,1669
2015-09-19,1677
2015-09-20,1674
2015-09-21,1676
2015-09-22,1674
2015-09-23,1671
2015-09-24,1673
2015-09-25,1673
2015-09-26,1669
2015-09-27,1667
2015-09-28,1668
2015-09-29,1666
2015-09-30,1663
2015-10-01,1663
2015-10-02,1671
2015-10-03,1678
2015-10-04,1677
2015-10-05,1679
2015-10-06,1675
2015-10-07,1673
2015-10-08,1671
2015-10-09,1673
2015-10-10,1676
2015-10-11,1678
2015-10-12,1671
2015-10-13,1671
2015-10-14,1672
2015-10-15,1677
2015-10-16,1678
2015-10-17,1679
2015-10-18,1683
2015-10-19,1686
2015-10-20,1672
2015-10-21,1674
2015-10-22,1674
2015-10-23,1671
2015-10-24,1673
2015-10-25,1669
2015-10-26,1679
2015-10-27,1679
2015-10-28,1680
2015-10-29,1680
2015-10-30,1687
2015-10-31,1691
2015-11-01,1698
2015-11-02,1705
2015-11-03,1697
2015-11-04,1713
2015-11-05,1707
2015-11-06,1704
2015-11-07,1701
2015-11-08,1702
2015-11-09,1697
2015-11-10,1706
2015-11-11,1707
2015-11-12,1710
2015-11-13,1716
2015-11-14,1718
2015-11-15,1711
2015-11-16,1710
2015-11-17,1705
2015-11-18,1716
2015-11-19,1713
2015-11-20,1710
2015-11-21,1710
2015-11-22,1706
2015-11-23,1706
2015-11-24,1707
2015-11-25,1701
2015-11-26,1689
2015-11-27,1702
2015-11-28,1705
2015-11-29,1706
2015-11-30,1702
2015-12-01,1705
2015-12-02,1708
2015-12-03,1704
2015-12-04,1707
2015-12-05,1697
2015-12-06,1700
2015-12-07,1699
2015-12-08,1713
2015-12-09,1711
2015-12-10,1711
2015-12-11,1706
2015-12-12,1705
2015-12-13,1704
2015-12-14,1704
2015-12-15,1704
2015-12-16,1707
2015-12-17,1710
2015-12-18,1711
2015-12-19,1709
2015-12-20,1707
2015-12-21,1707
2015-12-22,1725
2015-12-23,1731
2015-12-24,1729
2015-12-25,1723
2015-12-26,1724
2015-12-27,1729
2015-12-28,1733
2015-12-29,1734
2015-12-30,1732
2015-12-31,1736
2016-01-01,1735
2016-01-02,1736
2016-01-03,1732
2016-01-04,1737
2016-01-05,1743
2016-01-06,1746
2016-01-07,1740
2016-01-08,1742
2016-01-09,1740
2016-01-10,1748
2016-01-11,1748
2016-01-12,1749
2016-01-13,1750
2016-01-14,1752
2016-01-15,1756
2016-01-16,1756
2016-01-17,1755
2016-01-18,1754
2016-01-19,1748
2016-01-20,1743
2016-01-21,1744
2016-01-22,1754
2016-01-23,1749
2016-01-24,1757
2016-01-25,1764
2016-01-26,1754
2016-01-27,1759
2016-01-28,1768
2016-01-29,1773
2016-01-30,1771
2016-01-31,1768
2016-02-01,1762
2016-02-02,1768
2016-02-03,1771
2016-02-04,1765
2016-02-05,1786
2016-02-06,1785
2016-02-07,1788
2016-02-08,1786
2016-02-09,1784
2016-02-10,1787
2016-02-11,1786
2016-02-12,1782
2016-02-13,1782
2016-02-14,1784
2016-02-15,1788
2016-02-16,1789
2016-02-17,1812
2016-02-18,1810
2016-02-19,1815
2016-02-20,1810
2016-02-21,1813
2016-02-22,1819
2016-02-23,1816
2016-02-24,1817
2016-02-25,1815
2016-02-26,1816
2016-02-27,1837
2016-02-28,1833
2016-02-29,1829
2016-03-01,1826
2016-03-02,1825
2016-03-03,1828
2016-03-04,1821
2016-03-05,1848
2016-03-06,1846
2016-03-07,1848
2016-03-08,1853
2016-03-09,1854
2016-03-10,1851
2016-03-11,1874
2016-03-12,1874
2016-03-13,1874
2016-03-14,1874
2016-03-15,1872
2016-03-16,1876
2016-03-17,1879
2016-03-18,1876
2016-03-19,1877
2016-03-20,1876
2016-03-21,1872
2016-03-22,1865
2016-03-23,1857
2016-03-24,1855
2016-03-25,1854
2016-03-26,1860
2016-03-27,1867
2016-03-28,1861
2016-03-29,1889
2016-03-30,1889
2016-03-31,1888
2016-04-01,1890
2016-04-02,1883
2016-04-03,1885
2016-04-04,1883
2016-04-05,1874
2016-04-06,1865
2016-04-07,1876
2016-04-08,1868
2016-04-09,1883
2016-04-10,1877
2016-04-11,1877
2016-04-12,1871
2016-04-13,1875
2016-04-14,1883
2016-04-15,1888
2016-04-16,1903
2016-04-17,1903
2016-04-18,1893
2016-04-19,1902
2016-04-20,1908
2016-04-21,1916
2016-04-22,1907
2016-04-23,1910
2016-04-24,1901
2016-04-25,1914
2016-04-26,1912
2016-04-27,1906
2016-04-28,1912
2016-04-29,1919
2016-04-30,1920
2016-05-01,1920
2016-05-02,1922
2016-05-03,1925
2016-05-04,1909
2016-05-05,1902
2016-05-06,1930
2016-05-07,1924
2016-05-08,1931
2016-05-09,1931
2016-05-10,1924
2016-05-11,1923
2016-05-12,1926
2016-05-13,1926
2016-05-14,1925
2016-05-15,1918
2016-05-16,1928
2016-05-17,1932
2016-05-18,1941
2016-05-19,1943
2016-05-20,1949
2016-05-21,1945
2016-05-22,1950
2016-05-23,1948
2016-05-24,1940
2016-05-25,1939
2016-05-26,1936
2016-05-27,1927
2016-05-28,1921
2016-05-29,1903
2016-05-30,1904
2016-05-31,1909
2016-06-01,1905
2016-06-02,1910
2016-06-03,1912
2016-06-04,1909
2016-06-05,1905
2016-06-06,1911
2016-06-07,1906
2016-06-08,1913
2016-06-09,1908
2016-06-10,1922
2016-06-11,1916
2016-06-12,1911
2016-06-13,1912
2016-06-14,1914
2016-06-15,1932
2016-06-16,1945
2016-06-17,1953
2016-06-18,1954
2016-06-19,1953
2016-06-20,1947
2016-06-21,1939
2016-06-22,1944
2016-06-23,1952
2016-06-24,1945
2016-06-25,1957
2016-06-26,1959
2016-06-27,1953
2016-06-28,1954
2016-06-29,1965
2016-06-30,1958
2016-07-01,1958
2016-07-02,1959
2016-07-03,1952
2016-07-04,1953
2016-07-05,1936
2016-07-06,1940
2016-07-07,1941
2016-07-08,1937
2016-07-09,1941
2016-07-10,1937
2016-07-11,1942
2016-07-12,1934
2016-07-13,1939
2016-07-14,1931
2016-07-15,1936
2016-07-16,1941
2016-07-17,1944
2016-07-18,1943
2016-07-19,1939
2016-07-20,1942
2016-07-21,1940
2016-07-22,1945
2016-07-23,1945
2016-07-24,1944
2016-07-25,1947
2016-07-26,1950
2016-07-27,1947
2016-07-28,1947
2016-07-29,1944
2016-07-30,1948
2016-07-31,1950
2016-08-01,1953
2016-08-02,1945
2016-08-03,1944
2016-08-04,1943
2016-08-05,1940
2016-08-06,1939
2016-08-07,1929
2016-08-08,1921
2016-08-09,1928
2016-08-10,1934
2016-08-11,1935
2016-08-12,1930
2016-08-13,1932
2016-08-14,1924
2016-08-15,1923
2016-08-16,1930
2016-08-17,1930
2016-08-18,1934
2016-08-19,1939
2016-08-20,1941
2016-08-21,1936
2016-08-22,1939
2016-08-23,1937
2016-08-24,1935
2016-08-25,1936
2016-08-26,1934
2016-08-27,1935
2016-08-28,1936
2016-08-29,1933
2016-08-30,1935
2016-08-31,1937
2016-09-01,1937
2016-09-02,1931
2016-09-03,1932
2016-09-04,1930
2016-09-05,1931
2016-09-06,1926
2016-09-07,1929
2016-09-08,1920
2016-09-09,1927
2016-09-10,1926
2016-09-11,1924
2016-09-12,1923
2016-09-13,1917
2016-09-14,1913
2016-09-15,1910
2016-09-16,1910
2016-09-17,1909
2016-09-18,1905
2016-09-19,1901
2016-09-20,1901
2016-09-21,1901
2016-09-22,1896
2016-09-23,1898
2016-09-24,1902
2016-09-25,1904
2016-09-26,1902
2016-09-27,1904
2016-09-28,1899
2016-09-29,1902
2016-09-30,1902
2016-10-01,1903
2016-10-02,1902
2016-10-03,1905
2016-10-04,1903
2016-10-05,1907
2016-10-06,1907
2016-10-07,1908
2016-10-08,1914
2016-10-09,1912
2016-10-10,1906
2016-10-11,1884
2016-10-12,1888
2016-10-13,1883
2016-10-14,1894
2016-10-15,1887
2016-10-16,1885
2016-10-17,1889
2016-10-18,1898
2016-10-19,1901
2016-10-20,1901
2016-10-21,1910
2016-10-22,1912
2016-10-23,1906
2016-10-24,1902
2016-10-25,1907
2016-10-26,1903
2016-10-27,1898
2016-10-28,1904
2016-10-29,1904
2016-10-30,1906
2016-10-31,1910
2016-11-01,1905
2016-11-02,1899
2016-11-03,1899
2016-11-04,1895
2016-11-05,1898
2016-11-06,1898
2016-11-07,1901
2016-11-08,1893
2016-11-09,1893
2016-11-10,1892
2016-11-11,1894
2016-11-12,1896
2016-11-13,1896
2016-11-14,1891
2016-11-15,1896
2016-11-16,1892
2016-11-17,1887
2016-11-18,1886
2016-11-19,1890
2016-11-20,1889
2016-11-21,1887
2016-11-22,1891
2016-11-23,1892
2016-11-24,1902
2016-11-25,1902
2016-11-26,1898
2016-11-27,1901
2016-11-28,1897
2016-11-29,1896
2016-11-30,1898
2016-12-01,1900
2016-12-02,1899
2016-12-03,1892
2016-12-04,1895
2016-12-05,1893
2016-12-06,1886
2016-12-07,1890
2016-12-08,1888
2016-12-09,1889
2016-12-10,1884
2016-12-11,1888
2016-12-12,1888
2016-12-13,1886
2016-12-14,1879
2016-12-15,1872
2016-12-16,1872
2016-12-17,1869
2016-12-18,1865
2016-12-19,1859
2016-12-20,1865
2016-12-21,1855
2016-12-22,1849
2016-12-23,1836
2016-12-24,1838
2016-12-25,1839
2016-12-26,1833
2016-12-27,1843
2016-12-28,1839
2016-12-29,1835
2016-12-30,1826
2016-12-31,1838
2017-01-01,1835
2017-01-02,1831
2017-01-03,1842
2017-01-04,1838
2017-01-05,1827
2017-01-06,1827
2017-01-07,1824
2017-01-08,1822
2017-01-09,1823
2017-01-10,1828
2017-01-11,1831
2017-01-12,1830
2017-01-13,1831
2017-01-14,1837
2017-01-15,1833
2017-01-16,1829
2017-01-17,1831
2017-01-18,1831
2017-01-19,1834
2017-01-20,1834
2017-01-21,1835
2017-01-22,1839
2017-01-23,1831
2017-01-24,1832
2017-01-25,1837
2017-01-26,1839
2017-01-27,1838
2017-01-28,1835
2017-01-29,1841
2017-01-30,1843
2017-01-31,1849
2017-02-01,1837
2017-02-02,1836
2017-02-03,1838
2017-02-04,1838
2017-02-05,1844
2017-02-06,1837
2017-02-07,1831
2017-02-08,1831
2017-02-09,1835
2017-02-10,1833
2017-02-11,1829
2017-02-12,1831
2017-02-13,1827
2017-02-14,1819
2017-02-15,1821
2017-02-16,1822
2017-02-17,1813
2017-02-18,1813
2017-02-19,1839
2017-02-20,1836
2017-02-21,1847
2017-02-22,1838
2017-02-23,1843
2017-02-24,1838
2017-02-25,1841
2017-02-26,1843
2017-02-27,1845
2017-02-28,1841
2017-03-01,1839
2017-03-02,1834
2017-03-03,1838
2017-03-04,1838
2017-03-05,1841
2017-03-06,1840
2017-03-07,1855
2017-03-08,1852
2017-03-09,1852
2017-03-10,1851
2017-03-11,1856
2017-03-12,1859
2017-03-13,1861
2017-03-14,1861
2017-03-15,1863
2017-03-16,1869
2017-03-17,1859
2017-03-18,1855
2017-03-19,1856
2017-03-20,1865
2017-03-21,1862
2017-03-22,1859
2017-03-23,1856
2017-03-24,1860
2017-03-25,1874
2017-03-26,1872
2017-03-27,1855
2017-03-28,1853
2017-03-29,1862
2017-03-30,1869
2017-03-31,1867
2017-04-01,1868
2017-04-02,1873
2017-04-03,1880
2017-04-04,1885
2017-04-05,1881
2017-04-06,1880
2017-04-07,1873
2017-04-08,1874
2017-04-09,1875
2017-04-10,1879
2017-04-11,1876
2017-04-12,1878
2017-04-13,1884
2017-04-14,1876
2017-04-15,1874
2017-04-16,1870
2017-04-17,1880
2017-04-18,1891
2017-04-19,1893
2017-04-20,1892
2017-04-21,1891
2017-04-22,1890
2017-04-23,1888
2017-04-24,1906
2017-04-25,1911
2017-04-26,1908
2017-04-27,1905
2017-04-28,1901
2017-04-29,1901
2017-04-30,1898
2017-05-01,1899
2017-05-02,1898
2017-05-03,1894
2017-05-04,1895
2017-05-05,1892
2017-05-06,1900
2017-05-07,1901
2017-05-08,1896
2017-05-09,1902
2017-05-10,1892
2017-05-11,1880
2017-05-12,1885
2017-05-13,1882
2017-05-14,1880
2017-05-15,1882
2017-05-16,1881
2017-05-17,1867
2017-05-18,1862
2017-05-19,1867
2017-05-20,1865
2017-05-21,1862
2017-05-22,1864
2017-05-23,1862
2017-05-24,1856
2017-05-25,1841
2017-05-26,1836
2017-05-27,1844
2017-05-28,1841
2017-05-29,1841
2017-05-30,1838
2017-05-31,1850
2017-06-01,1844
2017-06-02,1834
2017-06-03,1841
2017-06-04,1842
2017-06-05,1838
2017-06-06,1837
2017-06-07,1847
2017-06-08,1850
2017-06-09,1858
2017-06-10,1868
2017-06-11,1862
2017-06-12,1855
2017-06-13,1852
2017-06-14,1858
2017-06-15,1865
2017-06-16,1870
2017-06-17,1879
2017-06-18,1877
2017-06-19,1881
2017-06-20,1883
2017-06-21,1880
2017-06-22,1875
2017-06-23,1886
2017-06-24,1880
2017-06-25,1875
2017-06-26,1877
2017-06-27,1876
2017-06-28,1881
2017-06-29,1882
2017-06-30,1870
2017-07-01,1870
2017-07-02,1868
2017-07-03,1872
2017-07-04,1871
2017-07-05,1873
2017-07-06,1870
2017-07-07,1868
2017-07-08,1869
2017-07-09,1861
2017-07-10,1863
2017-07-11,1868
2017-07-12,1866
2017-07-13,1872
2017-07-14,1867
2017-07-15,1864
2017-07-16,1874
2017-07-17,1874
2017-07-18,1872
2017-07-19,1877
2017-07-20,1871
2017-07-21,1863
2017-07-22,1861
2017-07-23,1862
2017-07-24,1860
2017-07-25,1858
2017-07-26,1868
2017-07-27,1872
2017-07-28,1875
2017-07-29,1875
2017-07-30,1881
2017-07-31,1893
2017-08-01,1893
2017-08-02,1899
2017-08-03,1879
2017-08-04,1878
2017-08-05,1870
2017-08-06,1871
2017-08-07,1882
2017-08-08,1882
2017-08-09,1873
2017-08-10,1879
2017-08-11,1876
2017-08-12,1881
2017-08-13,1869
2017-08-14,1871
2017-08-15,1863
2017-08-16,1868
2017-08-17,1871
2017-08-18,1864
2017-08-19,1869
2017-08-20,1872
2017-08-21,1866
2017-08-22,1863
2017-08-23,1858
2017-08-24,1868
2017-08-25,1867
2017-08-26,1868
2017-08-27,1872
2017-08-28,1867
2017-08-29,1861
2017-08-30,1856
2017-08-31,1851
2017-09-01,1844
2017-09-02,1844
2017-09-03,1844
2017-09-04,1838
2017-09-05,1836
2017-09-06,1836
2017-09-07,1843
2017-09-08,1845
2017-09-09,1836
2017-09-10,1849
2017-09-11,1849
2017-09-12,1843
2017-09-13,1841
2017-09-14,1837
2017-09-15,1837
2017-09-16,1840
2017-09-17,1836
2017-09-18,1841
2017-09-19,1840
2017-09-20,1837
2017-09-21,1837
2017-09-22,1830
2017-09-23,1838
2017-09-24,1837
2017-09-25,1830
2017-09-26,1830
2017-09-27,1828
2017-09-28,1824
2017-09-29,1816
2017-09-30,1820
2017-10-01,1821
2017-10-02,1821
2017-10-03,1826
2017-10-04,1824
2017-10-05,1821
2017-10-06,1820
2017-10-07,1815
2017-10-08,1813
2017-10-09,1816
2017-10-10,1815
2017-10-11,1813
2017-10-12,1813
2017-10-13,1818
2017-10-14,1815
2017-10-15,1816
2017-10-16,1815
2017-10-17,1814
2017-10-18,1816
2017-10-19,1815
2017-10-20,1816
2017-10-21,1815
2017-10-22,1813
2017-10-23,1811
2017-10-24,1815
2017-10-25,1817
2017-10-26,1821
2017-10-27,1818
2017-10-28,1816
2017-10-29,1814
2017-10-30,1819
2017-10-31,1819
2017-11-01,1827
2017-11-02,1833
2017-11-03,1826
2017-11-04,1818
2017-11-05,1820
2017-11-06,1824
2017-11-07,1819
2017-11-08,1817
2017-11-09,1811
2017-11-10,1813
2017-11-11,1813
2017-11-12,1810
2017-11-13,1809
2017-11-14,1809
2017-11-15,1808
2017-11-16,1807
2017-11-17,1791
2017-11-18,1788
2017-11-19,1786
2017-11-20,1783
2017-11-21,1782
2017-11-22,1784
2017-11-23,1791
2017-11-24,1787
2017-11-25,1789
2017-11-26,1784
2017-11-27,1769
2017-11-28,1763
2017-11-29,1771
2017-11-30,1766
2017-12-01,1767
2017-12-02,1774
2017-12-03,1772
2017-12-04,1767
2017-12-05,1764
2017-12-06,1762
2017-12-07,1755
2017-12-08,1754
2017-12-09,1755
2017-12-10,1756
2017-12-11,1764
2017-12-12,1766
2017-12-13,1757
2017-12-14,1753
2017-12-15,1753
2017-12-16,1752
2017-12-17,1752
2017-12-18,1746
2017-12-19,1749
2017-12-20,1748
2017-12-21,1745
2017-12-22,1745
2017-12-23,1742
2017-12-24,1744
2017-12-25,1746
2017-12-26,1737
2017-12-27,1738
2017-12-28,1737
2017-12-29,1736
2017-12-30,1731
2017-12-31,1728
2018-01-01,1735
2018-01-02,1730
2018-01-03,1731
2018-01-04,1729
2018-01-05,1727
2018-01-06,1720
2018-01-07,1721
2018-01-08,1721
2018-01-09,1728
2018-01-10,1730
2018-01-11,1732
2018-01-12,1731
2018-01-13,1725
2018-01-14,1727
2018-01-15,1720
2018-01-16,1722
2018-01-17,1722
2018-01-18,1727
2018-01-19,1736
2018-01-20,1741
2018-01-21,1736
2018-01-22,1736
2018-01-23,1736
2018-01-24,1734
2018-01-25,1730
2018-01-26,1729
2018-01-27,1726
2018-01-28,1737
2018-01-29,1736
2018-01-30,1739
2018-01-31,1739
2018-02-01,1737
2018-02-02,1734
2018-02-03,1735
2018-02-04,1732
2018-02-05,1721
2018-02-06,1722
2018-02-07,1726
2018-02-08,1730
2018-02-09,1730
2018-02-10,1726
2018-02-11,1724
2018-02-12,1730
2018-02-13,1732
2018-02-14,1734
2018-02-15,1750
2018-02-16,1746
2018-02-17,1735
2018-02-18,1731
2018-02-19,1734
2018-02-20,1736
2018-02-21,1737
2018-02-22,1736
2018-02-23,1736
2018-02-24,1735
2018-02-25,1733
2018-02-26,1733
2018-02-27,1736
2018-02-28,1734
2018-03-01,1743
2018-03-02,1739
2018-03-03,1739
2018-03-04,1736
2018-03-05,1744
2018-03-06,1741
2018-03-07,1745
2018-03-08,1748
2018-03-09,1755
2018-03-10,1752
2018-03-11,1753
2018-03-12,1755
2018-03-13,1748
2018-03-14,1754
2018-03-15,1754
2018-03-16,1757
2018-03-17,1759
2018-03-18,1754
2018-03-19,1745
2018-03-20,1746
2018-03-21,1739
2018-03-22,1736
2018-03-23,1735
2018-03-24,1736
2018-03-25,1730
2018-03-26,1725
2018-03-27,1732
2018-03-28,1732
2018-03-29,1730
2018-03-30,1734
2018-03-31,1736
2018-04-01,1737
2018-04-02,1729
2018-04-03,1732
2018-04-04,1733
2018-04-05,1733
2018-04-06,1732
2018-04-07,1729
2018-04-08,1723
2018-04-09,1728
2018-04-10,1725
2018-04-11,1727
2018-04-12,1726
2018-04-13,1723
2018-04-14,1723
2018-04-15,1721
2018-04-16,1724
2018-04-17,1725
2018-04-18,1725
2018-04-19,1728
2018-04-20,1722
2018-04-21,1722
2018-04-22,1721
2018-04-23,1717
2018-04-24,1713
2018-04-25,1720
2018-04-26,1716
2018-04-27,1721
2018-04-28,1724
2018-04-29,1726
2018-04-30,1724
2018-05-01,1725
2018-05-02,1720
2018-05-03,1717
2018-05-04,1716
2018-05-05,1717
2018-05-06,1716
2018-05-07,1719
2018-05-08,1719
2018-05-09,1717
2018-05-10,1719
2018-05-11,1715
2018-05-12,1716
2018-05-13,1717
2018-05-14,1715
2018-05-15,1709
2018-05-16,1711
2018-05-17,1714
2018-05-18,1711
2018-05-19,1709
2018-05-20,1708
2018-05-21,1708
2018-05-22,1707
2018-05-23,1709
2018-05-24,1704
2018-05-25,1712
2018-05-26,1711
2018-05-27,1712
2018-05-28,1715
2018-05-29,1714
2018-05-30,1720
2018-05-31,1719
2018-06-01,1719
2018-06-02,1717
2018-06-03,1717
2018-06-04,1712
2018-06-05,1708
2018-06-06,1709
2018-06-07,1712
2018-06-08,1705
2018-06-09,1704
2018-06-10,1705
2018-06-11,1708
2018-06-12,1710
2018-06-13,1704
2018-06-14,1706
2018-06-15,1706
2018-06-16,1706
2018-06-17,1703
2018-06-18,1703
2018-06-19,1705
2018-06-20,1708
2018-06-21,1707
2018-06-22,1698
2018-06-23,1696
2018-06-24,1698
2018-06-25,1699
2018-06-26,1701
2018-06-27,1701
2018-06-28,1700
2018-06-29,1698
2018-06-30,1696
2018-07-01,1699
2018-07-02,1698
2018-07-03,1695
2018-07-04,1694
2018-07-05,1691
2018-07-06,1696
2018-07-07,1696
2018-07-08,1706
2018-07-09,1709
2018-07-10,1706
2018-07-11,1716
2018-07-12,1714
2018-07-13,1715
2018-07-14,1715
2018-07-15,1715
2018-07-16,1711
2018-07-17,1710
2018-07-18,1713
2018-07-19,1713
2018-07-20,1705
2018-07-21,1703
2018-07-22,1701
2018-07-23,1696
2018-07-24,1694
2018-07-25,1694
2018-07-26,1696
2018-07-27,1696
2018-07-28,1697
2018-07-29,1696
2018-07-30,1698
2018-07-31,1696
2018-08-01,1694
2018-08-02,1694
2018-08-03,1691
2018-08-04,1692
2018-08-05,1691
2018-08-06,1694
2018-08-07,1696
2018-08-08,1700
2018-08-09,1704
2018-08-10,1707
2018-08-11,1706
2018-08-12,1705
2018-08-13,1705
2018-08-14,1702
2018-08-15,1700
2018-08-16,1693
2018-08-17,1690
2018-08-18,1688
2018-08-19,1683
2018-08-20,1675
2018-08-21,1669
2018-08-22,1659
2018-08-23,1650
2018-08-24,1650
2018-08-25,1642
2018-08-26,1639
2018-08-27,1624
2018-08-28,1622
2018-08-29,1608
2018-08-30,1604
2018-08-31,1600
2018-09-01,1597
2018-09-02,1598
2018-09-03,1597
2018-09-04,1599
2018-09-05,1598
2018-09-06,1593
2018-09-07,1591
2018-09-08,1591
2018-09-09,1591
2018-09-10,1596
2018-09-11,1596
2018-09-12,1597
2018-09-13,1598
2018-09-14,1596
2018-09-15,1602
2018-09-16,1600
2018-09-17,1605
2018-09-18,1606
2018-09-19,1605
2018-09-20,1601
2018-09-21,1601
2018-09-22,1607
2018-09-23,1609
2018-09-24,1604
2018-09-25,1607
2018-09-26,1606
2018-09-27,1607
2018-09-28,1605
2018-09-29,1608
2018-09-30,1609
2018-10-01,1604
2018-10-02,1607
2018-10-03,1610
2018-10-04,1609
2018-10-05,1612
2018-10-06,1612
2018-10-07,1610
2018-10-08,1608
2018-10-09,1608
2018-10-10,1609
2018-10-11,1610
2018-10-12,1616
2018-10-13,1614
2018-10-14,1614
2018-10-15,1616
2018-10-16,1617
2018-10-17,1615
2018-10-18,1614
2018-10-19,1611
2018-10-20,1612
2018-10-21,1614
2018-10-22,1616
2018-10-23,1626
2018-10-24,1630
2018-10-25,1639
2018-10-26,1645
2018-10-27,1642
2018-10-28,1642
2018-10-29,1635
2018-10-30,1632
2018-10-31,1637
2018-11-01,1640
2018-11-02,1639
2018-11-03,1637
2018-11-04,1634
2018-11-05,1635
2018-11-06,1634
2018-11-07,1633
2018-11-08,1633
2018-11-09,1635
2018-11-10,1639
2018-11-11,1637
2018-11-12,1632
2018-11-13,1631
2018-11-14,1625
2018-11-15,1629
2018-11-16,1628
2018-11-17,1624
2018-11-18,1629
2018-11-19,1621
2018-11-20,1619
2018-11-21,1622
2018-11-22,1629
2018-11-23,1629
2018-11-24,1623
2018-11-25,1616
2018-11-26,1614
2018-11-27,1616
2018-11-28,1614
2018-11-29,1622
2018-11-30,1619
2018-12-01,1620
2018-12-02,1620
2018-12-03,1620
2018-12-04,1618
2018-12-05,1615
2018-12-06,1606
2018-12-07,1608
2018-12-08,1602
2018-12-09,1604
2018-12-10,1610
2018-12-11,1610
2018-12-12,1610
2018-12-13,1609
2018-12-14,1605
2018-12-15,1605
2018-12-16,1603
2018-12-17,1599
2018-12-18,1601
2018-12-19,1598
2018-12-20,1606
2018-12-21,1605
2018-12-22,1605
2018-12-23,1607
2018-12-24,1604
2018-12-25,1600
2018-12-26,1598
2018-12-27,1596
2018-12-28,1597
2018-12-29,1594
2018-12-30,1593
2018-12-31,1587
2019-01-01,1589
2019-01-02,1586
2019-01-03,1588
2019-01-04,1586
2019-01-05,1582
2019-01-06,1582
2019-01-07,1584
2019-01-08,1587
2019-01-09,1587
2019-01-10,1587
2019-01-11,1585
2019-01-12,1585
2019-01-13,1587
2019-01-14,1585
2019-01-15,1582
2019-01-16,1585
2019-01-17,1577
2019-01-18,1581
2019-01-19,1580
2019-01-20,1579
2019-01-21,1580
2019-01-22,1580
2019-01-23,1582
2019-01-24,1588
2019-01-25,1588
2019-01-26,1592
2019-01-27,1591
2019-01-28,1588
2019-01-29,1591
2019-01-30,1592
2019-01-31,1596
2019-02-01,1594
2019-02-02,1597
2019-02-03,1599
2019-02-04,1597
2019-02-05,1599
2019-02-06,1594
2019-02-07,1588
2019-02-08,1590
2019-02-09,1593
2019-02-10,1595
2019-02-11,1600
2019-02-12,1593
2019-02-13,1599
2019-02-14,1593
2019-02-15,1595
2019-02-16,1594
2019-02-17,1598
2019-02-18,1592
2019-02-19,1594
2019-02-20,1591
2019-02-21,1580
2019-02-22,1577
2019-02-23,1578
2019-02-24,1583
2019-02-25,1585
2019-02-26,1585
2019-02-27,1585
2019-02-28,1582
2019-03-01,1582
2019-03-02,1584
2019-03-03,1584
2019-03-04,1580
2019-03-05,1580
2019-03-06,1585
2019-03-07,1583
2019-03-08,1586
2019-03-09,1587
2019-03-10,1587
2019-03-11,1584
2019-03-12,1580
2019-03-13,1583
2019-03-14,1581
2019-03-15,1588
2019-03-16,1664
2019-03-17,1666
2019-03-18,1671
2019-03-19,1670
2019-03-20,1667
2019-03-21,1669
2019-03-22,1665
2019-03-23,1665
2019-03-24,1664
2019-03-25,1662
2019-03-26,1661
2019-03-27,1667
2019-03-28,1669
2019-03-29,1681
2019-03-30,1680
2019-03-31,1681
2019-04-01,1684
2019-04-02,1683
2019-04-03,1681
2019-04-04,1685
2019-04-05,1688
2019-04-06,1682
2019-04-07,1684
2019-04-08,1681
2019-04-09,1679
2019-04-10,1680
2019-04-11,1685
2019-04-12,1681
2019-04-13,1684
2019-04-14,1684
2019-04-15,1683
2019-04-16,1682
2019-04-17,1684
2019-04-18,1684
2019-04-19,1680
2019-04-20,1680
2019-04-21,1681
2019-04-22,1681
2019-04-23,1681
2019-04-24,1684
2019-04-25,1683
2019-04-26,1680
2019-04-27,1678
2019-04-28,1686
2019-04-29,1689
2019-04-30,1691
2019-05-01,1687
2019-05-02,1688
2019-05-03,1681
2019-05-04,1678
2019-05-05,1679
2019-05-06,1680
2019-05-07,1690
2019-05-08,1694
2019-05-09,1690
2019-05-10,1688
2019-05-11,1690
2019-05-12,1696
2019-05-13,1693
2019-05-14,1698
2019-05-15,1704
2019-05-16,1701
2019-05-17,1697
2019-05-18,1695
2019-05-19,1692
2019-05-20,1694
2019-05-21,1695
2019-05-22,1694
2019-05-23,1698
2019-05-24,1700
2019-05-25,1695
2019-05-26,1693
2019-05-27,1691
2019-05-28,1692
2019-05-29,1696
2019-05-30,1696
2019-05-31,1694
2019-06-01,1697
2019-06-02,1698
2019-06-03,1692
2019-06-04,1690
2019-06-05,1690
2019-06-06,1691
2019-06-07,1697
2019-06-08,1698
2019-06-09,1697
2019-06-10,1696
2019-06-11,1690
2019-06-12,1693
2019-06-13,1685
2019-06-14,1690
2019-06-15,1691
2019-06-16,1689
2019-06-17,1686
2019-06-18,1685
2019-06-19,1672
2019-06-20,1670
2019-06-21,1667
2019-06-22,1664
2019-06-23,1661
2019-06-24,1659
2019-06-25,1657
2019-06-26,1653
2019-06-27,1655
2019-06-28,1664
2019-06-29,1666
2019-06-30,1660
2019-07-01,1658
2019-07-02,1654
2019-07-03,1652
2019-07-04,1654
2019-07-05,1655
2019-07-06,1656
2019-07-07,1656
2019-07-08,1650
2019-07-09,1651
2019-07-10,1652
2019-07-11,1654
2019-07-12,1655
2019-07-13,1651
2019-07-14,1654
2019-07-15,1654
2019-07-16,1646
2019-07-17,1645
2019-07-18,1646
2019-07-19,1645
2019-07-20,1643
2019-07-21,1643
2019-07-22,1640
2019-07-23,1646
2019-07-24,1653
2019-07-25,1658
2019-07-26,1659
2019-07-27,1661
2019-07-28,1660
2019-07-29,1692
2019-07-30,1685
2019-07-31,1690
2019-08-01,1692
2019-08-02,1689
2019-08-03,1695
2019-08-04,1694
2019-08-05,1691
2019-08-06,1724
2019-08-07,1748
2019-08-08,1744
2019-08-09,1745
2019-08-10,1744
2019-08-11,1743
2019-08-12,1746
2019-08-13,1747
2019-08-14,1754
2019-08-15,1754
2019-08-16,1757
2019-08-17,1745
2019-08-18,1744
2019-08-19,1742
2019-08-20,1738
2019-08-21,1732
2019-08-22,1737
2019-08-23,1738
2019-08-24,1740
2019-08-25,1743
2019-08-26,1742
2019-08-27,1743
2019-08-28,1751
2019-08-29,1749
2019-08-30,1747
2019-08-31,1748
2019-09-01,1753
2019-09-02,1753
2019-09-03,1751
2019-09-04,1746
2019-09-05,1743
2019-09-06,1743
2019-09-07,1744
2019-09-08,1744
2019-09-09,1741
2019-09-10,1742
2019-09-11,1745
2019-09-12,1744
2019-09-13,1745
2019-09-14,1746
2019-09-15,1747
2019-09-16,1742
2019-09-17,1738
2019-09-18,1740
2019-09-19,1744
2019-09-20,1743
2019-09-21,1743
2019-09-22,1741
2019-09-23,1740
2019-09-24,1746
2019-09-25,1744
2019-09-26,1746
2019-09-27,1751
2019-09-28,1748
2019-09-29,1749
2019-09-30,1746
2019-10-01,1747
2019-10-02,1744
2019-10-03,1745
2019-10-04,1745
2019-10-05,1744
2019-10-06,1746
2019-10-07,1742
2019-10-08,1743
2019-10-09,1745
2019-10-10,1745
2019-10-11,1749
2019-10-12,1752
2019-10-13,1750
2019-10-14,1746
2019-10-15,1728
2019-10-16,1726
2019-10-17,1727
2019-10-18,1726
2019-10-19,1727
2019-10-20,1730
2019-10-21,1720
2019-10-22,1725
2019-10-23,1726
2019-10-24,1723
2019-10-25,1723
2019-10-26,1722
2019-10-27,1725
2019-10-28,1725
2019-10-29,1725
2019-10-30,1727
2019-10-31,1722
2019-11-01,1734
2019-11-02,1734
2019-11-03,1733
2019-11-04,1731
2019-11-05,1727
2019-11-06,1729
2019-11-07,1727
2019-11-08,1732
2019-11-09,1730
2019-11-10,1731
2019-11-11,1734
2019-11-12,1733
